id,fecha,hora,velocidad_kmh,rafaga_kmh,direccion,direccion_rafaga
9432,2026-08-01,00:15:00,0.0,0.0,,
9433,2026-08-01,00:30:00,0.0,0.0,,
9434,2026-08-01,00:45:00,0.0,0.0,,
9435,2026-08-01,01:00:00,0.0,0.0,,
9436,2026-08-01,01:15:00,0.0,0.0,,
9437,2026-08-01,01:30:00,0.0,0.0,,
9438,2026-08-01,01:45:00,0.0,0.0,,
9439,2026-08-01,02:00:00,0.0,0.0,,
9440,2026-08-01,02:15:00,0.0,0.0,,
9441,2026-08-01,02:30:00,0.0,0.0,,
9442,2026-08-01,02:45:00,0.0,0.0,,
9443,2026-08-01,03:00:00,0.0,0.0,,
9444,2026-08-01,03:15:00,0.0,0.0,,
9445,2026-08-01,03:30:00,0.0,0.0,,
9446,2026-08-01,03:45:00,0.0,0.0,,
9447,2026-08-01,04:00:00,0.0,0.0,,
9448,2026-08-01,04:15:00,0.0,0.0,,
9449,2026-08-01,04:30:00,0.0,0.0,,
9450,2026-08-01,04:45:00,0.0,0.0,,
9451,2026-08-01,05:00:00,0.0,0.0,,
9452,2026-08-01,05:15:00,0.0,0.0,,
9453,2026-08-01,05:30:00,0.0,0.0,,
9454,2026-08-01,05:45:00,0.0,0.0,,
9455,2026-08-01,06:00:00,0.0,0.0,,
9456,2026-08-01,06:15:00,0.0,0.0,,
9457,2026-08-01,06:30:00,0.0,0.0,,
9458,2026-08-01,06:45:00,0.0,0.0,,
9459,2026-08-01,07:00:00,0.0,0.0,,
9460,2026-08-01,07:15:00,0.0,0.0,,
9461,2026-08-01,07:30:00,0.0,0.0,,
9462,2026-08-01,07:45:00,0.0,0.0,,
9463,2026-08-01,08:00:00,0.0,0.0,,
9464,2026-08-01,08:15:00,0.0,0.0,,
9465,2026-08-01,08:30:00,0.0,1.6,ENE,ENE
9466,2026-08-01,08:45:00,0.0,1.6,WSW,W
9467,2026-08-01,09:00:00,0.0,0.0,,
9468,2026-08-01,09:15:00,0.0,6.4,NE,E
9469,2026-08-01,09:30:00,0.0,6.4,ENE,E
9470,2026-08-01,09:45:00,0.0,1.6,ESE,ENE
9471,2026-08-01,10:00:00,0.0,3.2,NNW,NNE
9472,2026-08-01,10:15:00,0.0,6.4,E,E
9473,2026-08-01,10:30:00,0.0,4.8,E,WNW
9474,2026-08-01,10:45:00,0.0,4.8,NE,NE
9475,2026-08-01,11:00:00,0.0,6.4,E,NW
9476,2026-08-01,11:15:00,0.0,6.4,WSW,WSW
9477,2026-08-01,11:30:00,1.6,9.7,NNW,W
9478,2026-08-01,11:45:00,1.6,8.0,NW,NE
9479,2026-08-01,12:00:00,1.6,6.4,WNW,E
9480,2026-08-01,12:15:00,1.6,11.3,W,NW
9481,2026-08-01,12:30:00,3.2,11.3,W,W
9482,2026-08-01,12:45:00,3.2,12.9,WSW,WSW
9483,2026-08-01,13:00:00,1.6,11.3,SW,WSW
9484,2026-08-01,13:15:00,3.2,16.1,SW,S
9485,2026-08-01,13:30:00,1.6,12.9,SW,SW
9486,2026-08-01,13:45:00,1.6,8.0,W,W
9487,2026-08-01,14:00:00,1.6,12.9,WSW,W
9488,2026-08-01,14:15:00,1.6,11.3,NNW,NW
9489,2026-08-01,14:30:00,1.6,8.0,NNW,WSW
9490,2026-08-01,14:45:00,1.6,8.0,NW,NW
9491,2026-08-01,15:00:00,3.2,16.1,WSW,WNW
9492,2026-08-01,15:15:00,1.6,12.9,WSW,WNW
9493,2026-08-01,15:30:00,1.6,9.7,WSW,NW
9494,2026-08-01,15:45:00,1.6,6.4,NW,W
9495,2026-08-01,16:00:00,1.6,8.0,WSW,SW
9496,2026-08-01,16:15:00,1.6,4.8,W,WSW
9497,2026-08-01,16:30:00,0.0,4.8,NNW,SSW
9498,2026-08-01,16:45:00,0.0,4.8,NNW,NW
9499,2026-08-01,17:00:00,0.0,4.8,ENE,ENE
9500,2026-08-01,17:15:00,0.0,1.6,ENE,ENE
9501,2026-08-01,17:30:00,0.0,0.0,,
9502,2026-08-01,17:45:00,0.0,3.2,NNE,NNE
9503,2026-08-01,18:00:00,0.0,9.7,WSW,NW
9504,2026-08-01,18:15:00,3.2,11.3,W,S
9505,2026-08-01,18:30:00,4.8,16.1,WSW,SW
9506,2026-08-01,18:45:00,4.8,12.9,WSW,WNW
9507,2026-08-01,19:00:00,1.6,12.9,W,NNW
9508,2026-08-01,19:15:00,0.0,0.0,,
9509,2026-08-01,19:30:00,0.0,1.6,WNW,WNW
9510,2026-08-01,19:45:00,0.0,3.2,W,W
9511,2026-08-01,20:00:00,0.0,0.0,,
9512,2026-08-01,20:15:00,0.0,1.6,N,N
9513,2026-08-01,20:30:00,0.0,3.2,W,W
9514,2026-08-01,20:45:00,0.0,0.0,,
9515,2026-08-01,21:00:00,0.0,1.6,W,N
9516,2026-08-01,21:15:00,0.0,0.0,,
9517,2026-08-01,21:30:00,0.0,0.0,,
9518,2026-08-01,21:45:00,0.0,0.0,,
9519,2026-08-01,22:00:00,0.0,0.0,,
9520,2026-08-01,22:15:00,0.0,0.0,,
9521,2026-08-01,22:30:00,0.0,0.0,,
9522,2026-08-01,22:45:00,0.0,0.0,,
9523,2026-08-01,23:00:00,0.0,0.0,,
9524,2026-08-01,23:15:00,0.0,0.0,,
9525,2026-08-01,23:30:00,0.0,0.0,,
9526,2026-08-01,23:45:00,0.0,0.0,,
9527,2026-08-02,00:15:00,0.0,0.0,,
9528,2026-08-02,00:30:00,0.0,0.0,,
9529,2026-08-02,00:45:00,0.0,0.0,,
9530,2026-08-02,01:00:00,0.0,0.0,,
9531,2026-08-02,01:15:00,0.0,0.0,,
9532,2026-08-02,01:30:00,0.0,0.0,,
9533,2026-08-02,01:45:00,0.0,0.0,,
9534,2026-08-02,02:00:00,0.0,0.0,,
9535,2026-08-02,02:15:00,0.0,0.0,,
9536,2026-08-02,02:30:00,0.0,0.0,,
9537,2026-08-02,02:45:00,0.0,0.0,,
9538,2026-08-02,03:00:00,0.0,0.0,,
9539,2026-08-02,03:15:00,0.0,0.0,,
9540,2026-08-02,03:30:00,0.0,0.0,,
9541,2026-08-02,03:45:00,0.0,0.0,,
9542,2026-08-02,04:00:00,0.0,0.0,,
9543,2026-08-02,04:15:00,0.0,0.0,,
9544,2026-08-02,04:30:00,0.0,0.0,,
9545,2026-08-02,04:45:00,0.0,0.0,,
9546,2026-08-02,05:00:00,0.0,0.0,,
9547,2026-08-02,05:15:00,0.0,0.0,,
9548,2026-08-02,05:30:00,0.0,0.0,,
9549,2026-08-02,05:45:00,0.0,0.0,,
9550,2026-08-02,06:00:00,0.0,0.0,,
9551,2026-08-02,06:15:00,0.0,3.2,NW,NW
9552,2026-08-02,06:30:00,0.0,0.0,,
9553,2026-08-02,06:45:00,0.0,0.0,,
9554,2026-08-02,07:00:00,0.0,3.2,WSW,WSW
9555,2026-08-02,07:15:00,0.0,3.2,WNW,WSW
9556,2026-08-02,07:30:00,0.0,1.6,ENE,ENE
9557,2026-08-02,07:45:00,0.0,1.6,ENE,ENE
9558,2026-08-02,08:00:00,0.0,3.2,E,E
9559,2026-08-02,08:15:00,0.0,6.4,E,E
9560,2026-08-02,08:30:00,1.6,6.4,E,E
9561,2026-08-02,08:45:00,1.6,6.4,ENE,E
9562,2026-08-02,09:00:00,0.0,4.8,ESE,E
9563,2026-08-02,09:15:00,0.0,3.2,W,W
9564,2026-08-02,09:30:00,1.6,9.7,NNW,N
9565,2026-08-02,09:45:00,1.6,6.4,SW,WSW
9566,2026-08-02,10:00:00,1.6,6.4,E,E
9567,2026-08-02,10:15:00,0.0,4.8,NNE,SSW
9568,2026-08-02,10:30:00,1.6,9.7,ENE,NW
9569,2026-08-02,10:45:00,1.6,4.8,W,NNW
9570,2026-08-02,11:00:00,1.6,6.4,ENE,NW
9571,2026-08-02,11:15:00,1.6,6.4,NNW,NNE
9572,2026-08-02,11:30:00,1.6,8.0,E,NNW
9573,2026-08-02,11:45:00,1.6,9.7,E,SSE
9574,2026-08-02,12:00:00,1.6,8.0,E,ENE
9575,2026-08-02,12:15:00,1.6,9.7,WSW,SW
9576,2026-08-02,12:30:00,1.6,9.7,NNW,WNW
9577,2026-08-02,12:45:00,1.6,8.0,ENE,ENE
9578,2026-08-02,13:00:00,1.6,8.0,E,ENE
9579,2026-08-02,13:15:00,1.6,8.0,E,E
9580,2026-08-02,13:30:00,1.6,8.0,E,E
9581,2026-08-02,13:45:00,1.6,8.0,E,ESE
9582,2026-08-02,14:00:00,3.2,9.7,E,E
9583,2026-08-02,14:15:00,1.6,8.0,E,E
9584,2026-08-02,14:30:00,1.6,14.5,E,E
9585,2026-08-02,14:45:00,0.0,4.8,E,ENE
9586,2026-08-02,15:00:00,1.6,9.7,ENE,ENE
9587,2026-08-02,15:15:00,3.2,9.7,E,E
9588,2026-08-02,15:30:00,3.2,11.3,E,SSE
9589,2026-08-02,15:45:00,3.2,9.7,E,SSE
9590,2026-08-02,16:00:00,1.6,8.0,E,E
9591,2026-08-02,16:15:00,1.6,6.4,E,SSE
9592,2026-08-02,16:30:00,0.0,4.8,E,ENE
9593,2026-08-02,16:45:00,3.2,16.1,W,SSE
9594,2026-08-02,17:00:00,3.2,14.5,WSW,W
9595,2026-08-02,17:15:00,1.6,9.7,SW,ENE
9596,2026-08-02,17:30:00,1.6,9.7,SW,SSW
9597,2026-08-02,17:45:00,4.8,19.3,SW,S
9598,2026-08-02,18:00:00,1.6,9.7,WSW,W
9599,2026-08-02,18:15:00,1.6,6.4,WSW,SW
9600,2026-08-02,18:30:00,1.6,8.0,WSW,WSW
9601,2026-08-02,18:45:00,3.2,8.0,W,W
9602,2026-08-02,19:00:00,0.0,4.8,WSW,SW
9603,2026-08-02,19:15:00,0.0,3.2,WSW,WSW
9604,2026-08-02,19:30:00,0.0,0.0,,
9605,2026-08-02,19:45:00,0.0,0.0,,
9606,2026-08-02,20:00:00,0.0,0.0,,
9607,2026-08-02,20:15:00,0.0,0.0,,
9608,2026-08-02,20:30:00,0.0,1.6,WNW,WNW
9609,2026-08-02,20:45:00,0.0,3.2,SW,WNW
9610,2026-08-02,21:00:00,0.0,4.8,SW,SSW
9611,2026-08-02,21:15:00,0.0,1.6,WSW,WSW
9612,2026-08-02,21:30:00,0.0,3.2,WSW,WSW
9613,2026-08-02,21:45:00,0.0,3.2,SSE,SSE
9614,2026-08-02,22:00:00,0.0,3.2,SW,SSW
9615,2026-08-02,22:15:00,0.0,3.2,W,NW
9616,2026-08-02,22:30:00,1.6,4.8,W,WSW
9617,2026-08-02,22:45:00,0.0,4.8,W,WSW
9618,2026-08-02,23:00:00,0.0,4.8,SW,WSW
9619,2026-08-02,23:15:00,0.0,4.8,SW,W
9620,2026-08-02,23:30:00,0.0,1.6,NE,NE
9621,2026-08-02,23:45:00,0.0,3.2,NE,SSW
9622,2026-08-03,00:15:00,0.0,6.4,SSE,WSW
9623,2026-08-03,00:30:00,0.0,4.8,WSW,SW
9624,2026-08-03,00:45:00,0.0,3.2,NW,NNW
9625,2026-08-03,01:00:00,0.0,0.0,,
9626,2026-08-03,01:15:00,0.0,1.6,WNW,WNW
9627,2026-08-03,01:30:00,0.0,0.0,,
9628,2026-08-03,01:45:00,0.0,0.0,,
9629,2026-08-03,02:00:00,0.0,0.0,,
9630,2026-08-03,02:15:00,0.0,0.0,,
9631,2026-08-03,02:30:00,0.0,0.0,,
9632,2026-08-03,02:45:00,0.0,0.0,,
9633,2026-08-03,03:00:00,0.0,0.0,,
9634,2026-08-03,03:15:00,0.0,0.0,,
9635,2026-08-03,03:30:00,0.0,0.0,,
9636,2026-08-03,03:45:00,0.0,0.0,,
9637,2026-08-03,04:00:00,0.0,0.0,,
9638,2026-08-03,04:15:00,0.0,0.0,,
9639,2026-08-03,04:30:00,0.0,0.0,,
9640,2026-08-03,04:45:00,0.0,0.0,,
9641,2026-08-03,05:00:00,0.0,0.0,,
9642,2026-08-03,05:15:00,0.0,0.0,,
9643,2026-08-03,05:30:00,0.0,0.0,,
9644,2026-08-03,05:45:00,0.0,0.0,,
9645,2026-08-03,06:00:00,0.0,0.0,,
9646,2026-08-03,06:15:00,0.0,1.6,NNE,NNE
9647,2026-08-03,06:30:00,0.0,0.0,,
9648,2026-08-03,06:45:00,0.0,1.6,E,E
9649,2026-08-03,07:00:00,0.0,1.6,NE,NE
9650,2026-08-03,07:15:00,0.0,4.8,ENE,ENE
9651,2026-08-03,07:30:00,0.0,6.4,E,E
9652,2026-08-03,07:45:00,0.0,3.2,E,ESE
9653,2026-08-03,08:00:00,0.0,6.4,W,WNW
9654,2026-08-03,08:15:00,0.0,6.4,E,E
9655,2026-08-03,08:30:00,1.6,9.7,NNE,ENE
9656,2026-08-03,08:45:00,0.0,3.2,NNW,SE
9657,2026-08-03,09:00:00,0.0,8.0,ESE,ESE
9658,2026-08-03,09:15:00,1.6,8.0,E,E
9659,2026-08-03,09:30:00,1.6,9.7,E,E
9660,2026-08-03,09:45:00,1.6,6.4,ENE,SE
9661,2026-08-03,10:00:00,3.2,9.7,WSW,SW
9662,2026-08-03,10:15:00,1.6,9.7,NNW,S
9663,2026-08-03,10:30:00,1.6,9.7,NNW,NW
9664,2026-08-03,10:45:00,3.2,11.3,NNW,NNW
9665,2026-08-03,11:00:00,1.6,8.0,E,ENE
9666,2026-08-03,11:15:00,1.6,6.4,NNW,NW
9667,2026-08-03,11:30:00,1.6,8.0,E,E
9668,2026-08-03,11:45:00,1.6,6.4,ESE,E
9669,2026-08-03,12:00:00,3.2,11.3,E,ESE
9670,2026-08-03,12:15:00,1.6,8.0,E,SW
9671,2026-08-03,12:30:00,1.6,6.4,E,E
9672,2026-08-03,12:45:00,1.6,8.0,E,E
9673,2026-08-03,13:00:00,0.0,4.8,E,E
9674,2026-08-03,13:15:00,0.0,4.8,E,SSE
9675,2026-08-03,13:30:00,0.0,4.8,E,E
9676,2026-08-03,13:45:00,1.6,8.0,NNW,WNW
9677,2026-08-03,14:00:00,1.6,9.7,NNW,N
9678,2026-08-03,14:15:00,1.6,9.7,NNW,WSW
9679,2026-08-03,14:30:00,1.6,11.3,NW,WNW
9680,2026-08-03,14:45:00,1.6,11.3,ESE,WSW
9681,2026-08-03,15:00:00,0.0,8.0,NW,NNW
9682,2026-08-03,15:15:00,1.6,8.0,NNW,NNW
9683,2026-08-03,15:30:00,3.2,16.1,NNW,NNW
9684,2026-08-03,15:45:00,1.6,12.9,NNW,WNW
9685,2026-08-03,16:00:00,1.6,6.4,NNW,NW
9686,2026-08-03,16:15:00,1.6,12.9,NNW,WNW
9687,2026-08-03,16:30:00,0.0,6.4,NNW,SW
9688,2026-08-03,16:45:00,0.0,8.0,N,NNW
9689,2026-08-03,17:00:00,0.0,4.8,ENE,NW
9690,2026-08-03,17:15:00,0.0,4.8,E,E
9691,2026-08-03,17:30:00,0.0,8.0,ENE,E
9692,2026-08-03,17:45:00,0.0,1.6,ESE,ESE
9693,2026-08-03,18:00:00,1.6,8.0,ENE,E
9694,2026-08-03,18:15:00,0.0,8.0,SW,NE
9695,2026-08-03,18:30:00,1.6,6.4,WSW,SSW
9696,2026-08-03,18:45:00,0.0,4.8,NNW,SW
9697,2026-08-03,19:00:00,0.0,0.0,,
9698,2026-08-03,19:15:00,0.0,0.0,,
9699,2026-08-03,19:30:00,0.0,0.0,,
9700,2026-08-03,19:45:00,0.0,0.0,,
9701,2026-08-03,20:00:00,0.0,3.2,W,W
9702,2026-08-03,20:15:00,0.0,1.6,NNW,NNW
9703,2026-08-03,20:30:00,0.0,3.2,WSW,WSW
9704,2026-08-03,20:45:00,0.0,1.6,W,SSW
9705,2026-08-03,21:00:00,0.0,0.0,,
9706,2026-08-03,21:15:00,0.0,0.0,,
9707,2026-08-03,21:30:00,0.0,0.0,,
9708,2026-08-03,21:45:00,0.0,0.0,,
9709,2026-08-03,22:00:00,0.0,0.0,,
9710,2026-08-03,22:15:00,0.0,0.0,,
9711,2026-08-03,22:30:00,0.0,0.0,,
9712,2026-08-03,22:45:00,0.0,0.0,,
9713,2026-08-03,23:00:00,0.0,0.0,,
9714,2026-08-03,23:15:00,0.0,0.0,,
9715,2026-08-03,23:30:00,0.0,0.0,,
9716,2026-08-03,23:45:00,0.0,0.0,,
9717,2026-08-04,00:15:00,0.0,0.0,,
9718,2026-08-04,00:30:00,0.0,0.0,,
9719,2026-08-04,00:45:00,0.0,0.0,,
9720,2026-08-04,01:00:00,0.0,0.0,,
9721,2026-08-04,01:15:00,0.0,0.0,,
9722,2026-08-04,01:30:00,0.0,0.0,,
9723,2026-08-04,01:45:00,0.0,0.0,,
9724,2026-08-04,02:00:00,0.0,0.0,,
9725,2026-08-04,02:15:00,0.0,0.0,,
9726,2026-08-04,02:30:00,0.0,0.0,,
9727,2026-08-04,02:45:00,0.0,0.0,,
9728,2026-08-04,03:00:00,0.0,0.0,,
9729,2026-08-04,03:15:00,0.0,0.0,,
9730,2026-08-04,03:30:00,0.0,0.0,,
9731,2026-08-04,03:45:00,0.0,0.0,,
9732,2026-08-04,04:00:00,0.0,0.0,,
9733,2026-08-04,04:15:00,0.0,0.0,,
9734,2026-08-04,04:30:00,0.0,0.0,,
9735,2026-08-04,04:45:00,0.0,0.0,,
9736,2026-08-04,05:00:00,0.0,0.0,,
9737,2026-08-04,05:15:00,0.0,0.0,,
9738,2026-08-04,05:30:00,0.0,0.0,,
9739,2026-08-04,05:45:00,0.0,0.0,,
9740,2026-08-04,06:00:00,0.0,0.0,,
9741,2026-08-04,06:15:00,0.0,0.0,,
9742,2026-08-04,06:30:00,0.0,0.0,,
9743,2026-08-04,06:45:00,0.0,0.0,,
9744,2026-08-04,07:00:00,0.0,3.2,NW,NW
9745,2026-08-04,07:15:00,0.0,3.2,WSW,NW
9746,2026-08-04,07:30:00,0.0,3.2,E,E
9747,2026-08-04,07:45:00,0.0,1.6,N,N
9748,2026-08-04,08:00:00,0.0,4.8,WSW,SSW
9749,2026-08-04,08:15:00,1.6,9.7,NE,SSW
9750,2026-08-04,08:30:00,0.0,6.4,ENE,SW
9751,2026-08-04,08:45:00,1.6,8.0,WSW,NW
9752,2026-08-04,09:00:00,1.6,11.3,N,WNW
9753,2026-08-04,09:15:00,1.6,9.7,W,W
9754,2026-08-04,09:30:00,0.0,4.8,NW,NNW
9755,2026-08-04,09:45:00,1.6,9.7,WSW,WSW
9756,2026-08-04,10:00:00,0.0,8.0,ENE,S
9757,2026-08-04,10:15:00,1.6,14.5,NW,WNW
9758,2026-08-04,10:30:00,3.2,14.5,ENE,WNW
9759,2026-08-04,10:45:00,1.6,9.7,W,SW
9760,2026-08-04,11:00:00,3.2,12.9,WSW,SW
9761,2026-08-04,11:15:00,1.6,9.7,WSW,SSE
9762,2026-08-04,11:30:00,1.6,8.0,W,WSW
9763,2026-08-04,11:45:00,1.6,9.7,W,SSW
9764,2026-08-04,12:00:00,0.0,9.7,NNW,SSE
9765,2026-08-04,12:15:00,1.6,8.0,E,SSE
9766,2026-08-04,12:30:00,1.6,9.7,NNW,SSW
9767,2026-08-04,12:45:00,1.6,17.7,WNW,WNW
9768,2026-08-04,13:00:00,3.2,14.5,NW,WSW
9769,2026-08-04,13:15:00,6.4,22.5,W,WNW
9770,2026-08-04,13:30:00,6.4,16.1,W,W
9771,2026-08-04,13:45:00,8.0,22.5,W,W
9772,2026-08-04,14:00:00,6.4,19.3,W,SSW
9773,2026-08-04,14:15:00,6.4,20.9,WSW,S
9774,2026-08-04,14:30:00,4.8,19.3,E,E
9775,2026-08-04,14:45:00,3.2,11.3,E,ESE
9776,2026-08-04,15:00:00,4.8,12.9,E,E
9777,2026-08-04,15:15:00,3.2,9.7,E,ESE
9778,2026-08-04,15:30:00,1.6,6.4,ENE,ESE
9779,2026-08-04,15:45:00,1.6,9.7,E,ESE
9780,2026-08-04,16:00:00,1.6,4.8,E,E
9781,2026-08-04,16:15:00,1.6,6.4,E,E
9782,2026-08-04,16:30:00,0.0,1.6,ENE,ENE
9783,2026-08-04,16:45:00,0.0,4.8,NNW,NNW
9784,2026-08-04,17:00:00,0.0,3.2,ENE,ENE
9785,2026-08-04,17:15:00,0.0,3.2,E,E
9786,2026-08-04,17:30:00,0.0,0.0,,
9787,2026-08-04,17:45:00,0.0,0.0,,
9788,2026-08-04,18:00:00,0.0,0.0,,
9789,2026-08-04,18:15:00,0.0,3.2,W,WSW
9790,2026-08-04,18:30:00,0.0,0.0,,
9791,2026-08-04,18:45:00,0.0,0.0,,
9792,2026-08-04,19:00:00,0.0,0.0,,
9793,2026-08-04,19:15:00,0.0,0.0,,
9794,2026-08-04,19:30:00,0.0,0.0,,
9795,2026-08-04,19:45:00,0.0,1.6,W,W
9796,2026-08-04,20:00:00,0.0,0.0,,
9797,2026-08-04,20:15:00,0.0,0.0,,
9798,2026-08-04,20:30:00,0.0,0.0,,
9799,2026-08-04,20:45:00,0.0,0.0,,
9800,2026-08-04,21:00:00,0.0,0.0,,
9801,2026-08-04,21:15:00,0.0,0.0,,
9802,2026-08-04,21:30:00,0.0,0.0,,
9803,2026-08-04,21:45:00,0.0,0.0,,
9804,2026-08-04,22:00:00,0.0,0.0,,
9805,2026-08-04,22:15:00,0.0,0.0,,
9806,2026-08-04,22:30:00,0.0,0.0,,
9807,2026-08-04,22:45:00,0.0,0.0,,
9808,2026-08-04,23:00:00,0.0,0.0,,
9809,2026-08-04,23:15:00,0.0,0.0,,
9810,2026-08-04,23:30:00,0.0,0.0,,
9811,2026-08-04,23:45:00,0.0,1.6,W,W
9812,2026-08-05,00:15:00,0.0,0.0,,
9813,2026-08-05,00:30:00,0.0,0.0,,
9814,2026-08-05,00:45:00,0.0,0.0,,
9815,2026-08-05,01:00:00,0.0,0.0,,
9816,2026-08-05,01:15:00,0.0,0.0,,
9817,2026-08-05,01:30:00,0.0,0.0,,
9818,2026-08-05,01:45:00,0.0,0.0,,
9819,2026-08-05,02:00:00,0.0,0.0,,
9820,2026-08-05,02:15:00,0.0,0.0,,
9821,2026-08-05,02:30:00,0.0,0.0,,
9822,2026-08-05,02:45:00,0.0,0.0,,
9823,2026-08-05,03:00:00,0.0,0.0,,
9824,2026-08-05,03:15:00,0.0,0.0,,
9825,2026-08-05,03:30:00,0.0,0.0,,
9826,2026-08-05,03:45:00,0.0,0.0,,
9827,2026-08-05,04:00:00,0.0,0.0,,
9828,2026-08-05,04:15:00,0.0,0.0,,
9829,2026-08-05,04:30:00,0.0,0.0,,
9830,2026-08-05,04:45:00,0.0,0.0,,
9831,2026-08-05,05:00:00,0.0,0.0,,
9832,2026-08-05,05:15:00,0.0,0.0,,
9833,2026-08-05,05:30:00,0.0,0.0,,
9834,2026-08-05,05:45:00,0.0,0.0,,
9835,2026-08-05,06:00:00,0.0,0.0,,
9836,2026-08-05,06:15:00,0.0,0.0,,
9837,2026-08-05,06:30:00,0.0,6.4,W,WSW
9838,2026-08-05,06:45:00,0.0,1.6,WSW,W
9839,2026-08-05,07:00:00,0.0,3.2,S,S
9840,2026-08-05,07:15:00,0.0,6.4,SW,WSW
9841,2026-08-05,07:30:00,0.0,0.0,,
9842,2026-08-05,07:45:00,1.6,4.8,WSW,WSW
9843,2026-08-05,08:00:00,0.0,3.2,WSW,WSW
9844,2026-08-05,08:15:00,0.0,4.8,E,ENE
9845,2026-08-05,08:30:00,1.6,6.4,SW,W
9846,2026-08-05,08:45:00,1.6,4.8,E,SW
9847,2026-08-05,09:00:00,0.0,6.4,E,E
9848,2026-08-05,09:15:00,0.0,4.8,E,ENE
9849,2026-08-05,09:30:00,0.0,8.0,NNW,WNW
9850,2026-08-05,09:45:00,1.6,6.4,NE,E
9851,2026-08-05,10:00:00,1.6,8.0,NNE,SW
9852,2026-08-05,10:15:00,1.6,8.0,ENE,SE
9853,2026-08-05,10:30:00,1.6,6.4,E,NNW
9854,2026-08-05,10:45:00,1.6,6.4,ESE,NW
9855,2026-08-05,11:00:00,0.0,4.8,E,E
9856,2026-08-05,11:15:00,0.0,3.2,NNW,SE
9857,2026-08-05,11:30:00,1.6,14.5,W,W
9858,2026-08-05,11:45:00,3.2,8.0,NNW,W
9859,2026-08-05,12:00:00,1.6,9.7,W,SW
9860,2026-08-05,12:15:00,1.6,9.7,NW,WSW
9861,2026-08-05,12:30:00,1.6,8.0,NW,NNE
9862,2026-08-05,12:45:00,0.0,6.4,E,E
9863,2026-08-05,13:00:00,1.6,6.4,N,NNW
9864,2026-08-05,13:15:00,1.6,6.4,NNW,SW
9865,2026-08-05,13:30:00,1.6,9.7,NNW,W
9866,2026-08-05,13:45:00,1.6,6.4,NNW,ENE
9867,2026-08-05,14:00:00,0.0,4.8,SW,W
9868,2026-08-05,14:15:00,4.8,17.7,W,NW
9869,2026-08-05,14:30:00,6.4,20.9,W,W
9870,2026-08-05,14:45:00,6.4,20.9,WSW,W
9871,2026-08-05,15:00:00,4.8,17.7,NW,NNW
9872,2026-08-05,15:15:00,1.6,14.5,NNW,NNW
9873,2026-08-05,15:30:00,1.6,14.5,NNW,NNW
9874,2026-08-05,15:45:00,1.6,8.0,NNW,NNW
9875,2026-08-05,16:00:00,3.2,14.5,NNW,NW
9876,2026-08-05,16:15:00,1.6,11.3,NW,WNW
9877,2026-08-05,16:30:00,1.6,9.7,WSW,W
9878,2026-08-05,16:45:00,0.0,6.4,ENE,ESE
9879,2026-08-05,17:00:00,0.0,3.2,NNW,SSE
9880,2026-08-05,17:15:00,0.0,6.4,NNW,NW
9881,2026-08-05,17:30:00,0.0,1.6,NE,NE
9882,2026-08-05,17:45:00,0.0,1.6,N,N
9883,2026-08-05,18:00:00,0.0,0.0,,
9884,2026-08-05,18:15:00,0.0,0.0,,
9885,2026-08-05,18:30:00,0.0,0.0,,
9886,2026-08-05,18:45:00,0.0,0.0,,
9887,2026-08-05,19:00:00,0.0,0.0,,
9888,2026-08-05,19:15:00,0.0,0.0,,
9889,2026-08-05,19:30:00,0.0,0.0,,
9890,2026-08-05,19:45:00,0.0,0.0,,
9891,2026-08-05,20:00:00,0.0,0.0,,
9892,2026-08-05,20:15:00,0.0,1.6,WNW,WNW
9893,2026-08-05,20:30:00,0.0,3.2,W,W
9894,2026-08-05,20:45:00,0.0,1.6,WNW,WNW
9895,2026-08-05,21:00:00,0.0,1.6,WNW,WNW
9896,2026-08-05,21:15:00,0.0,3.2,NE,NE
9897,2026-08-05,21:30:00,0.0,3.2,WSW,WSW
9898,2026-08-05,21:45:00,0.0,3.2,WSW,S
9899,2026-08-05,22:00:00,0.0,8.0,SW,S
9900,2026-08-05,22:15:00,1.6,6.4,SW,SSW
9901,2026-08-05,22:30:00,1.6,8.0,SW,SSW
9902,2026-08-05,22:45:00,1.6,9.7,SW,SW
9903,2026-08-05,23:00:00,0.0,9.7,SW,S
9904,2026-08-05,23:15:00,1.6,9.7,WSW,SSW
9905,2026-08-05,23:30:00,1.6,6.4,WSW,S
9906,2026-08-05,23:45:00,1.6,4.8,SW,SSW
9907,2026-08-06,00:15:00,1.6,4.8,W,WNW
9908,2026-08-06,00:30:00,0.0,6.4,WSW,S
9909,2026-08-06,00:45:00,1.6,9.7,WSW,WSW
9910,2026-08-06,01:00:00,1.6,9.7,WSW,WNW
9911,2026-08-06,01:15:00,1.6,8.0,WSW,W
9912,2026-08-06,01:30:00,1.6,6.4,SW,W
9913,2026-08-06,01:45:00,0.0,3.2,SSW,W
9914,2026-08-06,02:00:00,0.0,4.8,SW,SW
9915,2026-08-06,02:15:00,0.0,4.8,WSW,WSW
9916,2026-08-06,02:30:00,0.0,3.2,W,SSW
9917,2026-08-06,02:45:00,0.0,4.8,WSW,S
9918,2026-08-06,03:00:00,0.0,4.8,W,W
9919,2026-08-06,03:15:00,0.0,3.2,W,W
9920,2026-08-06,03:30:00,0.0,0.0,,
9921,2026-08-06,03:45:00,0.0,0.0,,
9922,2026-08-06,04:00:00,0.0,0.0,,
9923,2026-08-06,04:15:00,0.0,0.0,,
9924,2026-08-06,04:30:00,0.0,1.6,NW,NW
9925,2026-08-06,04:45:00,0.0,0.0,,
9926,2026-08-06,05:00:00,0.0,0.0,,
9927,2026-08-06,05:15:00,0.0,0.0,,
9928,2026-08-06,05:30:00,0.0,0.0,,
9929,2026-08-06,05:45:00,0.0,0.0,,
9930,2026-08-06,06:00:00,0.0,3.2,NE,NE
9931,2026-08-06,06:15:00,0.0,1.6,E,SE
9932,2026-08-06,06:30:00,0.0,3.2,E,E
9933,2026-08-06,06:45:00,0.0,4.8,SW,SW
9934,2026-08-06,07:00:00,0.0,6.4,E,E
9935,2026-08-06,07:15:00,0.0,4.8,W,W
9936,2026-08-06,07:30:00,0.0,6.4,WSW,WSW
9937,2026-08-06,07:45:00,0.0,1.6,W,WNW
9938,2026-08-06,08:00:00,0.0,3.2,N,NE
9939,2026-08-06,08:15:00,1.6,4.8,ENE,NE
9940,2026-08-06,08:30:00,1.6,6.4,ENE,NW
9941,2026-08-06,08:45:00,1.6,8.0,NNW,NW
9942,2026-08-06,09:00:00,1.6,8.0,NW,NW
9943,2026-08-06,09:15:00,1.6,8.0,E,ESE
9944,2026-08-06,09:30:00,1.6,9.7,NNW,NW
9945,2026-08-06,09:45:00,1.6,9.7,W,WNW
9946,2026-08-06,10:00:00,3.2,11.3,W,WSW
9947,2026-08-06,10:15:00,1.6,9.7,WSW,W
9948,2026-08-06,10:30:00,1.6,9.7,SW,SW
9949,2026-08-06,10:45:00,1.6,8.0,NW,NW
9950,2026-08-06,11:00:00,1.6,11.3,WSW,SSE
9951,2026-08-06,11:15:00,1.6,9.7,NNW,NNE
9952,2026-08-06,11:30:00,1.6,11.3,E,E
9953,2026-08-06,11:45:00,1.6,9.7,WSW,WSW
9954,2026-08-06,12:00:00,1.6,8.0,W,W
9955,2026-08-06,12:15:00,1.6,9.7,NNW,SSW
9956,2026-08-06,12:30:00,1.6,11.3,W,WNW
9957,2026-08-06,12:45:00,1.6,8.0,WSW,E
9958,2026-08-06,13:00:00,3.2,16.1,WSW,W
9959,2026-08-06,13:15:00,1.6,9.7,WSW,WSW
9960,2026-08-06,13:30:00,3.2,16.1,W,W
9961,2026-08-06,13:45:00,1.6,16.1,NNW,NW
9962,2026-08-06,14:00:00,1.6,19.3,NW,WSW
9963,2026-08-06,14:15:00,1.6,11.3,W,WSW
9964,2026-08-06,14:30:00,0.0,6.4,NNW,N
9965,2026-08-06,14:45:00,1.6,12.9,WSW,S
9966,2026-08-06,15:00:00,4.8,19.3,NNW,W
9967,2026-08-06,15:15:00,1.6,9.7,WNW,W
9968,2026-08-06,15:30:00,1.6,11.3,NNW,NNW
9969,2026-08-06,15:45:00,1.6,11.3,NNW,N
9970,2026-08-06,16:00:00,1.6,11.3,NNW,WSW
9971,2026-08-06,16:15:00,3.2,19.3,NNW,NW
9972,2026-08-06,16:30:00,4.8,17.7,NW,WNW
9973,2026-08-06,16:45:00,1.6,11.3,NNW,N
9974,2026-08-06,17:00:00,1.6,12.9,NNW,NW
9975,2026-08-06,17:15:00,0.0,8.0,N,W
9976,2026-08-06,17:30:00,0.0,0.0,,
9977,2026-08-06,17:45:00,0.0,0.0,,
9978,2026-08-06,18:00:00,0.0,1.6,NE,NE
9979,2026-08-06,18:15:00,0.0,3.2,NE,NE
9980,2026-08-06,18:30:00,0.0,0.0,,
9981,2026-08-06,18:45:00,0.0,0.0,,
9982,2026-08-06,19:00:00,0.0,0.0,,
9983,2026-08-06,19:15:00,0.0,0.0,,
9984,2026-08-06,19:30:00,0.0,0.0,,
9985,2026-08-06,19:45:00,0.0,0.0,,
9986,2026-08-06,20:00:00,0.0,3.2,W,W
9987,2026-08-06,20:15:00,0.0,6.4,W,WSW
9988,2026-08-06,20:30:00,0.0,9.7,W,SW
9989,2026-08-06,20:45:00,0.0,6.4,W,W
9990,2026-08-06,21:00:00,0.0,4.8,SSW,W
9991,2026-08-06,21:15:00,0.0,6.4,SW,WSW
9992,2026-08-06,21:30:00,0.0,1.6,SW,SW
9993,2026-08-06,21:45:00,0.0,0.0,,
9994,2026-08-06,22:00:00,0.0,0.0,,
9995,2026-08-06,22:15:00,0.0,0.0,,
9996,2026-08-06,22:30:00,0.0,1.6,SW,SW
9997,2026-08-06,22:45:00,0.0,3.2,SW,W
9998,2026-08-06,23:00:00,0.0,3.2,W,WSW
9999,2026-08-06,23:15:00,0.0,4.8,SW,SW
10000,2026-08-06,23:30:00,0.0,3.2,WSW,SSW
10001,2026-08-06,23:45:00,0.0,1.6,WSW,W
10002,2026-08-07,00:15:00,0.0,4.8,SW,SW
10003,2026-08-07,00:30:00,0.0,4.8,SW,SW
10004,2026-08-07,00:45:00,0.0,4.8,WSW,WSW
10005,2026-08-07,01:00:00,0.0,4.8,W,WSW
10006,2026-08-07,01:15:00,0.0,4.8,W,WNW
10007,2026-08-07,01:30:00,1.6,8.0,W,W
10008,2026-08-07,01:45:00,0.0,6.4,W,W
10009,2026-08-07,02:00:00,0.0,0.0,,
10010,2026-08-07,02:15:00,0.0,0.0,,
10011,2026-08-07,02:30:00,0.0,0.0,,
10012,2026-08-07,02:45:00,0.0,0.0,,
10013,2026-08-07,03:00:00,0.0,0.0,,
10014,2026-08-07,03:15:00,0.0,0.0,,
10015,2026-08-07,03:30:00,0.0,0.0,,
10016,2026-08-07,03:45:00,0.0,0.0,,
10017,2026-08-07,04:00:00,0.0,0.0,,
10018,2026-08-07,04:15:00,0.0,0.0,,
10019,2026-08-07,04:30:00,0.0,0.0,,
10020,2026-08-07,04:45:00,0.0,0.0,,
10021,2026-08-07,05:00:00,0.0,1.6,W,W
10022,2026-08-07,05:15:00,0.0,3.2,WSW,WSW
10023,2026-08-07,05:30:00,0.0,1.6,NNW,NNW
10024,2026-08-07,05:45:00,0.0,1.6,NW,NW
10025,2026-08-07,06:00:00,0.0,1.6,W,WNW
10026,2026-08-07,06:15:00,0.0,1.6,ENE,ENE
10027,2026-08-07,06:30:00,0.0,0.0,,
10028,2026-08-07,06:45:00,0.0,3.2,W,W
10029,2026-08-07,07:00:00,1.6,8.0,E,NW
10030,2026-08-07,07:15:00,0.0,3.2,WNW,WNW
10031,2026-08-07,07:30:00,0.0,1.6,NE,NNE
10032,2026-08-07,07:45:00,1.6,8.0,W,W
10033,2026-08-07,08:00:00,0.0,4.8,NNW,NNW
10034,2026-08-07,08:15:00,1.6,8.0,SW,WSW
10035,2026-08-07,08:30:00,0.0,4.8,W,W
10036,2026-08-07,08:45:00,1.6,4.8,W,S
10037,2026-08-07,09:00:00,1.6,9.7,ENE,ENE
10038,2026-08-07,09:15:00,0.0,6.4,N,S
10039,2026-08-07,09:30:00,1.6,6.4,E,W
10040,2026-08-07,09:45:00,0.0,4.8,NNW,NNW
10041,2026-08-07,10:00:00,1.6,6.4,NNW,NNW
10042,2026-08-07,10:15:00,1.6,9.7,NNW,E
10043,2026-08-07,10:30:00,1.6,6.4,NNW,NW
10044,2026-08-07,10:45:00,0.0,4.8,E,W
10045,2026-08-07,11:00:00,1.6,8.0,E,E
10046,2026-08-07,11:15:00,1.6,8.0,NW,WSW
10047,2026-08-07,11:30:00,1.6,8.0,NNW,NW
10048,2026-08-07,11:45:00,1.6,9.7,NW,WNW
10049,2026-08-07,12:00:00,1.6,8.0,SSW,SSW
10050,2026-08-07,12:15:00,1.6,6.4,W,N
10051,2026-08-07,12:30:00,1.6,11.3,E,ENE
10052,2026-08-07,12:45:00,1.6,9.7,NNW,SW
10053,2026-08-07,13:00:00,1.6,11.3,WSW,SW
10054,2026-08-07,13:15:00,0.0,3.2,NW,NNW
10055,2026-08-07,13:30:00,0.0,6.4,W,W
10056,2026-08-07,13:45:00,0.0,6.4,NW,NNW
10057,2026-08-07,14:00:00,1.6,14.5,WNW,WNW
10058,2026-08-07,14:15:00,6.4,14.5,WSW,NW
10059,2026-08-07,14:30:00,1.6,16.1,W,NNW
10060,2026-08-07,14:45:00,1.6,16.1,NW,N
10061,2026-08-07,15:00:00,3.2,12.9,NW,WSW
10062,2026-08-07,15:15:00,1.6,17.7,NW,WNW
10063,2026-08-07,15:30:00,1.6,17.7,NNW,WNW
10064,2026-08-07,15:45:00,0.0,6.4,E,NW
10065,2026-08-07,16:00:00,0.0,6.4,E,NE
10066,2026-08-07,16:15:00,0.0,6.4,WNW,WNW
10067,2026-08-07,16:30:00,0.0,1.6,WNW,WNW
10068,2026-08-07,16:45:00,0.0,0.0,,
10069,2026-08-07,17:00:00,0.0,6.4,W,NW
10070,2026-08-07,17:15:00,0.0,6.4,W,WNW
10071,2026-08-07,17:30:00,0.0,1.6,ENE,ENE
10072,2026-08-07,17:45:00,0.0,0.0,,
10073,2026-08-07,18:00:00,0.0,0.0,,
10074,2026-08-07,18:15:00,0.0,0.0,,
10075,2026-08-07,18:30:00,0.0,0.0,,
10076,2026-08-07,18:45:00,0.0,0.0,,
10077,2026-08-07,19:00:00,0.0,1.6,NNE,NNE
10078,2026-08-07,19:15:00,0.0,0.0,,
10079,2026-08-07,19:30:00,0.0,0.0,,
10080,2026-08-07,19:45:00,0.0,0.0,,
10081,2026-08-07,20:00:00,0.0,0.0,,
10082,2026-08-07,20:15:00,0.0,1.6,E,E
10083,2026-08-07,20:30:00,0.0,1.6,E,E
10084,2026-08-07,20:45:00,0.0,3.2,E,E
10085,2026-08-07,21:00:00,0.0,0.0,,
10086,2026-08-07,21:15:00,0.0,0.0,,
10087,2026-08-07,21:30:00,0.0,0.0,,
10088,2026-08-07,21:45:00,0.0,1.6,NNE,NNE
10089,2026-08-07,22:00:00,0.0,3.2,SW,SW
10090,2026-08-07,22:15:00,0.0,1.6,WSW,WSW
10091,2026-08-07,22:30:00,0.0,3.2,SW,SSW
10092,2026-08-07,22:45:00,0.0,0.0,,
10093,2026-08-07,23:00:00,0.0,0.0,,
10094,2026-08-07,23:15:00,0.0,1.6,W,W
10095,2026-08-07,23:30:00,0.0,0.0,,
10096,2026-08-07,23:45:00,0.0,1.6,W,W
10097,2026-08-08,00:15:00,0.0,0.0,,
10098,2026-08-08,00:30:00,0.0,0.0,,
10099,2026-08-08,00:45:00,0.0,0.0,,
10100,2026-08-08,01:00:00,0.0,0.0,,
10101,2026-08-08,01:15:00,0.0,0.0,,
10102,2026-08-08,01:30:00,0.0,0.0,,
10103,2026-08-08,01:45:00,0.0,0.0,,
10104,2026-08-08,02:00:00,0.0,0.0,,
10105,2026-08-08,02:15:00,0.0,0.0,,
10106,2026-08-08,02:30:00,0.0,0.0,,
10107,2026-08-08,02:45:00,0.0,0.0,,
10108,2026-08-08,03:00:00,0.0,0.0,,
10109,2026-08-08,03:15:00,0.0,0.0,,
10110,2026-08-08,03:30:00,0.0,0.0,,
10111,2026-08-08,03:45:00,0.0,0.0,,
10112,2026-08-08,04:00:00,0.0,0.0,,
10113,2026-08-08,04:15:00,0.0,0.0,,
10114,2026-08-08,04:30:00,0.0,0.0,,
10115,2026-08-08,04:45:00,0.0,3.2,SW,SW
10116,2026-08-08,05:00:00,0.0,4.8,WSW,WSW
10117,2026-08-08,05:15:00,0.0,0.0,,
10118,2026-08-08,05:30:00,0.0,0.0,,
10119,2026-08-08,05:45:00,0.0,0.0,,
10120,2026-08-08,06:00:00,0.0,0.0,,
10121,2026-08-08,06:15:00,0.0,1.6,SW,ENE
10122,2026-08-08,06:30:00,0.0,1.6,SSW,S
10123,2026-08-08,06:45:00,0.0,3.2,W,WSW
10124,2026-08-08,07:00:00,0.0,3.2,WSW,NE
10125,2026-08-08,07:15:00,0.0,4.8,WNW,WNW
10126,2026-08-08,07:30:00,0.0,6.4,SW,SW
10127,2026-08-08,07:45:00,1.6,9.7,W,WSW
10128,2026-08-08,08:00:00,0.0,6.4,W,WNW
10129,2026-08-08,08:15:00,0.0,3.2,NE,ENE
10130,2026-08-08,08:30:00,0.0,4.8,W,E
10131,2026-08-08,08:45:00,0.0,4.8,E,E
10132,2026-08-08,09:00:00,1.6,4.8,ENE,E
10133,2026-08-08,09:15:00,0.0,6.4,E,E
10134,2026-08-08,09:30:00,0.0,6.4,E,E
10135,2026-08-08,09:45:00,0.0,6.4,SW,SSW
10136,2026-08-08,10:00:00,0.0,4.8,E,NNE
10137,2026-08-08,10:15:00,1.6,9.7,E,E
10138,2026-08-08,10:30:00,0.0,11.3,E,ESE
10139,2026-08-08,10:45:00,1.6,11.3,WSW,E
10140,2026-08-08,11:00:00,1.6,6.4,W,WSW
10141,2026-08-08,11:15:00,0.0,4.8,NNW,NW
10142,2026-08-08,11:30:00,1.6,8.0,NW,NW
10143,2026-08-08,11:45:00,1.6,8.0,SW,S
10144,2026-08-08,12:00:00,1.6,6.4,W,E
10145,2026-08-08,12:15:00,1.6,8.0,SW,NW
10146,2026-08-08,12:30:00,1.6,6.4,E,NNE
10147,2026-08-08,12:45:00,1.6,6.4,SW,WSW
10148,2026-08-08,13:00:00,0.0,14.5,ENE,SSE
10149,2026-08-08,13:15:00,3.2,14.5,SW,SSE
10150,2026-08-08,13:30:00,1.6,9.7,SW,SW
10151,2026-08-08,13:45:00,1.6,9.7,NW,WSW
10152,2026-08-08,14:00:00,0.0,6.4,NNW,NW
10153,2026-08-08,14:15:00,0.0,1.6,SW,NNE
10154,2026-08-08,14:30:00,3.2,16.1,WSW,W
10155,2026-08-08,14:45:00,4.8,19.3,NNW,WSW
10156,2026-08-08,15:00:00,4.8,20.9,WSW,WSW
10157,2026-08-08,15:15:00,4.8,17.7,W,SW
10158,2026-08-08,15:30:00,3.2,14.5,WSW,WNW
10159,2026-08-08,15:45:00,6.4,20.9,W,WSW
10160,2026-08-08,16:00:00,6.4,17.7,WSW,WSW
10161,2026-08-08,16:15:00,6.4,17.7,WSW,SW
10162,2026-08-08,16:30:00,4.8,19.3,WSW,WNW
10163,2026-08-08,16:45:00,6.4,20.9,WSW,SW
10164,2026-08-08,17:00:00,3.2,19.3,NNW,NNW
10165,2026-08-08,17:15:00,4.8,17.7,NNW,WSW
10166,2026-08-08,17:30:00,3.2,16.1,W,WSW
10167,2026-08-08,17:45:00,4.8,17.7,NW,SW
10168,2026-08-08,18:00:00,8.0,25.7,WSW,SW
10169,2026-08-08,18:15:00,8.0,25.7,WSW,WSW
10170,2026-08-08,18:30:00,4.8,14.5,WSW,SW
10171,2026-08-08,18:45:00,6.4,14.5,WSW,WSW
10172,2026-08-08,19:00:00,3.2,11.3,WSW,WNW
10173,2026-08-08,19:15:00,0.0,8.0,W,W
10174,2026-08-08,19:30:00,0.0,3.2,E,E
10175,2026-08-08,19:45:00,0.0,4.8,NE,NE
10176,2026-08-08,20:00:00,0.0,4.8,S,S
10177,2026-08-08,20:15:00,0.0,3.2,SW,SW
10178,2026-08-08,20:30:00,0.0,1.6,NE,NE
10179,2026-08-08,20:45:00,0.0,1.6,ENE,E
10180,2026-08-08,21:00:00,0.0,1.6,ENE,ENE
10181,2026-08-08,21:15:00,0.0,1.6,NE,NE
10182,2026-08-08,21:30:00,0.0,1.6,NNE,NNW
10183,2026-08-08,21:45:00,0.0,0.0,,
10184,2026-08-08,22:00:00,0.0,4.8,SSW,SSW
10185,2026-08-08,22:15:00,0.0,3.2,WSW,W
10186,2026-08-08,22:30:00,0.0,4.8,SW,SW
10187,2026-08-08,22:45:00,1.6,8.0,WSW,WNW
10188,2026-08-08,23:00:00,1.6,8.0,W,WSW
10189,2026-08-08,23:15:00,0.0,4.8,W,W
10190,2026-08-08,23:30:00,0.0,3.2,NW,NW
10191,2026-08-08,23:45:00,0.0,1.6,NNW,NNW
10192,2026-08-09,00:15:00,0.0,0.0,,
10193,2026-08-09,00:30:00,0.0,0.0,,
10194,2026-08-09,00:45:00,0.0,1.6,NNE,NNE
10195,2026-08-09,01:00:00,0.0,4.8,WSW,SW
10196,2026-08-09,01:15:00,1.6,8.0,SW,S
10197,2026-08-09,01:30:00,1.6,4.8,SW,W
10198,2026-08-09,01:45:00,3.2,9.7,W,WSW
10199,2026-08-09,02:00:00,1.6,6.4,W,W
10200,2026-08-09,02:15:00,0.0,4.8,W,WSW
10201,2026-08-09,02:30:00,0.0,0.0,,
10202,2026-08-09,02:45:00,0.0,1.6,NW,NW
10203,2026-08-09,03:00:00,0.0,6.4,SW,WNW
10204,2026-08-09,03:15:00,0.0,4.8,WNW,WNW
10205,2026-08-09,03:30:00,0.0,3.2,WSW,SW
10206,2026-08-09,03:45:00,0.0,1.6,WSW,NW
10207,2026-08-09,04:00:00,0.0,3.2,SSW,SSW
10208,2026-08-09,04:15:00,0.0,0.0,,
10209,2026-08-09,04:30:00,0.0,3.2,S,SW
10210,2026-08-09,04:45:00,0.0,0.0,,
10211,2026-08-09,05:00:00,0.0,0.0,,
10212,2026-08-09,05:15:00,0.0,1.6,W,NNE
10213,2026-08-09,05:30:00,0.0,1.6,NE,NE
10214,2026-08-09,05:45:00,0.0,0.0,,
10215,2026-08-09,06:00:00,0.0,0.0,,
10216,2026-08-09,06:15:00,0.0,1.6,WNW,W
10217,2026-08-09,06:30:00,0.0,3.2,E,E
10218,2026-08-09,06:45:00,0.0,0.0,,
10219,2026-08-09,07:00:00,0.0,0.0,,
10220,2026-08-09,07:15:00,0.0,1.6,N,N
10221,2026-08-09,07:30:00,0.0,3.2,NE,NE
10222,2026-08-09,07:45:00,0.0,4.8,NW,NW
10223,2026-08-09,08:00:00,0.0,6.4,E,E
10224,2026-08-09,08:15:00,1.6,6.4,E,SE
10225,2026-08-09,08:30:00,0.0,4.8,E,E
10226,2026-08-09,08:45:00,1.6,6.4,E,E
10227,2026-08-09,09:00:00,0.0,3.2,E,E
10228,2026-08-09,09:15:00,1.6,9.7,NNW,SW
10229,2026-08-09,09:30:00,1.6,11.3,WSW,SW
10230,2026-08-09,09:45:00,1.6,9.7,E,SW
10231,2026-08-09,10:00:00,1.6,9.7,NNW,W
10232,2026-08-09,10:15:00,1.6,6.4,ENE,S
10233,2026-08-09,10:30:00,0.0,6.4,E,W
10234,2026-08-09,10:45:00,0.0,4.8,E,SW
10235,2026-08-09,11:00:00,1.6,11.3,W,W
10236,2026-08-09,11:15:00,1.6,9.7,NNW,WSW
10237,2026-08-09,11:30:00,1.6,8.0,NW,WNW
10238,2026-08-09,11:45:00,1.6,9.7,NNW,NW
10239,2026-08-09,12:00:00,1.6,8.0,ESE,SSE
10240,2026-08-09,12:15:00,1.6,6.4,E,E
10241,2026-08-09,12:30:00,0.0,8.0,E,NE
10242,2026-08-09,12:45:00,1.6,11.3,E,ESE
10243,2026-08-09,13:00:00,4.8,11.3,E,E
10244,2026-08-09,13:15:00,3.2,12.9,E,E
10245,2026-08-09,13:30:00,3.2,11.3,E,E
10246,2026-08-09,13:45:00,1.6,8.0,E,ENE
10247,2026-08-09,14:00:00,1.6,9.7,E,ESE
10248,2026-08-09,14:15:00,1.6,8.0,WSW,W
10249,2026-08-09,14:30:00,4.8,14.5,WSW,WSW
10250,2026-08-09,14:45:00,6.4,22.5,WSW,WNW
10251,2026-08-09,15:00:00,1.6,11.3,NNW,WSW
10252,2026-08-09,15:15:00,1.6,6.4,W,WSW
10253,2026-08-09,15:30:00,1.6,11.3,WNW,WNW
10254,2026-08-09,15:45:00,4.8,14.5,WSW,W
10255,2026-08-09,16:00:00,3.2,14.5,WSW,WNW
10256,2026-08-09,16:15:00,3.2,9.7,W,SW
10257,2026-08-09,16:30:00,1.6,6.4,NE,ESE
10258,2026-08-09,16:45:00,1.6,6.4,SSW,SSW
10259,2026-08-09,17:00:00,1.6,9.7,SW,SW
10260,2026-08-09,17:15:00,1.6,9.7,WSW,SSE
10261,2026-08-09,17:30:00,1.6,9.7,WSW,S
10262,2026-08-09,17:45:00,1.6,8.0,WSW,SSW
10263,2026-08-09,18:00:00,1.6,8.0,WSW,W
10264,2026-08-09,18:15:00,1.6,9.7,E,SE
10265,2026-08-09,18:30:00,0.0,4.8,E,ENE
10266,2026-08-09,18:45:00,1.6,8.0,E,E
10267,2026-08-09,19:00:00,0.0,1.6,SSW,SSW
10268,2026-08-09,19:15:00,0.0,1.6,E,SSW
10269,2026-08-09,19:30:00,0.0,0.0,,
10270,2026-08-09,19:45:00,0.0,0.0,,
10271,2026-08-09,20:00:00,0.0,0.0,,
10272,2026-08-09,20:15:00,0.0,0.0,,
10273,2026-08-09,20:30:00,0.0,0.0,,
10274,2026-08-09,20:45:00,0.0,0.0,,
10275,2026-08-09,21:00:00,0.0,0.0,,
10276,2026-08-09,21:15:00,0.0,1.6,W,NW
10277,2026-08-09,21:30:00,0.0,1.6,SW,SW
10278,2026-08-09,21:45:00,0.0,0.0,,
10279,2026-08-09,22:00:00,0.0,0.0,,
10280,2026-08-09,22:15:00,0.0,0.0,,
10281,2026-08-09,22:30:00,0.0,0.0,,
10282,2026-08-09,22:45:00,0.0,0.0,,
10283,2026-08-09,23:00:00,0.0,0.0,,
10284,2026-08-09,23:15:00,0.0,0.0,,
10285,2026-08-09,23:30:00,0.0,6.4,SSW,S
10286,2026-08-09,23:45:00,0.0,1.6,SW,SW
10287,2026-08-10,00:15:00,0.0,3.2,SW,SW
10288,2026-08-10,00:30:00,0.0,0.0,,
10289,2026-08-10,00:45:00,0.0,0.0,,
10290,2026-08-10,01:00:00,0.0,3.2,SW,SW
10291,2026-08-10,01:15:00,0.0,0.0,,
10292,2026-08-10,01:30:00,0.0,0.0,,
10293,2026-08-10,01:45:00,0.0,1.6,NNW,NNW
10294,2026-08-10,02:00:00,0.0,0.0,,
10295,2026-08-10,02:15:00,0.0,0.0,,
10296,2026-08-10,02:30:00,0.0,0.0,,
10297,2026-08-10,02:45:00,0.0,0.0,,
10298,2026-08-10,03:00:00,0.0,0.0,,
10299,2026-08-10,03:15:00,0.0,0.0,,
10300,2026-08-10,03:30:00,0.0,0.0,,
10301,2026-08-10,03:45:00,0.0,0.0,,
10302,2026-08-10,04:00:00,0.0,0.0,,
10303,2026-08-10,04:15:00,0.0,0.0,,
10304,2026-08-10,04:30:00,0.0,0.0,,
10305,2026-08-10,04:45:00,0.0,0.0,,
10306,2026-08-10,05:00:00,0.0,0.0,,
10307,2026-08-10,05:15:00,0.0,0.0,,
10308,2026-08-10,05:30:00,0.0,0.0,,
10309,2026-08-10,05:45:00,0.0,0.0,,
10310,2026-08-10,06:00:00,0.0,0.0,,
10311,2026-08-10,06:15:00,0.0,0.0,,
10312,2026-08-10,06:30:00,0.0,0.0,,
10313,2026-08-10,06:45:00,0.0,0.0,,
10314,2026-08-10,07:00:00,0.0,0.0,,
10315,2026-08-10,07:15:00,0.0,0.0,,
10316,2026-08-10,07:30:00,0.0,1.6,ENE,NE
10317,2026-08-10,07:45:00,0.0,6.4,NW,WNW
10318,2026-08-10,08:00:00,0.0,1.6,ENE,NW
10319,2026-08-10,08:15:00,0.0,3.2,NE,NE
10320,2026-08-10,08:30:00,0.0,3.2,ENE,N
10321,2026-08-10,08:45:00,0.0,6.4,ESE,WNW
10322,2026-08-10,09:00:00,0.0,6.4,E,E
10323,2026-08-10,09:15:00,0.0,4.8,W,E
10324,2026-08-10,09:30:00,0.0,8.0,NNW,NW
10325,2026-08-10,09:45:00,0.0,4.8,N,N
10326,2026-08-10,10:00:00,1.6,6.4,NW,SW
10327,2026-08-10,10:15:00,1.6,8.0,NNW,NNW
10328,2026-08-10,10:30:00,1.6,4.8,WSW,NNW
10329,2026-08-10,10:45:00,1.6,9.7,NW,NW
10330,2026-08-10,11:00:00,0.0,8.0,NNW,NW
10331,2026-08-10,11:15:00,0.0,11.3,W,NW
10332,2026-08-10,11:30:00,1.6,12.9,NNW,NNW
10333,2026-08-10,11:45:00,1.6,8.0,NNW,NNW
10334,2026-08-10,12:00:00,1.6,6.4,NNW,W
10335,2026-08-10,12:15:00,1.6,6.4,NNW,NNW
10336,2026-08-10,12:30:00,0.0,4.8,E,E
10337,2026-08-10,12:45:00,1.6,9.7,E,SSE
10338,2026-08-10,13:00:00,4.8,14.5,E,SE
10339,2026-08-10,13:15:00,3.2,12.9,E,ESE
10340,2026-08-10,13:30:00,3.2,8.0,E,E
10341,2026-08-10,13:45:00,1.6,9.7,E,ESE
10342,2026-08-10,14:00:00,1.6,8.0,E,E
10343,2026-08-10,14:15:00,3.2,9.7,E,SSE
10344,2026-08-10,14:30:00,1.6,8.0,E,E
10345,2026-08-10,14:45:00,1.6,8.0,E,ESE
10346,2026-08-10,15:00:00,1.6,6.4,E,E
10347,2026-08-10,15:15:00,0.0,3.2,E,E
10348,2026-08-10,15:30:00,3.2,11.3,W,NNW
10349,2026-08-10,15:45:00,4.8,14.5,WSW,SW
10350,2026-08-10,16:00:00,3.2,12.9,WSW,SW
10351,2026-08-10,16:15:00,1.6,11.3,W,SSE
10352,2026-08-10,16:30:00,1.6,16.1,SW,S
10353,2026-08-10,16:45:00,4.8,16.1,SW,SSE
10354,2026-08-10,17:00:00,3.2,11.3,SW,SSW
10355,2026-08-10,17:15:00,3.2,11.3,SW,S
10356,2026-08-10,17:30:00,3.2,11.3,WSW,SW
10357,2026-08-10,17:45:00,1.6,8.0,WSW,SW
10358,2026-08-10,18:00:00,1.6,11.3,SW,SSW
10359,2026-08-10,18:15:00,3.2,8.0,WSW,WSW
10360,2026-08-10,18:30:00,3.2,11.3,SW,S
10361,2026-08-10,18:45:00,1.6,6.4,SW,WSW
10362,2026-08-10,19:00:00,1.6,8.0,SW,SW
10363,2026-08-10,19:15:00,1.6,8.0,SW,SW
10364,2026-08-10,19:30:00,3.2,12.9,WSW,WSW
10365,2026-08-10,19:45:00,1.6,9.7,WSW,WNW
10366,2026-08-10,20:00:00,1.6,9.7,WSW,W
10367,2026-08-10,20:15:00,1.6,6.4,WSW,SSW
10368,2026-08-10,20:30:00,0.0,8.0,WSW,S
10369,2026-08-10,20:45:00,1.6,9.7,SW,SSW
10370,2026-08-10,21:00:00,0.0,9.7,S,S
10371,2026-08-10,21:15:00,0.0,3.2,W,S
10372,2026-08-10,21:30:00,0.0,4.8,SSE,S
10373,2026-08-10,21:45:00,0.0,1.6,N,N
10374,2026-08-10,22:00:00,0.0,6.4,SSW,S
10375,2026-08-10,22:15:00,0.0,6.4,SSW,SSW
10376,2026-08-10,22:30:00,1.6,8.0,WSW,SW
10377,2026-08-10,22:45:00,1.6,8.0,SW,S
10378,2026-08-10,23:00:00,1.6,9.7,WSW,WSW
10379,2026-08-10,23:15:00,1.6,9.7,W,S
10380,2026-08-10,23:30:00,0.0,6.4,SSW,SSW
10381,2026-08-10,23:45:00,0.0,6.4,WSW,WSW
10382,2026-08-12,00:15:00,0.0,0.0,,
10383,2026-08-12,00:30:00,0.0,0.0,,
10384,2026-08-12,00:45:00,0.0,0.0,,
10385,2026-08-12,01:00:00,0.0,0.0,,
10386,2026-08-12,01:15:00,0.0,0.0,,
10387,2026-08-12,01:30:00,0.0,0.0,,
10388,2026-08-12,01:45:00,0.0,0.0,,
10389,2026-08-12,02:00:00,0.0,0.0,,
10390,2026-08-12,02:15:00,0.0,0.0,,
10391,2026-08-12,02:30:00,0.0,0.0,,
10392,2026-08-12,02:45:00,0.0,0.0,,
10393,2026-08-12,03:00:00,0.0,0.0,,
10394,2026-08-12,03:15:00,0.0,0.0,,
10395,2026-08-12,03:30:00,0.0,0.0,,
10396,2026-08-12,03:45:00,0.0,0.0,,
10397,2026-08-12,04:00:00,0.0,0.0,,
10398,2026-08-12,04:15:00,0.0,0.0,,
10399,2026-08-12,04:30:00,0.0,0.0,,
10400,2026-08-12,04:45:00,0.0,0.0,,
10401,2026-08-12,05:00:00,0.0,0.0,,
10402,2026-08-12,05:15:00,0.0,1.6,W,NNW
10403,2026-08-12,05:30:00,0.0,0.0,,
10404,2026-08-12,05:45:00,0.0,0.0,,
10405,2026-08-12,06:00:00,0.0,0.0,,
10406,2026-08-12,06:15:00,0.0,0.0,,
10407,2026-08-12,06:30:00,0.0,0.0,,
10408,2026-08-12,06:45:00,0.0,0.0,,
10409,2026-08-12,07:00:00,0.0,0.0,,
10410,2026-08-12,07:15:00,0.0,0.0,,
10411,2026-08-12,07:30:00,0.0,0.0,,
10412,2026-08-12,07:45:00,0.0,1.6,NNW,NNW
10413,2026-08-12,08:00:00,0.0,1.6,NE,NE
10414,2026-08-12,08:15:00,0.0,0.0,,
10415,2026-08-12,08:30:00,0.0,0.0,,
10416,2026-08-12,08:45:00,0.0,3.2,E,E
10417,2026-08-12,09:00:00,0.0,4.8,E,E
10418,2026-08-12,09:15:00,0.0,6.4,NW,NW
10419,2026-08-12,09:30:00,0.0,4.8,E,E
10420,2026-08-12,09:45:00,1.6,6.4,NNW,NW
10421,2026-08-12,10:00:00,1.6,6.4,NW,NW
10422,2026-08-12,10:15:00,0.0,6.4,NNW,NW
10423,2026-08-12,10:30:00,0.0,3.2,ENE,ENE
10424,2026-08-12,10:45:00,1.6,6.4,E,E
10425,2026-08-12,11:00:00,0.0,4.8,ESE,ESE
10426,2026-08-12,11:15:00,0.0,6.4,NW,NE
10427,2026-08-12,11:30:00,1.6,9.7,E,E
10428,2026-08-12,11:45:00,1.6,6.4,E,ENE
10429,2026-08-12,12:00:00,1.6,6.4,E,W
10430,2026-08-12,12:15:00,1.6,6.4,WNW,SE
10431,2026-08-12,12:30:00,1.6,11.3,NW,NNW
10432,2026-08-12,12:45:00,1.6,8.0,E,E
10433,2026-08-12,13:00:00,1.6,6.4,E,E
10434,2026-08-12,13:15:00,1.6,9.7,ENE,WNW
10435,2026-08-12,13:30:00,1.6,8.0,NW,NNW
10436,2026-08-12,13:45:00,0.0,6.4,E,WNW
10437,2026-08-12,14:00:00,0.0,9.7,NNW,NW
10438,2026-08-12,14:15:00,0.0,6.4,WSW,WNW
10439,2026-08-12,14:30:00,1.6,9.7,WSW,WSW
10440,2026-08-12,14:45:00,0.0,6.4,W,W
10441,2026-08-12,15:00:00,0.0,4.8,E,NW
10442,2026-08-12,15:15:00,1.6,12.9,NNW,WSW
10443,2026-08-12,15:30:00,1.6,12.9,SW,WSW
10444,2026-08-12,15:45:00,1.6,11.3,NNW,WNW
10445,2026-08-12,16:00:00,1.6,4.8,NNW,WNW
10446,2026-08-12,16:15:00,0.0,4.8,ENE,ENE
10447,2026-08-12,16:30:00,0.0,3.2,ESE,ESE
10448,2026-08-12,16:45:00,0.0,4.8,E,ENE
10449,2026-08-12,17:00:00,1.6,4.8,NNW,SE
10450,2026-08-12,17:15:00,0.0,4.8,NNW,WNW
10451,2026-08-12,17:30:00,0.0,4.8,E,ESE
10452,2026-08-12,17:45:00,0.0,4.8,NNW,NW
10453,2026-08-12,18:00:00,1.6,9.7,NNW,NW
10454,2026-08-12,18:15:00,1.6,8.0,NNW,W
10455,2026-08-12,18:30:00,1.6,6.4,W,S
10456,2026-08-12,18:45:00,1.6,9.7,NW,WNW
10457,2026-08-12,19:00:00,0.0,6.4,NNW,W
10458,2026-08-12,19:15:00,1.6,16.1,NNW,NNW
10459,2026-08-12,19:30:00,3.2,14.5,NNW,N
10460,2026-08-12,19:45:00,3.2,11.3,NNW,WNW
10461,2026-08-12,20:00:00,0.0,6.4,E,SSE
10462,2026-08-12,20:15:00,0.0,8.0,NNW,W
10463,2026-08-12,20:30:00,0.0,8.0,E,NW
10464,2026-08-12,20:45:00,0.0,4.8,ENE,ENE
10465,2026-08-12,21:00:00,0.0,0.0,,
10466,2026-08-12,21:15:00,0.0,1.6,E,E
10467,2026-08-12,21:30:00,0.0,1.6,E,ENE
10468,2026-08-12,21:45:00,0.0,0.0,,
10469,2026-08-12,22:00:00,0.0,0.0,,
10470,2026-08-12,22:15:00,1.6,8.0,SW,SSW
10471,2026-08-12,22:30:00,1.6,8.0,SW,WSW
10472,2026-08-12,22:45:00,3.2,11.3,WSW,SSW
10473,2026-08-12,23:00:00,3.2,9.7,WSW,WSW
10474,2026-08-12,23:15:00,1.6,8.0,WSW,SW
10475,2026-08-12,23:30:00,1.6,8.0,W,WSW
10476,2026-08-12,23:45:00,1.6,6.4,WSW,SW
10477,2026-08-13,00:15:00,0.0,6.4,WSW,SW
10478,2026-08-13,00:30:00,0.0,6.4,SW,SW
10479,2026-08-13,00:45:00,0.0,1.6,SSW,SSW
10480,2026-08-13,01:00:00,0.0,0.0,,
10481,2026-08-13,01:15:00,0.0,0.0,,
10482,2026-08-13,01:30:00,0.0,0.0,,
10483,2026-08-13,01:45:00,0.0,0.0,,
10484,2026-08-13,02:00:00,0.0,0.0,,
10485,2026-08-13,02:15:00,0.0,0.0,,
10486,2026-08-13,02:30:00,0.0,0.0,,
10487,2026-08-13,02:45:00,0.0,0.0,,
10488,2026-08-13,03:00:00,0.0,0.0,,
10489,2026-08-13,03:15:00,0.0,0.0,,
10490,2026-08-13,03:30:00,0.0,0.0,,
10491,2026-08-13,03:45:00,0.0,0.0,,
10492,2026-08-13,04:00:00,0.0,0.0,,
10493,2026-08-13,04:15:00,0.0,0.0,,
10494,2026-08-13,04:30:00,0.0,0.0,,
10495,2026-08-13,04:45:00,0.0,0.0,,
10496,2026-08-13,05:00:00,0.0,0.0,,
10497,2026-08-13,05:15:00,0.0,0.0,,
10498,2026-08-13,05:30:00,0.0,0.0,,
10499,2026-08-13,05:45:00,0.0,0.0,,
10500,2026-08-13,06:00:00,0.0,0.0,,
10501,2026-08-13,06:15:00,0.0,0.0,,
10502,2026-08-13,06:30:00,0.0,0.0,,
10503,2026-08-13,06:45:00,0.0,0.0,,
10504,2026-08-13,07:00:00,0.0,0.0,,
10505,2026-08-13,07:15:00,0.0,0.0,,
10506,2026-08-13,07:30:00,0.0,0.0,,
10507,2026-08-13,07:45:00,0.0,0.0,,
10508,2026-08-13,08:00:00,0.0,0.0,,
10509,2026-08-13,08:15:00,0.0,0.0,,
10510,2026-08-13,08:30:00,0.0,0.0,,
10511,2026-08-13,08:45:00,0.0,1.6,N,ENE
10512,2026-08-13,09:00:00,0.0,1.6,ENE,ENE
10513,2026-08-13,09:15:00,1.6,6.4,E,E
10514,2026-08-13,09:30:00,0.0,4.8,E,E
10515,2026-08-13,09:45:00,0.0,4.8,E,E
10516,2026-08-13,10:00:00,0.0,3.2,ESE,ESE
10517,2026-08-13,10:15:00,0.0,3.2,ENE,SE
10518,2026-08-13,10:30:00,0.0,3.2,ESE,ESE
10519,2026-08-13,10:45:00,1.6,4.8,E,SW
10520,2026-08-13,11:00:00,1.6,4.8,ESE,ENE
10521,2026-08-13,11:15:00,0.0,6.4,NNW,WNW
10522,2026-08-13,11:30:00,1.6,9.7,NNW,WSW
10523,2026-08-13,11:45:00,0.0,8.0,N,WSW
10524,2026-08-13,12:00:00,1.6,8.0,NNW,NNW
10525,2026-08-13,12:15:00,1.6,8.0,NNW,NW
10526,2026-08-13,12:30:00,1.6,6.4,E,E
10527,2026-08-13,12:45:00,1.6,11.3,NW,W
10528,2026-08-13,13:00:00,1.6,9.7,NW,SW
10529,2026-08-13,13:15:00,1.6,6.4,ENE,NE
10530,2026-08-13,13:30:00,0.0,6.4,WSW,SW
10531,2026-08-13,13:45:00,0.0,4.8,NW,WNW
10532,2026-08-13,14:00:00,0.0,3.2,N,N
10533,2026-08-13,14:15:00,0.0,1.6,E,E
10534,2026-08-13,14:30:00,1.6,11.3,NNW,E
10535,2026-08-13,14:45:00,6.4,12.9,E,E
10536,2026-08-13,15:00:00,4.8,11.3,E,NE
10537,2026-08-13,15:15:00,3.2,9.7,E,E
10538,2026-08-13,15:30:00,3.2,14.5,E,ESE
10539,2026-08-13,15:45:00,1.6,8.0,E,ENE
10540,2026-08-13,16:00:00,1.6,8.0,NW,WNW
10541,2026-08-13,16:15:00,1.6,9.7,NNW,NW
10542,2026-08-13,16:30:00,0.0,9.7,E,WNW
10543,2026-08-13,16:45:00,6.4,19.3,NW,NNW
10544,2026-08-13,17:00:00,6.4,16.1,NW,WNW
10545,2026-08-13,17:15:00,4.8,19.3,W,WNW
10546,2026-08-13,17:30:00,4.8,17.7,WSW,W
10547,2026-08-13,17:45:00,6.4,19.3,WSW,WSW
10548,2026-08-13,18:00:00,4.8,14.5,WSW,WNW
10549,2026-08-13,18:15:00,1.6,9.7,SW,W
10550,2026-08-13,18:30:00,1.6,12.9,SSW,SSE
10551,2026-08-13,18:45:00,1.6,9.7,NE,S
10552,2026-08-13,19:00:00,0.0,8.0,W,S
10553,2026-08-13,19:15:00,0.0,4.8,S,WSW
10554,2026-08-13,19:30:00,0.0,3.2,ENE,NNE
10555,2026-08-13,19:45:00,0.0,4.8,E,E
10556,2026-08-13,20:00:00,1.6,8.0,E,E
10557,2026-08-13,20:15:00,0.0,1.6,E,E
10558,2026-08-13,20:30:00,0.0,1.6,ENE,ENE
10559,2026-08-13,20:45:00,0.0,3.2,E,E
10560,2026-08-13,21:00:00,0.0,1.6,E,E
10561,2026-08-13,21:15:00,0.0,1.6,SW,SSW
10562,2026-08-13,21:30:00,0.0,1.6,NW,NW
10563,2026-08-13,21:45:00,0.0,3.2,SW,SW
10564,2026-08-13,22:00:00,1.6,6.4,W,W
10565,2026-08-13,22:15:00,0.0,6.4,WSW,WSW
10566,2026-08-13,22:30:00,1.6,9.7,E,ESE
10567,2026-08-13,22:45:00,0.0,0.0,,
10568,2026-08-13,23:00:00,0.0,0.0,,
10569,2026-08-13,23:15:00,0.0,0.0,,
10570,2026-08-13,23:30:00,0.0,0.0,,
10571,2026-08-13,23:45:00,0.0,0.0,,
10572,2026-08-14,00:15:00,0.0,0.0,,
10573,2026-08-14,00:30:00,0.0,0.0,,
10574,2026-08-14,00:45:00,0.0,0.0,,
10575,2026-08-14,01:00:00,0.0,0.0,,
10576,2026-08-14,01:15:00,0.0,0.0,,
10577,2026-08-14,01:30:00,0.0,0.0,,
10578,2026-08-14,01:45:00,0.0,0.0,,
10579,2026-08-14,02:00:00,0.0,0.0,,
10580,2026-08-14,02:15:00,0.0,0.0,,
10581,2026-08-14,02:30:00,0.0,0.0,,
10582,2026-08-14,02:45:00,0.0,0.0,,
10583,2026-08-14,03:00:00,0.0,0.0,,
10584,2026-08-14,03:15:00,0.0,0.0,,
10585,2026-08-14,03:30:00,0.0,0.0,,
10586,2026-08-14,03:45:00,0.0,0.0,,
10587,2026-08-14,04:00:00,0.0,0.0,,
10588,2026-08-14,04:15:00,0.0,1.6,SE,NE
10589,2026-08-14,04:30:00,0.0,0.0,,
10590,2026-08-14,04:45:00,0.0,0.0,,
10591,2026-08-14,05:00:00,0.0,0.0,,
10592,2026-08-14,05:15:00,0.0,0.0,,
10593,2026-08-14,05:30:00,0.0,0.0,,
10594,2026-08-14,05:45:00,0.0,0.0,,
10595,2026-08-14,06:00:00,0.0,0.0,,
10596,2026-08-14,06:15:00,0.0,0.0,,
10597,2026-08-14,06:30:00,0.0,0.0,,
10598,2026-08-14,06:45:00,0.0,0.0,,
10599,2026-08-14,07:00:00,0.0,0.0,,
10600,2026-08-14,07:15:00,0.0,0.0,,
10601,2026-08-14,07:30:00,0.0,1.6,W,NW
10602,2026-08-14,07:45:00,0.0,3.2,W,WNW
10603,2026-08-14,08:00:00,0.0,3.2,W,WSW
10604,2026-08-14,08:15:00,0.0,1.6,WSW,NW
10605,2026-08-14,08:30:00,0.0,4.8,NW,SW
10606,2026-08-14,08:45:00,0.0,4.8,WSW,WSW
10607,2026-08-14,09:00:00,0.0,4.8,W,W
10608,2026-08-14,09:15:00,0.0,4.8,WSW,WSW
10609,2026-08-14,09:30:00,0.0,3.2,SW,SSW
10610,2026-08-14,09:45:00,0.0,4.8,NW,WSW
10611,2026-08-14,10:00:00,0.0,4.8,ENE,ENE
10612,2026-08-14,10:15:00,0.0,3.2,E,E
10613,2026-08-14,10:30:00,0.0,8.0,E,ESE
10614,2026-08-14,10:45:00,1.6,8.0,E,E
10615,2026-08-14,11:00:00,1.6,6.4,E,SSE
10616,2026-08-14,11:15:00,1.6,6.4,ESE,E
10617,2026-08-14,11:30:00,1.6,8.0,WSW,NW
10618,2026-08-14,11:45:00,1.6,6.4,WSW,WSW
10619,2026-08-14,12:00:00,1.6,9.7,NW,NW
10620,2026-08-14,12:15:00,1.6,11.3,NW,NW
10621,2026-08-14,12:30:00,0.0,3.2,SW,SW
10622,2026-08-14,12:45:00,1.6,8.0,E,E
10623,2026-08-14,13:00:00,1.6,8.0,ESE,ESE
10624,2026-08-14,13:15:00,1.6,8.0,WSW,SSW
10625,2026-08-14,13:30:00,3.2,8.0,WSW,SW
10626,2026-08-14,13:45:00,1.6,6.4,SW,SW
10627,2026-08-14,14:00:00,1.6,6.4,E,ENE
10628,2026-08-14,14:15:00,1.6,12.9,WSW,S
10629,2026-08-14,14:30:00,3.2,12.9,WSW,SSW
10630,2026-08-14,14:45:00,1.6,11.3,W,WNW
10631,2026-08-14,15:00:00,3.2,9.7,W,W
10632,2026-08-14,15:15:00,3.2,11.3,SW,NW
10633,2026-08-14,15:30:00,3.2,9.7,WSW,W
10634,2026-08-14,15:45:00,4.8,16.1,W,SSE
10635,2026-08-14,16:00:00,3.2,14.5,W,W
10636,2026-08-14,16:15:00,3.2,12.9,W,WSW
10637,2026-08-14,16:30:00,1.6,17.7,NW,WNW
10638,2026-08-14,16:45:00,1.6,8.0,NNW,SE
10639,2026-08-14,17:00:00,0.0,8.0,NNW,NNW
10640,2026-08-14,17:15:00,0.0,4.8,N,WNW
10641,2026-08-14,17:30:00,0.0,1.6,NNW,NNW
10642,2026-08-14,17:45:00,1.6,12.9,WSW,W
10643,2026-08-14,18:00:00,1.6,12.9,W,WNW
10644,2026-08-14,18:15:00,0.0,0.0,,
10645,2026-08-14,18:30:00,0.0,0.0,,
10646,2026-08-14,18:45:00,0.0,1.6,N,NE
10647,2026-08-14,19:00:00,0.0,1.6,W,W
10648,2026-08-14,19:15:00,0.0,4.8,ENE,W
10649,2026-08-14,19:30:00,1.6,9.7,SW,S
10650,2026-08-14,19:45:00,0.0,6.4,W,WNW
10651,2026-08-14,20:00:00,0.0,8.0,SW,WSW
10652,2026-08-14,20:15:00,0.0,6.4,W,WSW
10653,2026-08-14,20:30:00,0.0,6.4,SW,WSW
10654,2026-08-14,20:45:00,0.0,3.2,SW,W
10655,2026-08-14,21:00:00,0.0,0.0,,
10656,2026-08-14,21:15:00,0.0,0.0,,
10657,2026-08-14,21:30:00,0.0,1.6,WSW,WSW
10658,2026-08-14,21:45:00,0.0,3.2,SSW,SSW
10659,2026-08-14,22:00:00,0.0,6.4,SW,SW
10660,2026-08-14,22:15:00,1.6,6.4,SW,WSW
10661,2026-08-14,22:30:00,1.6,9.7,WSW,WSW
10662,2026-08-14,22:45:00,0.0,4.8,WSW,WNW
10663,2026-08-14,23:00:00,0.0,8.0,W,WSW
10664,2026-08-14,23:15:00,1.6,6.4,WSW,W
10665,2026-08-14,23:30:00,1.6,9.7,W,W
10666,2026-08-14,23:45:00,0.0,4.8,W,WSW
10667,2026-08-15,00:15:00,0.0,4.8,WSW,SSE
10668,2026-08-15,00:30:00,0.0,3.2,WSW,WNW
10669,2026-08-15,00:45:00,0.0,3.2,W,S
10670,2026-08-15,01:00:00,0.0,1.6,WNW,NW
10671,2026-08-15,01:15:00,0.0,1.6,WNW,WNW
10672,2026-08-15,01:30:00,0.0,3.2,NNE,NNE
10673,2026-08-15,01:45:00,0.0,1.6,W,W
10674,2026-08-15,02:00:00,0.0,0.0,,
10675,2026-08-15,02:15:00,0.0,0.0,,
10676,2026-08-15,02:30:00,0.0,4.8,W,W
10677,2026-08-15,02:45:00,0.0,0.0,,
10678,2026-08-15,03:00:00,0.0,0.0,,
10679,2026-08-15,03:15:00,0.0,0.0,,
10680,2026-08-15,03:30:00,0.0,0.0,,
10681,2026-08-15,03:45:00,0.0,0.0,,
10682,2026-08-15,04:00:00,0.0,0.0,,
10683,2026-08-15,04:15:00,0.0,0.0,,
10684,2026-08-15,04:30:00,0.0,0.0,,
10685,2026-08-15,04:45:00,0.0,0.0,,
10686,2026-08-15,05:00:00,0.0,0.0,,
10687,2026-08-15,05:15:00,0.0,0.0,,
10688,2026-08-15,05:30:00,0.0,0.0,,
10689,2026-08-15,05:45:00,0.0,0.0,,
10690,2026-08-15,06:00:00,0.0,0.0,,
10691,2026-08-15,06:15:00,0.0,0.0,,
10692,2026-08-15,06:30:00,0.0,0.0,,
10693,2026-08-15,06:45:00,0.0,0.0,,
10694,2026-08-15,07:00:00,0.0,0.0,,
10695,2026-08-15,07:15:00,0.0,0.0,,
10696,2026-08-15,07:30:00,0.0,0.0,,
10697,2026-08-15,07:45:00,0.0,0.0,,
10698,2026-08-15,08:00:00,0.0,0.0,,
10699,2026-08-15,08:15:00,0.0,1.6,NE,NE
10700,2026-08-15,08:30:00,0.0,0.0,,
10701,2026-08-15,08:45:00,0.0,0.0,,
10702,2026-08-15,09:00:00,0.0,0.0,,
10703,2026-08-15,09:15:00,0.0,1.6,WNW,WNW
10704,2026-08-15,09:30:00,0.0,1.6,WNW,WNW
10705,2026-08-15,09:45:00,0.0,4.8,W,W
10706,2026-08-15,10:00:00,0.0,6.4,WSW,WSW
10707,2026-08-15,10:15:00,1.6,9.7,SW,SSW
10708,2026-08-15,10:30:00,3.2,9.7,SW,NW
10709,2026-08-15,10:45:00,3.2,11.3,WSW,SW
10710,2026-08-15,11:00:00,1.6,11.3,WSW,WSW
10711,2026-08-15,11:15:00,1.6,9.7,SW,W
10712,2026-08-15,11:30:00,1.6,8.0,SW,S
10713,2026-08-15,11:45:00,3.2,12.9,WSW,SW
10714,2026-08-15,12:00:00,1.6,8.0,WSW,SW
10715,2026-08-15,12:15:00,3.2,11.3,WSW,SW
10716,2026-08-15,12:30:00,3.2,12.9,WSW,SSW
10717,2026-08-15,12:45:00,1.6,9.7,WSW,WSW
10718,2026-08-15,13:00:00,1.6,9.7,E,NW
10719,2026-08-15,13:15:00,1.6,8.0,E,SE
10720,2026-08-15,13:30:00,1.6,8.0,E,SSE
10721,2026-08-15,13:45:00,1.6,11.3,E,SE
10722,2026-08-15,14:00:00,1.6,8.0,S,WSW
10723,2026-08-15,14:15:00,1.6,8.0,W,WSW
10724,2026-08-15,14:30:00,1.6,6.4,E,E
10725,2026-08-15,14:45:00,1.6,9.7,ESE,WNW
10726,2026-08-15,15:00:00,3.2,11.3,WSW,WSW
10727,2026-08-15,15:15:00,1.6,8.0,WSW,WSW
10728,2026-08-15,15:30:00,1.6,9.7,W,SSE
10729,2026-08-15,15:45:00,1.6,9.7,NE,SW
10730,2026-08-15,16:00:00,3.2,12.9,WSW,E
10731,2026-08-15,16:15:00,3.2,12.9,WSW,W
10732,2026-08-15,16:30:00,3.2,12.9,WSW,W
10733,2026-08-15,16:45:00,1.6,6.4,W,WSW
10734,2026-08-15,17:00:00,3.2,12.9,WSW,NW
10735,2026-08-15,17:15:00,3.2,14.5,WSW,NNE
10736,2026-08-15,17:30:00,3.2,14.5,WSW,NNE
10737,2026-08-15,17:45:00,4.8,14.5,WSW,S
10738,2026-08-15,18:00:00,4.8,16.1,WSW,SSW
10739,2026-08-15,18:15:00,3.2,16.1,SSW,S
10740,2026-08-15,18:30:00,4.8,20.9,W,NNW
10741,2026-08-15,18:45:00,4.8,19.3,WSW,W
10742,2026-08-15,19:00:00,6.4,19.3,W,W
10743,2026-08-15,19:15:00,6.4,16.1,W,SSE
10744,2026-08-15,19:30:00,4.8,19.3,WSW,WSW
10745,2026-08-15,19:45:00,4.8,22.5,NNW,NNW
10746,2026-08-15,20:00:00,4.8,17.7,W,WSW
10747,2026-08-15,20:15:00,3.2,14.5,NW,WSW
10748,2026-08-15,20:30:00,3.2,14.5,WSW,WNW
10749,2026-08-15,20:45:00,3.2,14.5,NW,WNW
10750,2026-08-15,21:00:00,3.2,12.9,W,SW
10751,2026-08-15,21:15:00,1.6,9.7,W,SSE
10752,2026-08-15,21:30:00,3.2,14.5,W,WSW
10753,2026-08-15,21:45:00,3.2,12.9,W,W
10754,2026-08-15,22:00:00,3.2,8.0,WSW,WSW
10755,2026-08-15,22:15:00,1.6,9.7,W,SSW
10756,2026-08-15,22:30:00,0.0,6.4,W,SW
10757,2026-08-15,22:45:00,1.6,11.3,W,W
10758,2026-08-15,23:00:00,1.6,8.0,WSW,WNW
10759,2026-08-15,23:15:00,3.2,9.7,WSW,WSW
10760,2026-08-15,23:30:00,1.6,9.7,W,WNW
10761,2026-08-15,23:45:00,1.6,9.7,W,W
10762,2026-08-16,00:15:00,3.2,9.7,WSW,WSW
10763,2026-08-16,00:30:00,3.2,9.7,W,WSW
10764,2026-08-16,00:45:00,1.6,6.4,WSW,W
10765,2026-08-16,01:00:00,0.0,8.0,WSW,WSW
10766,2026-08-16,01:15:00,0.0,3.2,W,W
10767,2026-08-16,01:30:00,0.0,1.6,NW,NW
10768,2026-08-16,01:45:00,0.0,0.0,,
10769,2026-08-16,02:00:00,0.0,1.6,NW,NW
10770,2026-08-16,02:15:00,0.0,3.2,WNW,WNW
10771,2026-08-16,02:30:00,0.0,1.6,NNW,NNW
10772,2026-08-16,02:45:00,0.0,1.6,SE,SE
10773,2026-08-16,03:00:00,0.0,4.8,WSW,SW
10774,2026-08-16,03:15:00,0.0,4.8,SW,WSW
10775,2026-08-16,03:30:00,0.0,6.4,W,W
10776,2026-08-16,03:45:00,0.0,4.8,WSW,WSW
10777,2026-08-16,04:00:00,0.0,6.4,W,WNW
10778,2026-08-16,04:15:00,0.0,4.8,W,WSW
10779,2026-08-16,04:30:00,0.0,4.8,WSW,WSW
10780,2026-08-16,04:45:00,0.0,0.0,,
10781,2026-08-16,05:00:00,0.0,1.6,NNE,ENE
10782,2026-08-16,05:15:00,0.0,3.2,SW,SSW
10783,2026-08-16,05:30:00,0.0,0.0,,
10784,2026-08-16,05:45:00,0.0,0.0,,
10785,2026-08-16,06:00:00,0.0,0.0,,
10786,2026-08-16,06:15:00,0.0,3.2,W,SW
10787,2026-08-16,06:30:00,0.0,1.6,W,W
10788,2026-08-16,06:45:00,0.0,0.0,,
10789,2026-08-16,07:00:00,0.0,0.0,,
10790,2026-08-16,07:15:00,0.0,3.2,WSW,WSW
10791,2026-08-16,07:30:00,0.0,0.0,,
10792,2026-08-16,07:45:00,0.0,3.2,WNW,WNW
10793,2026-08-16,08:00:00,0.0,4.8,WSW,WNW
10794,2026-08-16,08:15:00,0.0,4.8,W,WNW
10795,2026-08-16,08:30:00,1.6,8.0,NNW,SSW
10796,2026-08-16,08:45:00,1.6,12.9,WSW,WSW
10797,2026-08-16,09:00:00,1.6,6.4,SW,SSW
10798,2026-08-16,09:15:00,1.6,8.0,WSW,SW
10799,2026-08-16,09:30:00,1.6,9.7,W,W
10800,2026-08-16,09:45:00,1.6,8.0,SW,WNW
10801,2026-08-16,10:00:00,1.6,11.3,WSW,WNW
10802,2026-08-16,10:15:00,1.6,9.7,WSW,NNW
10803,2026-08-16,10:30:00,1.6,6.4,ESE,NNW
10804,2026-08-16,10:45:00,1.6,8.0,NNW,NW
10805,2026-08-16,11:00:00,1.6,6.4,ENE,E
10806,2026-08-16,11:15:00,1.6,6.4,E,NW
10807,2026-08-16,11:30:00,1.6,9.7,NNW,E
10808,2026-08-16,11:45:00,1.6,8.0,E,E
10809,2026-08-16,12:00:00,1.6,9.7,W,WSW
10810,2026-08-16,12:15:00,1.6,9.7,ESE,S
10811,2026-08-16,12:30:00,1.6,9.7,NNW,W
10812,2026-08-16,12:45:00,1.6,12.9,E,ESE
10813,2026-08-16,13:00:00,1.6,8.0,E,WNW
10814,2026-08-16,13:15:00,1.6,8.0,NNW,WNW
10815,2026-08-16,13:30:00,1.6,11.3,NNW,NNW
10816,2026-08-16,13:45:00,1.6,6.4,NNW,WNW
10817,2026-08-16,14:00:00,1.6,11.3,NNW,SSW
10818,2026-08-16,14:15:00,1.6,11.3,NNW,W
10819,2026-08-16,14:30:00,0.0,4.8,W,WSW
10820,2026-08-16,14:45:00,0.0,6.4,NNW,NW
10821,2026-08-16,15:00:00,0.0,8.0,NNW,WNW
10822,2026-08-16,15:15:00,1.6,9.7,NNW,NNE
10823,2026-08-16,15:30:00,0.0,9.7,W,SSW
10824,2026-08-16,15:45:00,1.6,9.7,WNW,NNE
10825,2026-08-16,16:00:00,3.2,17.7,WSW,W
10826,2026-08-16,16:15:00,3.2,11.3,WSW,SW
10827,2026-08-16,16:30:00,1.6,8.0,W,NW
10828,2026-08-16,16:45:00,1.6,17.7,NW,SW
10829,2026-08-16,17:00:00,0.0,4.8,SW,W
10830,2026-08-16,17:15:00,0.0,4.8,SW,SSW
10831,2026-08-16,17:30:00,0.0,3.2,NNW,NW
10832,2026-08-16,17:45:00,0.0,3.2,NW,NW
10833,2026-08-16,18:00:00,0.0,3.2,NE,NE
10834,2026-08-16,18:15:00,0.0,4.8,NE,NNE
10835,2026-08-16,18:30:00,1.6,12.9,WSW,WNW
10836,2026-08-16,18:45:00,1.6,8.0,W,W
10837,2026-08-16,19:00:00,1.6,12.9,NW,WNW
10838,2026-08-16,19:15:00,0.0,6.4,NNW,NW
10839,2026-08-16,19:30:00,1.6,12.9,NNW,ESE
10840,2026-08-16,19:45:00,0.0,4.8,SW,WNW
10841,2026-08-16,20:00:00,1.6,9.7,WSW,SW
10842,2026-08-16,20:15:00,0.0,3.2,W,W
10843,2026-08-16,20:30:00,0.0,0.0,,
10844,2026-08-16,20:45:00,0.0,0.0,,
10845,2026-08-16,21:00:00,0.0,0.0,,
10846,2026-08-16,21:15:00,0.0,0.0,,
10847,2026-08-16,21:30:00,0.0,0.0,,
10848,2026-08-16,21:45:00,0.0,0.0,,
10849,2026-08-16,22:00:00,0.0,0.0,,
10850,2026-08-16,22:15:00,0.0,1.6,ENE,ENE
10851,2026-08-16,22:30:00,0.0,0.0,,
10852,2026-08-16,22:45:00,0.0,0.0,,
10853,2026-08-16,23:00:00,0.0,0.0,,
10854,2026-08-16,23:15:00,0.0,0.0,,
10855,2026-08-16,23:30:00,0.0,0.0,,
10856,2026-08-16,23:45:00,0.0,0.0,,
10857,2026-08-17,00:15:00,0.0,0.0,,
10858,2026-08-17,00:30:00,0.0,1.6,S,SSE
10859,2026-08-17,00:45:00,0.0,1.6,SW,SSW
10860,2026-08-17,01:00:00,0.0,0.0,,
10861,2026-08-17,01:15:00,0.0,1.6,WSW,SW
10862,2026-08-17,01:30:00,0.0,3.2,W,WSW
10863,2026-08-17,01:45:00,0.0,0.0,,
10864,2026-08-17,02:00:00,0.0,4.8,W,SW
10865,2026-08-17,02:15:00,1.6,6.4,W,W
10866,2026-08-17,02:30:00,0.0,1.6,NNW,NNW
10867,2026-08-17,02:45:00,0.0,1.6,W,W
10868,2026-08-17,03:00:00,0.0,3.2,WSW,WSW
10869,2026-08-17,03:15:00,0.0,0.0,,
10870,2026-08-17,03:30:00,0.0,0.0,,
10871,2026-08-17,03:45:00,0.0,0.0,,
10872,2026-08-17,04:00:00,0.0,1.6,WSW,WSW
10873,2026-08-17,04:15:00,0.0,1.6,SE,WNW
10874,2026-08-17,04:30:00,0.0,3.2,W,SW
10875,2026-08-17,04:45:00,0.0,4.8,S,SW
10876,2026-08-17,05:00:00,0.0,4.8,SSW,SSW
10877,2026-08-17,05:15:00,0.0,4.8,SW,S
10878,2026-08-17,05:30:00,0.0,4.8,S,S
10879,2026-08-17,05:45:00,0.0,3.2,SSW,SSW
10880,2026-08-17,06:00:00,0.0,1.6,SW,S
10881,2026-08-17,06:15:00,0.0,3.2,WSW,W
10882,2026-08-17,06:30:00,0.0,3.2,SW,WSW
10883,2026-08-17,06:45:00,0.0,4.8,W,WSW
10884,2026-08-17,07:00:00,0.0,1.6,WSW,W
10885,2026-08-17,07:15:00,0.0,0.0,,
10886,2026-08-17,07:30:00,0.0,3.2,SSW,SSW
10887,2026-08-17,07:45:00,0.0,4.8,WSW,SSW
10888,2026-08-17,08:00:00,0.0,3.2,SW,SW
10889,2026-08-17,08:15:00,0.0,6.4,WSW,WSW
10890,2026-08-17,08:30:00,0.0,4.8,WSW,SSE
10891,2026-08-17,08:45:00,0.0,4.8,E,WNW
10892,2026-08-17,09:00:00,1.6,9.7,NE,W
10893,2026-08-17,09:15:00,1.6,4.8,W,W
10894,2026-08-17,09:30:00,1.6,4.8,ENE,E
10895,2026-08-17,09:45:00,1.6,4.8,WSW,WNW
10896,2026-08-17,10:00:00,0.0,4.8,WSW,N
10897,2026-08-17,10:15:00,0.0,4.8,W,SW
10898,2026-08-17,10:30:00,1.6,9.7,WSW,SW
10899,2026-08-17,10:45:00,1.6,9.7,WSW,WNW
10900,2026-08-17,11:00:00,0.0,8.0,NNW,NNW
10901,2026-08-17,11:15:00,1.6,8.0,NW,WNW
10902,2026-08-17,11:30:00,1.6,6.4,E,SW
10903,2026-08-17,11:45:00,0.0,4.8,ENE,SW
10904,2026-08-17,12:00:00,1.6,8.0,ESE,E
10905,2026-08-17,12:15:00,1.6,6.4,E,SSW
10906,2026-08-17,12:30:00,1.6,9.7,NW,NW
10907,2026-08-17,12:45:00,1.6,9.7,E,E
10908,2026-08-17,13:00:00,1.6,11.3,NNW,NW
10909,2026-08-17,13:15:00,1.6,9.7,NNW,NNW
10910,2026-08-17,13:30:00,1.6,11.3,NW,WNW
10911,2026-08-17,13:45:00,3.2,14.5,NW,W
10912,2026-08-17,14:00:00,3.2,12.9,NW,NW
10913,2026-08-17,14:15:00,1.6,6.4,ESE,NW
10914,2026-08-17,14:30:00,1.6,9.7,W,WSW
10915,2026-08-17,14:45:00,1.6,11.3,WSW,SSW
10916,2026-08-17,15:00:00,3.2,12.9,E,SSE
10917,2026-08-17,15:15:00,3.2,17.7,NNW,WNW
10918,2026-08-17,15:30:00,3.2,19.3,W,SW
10919,2026-08-17,15:45:00,3.2,17.7,NNW,S
10920,2026-08-17,16:00:00,3.2,12.9,WSW,W
10921,2026-08-17,16:15:00,1.6,12.9,NW,S
10922,2026-08-17,16:30:00,1.6,12.9,WSW,NNW
10923,2026-08-17,16:45:00,3.2,16.1,W,W
10924,2026-08-17,17:00:00,3.2,14.5,NW,SSW
10925,2026-08-17,17:15:00,3.2,14.5,NNW,NNW
10926,2026-08-17,17:30:00,3.2,16.1,NNW,WSW
10927,2026-08-17,17:45:00,3.2,14.5,NNW,W
10928,2026-08-17,18:00:00,4.8,17.7,W,W
10929,2026-08-17,18:15:00,3.2,14.5,NW,WNW
10930,2026-08-17,18:30:00,1.6,12.9,NNW,N
10931,2026-08-17,18:45:00,1.6,14.5,NNW,WSW
10932,2026-08-17,19:00:00,3.2,14.5,W,NW
10933,2026-08-17,19:15:00,1.6,11.3,NNW,WNW
10934,2026-08-17,19:30:00,3.2,16.1,WSW,W
10935,2026-08-17,19:45:00,0.0,6.4,W,WNW
10936,2026-08-17,20:00:00,0.0,4.8,WSW,SSW
10937,2026-08-17,20:15:00,0.0,6.4,WSW,S
10938,2026-08-17,20:30:00,0.0,6.4,W,S
10939,2026-08-17,20:45:00,1.6,9.7,WSW,WNW
10940,2026-08-17,21:00:00,1.6,8.0,SW,S
10941,2026-08-17,21:15:00,1.6,14.5,WSW,S
10942,2026-08-17,21:30:00,0.0,8.0,WSW,S
10943,2026-08-17,21:45:00,1.6,8.0,SW,SW
10944,2026-08-17,22:00:00,1.6,8.0,WSW,SSE
10945,2026-08-17,22:15:00,3.2,12.9,SW,SSW
10946,2026-08-17,22:30:00,1.6,8.0,WSW,SW
10947,2026-08-17,22:45:00,1.6,9.7,SSW,WSW
10948,2026-08-17,23:00:00,1.6,8.0,WSW,SSW
10949,2026-08-17,23:15:00,1.6,9.7,SSW,SSW
10950,2026-08-17,23:30:00,1.6,6.4,SW,WSW
10951,2026-08-17,23:45:00,1.6,11.3,SW,SSE
10952,2026-08-18,00:15:00,3.2,11.3,WSW,W
10953,2026-08-18,00:30:00,3.2,11.3,SW,S
10954,2026-08-18,00:45:00,3.2,12.9,SW,SSE
10955,2026-08-18,01:00:00,3.2,11.3,WSW,WSW
10956,2026-08-18,01:15:00,1.6,11.3,WSW,SSW
10957,2026-08-18,01:30:00,0.0,4.8,SW,WSW
10958,2026-08-18,01:45:00,0.0,4.8,WSW,WSW
10959,2026-08-18,02:00:00,1.6,6.4,WSW,SSW
10960,2026-08-18,02:15:00,0.0,4.8,WSW,SW
10961,2026-08-18,02:30:00,1.6,8.0,WSW,SSE
10962,2026-08-18,02:45:00,0.0,4.8,SSW,SSW
10963,2026-08-18,03:00:00,0.0,1.6,NNW,NNW
10964,2026-08-18,03:15:00,0.0,1.6,W,W
10965,2026-08-18,03:30:00,0.0,0.0,,
10966,2026-08-18,03:45:00,0.0,0.0,,
10967,2026-08-18,04:00:00,0.0,0.0,,
10968,2026-08-18,04:15:00,0.0,0.0,,
10969,2026-08-18,04:30:00,0.0,0.0,,
10970,2026-08-18,04:45:00,0.0,0.0,,
10971,2026-08-18,05:00:00,0.0,0.0,,
10972,2026-08-18,05:15:00,0.0,0.0,,
10973,2026-08-18,05:30:00,0.0,0.0,,
10974,2026-08-18,05:45:00,0.0,0.0,,
10975,2026-08-18,06:00:00,0.0,0.0,,
10976,2026-08-18,06:15:00,0.0,0.0,,
10977,2026-08-18,06:30:00,0.0,0.0,,
10978,2026-08-18,06:45:00,0.0,0.0,,
10979,2026-08-18,07:00:00,0.0,0.0,,
10980,2026-08-18,07:15:00,0.0,0.0,,
10981,2026-08-18,07:30:00,0.0,0.0,,
10982,2026-08-18,07:45:00,0.0,0.0,,
10983,2026-08-18,08:00:00,0.0,1.6,WNW,WNW
10984,2026-08-18,08:15:00,0.0,0.0,,
10985,2026-08-18,08:30:00,0.0,0.0,,
10986,2026-08-18,08:45:00,0.0,4.8,NNW,NNW
10987,2026-08-18,09:00:00,0.0,3.2,NE,ENE
10988,2026-08-18,09:15:00,0.0,4.8,E,E
10989,2026-08-18,09:30:00,1.6,4.8,E,ESE
10990,2026-08-18,09:45:00,1.6,4.8,E,E
10991,2026-08-18,10:00:00,1.6,6.4,WSW,W
10992,2026-08-18,10:15:00,0.0,4.8,NNW,WSW
10993,2026-08-18,10:30:00,1.6,8.0,W,S
10994,2026-08-18,10:45:00,1.6,6.4,WSW,W
10995,2026-08-18,11:00:00,1.6,6.4,S,SSW
10996,2026-08-18,11:15:00,0.0,6.4,NNW,N
10997,2026-08-18,11:30:00,0.0,6.4,NNW,NW
10998,2026-08-18,11:45:00,1.6,9.7,W,WNW
10999,2026-08-18,12:00:00,1.6,9.7,E,E
11000,2026-08-18,12:15:00,3.2,12.9,E,E
11001,2026-08-18,12:30:00,1.6,8.0,E,ESE
11002,2026-08-18,12:45:00,3.2,11.3,E,WNW
11003,2026-08-18,13:00:00,1.6,9.7,E,E
11004,2026-08-18,13:15:00,1.6,11.3,W,WNW
11005,2026-08-18,13:30:00,1.6,9.7,NW,WNW
11006,2026-08-18,13:45:00,1.6,9.7,WNW,ENE
11007,2026-08-18,14:00:00,3.2,19.3,E,E
11008,2026-08-18,14:15:00,1.6,9.7,NNW,NW
11009,2026-08-18,14:30:00,1.6,9.7,E,ESE
11010,2026-08-18,14:45:00,0.0,3.2,NNW,W
11011,2026-08-18,15:00:00,0.0,4.8,E,ENE
11012,2026-08-18,15:15:00,1.6,11.3,NW,WNW
11013,2026-08-18,15:30:00,0.0,6.4,ENE,ENE
11014,2026-08-18,15:45:00,0.0,4.8,E,E
11015,2026-08-18,16:00:00,0.0,6.4,E,WNW
11016,2026-08-18,16:15:00,1.6,8.0,NNW,W
11017,2026-08-18,16:30:00,3.2,9.7,W,W
11018,2026-08-18,16:45:00,0.0,3.2,NW,NW
11019,2026-08-18,17:00:00,1.6,8.0,WSW,SSW
11020,2026-08-18,17:15:00,1.6,8.0,WSW,W
11021,2026-08-18,17:30:00,3.2,11.3,W,WSW
11022,2026-08-18,17:45:00,0.0,3.2,W,WSW
11023,2026-08-18,18:00:00,4.8,16.1,NNW,NW
11024,2026-08-18,18:15:00,3.2,20.9,NNW,WNW
11025,2026-08-18,18:30:00,4.8,22.5,NW,W
11026,2026-08-18,18:45:00,4.8,22.5,NW,WSW
11027,2026-08-18,19:00:00,4.8,17.7,W,NW
11028,2026-08-18,19:15:00,1.6,9.7,W,NW
11029,2026-08-18,19:30:00,3.2,12.9,WSW,NW
11030,2026-08-18,19:45:00,1.6,11.3,SW,WSW
11031,2026-08-18,20:00:00,1.6,8.0,WSW,SW
11032,2026-08-18,20:15:00,1.6,9.7,WSW,W
11033,2026-08-18,20:30:00,0.0,3.2,W,NW
11034,2026-08-18,20:45:00,0.0,6.4,W,WSW
11035,2026-08-18,21:00:00,0.0,1.6,NW,NW
11036,2026-08-18,21:15:00,3.2,14.5,W,W
11037,2026-08-18,21:30:00,3.2,12.9,WSW,WSW
11038,2026-08-18,21:45:00,1.6,8.0,WSW,W
11039,2026-08-18,22:00:00,0.0,4.8,W,WSW
11040,2026-08-18,22:15:00,0.0,3.2,W,W
11041,2026-08-18,22:30:00,0.0,1.6,SW,SW
11042,2026-08-18,22:45:00,0.0,1.6,N,E
11043,2026-08-18,23:00:00,0.0,1.6,ENE,ENE
11044,2026-08-18,23:15:00,0.0,0.0,,
11045,2026-08-18,23:30:00,0.0,0.0,,
11046,2026-08-18,23:45:00,0.0,0.0,,
11047,2026-08-19,00:15:00,0.0,0.0,,
11048,2026-08-19,00:30:00,0.0,0.0,,
11049,2026-08-19,00:45:00,0.0,0.0,,
11050,2026-08-19,01:00:00,0.0,0.0,,
11051,2026-08-19,01:15:00,0.0,0.0,,
11052,2026-08-19,01:30:00,0.0,0.0,,
11053,2026-08-19,01:45:00,0.0,0.0,,
11054,2026-08-19,02:00:00,0.0,0.0,,
11055,2026-08-19,02:15:00,0.0,0.0,,
11056,2026-08-19,02:30:00,0.0,0.0,,
11057,2026-08-19,02:45:00,0.0,0.0,,
11058,2026-08-19,03:00:00,0.0,0.0,,
11059,2026-08-19,03:15:00,0.0,0.0,,
11060,2026-08-19,03:30:00,0.0,0.0,,
11061,2026-08-19,03:45:00,0.0,0.0,,
11062,2026-08-19,04:00:00,0.0,0.0,,
11063,2026-08-19,04:15:00,0.0,0.0,,
11064,2026-08-19,04:30:00,0.0,0.0,,
11065,2026-08-19,04:45:00,0.0,0.0,,
11066,2026-08-19,05:00:00,0.0,1.6,ENE,ENE
11067,2026-08-19,05:15:00,0.0,0.0,,
11068,2026-08-19,05:30:00,0.0,0.0,,
11069,2026-08-19,05:45:00,0.0,0.0,,
11070,2026-08-19,06:00:00,0.0,1.6,NE,NE
11071,2026-08-19,06:15:00,0.0,1.6,S,NNE
11072,2026-08-19,06:30:00,0.0,4.8,SW,SW
11073,2026-08-19,06:45:00,0.0,1.6,NNE,NNE
11074,2026-08-19,07:00:00,0.0,1.6,NW,NNW
11075,2026-08-19,07:15:00,0.0,3.2,W,WSW
11076,2026-08-19,07:30:00,0.0,4.8,SW,SW
11077,2026-08-19,07:45:00,0.0,3.2,SW,WSW
11078,2026-08-19,08:00:00,0.0,4.8,WNW,SSW
11079,2026-08-19,08:15:00,0.0,4.8,W,ENE
11080,2026-08-19,08:30:00,0.0,8.0,W,SSW
11081,2026-08-19,08:45:00,0.0,4.8,NE,S
11082,2026-08-19,09:00:00,1.6,11.3,SW,WSW
11083,2026-08-19,09:15:00,1.6,11.3,WSW,SW
11084,2026-08-19,09:30:00,3.2,19.3,SW,WNW
11085,2026-08-19,09:45:00,1.6,19.3,W,W
11086,2026-08-19,10:00:00,1.6,8.0,WSW,NNW
11087,2026-08-19,10:15:00,3.2,14.5,W,W
11088,2026-08-19,10:30:00,3.2,14.5,WSW,WSW
11089,2026-08-19,10:45:00,1.6,14.5,WSW,NW
11090,2026-08-19,11:00:00,1.6,9.7,W,WSW
11091,2026-08-19,11:15:00,1.6,17.7,E,ENE
11092,2026-08-19,11:30:00,0.0,6.4,NNW,W
11093,2026-08-19,11:45:00,0.0,8.0,NNW,SW
11094,2026-08-19,12:00:00,1.6,6.4,ENE,E
11095,2026-08-19,12:15:00,1.6,8.0,NW,NNW
11096,2026-08-19,12:30:00,1.6,9.7,E,WNW
11097,2026-08-19,12:45:00,1.6,12.9,NNW,W
11098,2026-08-19,13:00:00,1.6,9.7,SW,WNW
11099,2026-08-19,13:15:00,0.0,6.4,NNW,SE
11100,2026-08-19,13:30:00,1.6,9.7,W,ENE
11101,2026-08-19,13:45:00,1.6,12.9,NNW,NW
11102,2026-08-19,14:00:00,1.6,9.7,WSW,WSW
11103,2026-08-19,14:15:00,0.0,6.4,W,SW
11104,2026-08-19,14:30:00,3.2,9.7,W,WSW
11105,2026-08-19,14:45:00,1.6,11.3,WSW,WSW
11106,2026-08-19,15:00:00,3.2,11.3,WSW,SE
11107,2026-08-19,15:15:00,1.6,9.7,SW,SW
11108,2026-08-19,15:30:00,3.2,16.1,SW,S
11109,2026-08-19,15:45:00,0.0,4.8,SW,SSW
11110,2026-08-19,16:00:00,1.6,9.7,E,E
11111,2026-08-19,16:15:00,3.2,16.1,E,E
11112,2026-08-19,16:30:00,0.0,4.8,WSW,W
11113,2026-08-19,16:45:00,0.0,4.8,SW,S
11114,2026-08-19,17:00:00,0.0,3.2,WSW,SE
11115,2026-08-19,17:15:00,0.0,1.6,NW,NW
11116,2026-08-19,17:30:00,0.0,6.4,SW,SW
11117,2026-08-19,17:45:00,1.6,6.4,W,S
11118,2026-08-19,18:00:00,1.6,8.0,WSW,WSW
11119,2026-08-19,18:15:00,0.0,4.8,W,WNW
11120,2026-08-19,18:30:00,0.0,4.8,W,SW
11121,2026-08-19,18:45:00,0.0,1.6,ENE,ENE
11122,2026-08-19,19:00:00,0.0,1.6,ENE,ENE
11123,2026-08-19,19:15:00,1.6,6.4,E,ESE
11124,2026-08-19,19:30:00,1.6,8.0,E,E
11125,2026-08-19,19:45:00,0.0,6.4,E,SE
11126,2026-08-19,20:00:00,0.0,0.0,,
11127,2026-08-19,20:15:00,0.0,0.0,,
11128,2026-08-19,20:30:00,0.0,1.6,SE,SE
11129,2026-08-19,20:45:00,0.0,1.6,SSW,SSW
11130,2026-08-19,21:00:00,0.0,4.8,W,W
11131,2026-08-19,21:15:00,0.0,0.0,,
11132,2026-08-19,21:30:00,0.0,3.2,WSW,SW
11133,2026-08-19,21:45:00,0.0,0.0,,
11134,2026-08-19,22:00:00,0.0,3.2,WNW,WSW
11135,2026-08-19,22:15:00,0.0,1.6,W,WNW
11136,2026-08-19,22:30:00,0.0,3.2,WNW,W
11137,2026-08-19,22:45:00,0.0,0.0,,
11138,2026-08-19,23:00:00,0.0,3.2,WSW,SW
11139,2026-08-19,23:15:00,0.0,3.2,WSW,WSW
11140,2026-08-19,23:30:00,0.0,0.0,,
11141,2026-08-19,23:45:00,0.0,0.0,,
11142,2026-08-20,00:15:00,0.0,0.0,,
11143,2026-08-20,00:30:00,0.0,0.0,,
11144,2026-08-20,00:45:00,0.0,0.0,,
11145,2026-08-20,01:00:00,0.0,0.0,,
11146,2026-08-20,01:15:00,0.0,0.0,,
11147,2026-08-20,01:30:00,0.0,0.0,,
11148,2026-08-20,01:45:00,0.0,0.0,,
11149,2026-08-20,02:00:00,0.0,0.0,,
11150,2026-08-20,02:15:00,0.0,0.0,,
11151,2026-08-20,02:30:00,0.0,0.0,,
11152,2026-08-20,02:45:00,0.0,0.0,,
11153,2026-08-20,03:00:00,0.0,0.0,,
11154,2026-08-20,03:15:00,0.0,0.0,,
11155,2026-08-20,03:30:00,0.0,0.0,,
11156,2026-08-20,03:45:00,0.0,0.0,,
11157,2026-08-20,04:00:00,0.0,0.0,,
11158,2026-08-20,04:15:00,0.0,0.0,,
11159,2026-08-20,04:30:00,0.0,0.0,,
11160,2026-08-20,04:45:00,0.0,0.0,,
11161,2026-08-20,05:00:00,0.0,0.0,,
11162,2026-08-20,05:15:00,0.0,0.0,,
11163,2026-08-20,05:30:00,0.0,0.0,,
11164,2026-08-20,05:45:00,0.0,0.0,,
11165,2026-08-20,06:00:00,0.0,0.0,,
11166,2026-08-20,06:15:00,0.0,0.0,,
11167,2026-08-20,06:30:00,0.0,0.0,,
11168,2026-08-20,06:45:00,0.0,0.0,,
11169,2026-08-20,07:00:00,0.0,0.0,,
11170,2026-08-20,07:15:00,0.0,0.0,,
11171,2026-08-20,07:30:00,0.0,0.0,,
11172,2026-08-20,07:45:00,0.0,0.0,,
11173,2026-08-20,08:00:00,0.0,0.0,,
11174,2026-08-20,08:15:00,0.0,0.0,,
11175,2026-08-20,08:30:00,0.0,0.0,,
11176,2026-08-20,08:45:00,0.0,0.0,,
11177,2026-08-20,09:00:00,0.0,3.2,WNW,WSW
11178,2026-08-20,09:15:00,0.0,3.2,ENE,ENE
11179,2026-08-20,09:30:00,0.0,3.2,WSW,SW
11180,2026-08-20,09:45:00,0.0,6.4,WSW,WSW
11181,2026-08-20,10:00:00,0.0,8.0,W,SSW
11182,2026-08-20,10:15:00,0.0,3.2,NE,NE
11183,2026-08-20,10:30:00,0.0,3.2,WNW,WNW
11184,2026-08-20,10:45:00,0.0,1.6,NNW,WNW
11185,2026-08-20,11:00:00,0.0,6.4,SSW,SSW
11186,2026-08-20,11:15:00,0.0,3.2,SW,SW
11187,2026-08-20,11:30:00,0.0,0.0,,
11188,2026-08-20,11:45:00,0.0,8.0,WSW,WSW
11189,2026-08-20,12:00:00,0.0,4.8,E,E
11190,2026-08-20,12:15:00,1.6,11.3,W,SW
11191,2026-08-20,12:30:00,0.0,11.3,SW,SSW
11192,2026-08-20,12:45:00,1.6,9.7,E,S
11193,2026-08-20,13:00:00,1.6,9.7,WSW,SW
11194,2026-08-20,13:15:00,1.6,4.8,W,SW
11195,2026-08-20,13:30:00,0.0,4.8,ESE,ESE
11196,2026-08-20,13:45:00,0.0,6.4,W,SSW
11197,2026-08-20,14:00:00,1.6,11.3,SW,SW
11198,2026-08-20,14:15:00,0.0,3.2,NW,NW
11199,2026-08-20,14:30:00,0.0,9.7,ENE,SSE
11200,2026-08-20,14:45:00,0.0,4.8,W,W
11201,2026-08-20,15:00:00,0.0,4.8,E,E
11202,2026-08-20,15:15:00,0.0,6.4,E,E
11203,2026-08-20,15:30:00,0.0,4.8,E,ENE
11204,2026-08-20,15:45:00,0.0,8.0,WNW,WNW
11205,2026-08-20,16:00:00,0.0,1.6,W,W
11206,2026-08-20,16:15:00,3.2,14.5,NNW,WSW
11207,2026-08-20,16:30:00,4.8,14.5,W,SW
11208,2026-08-20,16:45:00,6.4,22.5,W,SW
11209,2026-08-20,17:00:00,3.2,16.1,W,SSE
11210,2026-08-20,17:15:00,1.6,12.9,W,SW
11211,2026-08-20,17:30:00,1.6,9.7,E,E
11212,2026-08-20,17:45:00,0.0,0.0,,
11213,2026-08-20,18:00:00,0.0,1.6,SSE,N
11214,2026-08-20,18:15:00,0.0,6.4,SSW,S
11215,2026-08-20,18:30:00,0.0,6.4,SW,SW
11216,2026-08-20,18:45:00,0.0,4.8,S,S
11217,2026-08-20,19:00:00,0.0,3.2,NE,NE
11218,2026-08-20,19:15:00,0.0,0.0,,
11219,2026-08-20,19:30:00,0.0,1.6,WSW,NNE
11220,2026-08-20,19:45:00,0.0,3.2,SW,SW
11221,2026-08-20,20:00:00,0.0,3.2,NNE,NE
11222,2026-08-20,20:15:00,0.0,1.6,NW,NW
11223,2026-08-20,20:30:00,0.0,4.8,SSW,S
11224,2026-08-20,20:45:00,0.0,3.2,SW,SW
11225,2026-08-20,21:00:00,0.0,3.2,WSW,WSW
11226,2026-08-20,21:15:00,0.0,3.2,WSW,SSW
11227,2026-08-20,21:30:00,0.0,3.2,SW,SW
11228,2026-08-20,21:45:00,0.0,1.6,NNE,NNE
11229,2026-08-20,22:00:00,0.0,1.6,SSW,SSW
11230,2026-08-20,22:15:00,0.0,4.8,SW,SSW
11231,2026-08-20,22:30:00,0.0,3.2,SSW,SSW
11232,2026-08-20,22:45:00,0.0,6.4,SW,WSW
11233,2026-08-20,23:00:00,0.0,4.8,SW,S
11234,2026-08-20,23:15:00,0.0,6.4,SW,S
11235,2026-08-20,23:30:00,0.0,3.2,SW,WSW
11236,2026-08-20,23:45:00,0.0,4.8,SW,WSW
11237,2026-08-21,00:15:00,0.0,6.4,WSW,S
11238,2026-08-21,00:30:00,1.6,6.4,WSW,SW
11239,2026-08-21,00:45:00,1.6,9.7,SW,S
11240,2026-08-21,01:00:00,1.6,9.7,WSW,S
11241,2026-08-21,01:15:00,1.6,6.4,W,W
11242,2026-08-21,01:30:00,0.0,8.0,WSW,W
11243,2026-08-21,01:45:00,0.0,1.6,WSW,WSW
11244,2026-08-21,02:00:00,0.0,0.0,,
11245,2026-08-21,02:15:00,0.0,1.6,WSW,WNW
11246,2026-08-21,02:30:00,0.0,3.2,N,SW
11247,2026-08-21,02:45:00,0.0,4.8,SSW,S
11248,2026-08-21,03:00:00,0.0,6.4,WSW,WSW
11249,2026-08-21,03:15:00,0.0,3.2,SW,SW
11250,2026-08-21,03:30:00,0.0,1.6,WSW,SSW
11251,2026-08-21,03:45:00,0.0,3.2,W,W
11252,2026-08-21,04:00:00,0.0,4.8,SSW,SSE
11253,2026-08-21,04:15:00,0.0,6.4,SW,SW
11254,2026-08-21,04:30:00,0.0,1.6,NNE,NNE
11255,2026-08-21,04:45:00,0.0,0.0,,
11256,2026-08-21,05:00:00,0.0,1.6,NE,NE
11257,2026-08-21,05:15:00,0.0,1.6,SSW,SSW
11258,2026-08-21,05:30:00,0.0,4.8,SW,SW
11259,2026-08-21,05:45:00,1.6,8.0,SW,WSW
11260,2026-08-21,06:00:00,1.6,6.4,SW,S
11261,2026-08-21,06:15:00,0.0,1.6,SW,SW
11262,2026-08-21,06:30:00,0.0,3.2,SW,SW
11263,2026-08-21,06:45:00,0.0,4.8,SW,S
11264,2026-08-21,07:00:00,0.0,4.8,WSW,WSW
11265,2026-08-21,07:15:00,1.6,6.4,SSW,S
11266,2026-08-21,07:30:00,1.6,6.4,WSW,WSW
11267,2026-08-21,07:45:00,0.0,3.2,WSW,SW
11268,2026-08-21,08:00:00,0.0,3.2,W,WSW
11269,2026-08-21,08:15:00,0.0,6.4,SW,S
11270,2026-08-21,08:30:00,0.0,4.8,WSW,WSW
11271,2026-08-21,08:45:00,0.0,4.8,WSW,WSW
11272,2026-08-21,09:00:00,1.6,6.4,W,WSW
11273,2026-08-21,09:15:00,0.0,4.8,W,WNW
11274,2026-08-21,09:30:00,0.0,1.6,SW,NE
11275,2026-08-21,09:45:00,0.0,1.6,SW,SW
11276,2026-08-21,10:00:00,0.0,3.2,NNW,NNW
11277,2026-08-21,10:15:00,0.0,1.6,E,E
11278,2026-08-21,10:30:00,0.0,3.2,E,ENE
11279,2026-08-21,10:45:00,1.6,8.0,W,WSW
11280,2026-08-21,11:00:00,1.6,8.0,WSW,SSW
11281,2026-08-21,11:15:00,0.0,6.4,W,W
11282,2026-08-21,11:30:00,0.0,3.2,ESE,ESE
11283,2026-08-21,11:45:00,0.0,6.4,E,SW
11284,2026-08-21,12:00:00,1.6,8.0,W,SW
11285,2026-08-21,12:15:00,1.6,12.9,WSW,SSW
11286,2026-08-21,12:30:00,1.6,12.9,WSW,SSW
11287,2026-08-21,12:45:00,1.6,8.0,N,SSW
11288,2026-08-21,13:00:00,1.6,9.7,WSW,S
11289,2026-08-21,13:15:00,0.0,6.4,E,WSW
11290,2026-08-21,13:30:00,1.6,8.0,W,SW
11291,2026-08-21,13:45:00,1.6,8.0,W,N
11292,2026-08-21,14:00:00,1.6,9.7,W,W
11293,2026-08-21,14:15:00,1.6,11.3,WSW,SW
11294,2026-08-21,14:30:00,1.6,9.7,NNW,SW
11295,2026-08-21,14:45:00,1.6,9.7,E,WNW
11296,2026-08-21,15:00:00,1.6,11.3,SSW,SW
11297,2026-08-21,15:15:00,1.6,11.3,W,E
11298,2026-08-21,15:30:00,0.0,1.6,E,E
11299,2026-08-21,15:45:00,0.0,1.6,NNW,NNW
11300,2026-08-21,16:00:00,0.0,3.2,E,ENE
11301,2026-08-21,16:15:00,1.6,4.8,E,E
11302,2026-08-21,16:30:00,3.2,8.0,E,E
11303,2026-08-21,16:45:00,3.2,17.7,E,E
11304,2026-08-21,17:00:00,1.6,17.7,E,ENE
11305,2026-08-21,17:15:00,1.6,6.4,E,SSE
11306,2026-08-21,17:30:00,1.6,8.0,E,ESE
11307,2026-08-21,17:45:00,0.0,4.8,E,E
11308,2026-08-21,18:00:00,0.0,4.8,ENE,S
11309,2026-08-21,18:15:00,0.0,3.2,NE,WSW
11310,2026-08-21,18:30:00,0.0,6.4,W,W
11311,2026-08-21,18:45:00,0.0,6.4,WSW,WSW
11312,2026-08-21,19:00:00,1.6,9.7,WSW,W
11313,2026-08-21,19:15:00,3.2,14.5,WSW,WSW
11314,2026-08-21,19:30:00,1.6,16.1,W,WNW
11315,2026-08-21,19:45:00,0.0,4.8,W,WSW
11316,2026-08-21,20:00:00,0.0,4.8,SW,SSW
11317,2026-08-21,20:15:00,0.0,6.4,SSW,SW
11318,2026-08-21,20:30:00,1.6,6.4,NNE,NE
11319,2026-08-21,20:45:00,1.6,6.4,SW,SSW
11320,2026-08-21,21:00:00,0.0,6.4,WSW,SW
11321,2026-08-21,21:15:00,0.0,8.0,SW,S
11322,2026-08-21,21:30:00,0.0,8.0,WSW,SSW
11323,2026-08-21,21:45:00,0.0,4.8,ENE,NE
11324,2026-08-21,22:00:00,0.0,1.6,SW,SSE
11325,2026-08-21,22:15:00,0.0,3.2,SW,SW
11326,2026-08-21,22:30:00,0.0,1.6,SW,SW
11327,2026-08-21,22:45:00,0.0,4.8,SW,SSW
11328,2026-08-21,23:00:00,0.0,0.0,,
11329,2026-08-21,23:15:00,0.0,1.6,S,S
11330,2026-08-21,23:30:00,0.0,0.0,,
11331,2026-08-21,23:45:00,0.0,0.0,,
11332,2026-08-22,00:15:00,0.0,0.0,,
11333,2026-08-22,00:30:00,0.0,0.0,,
11334,2026-08-22,00:45:00,0.0,1.6,SW,WSW
11335,2026-08-22,01:00:00,0.0,0.0,,
11336,2026-08-22,01:15:00,0.0,0.0,,
11337,2026-08-22,01:30:00,0.0,0.0,,
11338,2026-08-22,01:45:00,0.0,0.0,,
11339,2026-08-22,02:00:00,0.0,0.0,,
11340,2026-08-22,02:15:00,0.0,0.0,,
11341,2026-08-22,02:30:00,0.0,0.0,,
11342,2026-08-22,02:45:00,0.0,0.0,,
11343,2026-08-22,03:00:00,0.0,0.0,,
11344,2026-08-22,03:15:00,0.0,0.0,,
11345,2026-08-22,03:30:00,0.0,0.0,,
11346,2026-08-22,03:45:00,0.0,0.0,,
11347,2026-08-22,04:00:00,0.0,0.0,,
11348,2026-08-22,04:15:00,0.0,0.0,,
11349,2026-08-22,04:30:00,0.0,0.0,,
11350,2026-08-22,04:45:00,0.0,0.0,,
11351,2026-08-22,05:00:00,0.0,0.0,,
11352,2026-08-22,05:15:00,0.0,0.0,,
11353,2026-08-22,05:30:00,0.0,0.0,,
11354,2026-08-22,05:45:00,0.0,0.0,,
11355,2026-08-22,06:00:00,0.0,0.0,,
11356,2026-08-22,06:15:00,0.0,0.0,,
11357,2026-08-22,06:30:00,0.0,0.0,,
11358,2026-08-22,06:45:00,0.0,0.0,,
11359,2026-08-22,07:00:00,0.0,0.0,,
11360,2026-08-22,07:15:00,0.0,0.0,,
11361,2026-08-22,07:30:00,0.0,0.0,,
11362,2026-08-22,07:45:00,0.0,0.0,,
11363,2026-08-22,08:00:00,0.0,4.8,SW,WSW
11364,2026-08-22,08:15:00,0.0,3.2,WSW,W
11365,2026-08-22,08:30:00,0.0,6.4,WSW,WSW
11366,2026-08-22,08:45:00,0.0,4.8,S,S
11367,2026-08-22,09:00:00,0.0,1.6,ENE,NE
11368,2026-08-22,09:15:00,0.0,4.8,E,ENE
11369,2026-08-22,09:30:00,0.0,6.4,WSW,SSW
11370,2026-08-22,09:45:00,0.0,4.8,W,WNW
11371,2026-08-22,10:00:00,0.0,4.8,WSW,SW
11372,2026-08-22,10:15:00,0.0,4.8,E,NNW
11373,2026-08-22,10:30:00,0.0,4.8,ENE,ESE
11374,2026-08-22,10:45:00,0.0,3.2,ENE,ENE
11375,2026-08-22,11:00:00,0.0,4.8,WNW,WNW
11376,2026-08-22,11:15:00,0.0,3.2,ENE,ENE
11377,2026-08-22,11:30:00,0.0,3.2,WNW,WNW
11378,2026-08-22,11:45:00,0.0,3.2,NNW,NE
11379,2026-08-22,12:00:00,1.6,8.0,NNW,NW
11380,2026-08-22,12:15:00,0.0,6.4,NNW,NW
11381,2026-08-22,12:30:00,1.6,8.0,NNW,NW
11382,2026-08-22,12:45:00,1.6,8.0,W,W
11383,2026-08-22,13:00:00,1.6,8.0,SW,NW
11384,2026-08-22,13:15:00,0.0,4.8,NNW,WSW
11385,2026-08-22,13:30:00,0.0,4.8,WSW,WSW
11386,2026-08-22,13:45:00,0.0,4.8,ENE,E
11387,2026-08-22,14:00:00,0.0,3.2,E,E
11388,2026-08-22,14:15:00,0.0,6.4,ENE,ENE
11389,2026-08-22,14:30:00,0.0,3.2,NNW,WSW
11390,2026-08-22,14:45:00,0.0,1.6,E,N
11391,2026-08-22,15:00:00,4.8,16.1,E,SE
11392,2026-08-22,15:15:00,4.8,14.5,E,ENE
11393,2026-08-22,15:30:00,3.2,11.3,E,E
11394,2026-08-22,15:45:00,4.8,12.9,E,ESE
11395,2026-08-22,16:00:00,3.2,8.0,E,SE
11396,2026-08-22,16:15:00,0.0,4.8,W,SW
11397,2026-08-22,16:30:00,0.0,4.8,E,E
11398,2026-08-22,16:45:00,1.6,8.0,E,ESE
11399,2026-08-22,17:00:00,0.0,4.8,NNE,WNW
11400,2026-08-22,17:15:00,0.0,4.8,E,NE
11401,2026-08-22,17:30:00,0.0,3.2,ENE,ENE
11402,2026-08-22,17:45:00,1.6,6.4,NW,W
11403,2026-08-22,18:00:00,1.6,9.7,W,WNW
11404,2026-08-22,18:15:00,1.6,8.0,W,WNW
11405,2026-08-22,18:30:00,1.6,6.4,W,WSW
11406,2026-08-22,18:45:00,1.6,9.7,W,NW
11407,2026-08-22,19:00:00,1.6,8.0,WSW,W
11408,2026-08-22,19:15:00,1.6,8.0,W,WNW
11409,2026-08-22,19:30:00,3.2,11.3,WSW,NW
11410,2026-08-22,19:45:00,1.6,11.3,W,WNW
11411,2026-08-22,20:00:00,1.6,8.0,SW,SW
11412,2026-08-22,20:15:00,0.0,1.6,WSW,NNE
11413,2026-08-22,20:30:00,0.0,0.0,,
11414,2026-08-22,20:45:00,0.0,0.0,,
11415,2026-08-22,21:00:00,0.0,0.0,,
11416,2026-08-22,21:15:00,0.0,0.0,,
11417,2026-08-22,21:30:00,0.0,0.0,,
11418,2026-08-22,21:45:00,0.0,0.0,,
11419,2026-08-22,22:00:00,0.0,0.0,,
11420,2026-08-22,22:15:00,0.0,0.0,,
11421,2026-08-22,22:30:00,0.0,0.0,,
11422,2026-08-22,22:45:00,0.0,0.0,,
11423,2026-08-22,23:00:00,0.0,1.6,WSW,WSW
11424,2026-08-22,23:15:00,0.0,0.0,,
11425,2026-08-22,23:30:00,0.0,0.0,,
11426,2026-08-22,23:45:00,0.0,0.0,,
11427,2026-08-23,00:15:00,0.0,0.0,,
11428,2026-08-23,00:30:00,0.0,0.0,,
11429,2026-08-23,00:45:00,0.0,0.0,,
11430,2026-08-23,01:00:00,0.0,0.0,,
11431,2026-08-23,01:15:00,0.0,0.0,,
11432,2026-08-23,01:30:00,0.0,0.0,,
11433,2026-08-23,01:45:00,0.0,0.0,,
11434,2026-08-23,02:00:00,0.0,0.0,,
11435,2026-08-23,02:15:00,0.0,0.0,,
11436,2026-08-23,02:30:00,0.0,0.0,,
11437,2026-08-23,02:45:00,0.0,0.0,,
11438,2026-08-23,03:00:00,0.0,0.0,,
11439,2026-08-23,03:15:00,0.0,0.0,,
11440,2026-08-23,03:30:00,0.0,0.0,,
11441,2026-08-23,03:45:00,0.0,0.0,,
11442,2026-08-23,04:00:00,0.0,0.0,,
11443,2026-08-23,04:15:00,0.0,0.0,,
11444,2026-08-23,04:30:00,0.0,0.0,,
11445,2026-08-23,04:45:00,0.0,0.0,,
11446,2026-08-23,05:00:00,0.0,0.0,,
11447,2026-08-23,05:15:00,0.0,0.0,,
11448,2026-08-23,05:30:00,0.0,0.0,,
11449,2026-08-23,05:45:00,0.0,0.0,,
11450,2026-08-23,06:00:00,0.0,0.0,,
11451,2026-08-23,06:15:00,0.0,0.0,,
11452,2026-08-23,06:30:00,0.0,0.0,,
11453,2026-08-23,06:45:00,0.0,0.0,,
11454,2026-08-23,07:00:00,0.0,0.0,,
11455,2026-08-23,07:15:00,0.0,0.0,,
11456,2026-08-23,07:30:00,0.0,0.0,,
11457,2026-08-23,07:45:00,0.0,0.0,,
11458,2026-08-23,08:00:00,0.0,0.0,,
11459,2026-08-23,08:15:00,0.0,1.6,W,W
11460,2026-08-23,08:30:00,0.0,0.0,,
11461,2026-08-23,08:45:00,0.0,1.6,W,W
11462,2026-08-23,09:00:00,0.0,1.6,ENE,ENE
11463,2026-08-23,09:15:00,0.0,3.2,ENE,ENE
11464,2026-08-23,09:30:00,0.0,1.6,ENE,ENE
11465,2026-08-23,09:45:00,0.0,1.6,ENE,ENE
11466,2026-08-23,10:00:00,0.0,4.8,E,E
11467,2026-08-23,10:15:00,0.0,6.4,W,WNW
11468,2026-08-23,10:30:00,0.0,6.4,W,W
11469,2026-08-23,10:45:00,0.0,4.8,N,SW
11470,2026-08-23,11:00:00,0.0,3.2,W,WSW
11471,2026-08-23,11:15:00,1.6,6.4,W,NNW
11472,2026-08-23,11:30:00,1.6,6.4,W,WNW
11473,2026-08-23,11:45:00,1.6,8.0,W,SW
11474,2026-08-23,12:00:00,0.0,8.0,WSW,SSW
11475,2026-08-23,12:15:00,1.6,6.4,WNW,SSW
11476,2026-08-23,12:30:00,0.0,4.8,ENE,ENE
11477,2026-08-23,12:45:00,0.0,4.8,ENE,ENE
11478,2026-08-23,13:00:00,0.0,3.2,E,ENE
11479,2026-08-23,13:15:00,0.0,3.2,ENE,SSE
11480,2026-08-23,13:30:00,0.0,4.8,E,E
11481,2026-08-23,13:45:00,0.0,4.8,ENE,ENE
11482,2026-08-23,14:00:00,0.0,4.8,N,E
11483,2026-08-23,14:15:00,0.0,3.2,NW,NNW
11484,2026-08-23,14:30:00,0.0,3.2,NNW,NNW
11485,2026-08-23,14:45:00,0.0,3.2,NNW,W
11486,2026-08-23,15:00:00,1.6,9.7,W,W
11487,2026-08-23,15:15:00,0.0,4.8,W,W
11488,2026-08-23,15:30:00,0.0,3.2,W,W
11489,2026-08-23,15:45:00,1.6,9.7,W,W
11490,2026-08-23,16:00:00,1.6,11.3,NNW,SW
11491,2026-08-23,16:15:00,4.8,16.1,W,W
11492,2026-08-23,16:30:00,4.8,14.5,W,SW
11493,2026-08-23,16:45:00,8.0,19.3,W,W
11494,2026-08-23,17:00:00,4.8,19.3,W,WSW
11495,2026-08-23,17:15:00,3.2,12.9,W,NNW
11496,2026-08-23,17:30:00,1.6,12.9,WSW,WSW
11497,2026-08-23,17:45:00,1.6,6.4,W,WNW
11498,2026-08-23,18:00:00,3.2,12.9,WSW,S
11499,2026-08-23,18:15:00,3.2,11.3,W,WNW
11500,2026-08-23,18:30:00,3.2,9.7,W,WSW
11501,2026-08-23,18:45:00,4.8,14.5,W,WNW
11502,2026-08-23,19:00:00,3.2,16.1,W,W
11503,2026-08-23,19:15:00,3.2,11.3,W,WNW
11504,2026-08-23,19:30:00,1.6,11.3,WSW,S
11505,2026-08-23,19:45:00,3.2,14.5,WSW,SW
11506,2026-08-23,20:00:00,1.6,11.3,SW,S
11507,2026-08-23,20:15:00,1.6,11.3,WSW,SSE
11508,2026-08-23,20:30:00,1.6,11.3,SW,SSE
11509,2026-08-23,20:45:00,0.0,1.6,W,N
11510,2026-08-23,21:00:00,0.0,1.6,E,NNW
11511,2026-08-23,21:15:00,0.0,1.6,SW,N
11512,2026-08-23,21:30:00,0.0,4.8,W,WSW
11513,2026-08-23,21:45:00,0.0,3.2,W,WSW
11514,2026-08-23,22:00:00,0.0,3.2,W,WSW
11515,2026-08-23,22:15:00,0.0,3.2,W,SSW
11516,2026-08-23,22:30:00,0.0,1.6,NNW,N
11517,2026-08-23,22:45:00,0.0,0.0,,
11518,2026-08-23,23:00:00,0.0,1.6,SW,NW
11519,2026-08-23,23:15:00,0.0,1.6,SW,SW
11520,2026-08-23,23:30:00,0.0,1.6,SSW,ENE
11521,2026-08-23,23:45:00,0.0,6.4,SW,S
11522,2026-08-24,00:15:00,1.6,11.3,SSW,W
11523,2026-08-24,00:30:00,1.6,8.0,WSW,NW
11524,2026-08-24,00:45:00,1.6,8.0,WSW,W
11525,2026-08-24,01:00:00,1.6,6.4,W,WNW
11526,2026-08-24,01:15:00,3.2,11.3,WSW,NW
11527,2026-08-24,01:30:00,0.0,8.0,SW,S
11528,2026-08-24,01:45:00,0.0,6.4,SW,SW
11529,2026-08-24,02:00:00,0.0,3.2,WSW,WSW
11530,2026-08-24,02:15:00,0.0,4.8,W,WSW
11531,2026-08-24,02:30:00,0.0,1.6,NE,NE
11532,2026-08-24,02:45:00,0.0,3.2,NE,SW
11533,2026-08-24,03:00:00,0.0,1.6,WSW,W
11534,2026-08-24,03:15:00,0.0,3.2,ENE,ENE
11535,2026-08-24,03:30:00,0.0,6.4,WSW,S
11536,2026-08-24,03:45:00,1.6,4.8,SSW,SSW
11537,2026-08-24,04:00:00,0.0,3.2,WSW,WSW
11538,2026-08-24,04:15:00,0.0,4.8,SSW,SSW
11539,2026-08-24,04:30:00,1.6,6.4,SW,SW
11540,2026-08-24,04:45:00,0.0,3.2,SSW,W
11541,2026-08-24,05:00:00,0.0,3.2,SW,SW
11542,2026-08-24,05:15:00,0.0,1.6,SSW,SSW
11543,2026-08-24,05:30:00,0.0,1.6,WSW,SSW
11544,2026-08-24,05:45:00,0.0,3.2,SW,SW
11545,2026-08-24,06:00:00,0.0,0.0,,
11546,2026-08-24,06:15:00,0.0,3.2,SSW,SSW
11547,2026-08-24,06:30:00,0.0,0.0,,
11548,2026-08-24,06:45:00,0.0,1.6,SW,SW
11549,2026-08-24,07:00:00,0.0,0.0,,
11550,2026-08-24,07:15:00,0.0,1.6,NNW,NNW
11551,2026-08-24,07:30:00,0.0,1.6,NNW,NNW
11552,2026-08-24,07:45:00,0.0,1.6,NNW,NNW
11553,2026-08-24,08:00:00,0.0,0.0,,
11554,2026-08-24,08:15:00,0.0,0.0,,
11555,2026-08-24,08:30:00,0.0,0.0,,
11556,2026-08-24,08:45:00,0.0,0.0,,
11557,2026-08-24,09:00:00,0.0,0.0,,
11558,2026-08-24,09:15:00,0.0,3.2,W,W
11559,2026-08-24,09:30:00,0.0,0.0,,
11560,2026-08-24,09:45:00,0.0,0.0,,
11561,2026-08-24,10:00:00,0.0,0.0,,
11562,2026-08-24,10:15:00,0.0,1.6,N,N
11563,2026-08-24,10:30:00,0.0,1.6,ENE,ENE
11564,2026-08-24,10:45:00,0.0,1.6,ENE,ENE
11565,2026-08-24,11:00:00,0.0,0.0,,
11566,2026-08-24,11:15:00,0.0,0.0,,
11567,2026-08-24,11:30:00,0.0,3.2,NNW,NNW
11568,2026-08-24,11:45:00,0.0,1.6,NE,NE
11569,2026-08-24,12:00:00,0.0,1.6,ENE,NE
11570,2026-08-24,12:15:00,0.0,0.0,,
11571,2026-08-24,12:30:00,0.0,1.6,N,E
11572,2026-08-24,12:45:00,0.0,3.2,NNW,NNW
11573,2026-08-24,13:00:00,0.0,3.2,SE,SE
11574,2026-08-24,13:15:00,0.0,6.4,NW,NW
11575,2026-08-24,13:30:00,1.6,6.4,E,E
11576,2026-08-24,13:45:00,1.6,6.4,E,E
11577,2026-08-24,14:00:00,1.6,8.0,E,WNW
11578,2026-08-24,14:15:00,0.0,6.4,E,E
11579,2026-08-24,14:30:00,0.0,4.8,ESE,ENE
11580,2026-08-24,14:45:00,0.0,4.8,NW,NW
11581,2026-08-24,15:00:00,1.6,4.8,NNW,WNW
11582,2026-08-24,15:15:00,0.0,3.2,E,NNW
11583,2026-08-24,15:30:00,0.0,9.7,NNW,NW
11584,2026-08-24,15:45:00,0.0,4.8,NNW,NW
11585,2026-08-24,16:00:00,0.0,6.4,ESE,ENE
11586,2026-08-24,16:15:00,0.0,3.2,E,SE
11587,2026-08-24,16:30:00,0.0,3.2,NNE,E
11588,2026-08-24,16:45:00,0.0,0.0,,
11589,2026-08-24,17:00:00,0.0,3.2,WNW,NNW
11590,2026-08-24,17:15:00,0.0,1.6,NW,WNW
11591,2026-08-24,17:30:00,0.0,4.8,N,W
11592,2026-08-24,17:45:00,0.0,0.0,,
11593,2026-08-24,18:00:00,0.0,1.6,E,N
11594,2026-08-24,18:15:00,0.0,0.0,,
11595,2026-08-24,18:30:00,0.0,0.0,,
11596,2026-08-24,18:45:00,0.0,0.0,,
11597,2026-08-24,19:00:00,0.0,1.6,ENE,ENE
11598,2026-08-24,19:15:00,0.0,1.6,ENE,ESE
11599,2026-08-24,19:30:00,0.0,1.6,ENE,ENE
11600,2026-08-24,19:45:00,0.0,1.6,NW,E
11601,2026-08-24,20:00:00,0.0,0.0,,
11602,2026-08-24,20:15:00,0.0,0.0,,
11603,2026-08-24,20:30:00,0.0,1.6,SW,SSW
11604,2026-08-24,20:45:00,0.0,3.2,W,W
11605,2026-08-24,21:00:00,0.0,0.0,,
11606,2026-08-24,21:15:00,0.0,1.6,W,W
11607,2026-08-24,21:30:00,0.0,3.2,WNW,WSW
11608,2026-08-24,21:45:00,0.0,0.0,,
11609,2026-08-24,22:00:00,0.0,0.0,,
11610,2026-08-24,22:15:00,0.0,0.0,,
11611,2026-08-24,22:30:00,0.0,0.0,,
11612,2026-08-24,22:45:00,0.0,0.0,,
11613,2026-08-24,23:00:00,0.0,1.6,WSW,WSW
11614,2026-08-24,23:15:00,0.0,0.0,,
11615,2026-08-24,23:30:00,0.0,1.6,WSW,WSW
11616,2026-08-24,23:45:00,0.0,1.6,NE,NNE
11617,2026-08-25,00:15:00,0.0,6.4,SW,NNE
11618,2026-08-25,00:30:00,0.0,3.2,SW,SW
11619,2026-08-25,00:45:00,0.0,1.6,WSW,SW
11620,2026-08-25,01:00:00,0.0,0.0,,
11621,2026-08-25,01:15:00,0.0,1.6,SW,SW
11622,2026-08-25,01:30:00,0.0,1.6,NW,NW
11623,2026-08-25,01:45:00,0.0,1.6,N,N
11624,2026-08-25,02:00:00,0.0,0.0,,
11625,2026-08-25,02:15:00,0.0,0.0,,
11626,2026-08-25,02:30:00,0.0,1.6,NW,NW
11627,2026-08-25,02:45:00,0.0,0.0,,
11628,2026-08-25,03:00:00,0.0,0.0,,
11629,2026-08-25,03:15:00,0.0,0.0,,
11630,2026-08-25,03:30:00,0.0,0.0,,
11631,2026-08-25,03:45:00,0.0,0.0,,
11632,2026-08-25,04:00:00,0.0,0.0,,
11633,2026-08-25,04:15:00,0.0,1.6,NNE,NE
11634,2026-08-25,04:30:00,0.0,0.0,,
11635,2026-08-25,04:45:00,0.0,0.0,,
11636,2026-08-25,05:00:00,0.0,0.0,,
11637,2026-08-25,05:15:00,0.0,0.0,,
11638,2026-08-25,05:30:00,0.0,1.6,N,N
11639,2026-08-25,05:45:00,0.0,1.6,WNW,WNW
11640,2026-08-25,06:00:00,0.0,0.0,,
11641,2026-08-25,06:15:00,0.0,1.6,NNW,NNW
11642,2026-08-25,06:30:00,0.0,0.0,,
11643,2026-08-25,06:45:00,0.0,0.0,,
11644,2026-08-25,07:00:00,0.0,0.0,,
11645,2026-08-25,07:15:00,0.0,1.6,W,NNW
11646,2026-08-25,07:30:00,0.0,3.2,WSW,WSW
11647,2026-08-25,07:45:00,0.0,1.6,WNW,WNW
11648,2026-08-25,08:00:00,0.0,0.0,,
11649,2026-08-25,08:15:00,0.0,0.0,,
11650,2026-08-25,08:30:00,0.0,0.0,,
11651,2026-08-25,08:45:00,0.0,0.0,,
11652,2026-08-25,09:00:00,0.0,0.0,,
11653,2026-08-25,09:15:00,0.0,0.0,,
11654,2026-08-25,09:30:00,0.0,0.0,,
11655,2026-08-25,09:45:00,0.0,0.0,,
11656,2026-08-25,10:00:00,0.0,0.0,,
11657,2026-08-25,10:15:00,0.0,1.6,,NNW
11658,2026-08-25,10:30:00,0.0,0.0,,
11659,2026-08-25,10:45:00,0.0,0.0,,
11660,2026-08-25,11:00:00,0.0,3.2,WSW,WSW
11661,2026-08-25,11:15:00,0.0,1.6,NNE,NNE
11662,2026-08-25,11:30:00,0.0,6.4,E,ENE
11663,2026-08-25,11:45:00,0.0,4.8,SW,SW
11664,2026-08-25,12:00:00,0.0,3.2,SW,SSW
11665,2026-08-25,12:15:00,0.0,4.8,ENE,E
11666,2026-08-25,12:30:00,0.0,3.2,NE,NE
11667,2026-08-25,12:45:00,0.0,8.0,NNW,SSE
11668,2026-08-25,13:00:00,1.6,6.4,ENE,WNW
11669,2026-08-25,13:15:00,0.0,4.8,E,ENE
11670,2026-08-25,13:30:00,1.6,9.7,E,E
11671,2026-08-25,13:45:00,1.6,6.4,W,W
11672,2026-08-25,14:00:00,0.0,6.4,NE,WSW
11673,2026-08-25,14:15:00,1.6,8.0,WSW,WSW
11674,2026-08-25,14:30:00,1.6,11.3,SW,WSW
11675,2026-08-25,14:45:00,3.2,11.3,WSW,SSW
11676,2026-08-25,15:00:00,1.6,14.5,WSW,WSW
11677,2026-08-25,15:15:00,1.6,11.3,WSW,WSW
11678,2026-08-25,15:30:00,1.6,8.0,W,SW
11679,2026-08-25,15:45:00,4.8,9.7,W,WSW
11680,2026-08-25,16:00:00,6.4,19.3,W,SW
11681,2026-08-25,16:15:00,4.8,16.1,W,WNW
11682,2026-08-25,16:30:00,4.8,14.5,W,SW
11683,2026-08-25,16:45:00,4.8,19.3,W,SW
11684,2026-08-25,17:00:00,4.8,16.1,WSW,NW
11685,2026-08-25,17:15:00,3.2,9.7,W,W
11686,2026-08-25,17:30:00,3.2,11.3,W,WSW
11687,2026-08-25,17:45:00,1.6,12.9,WSW,SSW
11688,2026-08-25,18:00:00,1.6,8.0,W,WSW
11689,2026-08-25,18:15:00,1.6,8.0,SW,SSW
11690,2026-08-25,18:30:00,1.6,6.4,WSW,WSW
11691,2026-08-25,18:45:00,1.6,9.7,SW,SSW
11692,2026-08-25,19:00:00,1.6,9.7,WSW,SW
11693,2026-08-25,19:15:00,3.2,14.5,W,WSW
11694,2026-08-25,19:30:00,1.6,11.3,W,W
11695,2026-08-25,19:45:00,0.0,4.8,W,WSW
11696,2026-08-25,20:00:00,0.0,3.2,WSW,WSW
11697,2026-08-25,20:15:00,0.0,3.2,W,SSW
11698,2026-08-25,20:30:00,0.0,3.2,W,WSW
11699,2026-08-25,20:45:00,0.0,6.4,W,W
11700,2026-08-25,21:00:00,0.0,6.4,SW,SSW
11701,2026-08-25,21:15:00,1.6,8.0,SW,WSW
11702,2026-08-25,21:30:00,3.2,9.7,WSW,WSW
11703,2026-08-25,21:45:00,3.2,9.7,WSW,W
11704,2026-08-25,22:00:00,1.6,9.7,W,W
11705,2026-08-25,22:15:00,0.0,4.8,WSW,SSW
11706,2026-08-25,22:30:00,1.6,6.4,WSW,NW
11707,2026-08-25,22:45:00,0.0,8.0,W,SSW
11708,2026-08-25,23:00:00,0.0,4.8,WSW,SSW
11709,2026-08-25,23:15:00,0.0,6.4,SW,W
11710,2026-08-25,23:30:00,0.0,4.8,SW,WSW
11711,2026-08-25,23:45:00,0.0,6.4,SSW,S
11712,2026-08-26,00:15:00,0.0,3.2,SW,WSW
11713,2026-08-26,00:30:00,0.0,1.6,WSW,WSW
11714,2026-08-26,00:45:00,0.0,3.2,WSW,WSW
11715,2026-08-26,01:00:00,0.0,3.2,SW,WSW
11716,2026-08-26,01:15:00,0.0,1.6,SW,SW
11717,2026-08-26,01:30:00,0.0,0.0,,
11718,2026-08-26,01:45:00,0.0,0.0,,
11719,2026-08-26,02:00:00,0.0,1.6,SW,SW
11720,2026-08-26,02:15:00,0.0,1.6,SW,WSW
11721,2026-08-26,02:30:00,0.0,1.6,SW,SW
11722,2026-08-26,02:45:00,0.0,1.6,SW,WSW
11723,2026-08-26,03:00:00,0.0,0.0,,
11724,2026-08-26,03:15:00,0.0,0.0,,
11725,2026-08-26,03:30:00,0.0,0.0,,
11726,2026-08-26,03:45:00,0.0,0.0,,
11727,2026-08-26,04:00:00,0.0,0.0,,
11728,2026-08-26,04:15:00,0.0,0.0,,
11729,2026-08-26,04:30:00,0.0,0.0,,
11730,2026-08-26,04:45:00,0.0,0.0,,
11731,2026-08-26,05:00:00,0.0,0.0,,
11732,2026-08-26,05:15:00,0.0,0.0,,
11733,2026-08-26,05:30:00,0.0,0.0,,
11734,2026-08-26,05:45:00,0.0,0.0,,
11735,2026-08-26,06:00:00,0.0,0.0,,
11736,2026-08-26,06:15:00,0.0,0.0,,
11737,2026-08-26,06:30:00,0.0,0.0,,
11738,2026-08-26,06:45:00,0.0,0.0,,
11739,2026-08-26,07:00:00,0.0,0.0,,
11740,2026-08-26,07:15:00,0.0,3.2,WSW,WSW
11741,2026-08-26,07:30:00,0.0,1.6,ENE,N
11742,2026-08-26,07:45:00,0.0,6.4,WSW,W
11743,2026-08-26,08:00:00,0.0,4.8,SSW,SW
11744,2026-08-26,08:15:00,1.6,8.0,WSW,SW
11745,2026-08-26,08:30:00,1.6,4.8,WSW,S
11746,2026-08-26,08:45:00,1.6,6.4,W,W
11747,2026-08-26,09:00:00,1.6,8.0,WSW,W
11748,2026-08-26,09:15:00,1.6,8.0,W,SSW
11749,2026-08-26,09:30:00,0.0,3.2,SSW,E
11750,2026-08-26,09:45:00,0.0,4.8,E,E
11751,2026-08-26,10:00:00,1.6,8.0,NW,NW
11752,2026-08-26,10:15:00,0.0,3.2,W,NE
11753,2026-08-26,10:30:00,0.0,4.8,E,E
11754,2026-08-26,10:45:00,0.0,8.0,ESE,E
11755,2026-08-26,11:00:00,1.6,6.4,NW,ESE
11756,2026-08-26,11:15:00,0.0,4.8,E,ESE
11757,2026-08-26,11:30:00,0.0,3.2,ENE,N
11758,2026-08-26,11:45:00,1.6,4.8,NNW,NNW
11759,2026-08-26,12:00:00,0.0,6.4,ENE,E
11760,2026-08-26,12:15:00,1.6,12.9,W,SW
11761,2026-08-26,12:30:00,1.6,9.7,WSW,SW
11762,2026-08-26,12:45:00,0.0,4.8,E,SSE
11763,2026-08-26,13:00:00,1.6,4.8,NNW,SE
11764,2026-08-26,13:15:00,1.6,8.0,W,SW
11765,2026-08-26,13:30:00,1.6,9.7,NNW,NW
11766,2026-08-26,13:45:00,1.6,6.4,NNW,NNW
11767,2026-08-26,14:00:00,1.6,16.1,SW,WSW
11768,2026-08-26,14:15:00,3.2,12.9,W,SSW
11769,2026-08-26,14:30:00,1.6,12.9,NNW,WNW
11770,2026-08-26,14:45:00,1.6,8.0,ENE,WSW
11771,2026-08-26,15:00:00,0.0,6.4,NNW,NW
11772,2026-08-26,15:15:00,0.0,6.4,ESE,ESE
11773,2026-08-26,15:30:00,1.6,9.7,W,NNW
11774,2026-08-26,15:45:00,3.2,12.9,WSW,SW
11775,2026-08-26,16:00:00,6.4,16.1,WSW,WSW
11776,2026-08-26,16:15:00,4.8,19.3,W,W
11777,2026-08-26,16:30:00,3.2,11.3,NNW,W
11778,2026-08-26,16:45:00,3.2,11.3,WNW,W
11779,2026-08-26,17:00:00,4.8,17.7,WSW,SW
11780,2026-08-26,17:15:00,3.2,14.5,NW,SW
11781,2026-08-26,17:30:00,1.6,17.7,NNW,WNW
11782,2026-08-26,17:45:00,3.2,14.5,NNW,N
11783,2026-08-26,18:00:00,3.2,17.7,NNW,NNW
11784,2026-08-26,18:15:00,3.2,12.9,NNW,WSW
11785,2026-08-26,18:30:00,1.6,16.1,NW,W
11786,2026-08-26,18:45:00,1.6,12.9,NW,NW
11787,2026-08-26,19:00:00,1.6,9.7,W,W
11788,2026-08-26,19:15:00,0.0,9.7,WSW,NNW
11789,2026-08-26,19:30:00,1.6,14.5,W,N
11790,2026-08-26,19:45:00,1.6,17.7,W,W
11791,2026-08-26,20:00:00,4.8,12.9,W,SSW
11792,2026-08-26,20:15:00,4.8,17.7,W,NNW
11793,2026-08-26,20:30:00,4.8,12.9,WSW,W
11794,2026-08-26,20:45:00,1.6,11.3,W,W
11795,2026-08-26,21:00:00,1.6,9.7,SW,W
11796,2026-08-26,21:15:00,1.6,8.0,SW,S
11797,2026-08-26,21:30:00,1.6,9.7,SW,SSE
11798,2026-08-26,21:45:00,1.6,9.7,WSW,SW
11799,2026-08-26,22:00:00,1.6,8.0,WSW,NE
11800,2026-08-26,22:15:00,3.2,11.3,WSW,WNW
11801,2026-08-26,22:30:00,1.6,12.9,WSW,W
11802,2026-08-26,22:45:00,1.6,11.3,WSW,NW
11803,2026-08-26,23:00:00,1.6,8.0,WSW,WSW
11804,2026-08-26,23:15:00,3.2,11.3,W,SW
11805,2026-08-26,23:30:00,3.2,9.7,WSW,WNW
11806,2026-08-26,23:45:00,1.6,8.0,WSW,W
11807,2026-08-27,00:15:00,0.0,4.8,SW,WSW
11808,2026-08-27,00:30:00,0.0,4.8,SW,SW
11809,2026-08-27,00:45:00,0.0,4.8,WSW,WSW
11810,2026-08-27,01:00:00,0.0,3.2,SW,S
11811,2026-08-27,01:15:00,0.0,4.8,W,SSW
11812,2026-08-27,01:30:00,0.0,3.2,W,SSW
11813,2026-08-27,01:45:00,0.0,3.2,SW,W
11814,2026-08-27,02:00:00,0.0,1.6,SW,SW
11815,2026-08-27,02:15:00,0.0,0.0,,
11816,2026-08-27,02:30:00,0.0,0.0,,
11817,2026-08-27,02:45:00,0.0,0.0,,
11818,2026-08-27,03:00:00,0.0,0.0,,
11819,2026-08-27,03:15:00,0.0,0.0,,
11820,2026-08-27,03:30:00,0.0,0.0,,
11821,2026-08-27,03:45:00,0.0,0.0,,
11822,2026-08-27,04:00:00,0.0,0.0,,
11823,2026-08-27,04:15:00,0.0,0.0,,
11824,2026-08-27,04:30:00,0.0,0.0,,
11825,2026-08-27,04:45:00,0.0,0.0,,
11826,2026-08-27,05:00:00,0.0,0.0,,
11827,2026-08-27,05:15:00,0.0,0.0,,
11828,2026-08-27,05:30:00,0.0,0.0,,
11829,2026-08-27,05:45:00,0.0,0.0,,
11830,2026-08-27,06:00:00,0.0,0.0,,
11831,2026-08-27,06:15:00,0.0,0.0,,
11832,2026-08-27,06:30:00,0.0,3.2,SW,SW
11833,2026-08-27,06:45:00,0.0,6.4,W,S
11834,2026-08-27,07:00:00,0.0,4.8,W,SSE
11835,2026-08-27,07:15:00,0.0,6.4,SW,SW
11836,2026-08-27,07:30:00,0.0,6.4,SW,S
11837,2026-08-27,07:45:00,0.0,4.8,W,W
11838,2026-08-27,08:00:00,0.0,3.2,SW,SW
11839,2026-08-27,08:15:00,0.0,0.0,,
11840,2026-08-27,08:30:00,0.0,1.6,N,N
11841,2026-08-27,08:45:00,0.0,1.6,N,N
11842,2026-08-27,09:00:00,0.0,1.6,NNE,NNE
11843,2026-08-27,09:15:00,0.0,0.0,,
11844,2026-08-27,09:30:00,0.0,1.6,WSW,NNE
11845,2026-08-27,09:45:00,0.0,3.2,ENE,E
11846,2026-08-27,10:00:00,0.0,3.2,ENE,ENE
11847,2026-08-27,10:15:00,0.0,8.0,E,ESE
11848,2026-08-27,10:30:00,0.0,8.0,WNW,W
11849,2026-08-27,10:45:00,1.6,9.7,WSW,WNW
11850,2026-08-27,11:00:00,1.6,8.0,W,S
11851,2026-08-27,11:15:00,1.6,6.4,WSW,WSW
11852,2026-08-27,11:30:00,0.0,6.4,NNW,WSW
11853,2026-08-27,11:45:00,1.6,8.0,E,SSE
11854,2026-08-27,12:00:00,0.0,4.8,E,E
11855,2026-08-27,12:15:00,1.6,8.0,WSW,WSW
11856,2026-08-27,12:30:00,1.6,9.7,W,WNW
11857,2026-08-27,12:45:00,1.6,6.4,NW,W
11858,2026-08-27,13:00:00,0.0,9.7,WSW,WSW
11859,2026-08-27,13:15:00,1.6,8.0,ENE,WSW
11860,2026-08-27,13:30:00,0.0,6.4,NNW,WNW
11861,2026-08-27,13:45:00,0.0,6.4,S,SSW
11862,2026-08-27,14:00:00,1.6,8.0,W,WNW
11863,2026-08-27,14:15:00,1.6,9.7,W,SW
11864,2026-08-27,14:30:00,0.0,4.8,ENE,NE
11865,2026-08-27,14:45:00,0.0,6.4,WNW,SW
11866,2026-08-27,15:00:00,0.0,4.8,ENE,ENE
11867,2026-08-27,15:15:00,0.0,4.8,W,SW
11868,2026-08-27,15:30:00,0.0,1.6,NNW,SW
11869,2026-08-27,15:45:00,0.0,3.2,NNW,NNW
11870,2026-08-27,16:00:00,1.6,8.0,W,WSW
11871,2026-08-27,16:15:00,1.6,8.0,N,N
11872,2026-08-27,16:30:00,3.2,12.9,W,W
11873,2026-08-27,16:45:00,3.2,11.3,W,W
11874,2026-08-27,17:00:00,3.2,12.9,W,WNW
11875,2026-08-27,17:15:00,4.8,17.7,W,W
11876,2026-08-27,17:30:00,4.8,12.9,W,W
11877,2026-08-27,17:45:00,3.2,16.1,WSW,WSW
11878,2026-08-27,18:00:00,1.6,12.9,W,W
11879,2026-08-27,18:15:00,3.2,16.1,WSW,WSW
11880,2026-08-27,18:30:00,4.8,17.7,W,WNW
11881,2026-08-27,18:45:00,4.8,19.3,WSW,W
11882,2026-08-27,19:00:00,6.4,16.1,W,W
11883,2026-08-27,19:15:00,4.8,16.1,W,W
11884,2026-08-27,19:30:00,3.2,12.9,WSW,WSW
11885,2026-08-27,19:45:00,1.6,11.3,W,WSW
11886,2026-08-27,20:00:00,1.6,9.7,W,SW
11887,2026-08-27,20:15:00,1.6,12.9,W,W
11888,2026-08-27,20:30:00,1.6,8.0,SSW,W
11889,2026-08-27,20:45:00,1.6,11.3,W,WSW
11890,2026-08-27,21:00:00,0.0,6.4,WSW,WSW
11891,2026-08-27,21:15:00,0.0,1.6,NE,SSW
11892,2026-08-27,21:30:00,0.0,8.0,WNW,SW
11893,2026-08-27,21:45:00,0.0,4.8,SW,SSW
11894,2026-08-27,22:00:00,0.0,4.8,W,W
11895,2026-08-27,22:15:00,0.0,6.4,SSW,SSW
11896,2026-08-27,22:30:00,1.6,8.0,SW,SW
11897,2026-08-27,22:45:00,3.2,11.3,SW,SE
11898,2026-08-27,23:00:00,1.6,6.4,WSW,SW
11899,2026-08-27,23:15:00,1.6,9.7,SW,SSW
11900,2026-08-27,23:30:00,1.6,12.9,SW,SW
11901,2026-08-27,23:45:00,1.6,8.0,WSW,SW
11902,2026-08-28,00:15:00,1.6,6.4,WSW,W
11903,2026-08-28,00:30:00,1.6,9.7,W,WNW
11904,2026-08-28,00:45:00,0.0,4.8,W,SSW
11905,2026-08-28,01:00:00,1.6,6.4,WSW,S
11906,2026-08-28,01:15:00,1.6,6.4,WSW,WNW
11907,2026-08-28,01:30:00,0.0,4.8,WSW,SSW
11908,2026-08-28,01:45:00,0.0,3.2,W,W
11909,2026-08-28,02:00:00,0.0,0.0,,
11910,2026-08-28,02:15:00,0.0,4.8,SW,SW
11911,2026-08-28,02:30:00,0.0,3.2,SW,SW
11912,2026-08-28,02:45:00,0.0,3.2,SW,SW
11913,2026-08-28,03:00:00,0.0,0.0,,
11914,2026-08-28,03:15:00,0.0,0.0,,
11915,2026-08-28,03:30:00,0.0,3.2,SW,SW
11916,2026-08-28,03:45:00,0.0,6.4,NNE,SSE
11917,2026-08-28,04:00:00,0.0,4.8,SSW,SW
11918,2026-08-28,04:15:00,0.0,3.2,NNE,WNW
11919,2026-08-28,04:30:00,0.0,1.6,SW,WNW
11920,2026-08-28,04:45:00,0.0,1.6,SW,SW
11921,2026-08-28,05:00:00,0.0,0.0,,
11922,2026-08-28,05:15:00,0.0,0.0,,
11923,2026-08-28,05:30:00,0.0,3.2,S,S
11924,2026-08-28,05:45:00,0.0,3.2,SW,SW
11925,2026-08-28,06:00:00,0.0,0.0,,
11926,2026-08-28,06:15:00,0.0,1.6,SW,WSW
11927,2026-08-28,06:30:00,0.0,1.6,SW,SW
11928,2026-08-28,06:45:00,0.0,3.2,WSW,SW
11929,2026-08-28,07:00:00,0.0,1.6,WNW,N
11930,2026-08-28,07:15:00,0.0,3.2,SW,SW
11931,2026-08-28,07:30:00,0.0,4.8,WSW,SW
11932,2026-08-28,07:45:00,0.0,4.8,SSW,SSW
11933,2026-08-28,08:00:00,0.0,6.4,SW,S
11934,2026-08-28,08:15:00,0.0,4.8,WSW,SSW
11935,2026-08-28,08:30:00,0.0,8.0,W,S
11936,2026-08-28,08:45:00,0.0,3.2,WSW,WSW
11937,2026-08-28,09:00:00,0.0,3.2,W,SSW
11938,2026-08-28,09:15:00,0.0,4.8,NNW,SW
11939,2026-08-28,09:30:00,0.0,4.8,SW,SW
11940,2026-08-28,09:45:00,0.0,3.2,WSW,WSW
11941,2026-08-28,10:00:00,0.0,1.6,NE,NE
11942,2026-08-28,10:15:00,0.0,4.8,W,W
11943,2026-08-28,10:30:00,0.0,4.8,N,NNE
11944,2026-08-28,10:45:00,1.6,8.0,WSW,WSW
11945,2026-08-28,11:00:00,1.6,6.4,W,W
11946,2026-08-28,11:15:00,1.6,6.4,NNW,SW
11947,2026-08-28,11:30:00,1.6,8.0,NW,NW
11948,2026-08-28,11:45:00,0.0,4.8,ESE,ENE
11949,2026-08-28,12:00:00,0.0,6.4,WNW,WNW
11950,2026-08-28,12:15:00,1.6,9.7,WNW,WNW
11951,2026-08-28,12:30:00,1.6,8.0,NNW,SSE
11952,2026-08-28,12:45:00,1.6,9.7,NNW,NW
11953,2026-08-28,13:00:00,1.6,8.0,E,E
11954,2026-08-28,13:15:00,1.6,6.4,E,E
11955,2026-08-28,13:30:00,0.0,6.4,N,WSW
11956,2026-08-28,13:45:00,1.6,6.4,E,ESE
11957,2026-08-28,14:00:00,0.0,8.0,W,NW
11958,2026-08-28,14:15:00,0.0,6.4,WSW,E
11959,2026-08-28,14:30:00,1.6,8.0,NNW,NW
11960,2026-08-28,14:45:00,1.6,6.4,E,E
11961,2026-08-28,15:00:00,1.6,8.0,E,WSW
11962,2026-08-28,15:15:00,1.6,6.4,W,WSW
11963,2026-08-28,15:30:00,1.6,9.7,WSW,WSW
11964,2026-08-28,15:45:00,6.4,19.3,W,NW
11965,2026-08-28,16:00:00,6.4,19.3,NNW,WNW
11966,2026-08-28,16:15:00,4.8,14.5,W,WSW
11967,2026-08-28,16:30:00,6.4,20.9,WSW,WSW
11968,2026-08-28,16:45:00,1.6,11.3,WSW,W
11969,2026-08-28,17:00:00,0.0,8.0,W,SSW
11970,2026-08-28,17:15:00,1.6,11.3,W,SE
11971,2026-08-28,17:30:00,3.2,14.5,WSW,SW
11972,2026-08-28,17:45:00,1.6,9.7,WSW,WSW
11973,2026-08-28,18:00:00,1.6,11.3,E,ENE
11974,2026-08-28,18:15:00,1.6,9.7,NNW,WNW
11975,2026-08-28,18:30:00,0.0,1.6,NNW,NNW
11976,2026-08-28,18:45:00,0.0,6.4,W,W
11977,2026-08-28,19:00:00,0.0,4.8,SW,SW
11978,2026-08-28,19:15:00,0.0,1.6,NNE,NNE
11979,2026-08-28,19:30:00,0.0,1.6,W,NNE
11980,2026-08-28,19:45:00,0.0,3.2,SSW,SSW
11981,2026-08-28,20:00:00,0.0,0.0,,
11982,2026-08-28,20:15:00,0.0,1.6,ENE,ENE
11983,2026-08-28,20:30:00,0.0,0.0,,
11984,2026-08-28,20:45:00,0.0,3.2,NE,NE
11985,2026-08-28,21:00:00,0.0,3.2,ENE,ENE
11986,2026-08-28,21:15:00,0.0,0.0,,
11987,2026-08-28,21:30:00,0.0,0.0,,
11988,2026-08-28,21:45:00,0.0,0.0,,
11989,2026-08-28,22:00:00,0.0,0.0,,
11990,2026-08-28,22:15:00,0.0,0.0,,
11991,2026-08-28,22:30:00,0.0,3.2,ENE,ENE
11992,2026-08-28,22:45:00,0.0,0.0,,
11993,2026-08-28,23:00:00,0.0,0.0,,
11994,2026-08-28,23:15:00,0.0,0.0,,
11995,2026-08-28,23:30:00,0.0,0.0,,
11996,2026-08-28,23:45:00,0.0,0.0,,
11997,2026-08-29,00:15:00,0.0,0.0,,
11998,2026-08-29,00:30:00,0.0,0.0,,
11999,2026-08-29,00:45:00,0.0,0.0,,
12000,2026-08-29,01:00:00,0.0,0.0,,
12001,2026-08-29,01:15:00,0.0,0.0,,
12002,2026-08-29,01:30:00,0.0,0.0,,
12003,2026-08-29,01:45:00,0.0,0.0,,
12004,2026-08-29,02:00:00,0.0,0.0,,
12005,2026-08-29,02:15:00,0.0,0.0,,
12006,2026-08-29,02:30:00,0.0,0.0,,
12007,2026-08-29,02:45:00,0.0,0.0,,
12008,2026-08-29,03:00:00,0.0,0.0,,
12009,2026-08-29,03:15:00,0.0,0.0,,
12010,2026-08-29,03:30:00,0.0,0.0,,
12011,2026-08-29,03:45:00,0.0,0.0,,
12012,2026-08-29,04:00:00,0.0,0.0,,
12013,2026-08-29,04:15:00,0.0,0.0,,
12014,2026-08-29,04:30:00,0.0,0.0,,
12015,2026-08-29,04:45:00,0.0,0.0,,
12016,2026-08-29,05:00:00,0.0,0.0,,
12017,2026-08-29,05:15:00,0.0,0.0,,
12018,2026-08-29,05:30:00,0.0,0.0,,
12019,2026-08-29,05:45:00,0.0,0.0,,
12020,2026-08-29,06:00:00,0.0,0.0,,
12021,2026-08-29,06:15:00,0.0,0.0,,
12022,2026-08-29,06:30:00,0.0,0.0,,
12023,2026-08-29,06:45:00,0.0,0.0,,
12024,2026-08-29,07:00:00,0.0,0.0,,
12025,2026-08-29,07:15:00,0.0,0.0,,
12026,2026-08-29,07:30:00,0.0,0.0,,
12027,2026-08-29,07:45:00,0.0,0.0,,
12028,2026-08-29,08:00:00,0.0,0.0,,
12029,2026-08-29,08:15:00,0.0,0.0,,
12030,2026-08-29,08:30:00,0.0,1.6,E,ESE
12031,2026-08-29,08:45:00,0.0,0.0,,
12032,2026-08-29,09:00:00,0.0,3.2,SW,SW
12033,2026-08-29,09:15:00,0.0,4.8,SSE,SSE
12034,2026-08-29,09:30:00,0.0,4.8,NNW,SSE
12035,2026-08-29,09:45:00,0.0,6.4,ENE,E
12036,2026-08-29,10:00:00,0.0,3.2,E,E
12037,2026-08-29,10:15:00,0.0,6.4,ENE,E
12038,2026-08-29,10:30:00,0.0,3.2,E,E
12039,2026-08-29,10:45:00,0.0,4.8,E,ESE
12040,2026-08-29,11:00:00,0.0,6.4,ENE,ENE
12041,2026-08-29,11:15:00,0.0,4.8,ENE,SE
12042,2026-08-29,11:30:00,1.6,8.0,E,E
12043,2026-08-29,11:45:00,1.6,6.4,ENE,E
12044,2026-08-29,12:00:00,1.6,6.4,E,E
12045,2026-08-29,12:15:00,1.6,8.0,E,ESE
12046,2026-08-29,12:30:00,1.6,6.4,E,E
12047,2026-08-29,12:45:00,1.6,4.8,NW,NW
12048,2026-08-29,13:00:00,1.6,8.0,NNW,NW
12049,2026-08-29,13:15:00,1.6,6.4,NNW,NW
12050,2026-08-29,13:30:00,1.6,6.4,NNW,E
12051,2026-08-29,13:45:00,0.0,4.8,E,ENE
12052,2026-08-29,14:00:00,1.6,8.0,NNW,NW
12053,2026-08-29,14:15:00,0.0,6.4,NNW,NW
12054,2026-08-29,14:30:00,0.0,4.8,NNW,ENE
12055,2026-08-29,14:45:00,0.0,1.6,NNW,NNW
12056,2026-08-29,15:00:00,0.0,1.6,ENE,NW
12057,2026-08-29,15:15:00,0.0,4.8,N,NNW
12058,2026-08-29,15:30:00,0.0,4.8,NW,NW
12059,2026-08-29,15:45:00,0.0,4.8,NW,NW
12060,2026-08-29,16:00:00,0.0,3.2,N,WSW
12061,2026-08-29,16:15:00,0.0,3.2,NNE,NNE
12062,2026-08-29,16:30:00,0.0,1.6,NE,NE
12063,2026-08-29,16:45:00,0.0,1.6,ENE,ENE
12064,2026-08-29,17:00:00,0.0,3.2,ENE,NE
12065,2026-08-29,17:15:00,0.0,3.2,NNW,NNW
12066,2026-08-29,17:30:00,0.0,3.2,NNW,NNW
12067,2026-08-29,17:45:00,0.0,3.2,NNE,NNE
12068,2026-08-29,18:00:00,0.0,6.4,NNW,NNW
12069,2026-08-29,18:15:00,0.0,3.2,NNE,NNE
12070,2026-08-29,18:30:00,0.0,4.8,NNW,NNW
12071,2026-08-29,18:45:00,0.0,0.0,,
12072,2026-08-29,19:00:00,0.0,1.6,SSE,E
12073,2026-08-29,19:15:00,0.0,0.0,,
12074,2026-08-29,19:30:00,0.0,0.0,,
12075,2026-08-29,19:45:00,0.0,1.6,SSE,SSE
12076,2026-08-29,20:00:00,0.0,1.6,SSE,ENE
12077,2026-08-29,20:15:00,0.0,6.4,NE,WSW
12078,2026-08-29,20:30:00,1.6,8.0,SW,SSW
12079,2026-08-29,20:45:00,0.0,4.8,SW,SW
12080,2026-08-29,21:00:00,1.6,8.0,W,WSW
12081,2026-08-29,21:15:00,1.6,8.0,SW,WSW
12082,2026-08-29,21:30:00,3.2,14.5,WSW,W
12083,2026-08-29,21:45:00,1.6,11.3,WSW,WNW
12084,2026-08-29,22:00:00,1.6,8.0,WSW,SW
12085,2026-08-29,22:15:00,1.6,9.7,WSW,SSW
12086,2026-08-29,22:30:00,1.6,9.7,SW,SW
12087,2026-08-29,22:45:00,1.6,9.7,SW,SW
12088,2026-08-29,23:00:00,1.6,6.4,W,WSW
12089,2026-08-29,23:15:00,1.6,8.0,SW,S
12090,2026-08-29,23:30:00,0.0,8.0,WSW,SSW
12091,2026-08-29,23:45:00,0.0,4.8,WSW,S
12092,2026-08-30,00:15:00,0.0,3.2,SW,SW
12093,2026-08-30,00:30:00,0.0,3.2,W,WSW
12094,2026-08-30,00:45:00,0.0,1.6,WSW,WSW
12095,2026-08-30,01:00:00,0.0,0.0,,
12096,2026-08-30,01:15:00,0.0,0.0,,
12097,2026-08-30,01:30:00,0.0,0.0,,
12098,2026-08-30,01:45:00,0.0,3.2,WSW,WSW
12099,2026-08-30,02:00:00,0.0,0.0,,
12100,2026-08-30,02:15:00,0.0,0.0,,
12101,2026-08-30,02:30:00,0.0,0.0,,
12102,2026-08-30,02:45:00,0.0,0.0,,
12103,2026-08-30,03:00:00,0.0,0.0,,
12104,2026-08-30,03:15:00,0.0,0.0,,
12105,2026-08-30,03:30:00,0.0,0.0,,
12106,2026-08-30,03:45:00,0.0,0.0,,
12107,2026-08-30,04:00:00,0.0,0.0,,
12108,2026-08-30,04:15:00,0.0,0.0,,
12109,2026-08-30,04:30:00,0.0,0.0,,
12110,2026-08-30,04:45:00,0.0,0.0,,
12111,2026-08-30,05:00:00,0.0,0.0,,
12112,2026-08-30,05:15:00,0.0,0.0,,
12113,2026-08-30,05:30:00,0.0,0.0,,
12114,2026-08-30,05:45:00,0.0,0.0,,
12115,2026-08-30,06:00:00,0.0,0.0,,
12116,2026-08-30,06:15:00,0.0,0.0,,
12117,2026-08-30,06:30:00,0.0,0.0,,
12118,2026-08-30,06:45:00,0.0,0.0,,
12119,2026-08-30,07:00:00,0.0,0.0,,
12120,2026-08-30,07:15:00,0.0,0.0,,
12121,2026-08-30,07:30:00,0.0,0.0,,
12122,2026-08-30,07:45:00,0.0,0.0,,
12123,2026-08-30,08:00:00,0.0,0.0,,
12124,2026-08-30,08:15:00,0.0,3.2,W,W
12125,2026-08-30,08:30:00,0.0,1.6,NNE,NNE
12126,2026-08-30,08:45:00,0.0,0.0,,
12127,2026-08-30,09:00:00,0.0,0.0,,
12128,2026-08-30,09:15:00,0.0,1.6,ENE,NE
12129,2026-08-30,09:30:00,0.0,1.6,ENE,ENE
12130,2026-08-30,09:45:00,0.0,1.6,ENE,NNE
12131,2026-08-30,10:00:00,0.0,4.8,W,NNW
12132,2026-08-30,10:15:00,0.0,3.2,WSW,W
12133,2026-08-30,10:30:00,0.0,4.8,ENE,ENE
12134,2026-08-30,10:45:00,0.0,4.8,WNW,WNW
12135,2026-08-30,11:00:00,1.6,8.0,E,WSW
12136,2026-08-30,11:15:00,0.0,4.8,ENE,NNW
12137,2026-08-30,11:30:00,1.6,8.0,NNW,NW
12138,2026-08-30,11:45:00,1.6,8.0,NNW,NW
12139,2026-08-30,12:00:00,1.6,4.8,ENE,SE
12140,2026-08-30,12:15:00,1.6,6.4,NW,ENE
12141,2026-08-30,12:30:00,0.0,8.0,ENE,ESE
12142,2026-08-30,12:45:00,0.0,4.8,NNW,ENE
12143,2026-08-30,13:00:00,1.6,6.4,NNE,NNE
12144,2026-08-30,13:15:00,1.6,9.7,E,NW
12145,2026-08-30,13:30:00,1.6,6.4,E,SE
12146,2026-08-30,13:45:00,1.6,8.0,E,WNW
12147,2026-08-30,14:00:00,1.6,8.0,ENE,ESE
12148,2026-08-30,14:15:00,1.6,6.4,ESE,NNW
12149,2026-08-30,14:30:00,1.6,9.7,NW,NW
12150,2026-08-30,14:45:00,1.6,8.0,E,W
12151,2026-08-30,15:00:00,1.6,9.7,E,SE
12152,2026-08-30,15:15:00,1.6,14.5,ESE,ESE
12153,2026-08-30,15:30:00,1.6,6.4,ENE,NW
12154,2026-08-30,15:45:00,1.6,8.0,E,ENE
12155,2026-08-30,16:00:00,3.2,11.3,E,E
12156,2026-08-30,16:15:00,4.8,12.9,E,E
12157,2026-08-30,16:30:00,4.8,16.1,E,E
12158,2026-08-30,16:45:00,3.2,8.0,E,E
12159,2026-08-30,17:00:00,1.6,9.7,E,SE
12160,2026-08-30,17:15:00,1.6,6.4,E,E
12161,2026-08-30,17:30:00,1.6,8.0,E,E
12162,2026-08-30,17:45:00,1.6,4.8,E,E
12163,2026-08-30,18:00:00,0.0,6.4,E,E
12164,2026-08-30,18:15:00,0.0,0.0,,
12165,2026-08-30,18:30:00,0.0,3.2,WNW,WNW
12166,2026-08-30,18:45:00,1.6,12.9,W,SSW
12167,2026-08-30,19:00:00,0.0,6.4,W,WNW
12168,2026-08-30,19:15:00,1.6,16.1,W,WSW
12169,2026-08-30,19:30:00,0.0,4.8,WSW,WSW
12170,2026-08-30,19:45:00,0.0,12.9,WSW,S
12171,2026-08-30,20:00:00,3.2,12.9,SW,SSE
12172,2026-08-30,20:15:00,1.6,9.7,SW,SW
12173,2026-08-30,20:30:00,4.8,14.5,WSW,SW
12174,2026-08-30,20:45:00,3.2,12.9,SW,SSW
12175,2026-08-30,21:00:00,3.2,11.3,WSW,W
12176,2026-08-30,21:15:00,1.6,6.4,WSW,WSW
12177,2026-08-30,21:30:00,1.6,6.4,WSW,W
12178,2026-08-30,21:45:00,0.0,4.8,SW,SW
12179,2026-08-30,22:00:00,0.0,4.8,WSW,SW
12180,2026-08-30,22:15:00,1.6,6.4,SW,SW
12181,2026-08-30,22:30:00,0.0,4.8,W,SW
12182,2026-08-30,22:45:00,0.0,1.6,W,W
12183,2026-08-30,23:00:00,0.0,0.0,,
12184,2026-08-30,23:15:00,0.0,1.6,W,W
12185,2026-08-30,23:30:00,0.0,1.6,WSW,WSW
12186,2026-08-30,23:45:00,0.0,3.2,SW,S
