id,fecha,hora,presion_hpa,variacion_hpa,tendencia
9432,2026-08-01,00:15:00,580.3,-0.2,Descendente
9433,2026-08-01,00:30:00,580.2,-0.1,Descendente
9434,2026-08-01,00:45:00,580.1,-0.1,Descendente
9435,2026-08-01,01:00:00,579.9,-0.2,Descendente
9436,2026-08-01,01:15:00,579.7,-0.2,Descendente
9437,2026-08-01,01:30:00,579.5,-0.2,Descendente
9438,2026-08-01,01:45:00,579.4,-0.1,Descendente
9439,2026-08-01,02:00:00,579.2,-0.2,Descendente
9440,2026-08-01,02:15:00,579.0,-0.2,Descendente
9441,2026-08-01,02:30:00,578.9,-0.1,Descendente
9442,2026-08-01,02:45:00,578.9,0.0,Estable
9443,2026-08-01,03:00:00,578.8,-0.1,Descendente
9444,2026-08-01,03:15:00,578.7,-0.1,Descendente
9445,2026-08-01,03:30:00,578.7,0.0,Estable
9446,2026-08-01,03:45:00,578.5,-0.2,Descendente
9447,2026-08-01,04:00:00,578.4,-0.1,Descendente
9448,2026-08-01,04:15:00,578.4,0.0,Estable
9449,2026-08-01,04:30:00,578.6,0.2,Creciente
9450,2026-08-01,04:45:00,578.6,0.0,Estable
9451,2026-08-01,05:00:00,578.7,0.1,Creciente
9452,2026-08-01,05:15:00,578.7,0.0,Estable
9453,2026-08-01,05:30:00,578.7,0.0,Estable
9454,2026-08-01,05:45:00,578.7,0.0,Estable
9455,2026-08-01,06:00:00,578.9,0.2,Creciente
9456,2026-08-01,06:15:00,578.9,0.0,Estable
9457,2026-08-01,06:30:00,579.1,0.2,Creciente
9458,2026-08-01,06:45:00,579.2,0.1,Creciente
9459,2026-08-01,07:00:00,579.3,0.1,Creciente
9460,2026-08-01,07:15:00,579.4,0.1,Creciente
9461,2026-08-01,07:30:00,579.5,0.1,Creciente
9462,2026-08-01,07:45:00,579.4,-0.1,Descendente
9463,2026-08-01,08:00:00,579.4,0.0,Estable
9464,2026-08-01,08:15:00,579.6,0.2,Creciente
9465,2026-08-01,08:30:00,579.6,0.0,Estable
9466,2026-08-01,08:45:00,579.7,0.1,Creciente
9467,2026-08-01,09:00:00,579.7,0.0,Estable
9468,2026-08-01,09:15:00,579.7,0.0,Estable
9469,2026-08-01,09:30:00,579.7,0.0,Estable
9470,2026-08-01,09:45:00,579.7,0.0,Estable
9471,2026-08-01,10:00:00,579.6,-0.1,Descendente
9472,2026-08-01,10:15:00,579.5,-0.1,Descendente
9473,2026-08-01,10:30:00,579.4,-0.1,Descendente
9474,2026-08-01,10:45:00,579.2,-0.2,Descendente
9475,2026-08-01,11:00:00,579.1,-0.1,Descendente
9476,2026-08-01,11:15:00,579.0,-0.1,Descendente
9477,2026-08-01,11:30:00,578.7,-0.3,Descendente
9478,2026-08-01,11:45:00,578.7,0.0,Estable
9479,2026-08-01,12:00:00,578.5,-0.2,Descendente
9480,2026-08-01,12:15:00,578.4,-0.1,Descendente
9481,2026-08-01,12:30:00,578.3,-0.1,Descendente
9482,2026-08-01,12:45:00,578.3,0.0,Estable
9483,2026-08-01,13:00:00,577.9,-0.4,Descendente
9484,2026-08-01,13:15:00,577.6,-0.3,Descendente
9485,2026-08-01,13:30:00,577.5,-0.1,Descendente
9486,2026-08-01,13:45:00,577.3,-0.2,Descendente
9487,2026-08-01,14:00:00,577.2,-0.1,Descendente
9488,2026-08-01,14:15:00,577.1,-0.1,Descendente
9489,2026-08-01,14:30:00,576.8,-0.3,Descendente
9490,2026-08-01,14:45:00,576.6,-0.2,Descendente
9491,2026-08-01,15:00:00,576.4,-0.2,Descendente
9492,2026-08-01,15:15:00,576.0,-0.4,Descendente
9493,2026-08-01,15:30:00,575.8,-0.2,Descendente
9494,2026-08-01,15:45:00,575.7,-0.1,Descendente
9495,2026-08-01,16:00:00,575.6,-0.1,Descendente
9496,2026-08-01,16:15:00,575.5,-0.1,Descendente
9497,2026-08-01,16:30:00,575.3,-0.2,Descendente
9498,2026-08-01,16:45:00,575.1,-0.2,Descendente
9499,2026-08-01,17:00:00,575.1,0.0,Estable
9500,2026-08-01,17:15:00,575.2,0.1,Creciente
9501,2026-08-01,17:30:00,575.3,0.1,Creciente
9502,2026-08-01,17:45:00,575.3,0.0,Estable
9503,2026-08-01,18:00:00,575.5,0.2,Creciente
9504,2026-08-01,18:15:00,575.7,0.2,Creciente
9505,2026-08-01,18:30:00,576.0,0.3,Creciente
9506,2026-08-01,18:45:00,575.9,-0.1,Descendente
9507,2026-08-01,19:00:00,577.0,1.1,Creciente
9508,2026-08-01,19:15:00,578.4,1.4,Creciente
9509,2026-08-01,19:30:00,578.6,0.2,Creciente
9510,2026-08-01,19:45:00,578.4,-0.2,Descendente
9511,2026-08-01,20:00:00,578.6,0.2,Creciente
9512,2026-08-01,20:15:00,578.8,0.2,Creciente
9513,2026-08-01,20:30:00,578.8,0.0,Estable
9514,2026-08-01,20:45:00,578.9,0.1,Creciente
9515,2026-08-01,21:00:00,578.8,-0.1,Descendente
9516,2026-08-01,21:15:00,579.0,0.2,Creciente
9517,2026-08-01,21:30:00,579.2,0.2,Creciente
9518,2026-08-01,21:45:00,579.0,-0.2,Descendente
9519,2026-08-01,22:00:00,579.1,0.1,Creciente
9520,2026-08-01,22:15:00,579.0,-0.1,Descendente
9521,2026-08-01,22:30:00,578.7,-0.3,Descendente
9522,2026-08-01,22:45:00,578.6,-0.1,Descendente
9523,2026-08-01,23:00:00,578.5,-0.1,Descendente
9524,2026-08-01,23:15:00,578.5,0.0,Estable
9525,2026-08-01,23:30:00,578.4,-0.1,Descendente
9526,2026-08-01,23:45:00,578.3,-0.1,Descendente
9527,2026-08-02,00:15:00,578.1,-0.2,Descendente
9528,2026-08-02,00:30:00,577.9,-0.2,Descendente
9529,2026-08-02,00:45:00,577.6,-0.3,Descendente
9530,2026-08-02,01:00:00,577.7,0.1,Creciente
9531,2026-08-02,01:15:00,577.6,-0.1,Descendente
9532,2026-08-02,01:30:00,577.6,0.0,Estable
9533,2026-08-02,01:45:00,577.7,0.1,Creciente
9534,2026-08-02,02:00:00,577.5,-0.2,Descendente
9535,2026-08-02,02:15:00,577.5,0.0,Estable
9536,2026-08-02,02:30:00,577.6,0.1,Creciente
9537,2026-08-02,02:45:00,577.6,0.0,Estable
9538,2026-08-02,03:00:00,577.4,-0.2,Descendente
9539,2026-08-02,03:15:00,577.5,0.1,Creciente
9540,2026-08-02,03:30:00,577.5,0.0,Estable
9541,2026-08-02,03:45:00,577.5,0.0,Estable
9542,2026-08-02,04:00:00,577.4,-0.1,Descendente
9543,2026-08-02,04:15:00,577.5,0.1,Creciente
9544,2026-08-02,04:30:00,577.4,-0.1,Descendente
9545,2026-08-02,04:45:00,577.5,0.1,Creciente
9546,2026-08-02,05:00:00,577.5,0.0,Estable
9547,2026-08-02,05:15:00,577.5,0.0,Estable
9548,2026-08-02,05:30:00,577.6,0.1,Creciente
9549,2026-08-02,05:45:00,578.0,0.4,Creciente
9550,2026-08-02,06:00:00,577.9,-0.1,Descendente
9551,2026-08-02,06:15:00,578.0,0.1,Creciente
9552,2026-08-02,06:30:00,578.0,0.0,Estable
9553,2026-08-02,06:45:00,578.0,0.0,Estable
9554,2026-08-02,07:00:00,578.1,0.1,Creciente
9555,2026-08-02,07:15:00,578.2,0.1,Creciente
9556,2026-08-02,07:30:00,578.1,-0.1,Descendente
9557,2026-08-02,07:45:00,578.1,0.0,Estable
9558,2026-08-02,08:00:00,578.1,0.0,Estable
9559,2026-08-02,08:15:00,578.0,-0.1,Descendente
9560,2026-08-02,08:30:00,577.7,-0.3,Descendente
9561,2026-08-02,08:45:00,577.6,-0.1,Descendente
9562,2026-08-02,09:00:00,577.6,0.0,Estable
9563,2026-08-02,09:15:00,577.5,-0.1,Descendente
9564,2026-08-02,09:30:00,577.4,-0.1,Descendente
9565,2026-08-02,09:45:00,577.3,-0.1,Descendente
9566,2026-08-02,10:00:00,577.2,-0.1,Descendente
9567,2026-08-02,10:15:00,577.1,-0.1,Descendente
9568,2026-08-02,10:30:00,577.0,-0.1,Descendente
9569,2026-08-02,10:45:00,576.8,-0.2,Descendente
9570,2026-08-02,11:00:00,576.7,-0.1,Descendente
9571,2026-08-02,11:15:00,576.5,-0.2,Descendente
9572,2026-08-02,11:30:00,576.4,-0.1,Descendente
9573,2026-08-02,11:45:00,576.3,-0.1,Descendente
9574,2026-08-02,12:00:00,576.0,-0.3,Descendente
9575,2026-08-02,12:15:00,575.5,-0.5,Descendente
9576,2026-08-02,12:30:00,575.3,-0.2,Descendente
9577,2026-08-02,12:45:00,575.2,-0.1,Descendente
9578,2026-08-02,13:00:00,575.1,-0.1,Descendente
9579,2026-08-02,13:15:00,575.1,0.0,Estable
9580,2026-08-02,13:30:00,575.0,-0.1,Descendente
9581,2026-08-02,13:45:00,574.8,-0.2,Descendente
9582,2026-08-02,14:00:00,574.8,0.0,Estable
9583,2026-08-02,14:15:00,574.6,-0.2,Descendente
9584,2026-08-02,14:30:00,574.7,0.1,Creciente
9585,2026-08-02,14:45:00,574.5,-0.2,Descendente
9586,2026-08-02,15:00:00,574.5,0.0,Estable
9587,2026-08-02,15:15:00,574.3,-0.2,Descendente
9588,2026-08-02,15:30:00,574.4,0.1,Creciente
9589,2026-08-02,15:45:00,574.6,0.2,Creciente
9590,2026-08-02,16:00:00,574.8,0.2,Creciente
9591,2026-08-02,16:15:00,575.0,0.2,Creciente
9592,2026-08-02,16:30:00,575.1,0.1,Creciente
9593,2026-08-02,16:45:00,575.3,0.2,Creciente
9594,2026-08-02,17:00:00,575.5,0.2,Creciente
9595,2026-08-02,17:15:00,575.7,0.2,Creciente
9596,2026-08-02,17:30:00,575.9,0.2,Creciente
9597,2026-08-02,17:45:00,576.2,0.3,Creciente
9598,2026-08-02,18:00:00,576.4,0.2,Creciente
9599,2026-08-02,18:15:00,576.6,0.2,Creciente
9600,2026-08-02,18:30:00,576.8,0.2,Creciente
9601,2026-08-02,18:45:00,576.8,0.0,Estable
9602,2026-08-02,19:00:00,577.1,0.3,Creciente
9603,2026-08-02,19:15:00,577.3,0.2,Creciente
9604,2026-08-02,19:30:00,577.5,0.2,Creciente
9605,2026-08-02,19:45:00,577.6,0.1,Creciente
9606,2026-08-02,20:00:00,577.6,0.0,Estable
9607,2026-08-02,20:15:00,577.9,0.3,Creciente
9608,2026-08-02,20:30:00,577.9,0.0,Estable
9609,2026-08-02,20:45:00,578.0,0.1,Creciente
9610,2026-08-02,21:00:00,578.1,0.1,Creciente
9611,2026-08-02,21:15:00,578.0,-0.1,Descendente
9612,2026-08-02,21:30:00,578.0,0.0,Estable
9613,2026-08-02,21:45:00,577.8,-0.2,Descendente
9614,2026-08-02,22:00:00,577.6,-0.2,Descendente
9615,2026-08-02,22:15:00,577.7,0.1,Creciente
9616,2026-08-02,22:30:00,577.6,-0.1,Descendente
9617,2026-08-02,22:45:00,577.6,0.0,Estable
9618,2026-08-02,23:00:00,577.6,0.0,Estable
9619,2026-08-02,23:15:00,577.4,-0.2,Descendente
9620,2026-08-02,23:30:00,577.4,0.0,Estable
9621,2026-08-02,23:45:00,577.3,-0.1,Descendente
9622,2026-08-03,00:15:00,577.1,-0.2,Descendente
9623,2026-08-03,00:30:00,576.9,-0.2,Descendente
9624,2026-08-03,00:45:00,577.0,0.1,Creciente
9625,2026-08-03,01:00:00,577.0,0.0,Estable
9626,2026-08-03,01:15:00,577.0,0.0,Estable
9627,2026-08-03,01:30:00,577.0,0.0,Estable
9628,2026-08-03,01:45:00,576.9,-0.1,Descendente
9629,2026-08-03,02:00:00,577.0,0.1,Creciente
9630,2026-08-03,02:15:00,576.9,-0.1,Descendente
9631,2026-08-03,02:30:00,577.0,0.1,Creciente
9632,2026-08-03,02:45:00,576.9,-0.1,Descendente
9633,2026-08-03,03:00:00,577.0,0.1,Creciente
9634,2026-08-03,03:15:00,576.9,-0.1,Descendente
9635,2026-08-03,03:30:00,576.9,0.0,Estable
9636,2026-08-03,03:45:00,577.0,0.1,Creciente
9637,2026-08-03,04:00:00,577.1,0.1,Creciente
9638,2026-08-03,04:15:00,577.2,0.1,Creciente
9639,2026-08-03,04:30:00,577.3,0.1,Creciente
9640,2026-08-03,04:45:00,577.5,0.2,Creciente
9641,2026-08-03,05:00:00,577.5,0.0,Estable
9642,2026-08-03,05:15:00,577.7,0.2,Creciente
9643,2026-08-03,05:30:00,577.7,0.0,Estable
9644,2026-08-03,05:45:00,577.8,0.1,Creciente
9645,2026-08-03,06:00:00,577.9,0.1,Creciente
9646,2026-08-03,06:15:00,577.9,0.0,Estable
9647,2026-08-03,06:30:00,578.0,0.1,Creciente
9648,2026-08-03,06:45:00,577.9,-0.1,Descendente
9649,2026-08-03,07:00:00,578.0,0.1,Creciente
9650,2026-08-03,07:15:00,578.0,0.0,Estable
9651,2026-08-03,07:30:00,577.9,-0.1,Descendente
9652,2026-08-03,07:45:00,577.8,-0.1,Descendente
9653,2026-08-03,08:00:00,577.8,0.0,Estable
9654,2026-08-03,08:15:00,577.6,-0.2,Descendente
9655,2026-08-03,08:30:00,577.5,-0.1,Descendente
9656,2026-08-03,08:45:00,577.4,-0.1,Descendente
9657,2026-08-03,09:00:00,577.3,-0.1,Descendente
9658,2026-08-03,09:15:00,577.2,-0.1,Descendente
9659,2026-08-03,09:30:00,577.0,-0.2,Descendente
9660,2026-08-03,09:45:00,576.9,-0.1,Descendente
9661,2026-08-03,10:00:00,576.7,-0.2,Descendente
9662,2026-08-03,10:15:00,576.7,0.0,Estable
9663,2026-08-03,10:30:00,576.6,-0.1,Descendente
9664,2026-08-03,10:45:00,576.5,-0.1,Descendente
9665,2026-08-03,11:00:00,576.2,-0.3,Descendente
9666,2026-08-03,11:15:00,576.0,-0.2,Descendente
9667,2026-08-03,11:30:00,576.0,0.0,Estable
9668,2026-08-03,11:45:00,576.0,0.0,Estable
9669,2026-08-03,12:00:00,575.8,-0.2,Descendente
9670,2026-08-03,12:15:00,575.6,-0.2,Descendente
9671,2026-08-03,12:30:00,575.4,-0.2,Descendente
9672,2026-08-03,12:45:00,575.2,-0.2,Descendente
9673,2026-08-03,13:00:00,575.0,-0.2,Descendente
9674,2026-08-03,13:15:00,574.8,-0.2,Descendente
9675,2026-08-03,13:30:00,574.6,-0.2,Descendente
9676,2026-08-03,13:45:00,574.4,-0.2,Descendente
9677,2026-08-03,14:00:00,574.3,-0.1,Descendente
9678,2026-08-03,14:15:00,574.3,0.0,Estable
9679,2026-08-03,14:30:00,574.1,-0.2,Descendente
9680,2026-08-03,14:45:00,574.3,0.2,Creciente
9681,2026-08-03,15:00:00,574.5,0.2,Creciente
9682,2026-08-03,15:15:00,574.5,0.0,Estable
9683,2026-08-03,15:30:00,574.8,0.3,Creciente
9684,2026-08-03,15:45:00,575.1,0.3,Creciente
9685,2026-08-03,16:00:00,575.1,0.0,Estable
9686,2026-08-03,16:15:00,575.1,0.0,Estable
9687,2026-08-03,16:30:00,575.1,0.0,Estable
9688,2026-08-03,16:45:00,575.5,0.4,Creciente
9689,2026-08-03,17:00:00,575.7,0.2,Creciente
9690,2026-08-03,17:15:00,576.3,0.6,Creciente
9691,2026-08-03,17:30:00,576.6,0.3,Creciente
9692,2026-08-03,17:45:00,576.7,0.1,Creciente
9693,2026-08-03,18:00:00,576.8,0.1,Creciente
9694,2026-08-03,18:15:00,576.9,0.1,Creciente
9695,2026-08-03,18:30:00,577.2,0.3,Creciente
9696,2026-08-03,18:45:00,577.6,0.4,Creciente
9697,2026-08-03,19:00:00,577.7,0.1,Creciente
9698,2026-08-03,19:15:00,578.0,0.3,Creciente
9699,2026-08-03,19:30:00,577.9,-0.1,Descendente
9700,2026-08-03,19:45:00,578.1,0.2,Creciente
9701,2026-08-03,20:00:00,578.1,0.0,Estable
9702,2026-08-03,20:15:00,578.3,0.2,Creciente
9703,2026-08-03,20:30:00,578.4,0.1,Creciente
9704,2026-08-03,20:45:00,578.4,0.0,Estable
9705,2026-08-03,21:00:00,578.3,-0.1,Descendente
9706,2026-08-03,21:15:00,578.2,-0.1,Descendente
9707,2026-08-03,21:30:00,578.2,0.0,Estable
9708,2026-08-03,21:45:00,578.3,0.1,Creciente
9709,2026-08-03,22:00:00,578.2,-0.1,Descendente
9710,2026-08-03,22:15:00,578.2,0.0,Estable
9711,2026-08-03,22:30:00,578.3,0.1,Creciente
9712,2026-08-03,22:45:00,578.1,-0.2,Descendente
9713,2026-08-03,23:00:00,578.1,0.0,Estable
9714,2026-08-03,23:15:00,577.9,-0.2,Descendente
9715,2026-08-03,23:30:00,577.9,0.0,Estable
9716,2026-08-03,23:45:00,577.8,-0.1,Descendente
9717,2026-08-04,00:15:00,577.6,-0.2,Descendente
9718,2026-08-04,00:30:00,577.6,0.0,Estable
9719,2026-08-04,00:45:00,577.5,-0.1,Descendente
9720,2026-08-04,01:00:00,577.4,-0.1,Descendente
9721,2026-08-04,01:15:00,577.3,-0.1,Descendente
9722,2026-08-04,01:30:00,577.3,0.0,Estable
9723,2026-08-04,01:45:00,577.3,0.0,Estable
9724,2026-08-04,02:00:00,577.3,0.0,Estable
9725,2026-08-04,02:15:00,577.3,0.0,Estable
9726,2026-08-04,02:30:00,577.3,0.0,Estable
9727,2026-08-04,02:45:00,577.2,-0.1,Descendente
9728,2026-08-04,03:00:00,577.3,0.1,Creciente
9729,2026-08-04,03:15:00,577.3,0.0,Estable
9730,2026-08-04,03:30:00,577.2,-0.1,Descendente
9731,2026-08-04,03:45:00,577.3,0.1,Creciente
9732,2026-08-04,04:00:00,577.3,0.0,Estable
9733,2026-08-04,04:15:00,577.4,0.1,Creciente
9734,2026-08-04,04:30:00,577.4,0.0,Estable
9735,2026-08-04,04:45:00,577.6,0.2,Creciente
9736,2026-08-04,05:00:00,577.7,0.1,Creciente
9737,2026-08-04,05:15:00,577.9,0.2,Creciente
9738,2026-08-04,05:30:00,578.0,0.1,Creciente
9739,2026-08-04,05:45:00,577.9,-0.1,Descendente
9740,2026-08-04,06:00:00,578.1,0.2,Creciente
9741,2026-08-04,06:15:00,578.1,0.0,Estable
9742,2026-08-04,06:30:00,578.1,0.0,Estable
9743,2026-08-04,06:45:00,578.3,0.2,Creciente
9744,2026-08-04,07:00:00,578.2,-0.1,Descendente
9745,2026-08-04,07:15:00,578.2,0.0,Estable
9746,2026-08-04,07:30:00,578.2,0.0,Estable
9747,2026-08-04,07:45:00,578.3,0.1,Creciente
9748,2026-08-04,08:00:00,578.3,0.0,Estable
9749,2026-08-04,08:15:00,578.3,0.0,Estable
9750,2026-08-04,08:30:00,578.3,0.0,Estable
9751,2026-08-04,08:45:00,578.3,0.0,Estable
9752,2026-08-04,09:00:00,578.3,0.0,Estable
9753,2026-08-04,09:15:00,578.2,-0.1,Descendente
9754,2026-08-04,09:30:00,578.1,-0.1,Descendente
9755,2026-08-04,09:45:00,578.0,-0.1,Descendente
9756,2026-08-04,10:00:00,577.9,-0.1,Descendente
9757,2026-08-04,10:15:00,577.7,-0.2,Descendente
9758,2026-08-04,10:30:00,577.6,-0.1,Descendente
9759,2026-08-04,10:45:00,577.5,-0.1,Descendente
9760,2026-08-04,11:00:00,577.5,0.0,Estable
9761,2026-08-04,11:15:00,577.5,0.0,Estable
9762,2026-08-04,11:30:00,577.2,-0.3,Descendente
9763,2026-08-04,11:45:00,577.1,-0.1,Descendente
9764,2026-08-04,12:00:00,576.9,-0.2,Descendente
9765,2026-08-04,12:15:00,576.7,-0.2,Descendente
9766,2026-08-04,12:30:00,576.2,-0.5,Descendente
9767,2026-08-04,12:45:00,575.9,-0.3,Descendente
9768,2026-08-04,13:00:00,576.1,0.2,Creciente
9769,2026-08-04,13:15:00,575.9,-0.2,Descendente
9770,2026-08-04,13:30:00,575.8,-0.1,Descendente
9771,2026-08-04,13:45:00,575.9,0.1,Creciente
9772,2026-08-04,14:00:00,575.8,-0.1,Descendente
9773,2026-08-04,14:15:00,575.9,0.1,Creciente
9774,2026-08-04,14:30:00,575.9,0.0,Estable
9775,2026-08-04,14:45:00,575.8,-0.1,Descendente
9776,2026-08-04,15:00:00,575.7,-0.1,Descendente
9777,2026-08-04,15:15:00,575.6,-0.1,Descendente
9778,2026-08-04,15:30:00,575.7,0.1,Creciente
9779,2026-08-04,15:45:00,575.8,0.1,Creciente
9780,2026-08-04,16:00:00,575.9,0.1,Creciente
9781,2026-08-04,16:15:00,575.9,0.0,Estable
9782,2026-08-04,16:30:00,576.3,0.4,Creciente
9783,2026-08-04,16:45:00,576.7,0.4,Creciente
9784,2026-08-04,17:00:00,576.6,-0.1,Descendente
9785,2026-08-04,17:15:00,576.7,0.1,Creciente
9786,2026-08-04,17:30:00,576.9,0.2,Creciente
9787,2026-08-04,17:45:00,577.1,0.2,Creciente
9788,2026-08-04,18:00:00,577.1,0.0,Estable
9789,2026-08-04,18:15:00,577.5,0.4,Creciente
9790,2026-08-04,18:30:00,577.4,-0.1,Descendente
9791,2026-08-04,18:45:00,577.7,0.3,Creciente
9792,2026-08-04,19:00:00,577.9,0.2,Creciente
9793,2026-08-04,19:15:00,577.9,0.0,Estable
9794,2026-08-04,19:30:00,578.1,0.2,Creciente
9795,2026-08-04,19:45:00,578.2,0.1,Creciente
9796,2026-08-04,20:00:00,578.2,0.0,Estable
9797,2026-08-04,20:15:00,578.4,0.2,Creciente
9798,2026-08-04,20:30:00,578.4,0.0,Estable
9799,2026-08-04,20:45:00,578.4,0.0,Estable
9800,2026-08-04,21:00:00,578.4,0.0,Estable
9801,2026-08-04,21:15:00,578.4,0.0,Estable
9802,2026-08-04,21:30:00,578.5,0.1,Creciente
9803,2026-08-04,21:45:00,578.6,0.1,Creciente
9804,2026-08-04,22:00:00,578.5,-0.1,Descendente
9805,2026-08-04,22:15:00,578.6,0.1,Creciente
9806,2026-08-04,22:30:00,578.5,-0.1,Descendente
9807,2026-08-04,22:45:00,578.3,-0.2,Descendente
9808,2026-08-04,23:00:00,578.2,-0.1,Descendente
9809,2026-08-04,23:15:00,578.3,0.1,Creciente
9810,2026-08-04,23:30:00,578.2,-0.1,Descendente
9811,2026-08-04,23:45:00,578.1,-0.1,Descendente
9812,2026-08-05,00:15:00,577.7,-0.4,Descendente
9813,2026-08-05,00:30:00,577.8,0.1,Creciente
9814,2026-08-05,00:45:00,577.8,0.0,Estable
9815,2026-08-05,01:00:00,577.9,0.1,Creciente
9816,2026-08-05,01:15:00,578.1,0.2,Creciente
9817,2026-08-05,01:30:00,578.1,0.0,Estable
9818,2026-08-05,01:45:00,578.0,-0.1,Descendente
9819,2026-08-05,02:00:00,578.0,0.0,Estable
9820,2026-08-05,02:15:00,578.1,0.1,Creciente
9821,2026-08-05,02:30:00,578.0,-0.1,Descendente
9822,2026-08-05,02:45:00,578.1,0.1,Creciente
9823,2026-08-05,03:00:00,578.1,0.0,Estable
9824,2026-08-05,03:15:00,578.1,0.0,Estable
9825,2026-08-05,03:30:00,578.0,-0.1,Descendente
9826,2026-08-05,03:45:00,578.1,0.1,Creciente
9827,2026-08-05,04:00:00,578.2,0.1,Creciente
9828,2026-08-05,04:15:00,578.4,0.2,Creciente
9829,2026-08-05,04:30:00,578.5,0.1,Creciente
9830,2026-08-05,04:45:00,578.8,0.3,Creciente
9831,2026-08-05,05:00:00,578.7,-0.1,Descendente
9832,2026-08-05,05:15:00,578.8,0.1,Creciente
9833,2026-08-05,05:30:00,578.8,0.0,Estable
9834,2026-08-05,05:45:00,579.0,0.2,Creciente
9835,2026-08-05,06:00:00,579.0,0.0,Estable
9836,2026-08-05,06:15:00,579.1,0.1,Creciente
9837,2026-08-05,06:30:00,579.1,0.0,Estable
9838,2026-08-05,06:45:00,579.2,0.1,Creciente
9839,2026-08-05,07:00:00,579.2,0.0,Estable
9840,2026-08-05,07:15:00,579.4,0.2,Creciente
9841,2026-08-05,07:30:00,579.4,0.0,Estable
9842,2026-08-05,07:45:00,579.4,0.0,Estable
9843,2026-08-05,08:00:00,579.3,-0.1,Descendente
9844,2026-08-05,08:15:00,579.2,-0.1,Descendente
9845,2026-08-05,08:30:00,579.1,-0.1,Descendente
9846,2026-08-05,08:45:00,579.0,-0.1,Descendente
9847,2026-08-05,09:00:00,579.0,0.0,Estable
9848,2026-08-05,09:15:00,579.0,0.0,Estable
9849,2026-08-05,09:30:00,578.9,-0.1,Descendente
9850,2026-08-05,09:45:00,578.8,-0.1,Descendente
9851,2026-08-05,10:00:00,578.7,-0.1,Descendente
9852,2026-08-05,10:15:00,578.5,-0.2,Descendente
9853,2026-08-05,10:30:00,578.4,-0.1,Descendente
9854,2026-08-05,10:45:00,578.3,-0.1,Descendente
9855,2026-08-05,11:00:00,578.1,-0.2,Descendente
9856,2026-08-05,11:15:00,578.0,-0.1,Descendente
9857,2026-08-05,11:30:00,577.9,-0.1,Descendente
9858,2026-08-05,11:45:00,577.6,-0.3,Descendente
9859,2026-08-05,12:00:00,577.3,-0.3,Descendente
9860,2026-08-05,12:15:00,577.2,-0.1,Descendente
9861,2026-08-05,12:30:00,577.0,-0.2,Descendente
9862,2026-08-05,12:45:00,576.7,-0.3,Descendente
9863,2026-08-05,13:00:00,576.2,-0.5,Descendente
9864,2026-08-05,13:15:00,575.9,-0.3,Descendente
9865,2026-08-05,13:30:00,575.7,-0.2,Descendente
9866,2026-08-05,13:45:00,575.6,-0.1,Descendente
9867,2026-08-05,14:00:00,575.4,-0.2,Descendente
9868,2026-08-05,14:15:00,575.4,0.0,Estable
9869,2026-08-05,14:30:00,575.5,0.1,Creciente
9870,2026-08-05,14:45:00,575.4,-0.1,Descendente
9871,2026-08-05,15:00:00,575.7,0.3,Creciente
9872,2026-08-05,15:15:00,576.1,0.4,Creciente
9873,2026-08-05,15:30:00,576.4,0.3,Creciente
9874,2026-08-05,15:45:00,576.6,0.2,Creciente
9875,2026-08-05,16:00:00,576.7,0.1,Creciente
9876,2026-08-05,16:15:00,576.8,0.1,Creciente
9877,2026-08-05,16:30:00,577.0,0.2,Creciente
9878,2026-08-05,16:45:00,577.2,0.2,Creciente
9879,2026-08-05,17:00:00,577.3,0.1,Creciente
9880,2026-08-05,17:15:00,577.5,0.2,Creciente
9881,2026-08-05,17:30:00,577.5,0.0,Estable
9882,2026-08-05,17:45:00,577.6,0.1,Creciente
9883,2026-08-05,18:00:00,577.7,0.1,Creciente
9884,2026-08-05,18:15:00,577.7,0.0,Estable
9885,2026-08-05,18:30:00,577.9,0.2,Creciente
9886,2026-08-05,18:45:00,578.0,0.1,Creciente
9887,2026-08-05,19:00:00,578.2,0.2,Creciente
9888,2026-08-05,19:15:00,578.3,0.1,Creciente
9889,2026-08-05,19:30:00,578.3,0.0,Estable
9890,2026-08-05,19:45:00,578.5,0.2,Creciente
9891,2026-08-05,20:00:00,578.5,0.0,Estable
9892,2026-08-05,20:15:00,578.5,0.0,Estable
9893,2026-08-05,20:30:00,578.4,-0.1,Descendente
9894,2026-08-05,20:45:00,578.5,0.1,Creciente
9895,2026-08-05,21:00:00,578.6,0.1,Creciente
9896,2026-08-05,21:15:00,578.5,-0.1,Descendente
9897,2026-08-05,21:30:00,578.6,0.1,Creciente
9898,2026-08-05,21:45:00,578.7,0.1,Creciente
9899,2026-08-05,22:00:00,578.8,0.1,Creciente
9900,2026-08-05,22:15:00,578.9,0.1,Creciente
9901,2026-08-05,22:30:00,578.9,0.0,Estable
9902,2026-08-05,22:45:00,578.8,-0.1,Descendente
9903,2026-08-05,23:00:00,578.6,-0.2,Descendente
9904,2026-08-05,23:15:00,578.7,0.1,Creciente
9905,2026-08-05,23:30:00,578.6,-0.1,Descendente
9906,2026-08-05,23:45:00,578.5,-0.1,Descendente
9907,2026-08-06,00:15:00,578.8,0.3,Creciente
9908,2026-08-06,00:30:00,578.9,0.1,Creciente
9909,2026-08-06,00:45:00,578.7,-0.2,Descendente
9910,2026-08-06,01:00:00,578.8,0.1,Creciente
9911,2026-08-06,01:15:00,578.5,-0.3,Descendente
9912,2026-08-06,01:30:00,578.5,0.0,Estable
9913,2026-08-06,01:45:00,578.6,0.1,Creciente
9914,2026-08-06,02:00:00,578.6,0.0,Estable
9915,2026-08-06,02:15:00,578.6,0.0,Estable
9916,2026-08-06,02:30:00,578.8,0.2,Creciente
9917,2026-08-06,02:45:00,578.7,-0.1,Descendente
9918,2026-08-06,03:00:00,578.9,0.2,Creciente
9919,2026-08-06,03:15:00,578.8,-0.1,Descendente
9920,2026-08-06,03:30:00,578.8,0.0,Estable
9921,2026-08-06,03:45:00,578.9,0.1,Creciente
9922,2026-08-06,04:00:00,578.8,-0.1,Descendente
9923,2026-08-06,04:15:00,578.8,0.0,Estable
9924,2026-08-06,04:30:00,578.8,0.0,Estable
9925,2026-08-06,04:45:00,579.0,0.2,Creciente
9926,2026-08-06,05:00:00,579.0,0.0,Estable
9927,2026-08-06,05:15:00,579.1,0.1,Creciente
9928,2026-08-06,05:30:00,579.5,0.4,Creciente
9929,2026-08-06,05:45:00,579.6,0.1,Creciente
9930,2026-08-06,06:00:00,579.7,0.1,Creciente
9931,2026-08-06,06:15:00,579.6,-0.1,Descendente
9932,2026-08-06,06:30:00,579.5,-0.1,Descendente
9933,2026-08-06,06:45:00,579.4,-0.1,Descendente
9934,2026-08-06,07:00:00,579.3,-0.1,Descendente
9935,2026-08-06,07:15:00,579.2,-0.1,Descendente
9936,2026-08-06,07:30:00,579.3,0.1,Creciente
9937,2026-08-06,07:45:00,579.2,-0.1,Descendente
9938,2026-08-06,08:00:00,579.2,0.0,Estable
9939,2026-08-06,08:15:00,579.0,-0.2,Descendente
9940,2026-08-06,08:30:00,579.1,0.1,Creciente
9941,2026-08-06,08:45:00,579.0,-0.1,Descendente
9942,2026-08-06,09:00:00,579.1,0.1,Creciente
9943,2026-08-06,09:15:00,579.0,-0.1,Descendente
9944,2026-08-06,09:30:00,578.9,-0.1,Descendente
9945,2026-08-06,09:45:00,578.9,0.0,Estable
9946,2026-08-06,10:00:00,578.9,0.0,Estable
9947,2026-08-06,10:15:00,578.8,-0.1,Descendente
9948,2026-08-06,10:30:00,578.6,-0.2,Descendente
9949,2026-08-06,10:45:00,578.5,-0.1,Descendente
9950,2026-08-06,11:00:00,578.3,-0.2,Descendente
9951,2026-08-06,11:15:00,578.2,-0.1,Descendente
9952,2026-08-06,11:30:00,578.1,-0.1,Descendente
9953,2026-08-06,11:45:00,577.9,-0.2,Descendente
9954,2026-08-06,12:00:00,577.5,-0.4,Descendente
9955,2026-08-06,12:15:00,577.4,-0.1,Descendente
9956,2026-08-06,12:30:00,577.1,-0.3,Descendente
9957,2026-08-06,12:45:00,576.8,-0.3,Descendente
9958,2026-08-06,13:00:00,576.5,-0.3,Descendente
9959,2026-08-06,13:15:00,576.2,-0.3,Descendente
9960,2026-08-06,13:30:00,576.0,-0.2,Descendente
9961,2026-08-06,13:45:00,576.1,0.1,Creciente
9962,2026-08-06,14:00:00,576.1,0.0,Estable
9963,2026-08-06,14:15:00,576.1,0.0,Estable
9964,2026-08-06,14:30:00,576.1,0.0,Estable
9965,2026-08-06,14:45:00,576.1,0.0,Estable
9966,2026-08-06,15:00:00,576.3,0.2,Creciente
9967,2026-08-06,15:15:00,576.4,0.1,Creciente
9968,2026-08-06,15:30:00,577.1,0.7,Creciente
9969,2026-08-06,15:45:00,577.4,0.3,Creciente
9970,2026-08-06,16:00:00,577.6,0.2,Creciente
9971,2026-08-06,16:15:00,577.8,0.2,Creciente
9972,2026-08-06,16:30:00,578.2,0.4,Creciente
9973,2026-08-06,16:45:00,578.4,0.2,Creciente
9974,2026-08-06,17:00:00,578.5,0.1,Creciente
9975,2026-08-06,17:15:00,578.5,0.0,Estable
9976,2026-08-06,17:30:00,578.7,0.2,Creciente
9977,2026-08-06,17:45:00,578.9,0.2,Creciente
9978,2026-08-06,18:00:00,578.9,0.0,Estable
9979,2026-08-06,18:15:00,579.0,0.1,Creciente
9980,2026-08-06,18:30:00,579.2,0.2,Creciente
9981,2026-08-06,18:45:00,579.3,0.1,Creciente
9982,2026-08-06,19:00:00,579.2,-0.1,Descendente
9983,2026-08-06,19:15:00,579.4,0.2,Creciente
9984,2026-08-06,19:30:00,579.4,0.0,Estable
9985,2026-08-06,19:45:00,579.7,0.3,Creciente
9986,2026-08-06,20:00:00,579.7,0.0,Estable
9987,2026-08-06,20:15:00,579.7,0.0,Estable
9988,2026-08-06,20:30:00,579.6,-0.1,Descendente
9989,2026-08-06,20:45:00,579.6,0.0,Estable
9990,2026-08-06,21:00:00,579.6,0.0,Estable
9991,2026-08-06,21:15:00,579.7,0.1,Creciente
9992,2026-08-06,21:30:00,579.8,0.1,Creciente
9993,2026-08-06,21:45:00,579.8,0.0,Estable
9994,2026-08-06,22:00:00,579.8,0.0,Estable
9995,2026-08-06,22:15:00,579.9,0.1,Creciente
9996,2026-08-06,22:30:00,579.9,0.0,Estable
9997,2026-08-06,22:45:00,579.8,-0.1,Descendente
9998,2026-08-06,23:00:00,579.7,-0.1,Descendente
9999,2026-08-06,23:15:00,579.5,-0.2,Descendente
10000,2026-08-06,23:30:00,579.5,0.0,Estable
10001,2026-08-06,23:45:00,579.4,-0.1,Descendente
10002,2026-08-07,00:15:00,579.0,-0.4,Descendente
10003,2026-08-07,00:30:00,579.1,0.1,Creciente
10004,2026-08-07,00:45:00,578.9,-0.2,Descendente
10005,2026-08-07,01:00:00,578.9,0.0,Estable
10006,2026-08-07,01:15:00,578.7,-0.2,Descendente
10007,2026-08-07,01:30:00,578.6,-0.1,Descendente
10008,2026-08-07,01:45:00,578.7,0.1,Creciente
10009,2026-08-07,02:00:00,578.8,0.1,Creciente
10010,2026-08-07,02:15:00,578.6,-0.2,Descendente
10011,2026-08-07,02:30:00,578.7,0.1,Creciente
10012,2026-08-07,02:45:00,578.8,0.1,Creciente
10013,2026-08-07,03:00:00,578.6,-0.2,Descendente
10014,2026-08-07,03:15:00,578.7,0.1,Creciente
10015,2026-08-07,03:30:00,578.6,-0.1,Descendente
10016,2026-08-07,03:45:00,578.8,0.2,Creciente
10017,2026-08-07,04:00:00,578.9,0.1,Creciente
10018,2026-08-07,04:15:00,578.9,0.0,Estable
10019,2026-08-07,04:30:00,578.9,0.0,Estable
10020,2026-08-07,04:45:00,579.1,0.2,Creciente
10021,2026-08-07,05:00:00,579.1,0.0,Estable
10022,2026-08-07,05:15:00,579.0,-0.1,Descendente
10023,2026-08-07,05:30:00,579.1,0.1,Creciente
10024,2026-08-07,05:45:00,579.1,0.0,Estable
10025,2026-08-07,06:00:00,579.1,0.0,Estable
10026,2026-08-07,06:15:00,579.2,0.1,Creciente
10027,2026-08-07,06:30:00,579.2,0.0,Estable
10028,2026-08-07,06:45:00,579.3,0.1,Creciente
10029,2026-08-07,07:00:00,579.2,-0.1,Descendente
10030,2026-08-07,07:15:00,579.3,0.1,Creciente
10031,2026-08-07,07:30:00,579.3,0.0,Estable
10032,2026-08-07,07:45:00,579.4,0.1,Creciente
10033,2026-08-07,08:00:00,579.4,0.0,Estable
10034,2026-08-07,08:15:00,579.5,0.1,Creciente
10035,2026-08-07,08:30:00,579.3,-0.2,Descendente
10036,2026-08-07,08:45:00,579.1,-0.2,Descendente
10037,2026-08-07,09:00:00,579.1,0.0,Estable
10038,2026-08-07,09:15:00,579.0,-0.1,Descendente
10039,2026-08-07,09:30:00,578.9,-0.1,Descendente
10040,2026-08-07,09:45:00,578.9,0.0,Estable
10041,2026-08-07,10:00:00,578.8,-0.1,Descendente
10042,2026-08-07,10:15:00,578.6,-0.2,Descendente
10043,2026-08-07,10:30:00,578.4,-0.2,Descendente
10044,2026-08-07,10:45:00,578.3,-0.1,Descendente
10045,2026-08-07,11:00:00,578.1,-0.2,Descendente
10046,2026-08-07,11:15:00,577.8,-0.3,Descendente
10047,2026-08-07,11:30:00,577.7,-0.1,Descendente
10048,2026-08-07,11:45:00,577.5,-0.2,Descendente
10049,2026-08-07,12:00:00,577.3,-0.2,Descendente
10050,2026-08-07,12:15:00,577.1,-0.2,Descendente
10051,2026-08-07,12:30:00,576.9,-0.2,Descendente
10052,2026-08-07,12:45:00,576.7,-0.2,Descendente
10053,2026-08-07,13:00:00,576.6,-0.1,Descendente
10054,2026-08-07,13:15:00,576.4,-0.2,Descendente
10055,2026-08-07,13:30:00,576.0,-0.4,Descendente
10056,2026-08-07,13:45:00,575.8,-0.2,Descendente
10057,2026-08-07,14:00:00,575.9,0.1,Creciente
10058,2026-08-07,14:15:00,575.9,0.0,Estable
10059,2026-08-07,14:30:00,576.6,0.7,Creciente
10060,2026-08-07,14:45:00,576.6,0.0,Estable
10061,2026-08-07,15:00:00,576.7,0.1,Creciente
10062,2026-08-07,15:15:00,576.7,0.0,Estable
10063,2026-08-07,15:30:00,577.0,0.3,Creciente
10064,2026-08-07,15:45:00,577.4,0.4,Creciente
10065,2026-08-07,16:00:00,577.7,0.3,Creciente
10066,2026-08-07,16:15:00,577.9,0.2,Creciente
10067,2026-08-07,16:30:00,578.0,0.1,Creciente
10068,2026-08-07,16:45:00,578.4,0.4,Creciente
10069,2026-08-07,17:00:00,578.5,0.1,Creciente
10070,2026-08-07,17:15:00,578.6,0.1,Creciente
10071,2026-08-07,17:30:00,578.7,0.1,Creciente
10072,2026-08-07,17:45:00,578.9,0.2,Creciente
10073,2026-08-07,18:00:00,579.0,0.1,Creciente
10074,2026-08-07,18:15:00,579.1,0.1,Creciente
10075,2026-08-07,18:30:00,579.3,0.2,Creciente
10076,2026-08-07,18:45:00,579.3,0.0,Estable
10077,2026-08-07,19:00:00,579.3,0.0,Estable
10078,2026-08-07,19:15:00,579.4,0.1,Creciente
10079,2026-08-07,19:30:00,579.5,0.1,Creciente
10080,2026-08-07,19:45:00,579.6,0.1,Creciente
10081,2026-08-07,20:00:00,579.7,0.1,Creciente
10082,2026-08-07,20:15:00,579.8,0.1,Creciente
10083,2026-08-07,20:30:00,579.8,0.0,Estable
10084,2026-08-07,20:45:00,579.9,0.1,Creciente
10085,2026-08-07,21:00:00,579.9,0.0,Estable
10086,2026-08-07,21:15:00,579.7,-0.2,Descendente
10087,2026-08-07,21:30:00,579.9,0.2,Creciente
10088,2026-08-07,21:45:00,579.7,-0.2,Descendente
10089,2026-08-07,22:00:00,579.7,0.0,Estable
10090,2026-08-07,22:15:00,579.4,-0.3,Descendente
10091,2026-08-07,22:30:00,579.5,0.1,Creciente
10092,2026-08-07,22:45:00,579.4,-0.1,Descendente
10093,2026-08-07,23:00:00,579.3,-0.1,Descendente
10094,2026-08-07,23:15:00,579.3,0.0,Estable
10095,2026-08-07,23:30:00,579.0,-0.3,Descendente
10096,2026-08-07,23:45:00,579.0,0.0,Estable
10097,2026-08-08,00:15:00,578.9,-0.1,Descendente
10098,2026-08-08,00:30:00,578.8,-0.1,Descendente
10099,2026-08-08,00:45:00,578.6,-0.2,Descendente
10100,2026-08-08,01:00:00,578.5,-0.1,Descendente
10101,2026-08-08,01:15:00,578.5,0.0,Estable
10102,2026-08-08,01:30:00,578.3,-0.2,Descendente
10103,2026-08-08,01:45:00,578.5,0.2,Creciente
10104,2026-08-08,02:00:00,578.6,0.1,Creciente
10105,2026-08-08,02:15:00,578.4,-0.2,Descendente
10106,2026-08-08,02:30:00,578.4,0.0,Estable
10107,2026-08-08,02:45:00,578.4,0.0,Estable
10108,2026-08-08,03:00:00,578.4,0.0,Estable
10109,2026-08-08,03:15:00,578.4,0.0,Estable
10110,2026-08-08,03:30:00,578.4,0.0,Estable
10111,2026-08-08,03:45:00,578.5,0.1,Creciente
10112,2026-08-08,04:00:00,578.6,0.1,Creciente
10113,2026-08-08,04:15:00,578.7,0.1,Creciente
10114,2026-08-08,04:30:00,578.9,0.2,Creciente
10115,2026-08-08,04:45:00,579.1,0.2,Creciente
10116,2026-08-08,05:00:00,579.2,0.1,Creciente
10117,2026-08-08,05:15:00,579.2,0.0,Estable
10118,2026-08-08,05:30:00,579.3,0.1,Creciente
10119,2026-08-08,05:45:00,579.5,0.2,Creciente
10120,2026-08-08,06:00:00,579.7,0.2,Creciente
10121,2026-08-08,06:15:00,579.8,0.1,Creciente
10122,2026-08-08,06:30:00,579.7,-0.1,Descendente
10123,2026-08-08,06:45:00,579.8,0.1,Creciente
10124,2026-08-08,07:00:00,580.0,0.2,Creciente
10125,2026-08-08,07:15:00,580.0,0.0,Estable
10126,2026-08-08,07:30:00,580.0,0.0,Estable
10127,2026-08-08,07:45:00,579.9,-0.1,Descendente
10128,2026-08-08,08:00:00,579.9,0.0,Estable
10129,2026-08-08,08:15:00,579.8,-0.1,Descendente
10130,2026-08-08,08:30:00,579.8,0.0,Estable
10131,2026-08-08,08:45:00,579.7,-0.1,Descendente
10132,2026-08-08,09:00:00,579.3,-0.4,Descendente
10133,2026-08-08,09:15:00,579.2,-0.1,Descendente
10134,2026-08-08,09:30:00,579.1,-0.1,Descendente
10135,2026-08-08,09:45:00,578.9,-0.2,Descendente
10136,2026-08-08,10:00:00,578.7,-0.2,Descendente
10137,2026-08-08,10:15:00,578.6,-0.1,Descendente
10138,2026-08-08,10:30:00,578.4,-0.2,Descendente
10139,2026-08-08,10:45:00,578.4,0.0,Estable
10140,2026-08-08,11:00:00,578.1,-0.3,Descendente
10141,2026-08-08,11:15:00,578.0,-0.1,Descendente
10142,2026-08-08,11:30:00,577.8,-0.2,Descendente
10143,2026-08-08,11:45:00,577.6,-0.2,Descendente
10144,2026-08-08,12:00:00,577.5,-0.1,Descendente
10145,2026-08-08,12:15:00,577.2,-0.3,Descendente
10146,2026-08-08,12:30:00,577.0,-0.2,Descendente
10147,2026-08-08,12:45:00,576.7,-0.3,Descendente
10148,2026-08-08,13:00:00,576.5,-0.2,Descendente
10149,2026-08-08,13:15:00,576.5,0.0,Estable
10150,2026-08-08,13:30:00,576.4,-0.1,Descendente
10151,2026-08-08,13:45:00,576.3,-0.1,Descendente
10152,2026-08-08,14:00:00,576.2,-0.1,Descendente
10153,2026-08-08,14:15:00,575.9,-0.3,Descendente
10154,2026-08-08,14:30:00,575.6,-0.3,Descendente
10155,2026-08-08,14:45:00,575.5,-0.1,Descendente
10156,2026-08-08,15:00:00,575.4,-0.1,Descendente
10157,2026-08-08,15:15:00,575.4,0.0,Estable
10158,2026-08-08,15:30:00,575.4,0.0,Estable
10159,2026-08-08,15:45:00,575.5,0.1,Creciente
10160,2026-08-08,16:00:00,575.5,0.0,Estable
10161,2026-08-08,16:15:00,575.6,0.1,Creciente
10162,2026-08-08,16:30:00,576.0,0.4,Creciente
10163,2026-08-08,16:45:00,576.5,0.5,Creciente
10164,2026-08-08,17:00:00,576.7,0.2,Creciente
10165,2026-08-08,17:15:00,576.8,0.1,Creciente
10166,2026-08-08,17:30:00,576.9,0.1,Creciente
10167,2026-08-08,17:45:00,577.0,0.1,Creciente
10168,2026-08-08,18:00:00,577.2,0.2,Creciente
10169,2026-08-08,18:15:00,577.5,0.3,Creciente
10170,2026-08-08,18:30:00,577.8,0.3,Creciente
10171,2026-08-08,18:45:00,578.1,0.3,Creciente
10172,2026-08-08,19:00:00,578.2,0.1,Creciente
10173,2026-08-08,19:15:00,578.4,0.2,Creciente
10174,2026-08-08,19:30:00,578.6,0.2,Creciente
10175,2026-08-08,19:45:00,578.8,0.2,Creciente
10176,2026-08-08,20:00:00,578.9,0.1,Creciente
10177,2026-08-08,20:15:00,579.1,0.2,Creciente
10178,2026-08-08,20:30:00,579.2,0.1,Creciente
10179,2026-08-08,20:45:00,579.3,0.1,Creciente
10180,2026-08-08,21:00:00,579.3,0.0,Estable
10181,2026-08-08,21:15:00,579.3,0.0,Estable
10182,2026-08-08,21:30:00,579.2,-0.1,Descendente
10183,2026-08-08,21:45:00,579.1,-0.1,Descendente
10184,2026-08-08,22:00:00,579.0,-0.1,Descendente
10185,2026-08-08,22:15:00,578.9,-0.1,Descendente
10186,2026-08-08,22:30:00,578.7,-0.2,Descendente
10187,2026-08-08,22:45:00,578.6,-0.1,Descendente
10188,2026-08-08,23:00:00,578.4,-0.2,Descendente
10189,2026-08-08,23:15:00,578.5,0.1,Creciente
10190,2026-08-08,23:30:00,578.5,0.0,Estable
10191,2026-08-08,23:45:00,578.4,-0.1,Descendente
10192,2026-08-09,00:15:00,578.3,-0.1,Descendente
10193,2026-08-09,00:30:00,578.3,0.0,Estable
10194,2026-08-09,00:45:00,578.2,-0.1,Descendente
10195,2026-08-09,01:00:00,578.3,0.1,Creciente
10196,2026-08-09,01:15:00,578.3,0.0,Estable
10197,2026-08-09,01:30:00,578.4,0.1,Creciente
10198,2026-08-09,01:45:00,578.4,0.0,Estable
10199,2026-08-09,02:00:00,578.3,-0.1,Descendente
10200,2026-08-09,02:15:00,578.4,0.1,Creciente
10201,2026-08-09,02:30:00,578.4,0.0,Estable
10202,2026-08-09,02:45:00,578.4,0.0,Estable
10203,2026-08-09,03:00:00,578.3,-0.1,Descendente
10204,2026-08-09,03:15:00,578.4,0.1,Creciente
10205,2026-08-09,03:30:00,578.3,-0.1,Descendente
10206,2026-08-09,03:45:00,578.4,0.1,Creciente
10207,2026-08-09,04:00:00,578.4,0.0,Estable
10208,2026-08-09,04:15:00,578.5,0.1,Creciente
10209,2026-08-09,04:30:00,578.6,0.1,Creciente
10210,2026-08-09,04:45:00,578.6,0.0,Estable
10211,2026-08-09,05:00:00,578.7,0.1,Creciente
10212,2026-08-09,05:15:00,578.8,0.1,Creciente
10213,2026-08-09,05:30:00,578.9,0.1,Creciente
10214,2026-08-09,05:45:00,579.0,0.1,Creciente
10215,2026-08-09,06:00:00,578.9,-0.1,Descendente
10216,2026-08-09,06:15:00,578.9,0.0,Estable
10217,2026-08-09,06:30:00,578.9,0.0,Estable
10218,2026-08-09,06:45:00,579.0,0.1,Creciente
10219,2026-08-09,07:00:00,579.1,0.1,Creciente
10220,2026-08-09,07:15:00,579.0,-0.1,Descendente
10221,2026-08-09,07:30:00,579.0,0.0,Estable
10222,2026-08-09,07:45:00,579.0,0.0,Estable
10223,2026-08-09,08:00:00,579.0,0.0,Estable
10224,2026-08-09,08:15:00,579.0,0.0,Estable
10225,2026-08-09,08:30:00,578.9,-0.1,Descendente
10226,2026-08-09,08:45:00,578.8,-0.1,Descendente
10227,2026-08-09,09:00:00,578.7,-0.1,Descendente
10228,2026-08-09,09:15:00,578.5,-0.2,Descendente
10229,2026-08-09,09:30:00,578.4,-0.1,Descendente
10230,2026-08-09,09:45:00,578.4,0.0,Estable
10231,2026-08-09,10:00:00,578.3,-0.1,Descendente
10232,2026-08-09,10:15:00,578.1,-0.2,Descendente
10233,2026-08-09,10:30:00,578.0,-0.1,Descendente
10234,2026-08-09,10:45:00,577.7,-0.3,Descendente
10235,2026-08-09,11:00:00,577.6,-0.1,Descendente
10236,2026-08-09,11:15:00,577.5,-0.1,Descendente
10237,2026-08-09,11:30:00,577.3,-0.2,Descendente
10238,2026-08-09,11:45:00,577.2,-0.1,Descendente
10239,2026-08-09,12:00:00,576.9,-0.3,Descendente
10240,2026-08-09,12:15:00,576.8,-0.1,Descendente
10241,2026-08-09,12:30:00,576.7,-0.1,Descendente
10242,2026-08-09,12:45:00,576.6,-0.1,Descendente
10243,2026-08-09,13:00:00,576.4,-0.2,Descendente
10244,2026-08-09,13:15:00,576.3,-0.1,Descendente
10245,2026-08-09,13:30:00,576.1,-0.2,Descendente
10246,2026-08-09,13:45:00,576.0,-0.1,Descendente
10247,2026-08-09,14:00:00,575.9,-0.1,Descendente
10248,2026-08-09,14:15:00,575.8,-0.1,Descendente
10249,2026-08-09,14:30:00,575.7,-0.1,Descendente
10250,2026-08-09,14:45:00,575.6,-0.1,Descendente
10251,2026-08-09,15:00:00,576.5,0.9,Creciente
10252,2026-08-09,15:15:00,576.5,0.0,Estable
10253,2026-08-09,15:30:00,576.5,0.0,Estable
10254,2026-08-09,15:45:00,576.6,0.1,Creciente
10255,2026-08-09,16:00:00,576.6,0.0,Estable
10256,2026-08-09,16:15:00,576.8,0.2,Creciente
10257,2026-08-09,16:30:00,577.0,0.2,Creciente
10258,2026-08-09,16:45:00,577.0,0.0,Estable
10259,2026-08-09,17:00:00,577.4,0.4,Creciente
10260,2026-08-09,17:15:00,577.5,0.1,Creciente
10261,2026-08-09,17:30:00,577.7,0.2,Creciente
10262,2026-08-09,17:45:00,578.0,0.3,Creciente
10263,2026-08-09,18:00:00,578.2,0.2,Creciente
10264,2026-08-09,18:15:00,578.6,0.4,Creciente
10265,2026-08-09,18:30:00,578.6,0.0,Estable
10266,2026-08-09,18:45:00,578.8,0.2,Creciente
10267,2026-08-09,19:00:00,578.9,0.1,Creciente
10268,2026-08-09,19:15:00,579.2,0.3,Creciente
10269,2026-08-09,19:30:00,579.1,-0.1,Descendente
10270,2026-08-09,19:45:00,579.2,0.1,Creciente
10271,2026-08-09,20:00:00,579.4,0.2,Creciente
10272,2026-08-09,20:15:00,579.6,0.2,Creciente
10273,2026-08-09,20:30:00,579.8,0.2,Creciente
10274,2026-08-09,20:45:00,580.0,0.2,Creciente
10275,2026-08-09,21:00:00,580.0,0.0,Estable
10276,2026-08-09,21:15:00,579.7,-0.3,Descendente
10277,2026-08-09,21:30:00,579.6,-0.1,Descendente
10278,2026-08-09,21:45:00,579.6,0.0,Estable
10279,2026-08-09,22:00:00,579.6,0.0,Estable
10280,2026-08-09,22:15:00,579.6,0.0,Estable
10281,2026-08-09,22:30:00,579.4,-0.2,Descendente
10282,2026-08-09,22:45:00,579.3,-0.1,Descendente
10283,2026-08-09,23:00:00,579.2,-0.1,Descendente
10284,2026-08-09,23:15:00,579.1,-0.1,Descendente
10285,2026-08-09,23:30:00,579.1,0.0,Estable
10286,2026-08-09,23:45:00,579.1,0.0,Estable
10287,2026-08-10,00:15:00,579.1,0.0,Estable
10288,2026-08-10,00:30:00,579.0,-0.1,Descendente
10289,2026-08-10,00:45:00,578.7,-0.3,Descendente
10290,2026-08-10,01:00:00,578.6,-0.1,Descendente
10291,2026-08-10,01:15:00,578.6,0.0,Estable
10292,2026-08-10,01:30:00,578.5,-0.1,Descendente
10293,2026-08-10,01:45:00,578.5,0.0,Estable
10294,2026-08-10,02:00:00,578.6,0.1,Creciente
10295,2026-08-10,02:15:00,578.5,-0.1,Descendente
10296,2026-08-10,02:30:00,578.6,0.1,Creciente
10297,2026-08-10,02:45:00,578.7,0.1,Creciente
10298,2026-08-10,03:00:00,578.7,0.0,Estable
10299,2026-08-10,03:15:00,578.8,0.1,Creciente
10300,2026-08-10,03:30:00,578.9,0.1,Creciente
10301,2026-08-10,03:45:00,579.1,0.2,Creciente
10302,2026-08-10,04:00:00,579.2,0.1,Creciente
10303,2026-08-10,04:15:00,579.2,0.0,Estable
10304,2026-08-10,04:30:00,579.2,0.0,Estable
10305,2026-08-10,04:45:00,579.4,0.2,Creciente
10306,2026-08-10,05:00:00,579.6,0.2,Creciente
10307,2026-08-10,05:15:00,579.8,0.2,Creciente
10308,2026-08-10,05:30:00,579.9,0.1,Creciente
10309,2026-08-10,05:45:00,580.0,0.1,Creciente
10310,2026-08-10,06:00:00,580.0,0.0,Estable
10311,2026-08-10,06:15:00,580.0,0.0,Estable
10312,2026-08-10,06:30:00,580.1,0.1,Creciente
10313,2026-08-10,06:45:00,580.1,0.0,Estable
10314,2026-08-10,07:00:00,580.2,0.1,Creciente
10315,2026-08-10,07:15:00,580.3,0.1,Creciente
10316,2026-08-10,07:30:00,580.1,-0.2,Descendente
10317,2026-08-10,07:45:00,580.0,-0.1,Descendente
10318,2026-08-10,08:00:00,580.0,0.0,Estable
10319,2026-08-10,08:15:00,580.0,0.0,Estable
10320,2026-08-10,08:30:00,580.0,0.0,Estable
10321,2026-08-10,08:45:00,579.9,-0.1,Descendente
10322,2026-08-10,09:00:00,579.8,-0.1,Descendente
10323,2026-08-10,09:15:00,579.8,0.0,Estable
10324,2026-08-10,09:30:00,579.7,-0.1,Descendente
10325,2026-08-10,09:45:00,579.5,-0.2,Descendente
10326,2026-08-10,10:00:00,579.4,-0.1,Descendente
10327,2026-08-10,10:15:00,579.3,-0.1,Descendente
10328,2026-08-10,10:30:00,579.0,-0.3,Descendente
10329,2026-08-10,10:45:00,578.8,-0.2,Descendente
10330,2026-08-10,11:00:00,578.6,-0.2,Descendente
10331,2026-08-10,11:15:00,578.4,-0.2,Descendente
10332,2026-08-10,11:30:00,578.3,-0.1,Descendente
10333,2026-08-10,11:45:00,578.1,-0.2,Descendente
10334,2026-08-10,12:00:00,577.9,-0.2,Descendente
10335,2026-08-10,12:15:00,577.9,0.0,Estable
10336,2026-08-10,12:30:00,577.9,0.0,Estable
10337,2026-08-10,12:45:00,577.8,-0.1,Descendente
10338,2026-08-10,13:00:00,577.8,0.0,Estable
10339,2026-08-10,13:15:00,577.6,-0.2,Descendente
10340,2026-08-10,13:30:00,577.6,0.0,Estable
10341,2026-08-10,13:45:00,577.5,-0.1,Descendente
10342,2026-08-10,14:00:00,577.3,-0.2,Descendente
10343,2026-08-10,14:15:00,577.4,0.1,Creciente
10344,2026-08-10,14:30:00,577.1,-0.3,Descendente
10345,2026-08-10,14:45:00,577.2,0.1,Creciente
10346,2026-08-10,15:00:00,577.3,0.1,Creciente
10347,2026-08-10,15:15:00,577.4,0.1,Creciente
10348,2026-08-10,15:30:00,577.5,0.1,Creciente
10349,2026-08-10,15:45:00,577.5,0.0,Estable
10350,2026-08-10,16:00:00,577.4,-0.1,Descendente
10351,2026-08-10,16:15:00,577.8,0.4,Creciente
10352,2026-08-10,16:30:00,578.1,0.3,Creciente
10353,2026-08-10,16:45:00,578.3,0.2,Creciente
10354,2026-08-10,17:00:00,578.3,0.0,Estable
10355,2026-08-10,17:15:00,578.4,0.1,Creciente
10356,2026-08-10,17:30:00,578.5,0.1,Creciente
10357,2026-08-10,17:45:00,578.9,0.4,Creciente
10358,2026-08-10,18:00:00,579.0,0.1,Creciente
10359,2026-08-10,18:15:00,579.2,0.2,Creciente
10360,2026-08-10,18:30:00,579.3,0.1,Creciente
10361,2026-08-10,18:45:00,579.4,0.1,Creciente
10362,2026-08-10,19:00:00,579.5,0.1,Creciente
10363,2026-08-10,19:15:00,579.8,0.3,Creciente
10364,2026-08-10,19:30:00,580.1,0.3,Creciente
10365,2026-08-10,19:45:00,580.2,0.1,Creciente
10366,2026-08-10,20:00:00,580.4,0.2,Creciente
10367,2026-08-10,20:15:00,580.5,0.1,Creciente
10368,2026-08-10,20:30:00,580.4,-0.1,Descendente
10369,2026-08-10,20:45:00,580.3,-0.1,Descendente
10370,2026-08-10,21:00:00,580.3,0.0,Estable
10371,2026-08-10,21:15:00,580.3,0.0,Estable
10372,2026-08-10,21:30:00,580.2,-0.1,Descendente
10373,2026-08-10,21:45:00,580.3,0.1,Creciente
10374,2026-08-10,22:00:00,580.3,0.0,Estable
10375,2026-08-10,22:15:00,580.0,-0.3,Descendente
10376,2026-08-10,22:30:00,579.9,-0.1,Descendente
10377,2026-08-10,22:45:00,579.8,-0.1,Descendente
10378,2026-08-10,23:00:00,579.8,0.0,Estable
10379,2026-08-10,23:15:00,579.8,0.0,Estable
10380,2026-08-10,23:30:00,579.8,0.0,Estable
10381,2026-08-10,23:45:00,579.9,0.1,Creciente
10382,2026-08-12,00:15:00,579.3,-0.6,Descendente
10383,2026-08-12,00:30:00,579.1,-0.2,Descendente
10384,2026-08-12,00:45:00,579.2,0.1,Creciente
10385,2026-08-12,01:00:00,579.2,0.0,Estable
10386,2026-08-12,01:15:00,579.1,-0.1,Descendente
10387,2026-08-12,01:30:00,579.1,0.0,Estable
10388,2026-08-12,01:45:00,579.0,-0.1,Descendente
10389,2026-08-12,02:00:00,578.8,-0.2,Descendente
10390,2026-08-12,02:15:00,578.8,0.0,Estable
10391,2026-08-12,02:30:00,578.8,0.0,Estable
10392,2026-08-12,02:45:00,578.8,0.0,Estable
10393,2026-08-12,03:00:00,578.6,-0.2,Descendente
10394,2026-08-12,03:15:00,578.6,0.0,Estable
10395,2026-08-12,03:30:00,578.5,-0.1,Descendente
10396,2026-08-12,03:45:00,578.4,-0.1,Descendente
10397,2026-08-12,04:00:00,578.5,0.1,Creciente
10398,2026-08-12,04:15:00,578.3,-0.2,Descendente
10399,2026-08-12,04:30:00,578.4,0.1,Creciente
10400,2026-08-12,04:45:00,578.5,0.1,Creciente
10401,2026-08-12,05:00:00,578.4,-0.1,Descendente
10402,2026-08-12,05:15:00,578.6,0.2,Creciente
10403,2026-08-12,05:30:00,578.7,0.1,Creciente
10404,2026-08-12,05:45:00,578.7,0.0,Estable
10405,2026-08-12,06:00:00,578.7,0.0,Estable
10406,2026-08-12,06:15:00,578.9,0.2,Creciente
10407,2026-08-12,06:30:00,578.8,-0.1,Descendente
10408,2026-08-12,06:45:00,578.9,0.1,Creciente
10409,2026-08-12,07:00:00,579.0,0.1,Creciente
10410,2026-08-12,07:15:00,579.1,0.1,Creciente
10411,2026-08-12,07:30:00,579.2,0.1,Creciente
10412,2026-08-12,07:45:00,579.4,0.2,Creciente
10413,2026-08-12,08:00:00,579.4,0.0,Estable
10414,2026-08-12,08:15:00,579.3,-0.1,Descendente
10415,2026-08-12,08:30:00,579.4,0.1,Creciente
10416,2026-08-12,08:45:00,579.4,0.0,Estable
10417,2026-08-12,09:00:00,579.3,-0.1,Descendente
10418,2026-08-12,09:15:00,579.3,0.0,Estable
10419,2026-08-12,09:30:00,579.3,0.0,Estable
10420,2026-08-12,09:45:00,579.3,0.0,Estable
10421,2026-08-12,10:00:00,579.3,0.0,Estable
10422,2026-08-12,10:15:00,579.2,-0.1,Descendente
10423,2026-08-12,10:30:00,579.1,-0.1,Descendente
10424,2026-08-12,10:45:00,579.0,-0.1,Descendente
10425,2026-08-12,11:00:00,578.9,-0.1,Descendente
10426,2026-08-12,11:15:00,578.9,0.0,Estable
10427,2026-08-12,11:30:00,578.8,-0.1,Descendente
10428,2026-08-12,11:45:00,578.7,-0.1,Descendente
10429,2026-08-12,12:00:00,578.7,0.0,Estable
10430,2026-08-12,12:15:00,578.4,-0.3,Descendente
10431,2026-08-12,12:30:00,578.3,-0.1,Descendente
10432,2026-08-12,12:45:00,578.2,-0.1,Descendente
10433,2026-08-12,13:00:00,577.9,-0.3,Descendente
10434,2026-08-12,13:15:00,577.6,-0.3,Descendente
10435,2026-08-12,13:30:00,577.6,0.0,Estable
10436,2026-08-12,13:45:00,577.4,-0.2,Descendente
10437,2026-08-12,14:00:00,577.2,-0.2,Descendente
10438,2026-08-12,14:15:00,577.0,-0.2,Descendente
10439,2026-08-12,14:30:00,576.8,-0.2,Descendente
10440,2026-08-12,14:45:00,576.7,-0.1,Descendente
10441,2026-08-12,15:00:00,576.5,-0.2,Descendente
10442,2026-08-12,15:15:00,576.3,-0.2,Descendente
10443,2026-08-12,15:30:00,576.1,-0.2,Descendente
10444,2026-08-12,15:45:00,575.9,-0.2,Descendente
10445,2026-08-12,16:00:00,575.7,-0.2,Descendente
10446,2026-08-12,16:15:00,575.6,-0.1,Descendente
10447,2026-08-12,16:30:00,575.4,-0.2,Descendente
10448,2026-08-12,16:45:00,575.2,-0.2,Descendente
10449,2026-08-12,17:00:00,575.1,-0.1,Descendente
10450,2026-08-12,17:15:00,575.0,-0.1,Descendente
10451,2026-08-12,17:30:00,574.9,-0.1,Descendente
10452,2026-08-12,17:45:00,575.0,0.1,Creciente
10453,2026-08-12,18:00:00,575.1,0.1,Creciente
10454,2026-08-12,18:15:00,575.1,0.0,Estable
10455,2026-08-12,18:30:00,575.3,0.2,Creciente
10456,2026-08-12,18:45:00,575.5,0.2,Creciente
10457,2026-08-12,19:00:00,575.6,0.1,Creciente
10458,2026-08-12,19:15:00,575.5,-0.1,Descendente
10459,2026-08-12,19:30:00,575.9,0.4,Creciente
10460,2026-08-12,19:45:00,576.0,0.1,Creciente
10461,2026-08-12,20:00:00,576.4,0.4,Creciente
10462,2026-08-12,20:15:00,576.5,0.1,Creciente
10463,2026-08-12,20:30:00,577.0,0.5,Creciente
10464,2026-08-12,20:45:00,577.4,0.4,Creciente
10465,2026-08-12,21:00:00,577.6,0.2,Creciente
10466,2026-08-12,21:15:00,577.9,0.3,Creciente
10467,2026-08-12,21:30:00,578.1,0.2,Creciente
10468,2026-08-12,21:45:00,578.2,0.1,Creciente
10469,2026-08-12,22:00:00,578.3,0.1,Creciente
10470,2026-08-12,22:15:00,578.6,0.3,Creciente
10471,2026-08-12,22:30:00,578.8,0.2,Creciente
10472,2026-08-12,22:45:00,578.7,-0.1,Descendente
10473,2026-08-12,23:00:00,578.7,0.0,Estable
10474,2026-08-12,23:15:00,578.7,0.0,Estable
10475,2026-08-12,23:30:00,578.6,-0.1,Descendente
10476,2026-08-12,23:45:00,578.7,0.1,Creciente
10477,2026-08-13,00:15:00,578.7,0.0,Estable
10478,2026-08-13,00:30:00,578.6,-0.1,Descendente
10479,2026-08-13,00:45:00,578.5,-0.1,Descendente
10480,2026-08-13,01:00:00,578.5,0.0,Estable
10481,2026-08-13,01:15:00,578.4,-0.1,Descendente
10482,2026-08-13,01:30:00,578.4,0.0,Estable
10483,2026-08-13,01:45:00,578.4,0.0,Estable
10484,2026-08-13,02:00:00,578.2,-0.2,Descendente
10485,2026-08-13,02:15:00,578.2,0.0,Estable
10486,2026-08-13,02:30:00,578.2,0.0,Estable
10487,2026-08-13,02:45:00,578.1,-0.1,Descendente
10488,2026-08-13,03:00:00,577.9,-0.2,Descendente
10489,2026-08-13,03:15:00,578.0,0.1,Creciente
10490,2026-08-13,03:30:00,578.1,0.1,Creciente
10491,2026-08-13,03:45:00,578.1,0.0,Estable
10492,2026-08-13,04:00:00,578.1,0.0,Estable
10493,2026-08-13,04:15:00,578.0,-0.1,Descendente
10494,2026-08-13,04:30:00,577.9,-0.1,Descendente
10495,2026-08-13,04:45:00,578.0,0.1,Creciente
10496,2026-08-13,05:00:00,578.1,0.1,Creciente
10497,2026-08-13,05:15:00,578.3,0.2,Creciente
10498,2026-08-13,05:30:00,578.4,0.1,Creciente
10499,2026-08-13,05:45:00,578.3,-0.1,Descendente
10500,2026-08-13,06:00:00,578.4,0.1,Creciente
10501,2026-08-13,06:15:00,578.4,0.0,Estable
10502,2026-08-13,06:30:00,578.5,0.1,Creciente
10503,2026-08-13,06:45:00,578.7,0.2,Creciente
10504,2026-08-13,07:00:00,578.8,0.1,Creciente
10505,2026-08-13,07:15:00,578.9,0.1,Creciente
10506,2026-08-13,07:30:00,579.0,0.1,Creciente
10507,2026-08-13,07:45:00,579.0,0.0,Estable
10508,2026-08-13,08:00:00,579.1,0.1,Creciente
10509,2026-08-13,08:15:00,579.3,0.2,Creciente
10510,2026-08-13,08:30:00,579.3,0.0,Estable
10511,2026-08-13,08:45:00,579.4,0.1,Creciente
10512,2026-08-13,09:00:00,579.4,0.0,Estable
10513,2026-08-13,09:15:00,579.4,0.0,Estable
10514,2026-08-13,09:30:00,579.5,0.1,Creciente
10515,2026-08-13,09:45:00,579.5,0.0,Estable
10516,2026-08-13,10:00:00,579.4,-0.1,Descendente
10517,2026-08-13,10:15:00,579.3,-0.1,Descendente
10518,2026-08-13,10:30:00,579.3,0.0,Estable
10519,2026-08-13,10:45:00,579.1,-0.2,Descendente
10520,2026-08-13,11:00:00,579.0,-0.1,Descendente
10521,2026-08-13,11:15:00,578.8,-0.2,Descendente
10522,2026-08-13,11:30:00,578.7,-0.1,Descendente
10523,2026-08-13,11:45:00,578.5,-0.2,Descendente
10524,2026-08-13,12:00:00,578.3,-0.2,Descendente
10525,2026-08-13,12:15:00,578.2,-0.1,Descendente
10526,2026-08-13,12:30:00,578.1,-0.1,Descendente
10527,2026-08-13,12:45:00,577.8,-0.3,Descendente
10528,2026-08-13,13:00:00,577.6,-0.2,Descendente
10529,2026-08-13,13:15:00,577.4,-0.2,Descendente
10530,2026-08-13,13:30:00,577.3,-0.1,Descendente
10531,2026-08-13,13:45:00,577.2,-0.1,Descendente
10532,2026-08-13,14:00:00,577.2,0.0,Estable
10533,2026-08-13,14:15:00,577.0,-0.2,Descendente
10534,2026-08-13,14:30:00,576.7,-0.3,Descendente
10535,2026-08-13,14:45:00,576.5,-0.2,Descendente
10536,2026-08-13,15:00:00,576.3,-0.2,Descendente
10537,2026-08-13,15:15:00,575.9,-0.4,Descendente
10538,2026-08-13,15:30:00,575.6,-0.3,Descendente
10539,2026-08-13,15:45:00,575.8,0.2,Creciente
10540,2026-08-13,16:00:00,575.8,0.0,Estable
10541,2026-08-13,16:15:00,575.7,-0.1,Descendente
10542,2026-08-13,16:30:00,575.7,0.0,Estable
10543,2026-08-13,16:45:00,575.7,0.0,Estable
10544,2026-08-13,17:00:00,576.0,0.3,Creciente
10545,2026-08-13,17:15:00,576.5,0.5,Creciente
10546,2026-08-13,17:30:00,576.8,0.3,Creciente
10547,2026-08-13,17:45:00,577.1,0.3,Creciente
10548,2026-08-13,18:00:00,577.1,0.0,Estable
10549,2026-08-13,18:15:00,577.4,0.3,Creciente
10550,2026-08-13,18:30:00,577.3,-0.1,Descendente
10551,2026-08-13,18:45:00,577.3,0.0,Estable
10552,2026-08-13,19:00:00,577.6,0.3,Creciente
10553,2026-08-13,19:15:00,577.7,0.1,Creciente
10554,2026-08-13,19:30:00,577.9,0.2,Creciente
10555,2026-08-13,19:45:00,578.5,0.6,Creciente
10556,2026-08-13,20:00:00,579.3,0.8,Creciente
10557,2026-08-13,20:15:00,579.5,0.2,Creciente
10558,2026-08-13,20:30:00,579.7,0.2,Creciente
10559,2026-08-13,20:45:00,579.7,0.0,Estable
10560,2026-08-13,21:00:00,579.7,0.0,Estable
10561,2026-08-13,21:15:00,579.9,0.2,Creciente
10562,2026-08-13,21:30:00,579.9,0.0,Estable
10563,2026-08-13,21:45:00,579.7,-0.2,Descendente
10564,2026-08-13,22:00:00,579.8,0.1,Creciente
10565,2026-08-13,22:15:00,580.1,0.3,Creciente
10566,2026-08-13,22:30:00,580.2,0.1,Creciente
10567,2026-08-13,22:45:00,580.2,0.0,Estable
10568,2026-08-13,23:00:00,580.1,-0.1,Descendente
10569,2026-08-13,23:15:00,580.1,0.0,Estable
10570,2026-08-13,23:30:00,579.9,-0.2,Descendente
10571,2026-08-13,23:45:00,579.8,-0.1,Descendente
10572,2026-08-14,00:15:00,579.8,0.0,Estable
10573,2026-08-14,00:30:00,579.7,-0.1,Descendente
10574,2026-08-14,00:45:00,579.7,0.0,Estable
10575,2026-08-14,01:00:00,579.7,0.0,Estable
10576,2026-08-14,01:15:00,579.7,0.0,Estable
10577,2026-08-14,01:30:00,579.6,-0.1,Descendente
10578,2026-08-14,01:45:00,579.4,-0.2,Descendente
10579,2026-08-14,02:00:00,579.2,-0.2,Descendente
10580,2026-08-14,02:15:00,579.1,-0.1,Descendente
10581,2026-08-14,02:30:00,579.1,0.0,Estable
10582,2026-08-14,02:45:00,578.9,-0.2,Descendente
10583,2026-08-14,03:00:00,579.0,0.1,Creciente
10584,2026-08-14,03:15:00,578.9,-0.1,Descendente
10585,2026-08-14,03:30:00,579.0,0.1,Creciente
10586,2026-08-14,03:45:00,578.9,-0.1,Descendente
10587,2026-08-14,04:00:00,578.8,-0.1,Descendente
10588,2026-08-14,04:15:00,578.7,-0.1,Descendente
10589,2026-08-14,04:30:00,578.9,0.2,Creciente
10590,2026-08-14,04:45:00,579.1,0.2,Creciente
10591,2026-08-14,05:00:00,579.1,0.0,Estable
10592,2026-08-14,05:15:00,579.4,0.3,Creciente
10593,2026-08-14,05:30:00,579.5,0.1,Creciente
10594,2026-08-14,05:45:00,579.6,0.1,Creciente
10595,2026-08-14,06:00:00,579.6,0.0,Estable
10596,2026-08-14,06:15:00,579.5,-0.1,Descendente
10597,2026-08-14,06:30:00,579.5,0.0,Estable
10598,2026-08-14,06:45:00,579.5,0.0,Estable
10599,2026-08-14,07:00:00,579.6,0.1,Creciente
10600,2026-08-14,07:15:00,579.7,0.1,Creciente
10601,2026-08-14,07:30:00,579.7,0.0,Estable
10602,2026-08-14,07:45:00,579.9,0.2,Creciente
10603,2026-08-14,08:00:00,580.0,0.1,Creciente
10604,2026-08-14,08:15:00,580.1,0.1,Creciente
10605,2026-08-14,08:30:00,580.1,0.0,Estable
10606,2026-08-14,08:45:00,580.1,0.0,Estable
10607,2026-08-14,09:00:00,580.3,0.2,Creciente
10608,2026-08-14,09:15:00,580.3,0.0,Estable
10609,2026-08-14,09:30:00,580.5,0.2,Creciente
10610,2026-08-14,09:45:00,580.5,0.0,Estable
10611,2026-08-14,10:00:00,580.4,-0.1,Descendente
10612,2026-08-14,10:15:00,580.4,0.0,Estable
10613,2026-08-14,10:30:00,580.3,-0.1,Descendente
10614,2026-08-14,10:45:00,580.4,0.1,Creciente
10615,2026-08-14,11:00:00,580.3,-0.1,Descendente
10616,2026-08-14,11:15:00,580.1,-0.2,Descendente
10617,2026-08-14,11:30:00,580.0,-0.1,Descendente
10618,2026-08-14,11:45:00,579.8,-0.2,Descendente
10619,2026-08-14,12:00:00,579.8,0.0,Estable
10620,2026-08-14,12:15:00,579.5,-0.3,Descendente
10621,2026-08-14,12:30:00,579.2,-0.3,Descendente
10622,2026-08-14,12:45:00,579.1,-0.1,Descendente
10623,2026-08-14,13:00:00,579.1,0.0,Estable
10624,2026-08-14,13:15:00,579.0,-0.1,Descendente
10625,2026-08-14,13:30:00,578.8,-0.2,Descendente
10626,2026-08-14,13:45:00,578.4,-0.4,Descendente
10627,2026-08-14,14:00:00,578.4,0.0,Estable
10628,2026-08-14,14:15:00,578.1,-0.3,Descendente
10629,2026-08-14,14:30:00,577.9,-0.2,Descendente
10630,2026-08-14,14:45:00,577.5,-0.4,Descendente
10631,2026-08-14,15:00:00,577.4,-0.1,Descendente
10632,2026-08-14,15:15:00,577.4,0.0,Estable
10633,2026-08-14,15:30:00,577.3,-0.1,Descendente
10634,2026-08-14,15:45:00,577.0,-0.3,Descendente
10635,2026-08-14,16:00:00,577.0,0.0,Estable
10636,2026-08-14,16:15:00,577.0,0.0,Estable
10637,2026-08-14,16:30:00,577.3,0.3,Creciente
10638,2026-08-14,16:45:00,577.9,0.6,Creciente
10639,2026-08-14,17:00:00,578.3,0.4,Creciente
10640,2026-08-14,17:15:00,578.4,0.1,Creciente
10641,2026-08-14,17:30:00,578.2,-0.2,Descendente
10642,2026-08-14,17:45:00,578.2,0.0,Estable
10643,2026-08-14,18:00:00,578.3,0.1,Creciente
10644,2026-08-14,18:15:00,578.5,0.2,Creciente
10645,2026-08-14,18:30:00,578.6,0.1,Creciente
10646,2026-08-14,18:45:00,578.9,0.3,Creciente
10647,2026-08-14,19:00:00,579.0,0.1,Creciente
10648,2026-08-14,19:15:00,579.3,0.3,Creciente
10649,2026-08-14,19:30:00,579.5,0.2,Creciente
10650,2026-08-14,19:45:00,579.7,0.2,Creciente
10651,2026-08-14,20:00:00,579.8,0.1,Creciente
10652,2026-08-14,20:15:00,579.8,0.0,Estable
10653,2026-08-14,20:30:00,580.0,0.2,Creciente
10654,2026-08-14,20:45:00,580.2,0.2,Creciente
10655,2026-08-14,21:00:00,580.3,0.1,Creciente
10656,2026-08-14,21:15:00,580.3,0.0,Estable
10657,2026-08-14,21:30:00,580.5,0.2,Creciente
10658,2026-08-14,21:45:00,580.6,0.1,Creciente
10659,2026-08-14,22:00:00,580.5,-0.1,Descendente
10660,2026-08-14,22:15:00,580.6,0.1,Creciente
10661,2026-08-14,22:30:00,580.6,0.0,Estable
10662,2026-08-14,22:45:00,580.8,0.2,Creciente
10663,2026-08-14,23:00:00,580.9,0.1,Creciente
10664,2026-08-14,23:15:00,580.9,0.0,Estable
10665,2026-08-14,23:30:00,580.9,0.0,Estable
10666,2026-08-14,23:45:00,580.9,0.0,Estable
10667,2026-08-15,00:15:00,580.9,0.0,Estable
10668,2026-08-15,00:30:00,580.9,0.0,Estable
10669,2026-08-15,00:45:00,580.9,0.0,Estable
10670,2026-08-15,01:00:00,580.9,0.0,Estable
10671,2026-08-15,01:15:00,580.8,-0.1,Descendente
10672,2026-08-15,01:30:00,580.8,0.0,Estable
10673,2026-08-15,01:45:00,580.8,0.0,Estable
10674,2026-08-15,02:00:00,580.5,-0.3,Descendente
10675,2026-08-15,02:15:00,580.5,0.0,Estable
10676,2026-08-15,02:30:00,580.3,-0.2,Descendente
10677,2026-08-15,02:45:00,580.3,0.0,Estable
10678,2026-08-15,03:00:00,580.2,-0.1,Descendente
10679,2026-08-15,03:15:00,580.3,0.1,Creciente
10680,2026-08-15,03:30:00,580.2,-0.1,Descendente
10681,2026-08-15,03:45:00,580.3,0.1,Creciente
10682,2026-08-15,04:00:00,580.3,0.0,Estable
10683,2026-08-15,04:15:00,580.1,-0.2,Descendente
10684,2026-08-15,04:30:00,580.2,0.1,Creciente
10685,2026-08-15,04:45:00,580.0,-0.2,Descendente
10686,2026-08-15,05:00:00,580.2,0.2,Creciente
10687,2026-08-15,05:15:00,580.2,0.0,Estable
10688,2026-08-15,05:30:00,580.2,0.0,Estable
10689,2026-08-15,05:45:00,580.3,0.1,Creciente
10690,2026-08-15,06:00:00,580.2,-0.1,Descendente
10691,2026-08-15,06:15:00,580.3,0.1,Creciente
10692,2026-08-15,06:30:00,580.3,0.0,Estable
10693,2026-08-15,06:45:00,580.4,0.1,Creciente
10694,2026-08-15,07:00:00,580.7,0.3,Creciente
10695,2026-08-15,07:15:00,580.7,0.0,Estable
10696,2026-08-15,07:30:00,580.7,0.0,Estable
10697,2026-08-15,07:45:00,580.7,0.0,Estable
10698,2026-08-15,08:00:00,580.7,0.0,Estable
10699,2026-08-15,08:15:00,580.9,0.2,Creciente
10700,2026-08-15,08:30:00,580.8,-0.1,Descendente
10701,2026-08-15,08:45:00,580.8,0.0,Estable
10702,2026-08-15,09:00:00,580.9,0.1,Creciente
10703,2026-08-15,09:15:00,581.1,0.2,Creciente
10704,2026-08-15,09:30:00,581.2,0.1,Creciente
10705,2026-08-15,09:45:00,581.4,0.2,Creciente
10706,2026-08-15,10:00:00,581.4,0.0,Estable
10707,2026-08-15,10:15:00,581.6,0.2,Creciente
10708,2026-08-15,10:30:00,581.7,0.1,Creciente
10709,2026-08-15,10:45:00,581.4,-0.3,Descendente
10710,2026-08-15,11:00:00,581.5,0.1,Creciente
10711,2026-08-15,11:15:00,581.4,-0.1,Descendente
10712,2026-08-15,11:30:00,581.4,0.0,Estable
10713,2026-08-15,11:45:00,581.3,-0.1,Descendente
10714,2026-08-15,12:00:00,581.2,-0.1,Descendente
10715,2026-08-15,12:15:00,581.1,-0.1,Descendente
10716,2026-08-15,12:30:00,580.9,-0.2,Descendente
10717,2026-08-15,12:45:00,580.7,-0.2,Descendente
10718,2026-08-15,13:00:00,580.5,-0.2,Descendente
10719,2026-08-15,13:15:00,580.3,-0.2,Descendente
10720,2026-08-15,13:30:00,580.0,-0.3,Descendente
10721,2026-08-15,13:45:00,579.7,-0.3,Descendente
10722,2026-08-15,14:00:00,579.5,-0.2,Descendente
10723,2026-08-15,14:15:00,579.3,-0.2,Descendente
10724,2026-08-15,14:30:00,579.1,-0.2,Descendente
10725,2026-08-15,14:45:00,579.0,-0.1,Descendente
10726,2026-08-15,15:00:00,578.8,-0.2,Descendente
10727,2026-08-15,15:15:00,578.5,-0.3,Descendente
10728,2026-08-15,15:30:00,578.4,-0.1,Descendente
10729,2026-08-15,15:45:00,578.2,-0.2,Descendente
10730,2026-08-15,16:00:00,578.0,-0.2,Descendente
10731,2026-08-15,16:15:00,577.9,-0.1,Descendente
10732,2026-08-15,16:30:00,577.9,0.0,Estable
10733,2026-08-15,16:45:00,577.9,0.0,Estable
10734,2026-08-15,17:00:00,577.9,0.0,Estable
10735,2026-08-15,17:15:00,577.7,-0.2,Descendente
10736,2026-08-15,17:30:00,577.8,0.1,Creciente
10737,2026-08-15,17:45:00,577.8,0.0,Estable
10738,2026-08-15,18:00:00,577.9,0.1,Creciente
10739,2026-08-15,18:15:00,577.9,0.0,Estable
10740,2026-08-15,18:30:00,578.0,0.1,Creciente
10741,2026-08-15,18:45:00,578.2,0.2,Creciente
10742,2026-08-15,19:00:00,578.4,0.2,Creciente
10743,2026-08-15,19:15:00,578.4,0.0,Estable
10744,2026-08-15,19:30:00,578.5,0.1,Creciente
10745,2026-08-15,19:45:00,578.8,0.3,Creciente
10746,2026-08-15,20:00:00,578.7,-0.1,Descendente
10747,2026-08-15,20:15:00,579.1,0.4,Creciente
10748,2026-08-15,20:30:00,579.3,0.2,Creciente
10749,2026-08-15,20:45:00,579.5,0.2,Creciente
10750,2026-08-15,21:00:00,579.8,0.3,Creciente
10751,2026-08-15,21:15:00,579.9,0.1,Creciente
10752,2026-08-15,21:30:00,580.0,0.1,Creciente
10753,2026-08-15,21:45:00,580.2,0.2,Creciente
10754,2026-08-15,22:00:00,580.3,0.1,Creciente
10755,2026-08-15,22:15:00,580.6,0.3,Creciente
10756,2026-08-15,22:30:00,580.9,0.3,Creciente
10757,2026-08-15,22:45:00,580.8,-0.1,Descendente
10758,2026-08-15,23:00:00,580.9,0.1,Creciente
10759,2026-08-15,23:15:00,580.9,0.0,Estable
10760,2026-08-15,23:30:00,581.1,0.2,Creciente
10761,2026-08-15,23:45:00,580.8,-0.3,Descendente
10762,2026-08-16,00:15:00,581.0,0.2,Creciente
10763,2026-08-16,00:30:00,580.8,-0.2,Descendente
10764,2026-08-16,00:45:00,580.6,-0.2,Descendente
10765,2026-08-16,01:00:00,580.4,-0.2,Descendente
10766,2026-08-16,01:15:00,580.3,-0.1,Descendente
10767,2026-08-16,01:30:00,580.4,0.1,Creciente
10768,2026-08-16,01:45:00,580.4,0.0,Estable
10769,2026-08-16,02:00:00,580.3,-0.1,Descendente
10770,2026-08-16,02:15:00,580.3,0.0,Estable
10771,2026-08-16,02:30:00,580.4,0.1,Creciente
10772,2026-08-16,02:45:00,580.3,-0.1,Descendente
10773,2026-08-16,03:00:00,580.2,-0.1,Descendente
10774,2026-08-16,03:15:00,580.1,-0.1,Descendente
10775,2026-08-16,03:30:00,580.1,0.0,Estable
10776,2026-08-16,03:45:00,580.3,0.2,Creciente
10777,2026-08-16,04:00:00,580.3,0.0,Estable
10778,2026-08-16,04:15:00,580.3,0.0,Estable
10779,2026-08-16,04:30:00,580.3,0.0,Estable
10780,2026-08-16,04:45:00,580.3,0.0,Estable
10781,2026-08-16,05:00:00,580.4,0.1,Creciente
10782,2026-08-16,05:15:00,580.5,0.1,Creciente
10783,2026-08-16,05:30:00,580.6,0.1,Creciente
10784,2026-08-16,05:45:00,580.6,0.0,Estable
10785,2026-08-16,06:00:00,580.6,0.0,Estable
10786,2026-08-16,06:15:00,580.7,0.1,Creciente
10787,2026-08-16,06:30:00,580.9,0.2,Creciente
10788,2026-08-16,06:45:00,580.9,0.0,Estable
10789,2026-08-16,07:00:00,580.8,-0.1,Descendente
10790,2026-08-16,07:15:00,580.7,-0.1,Descendente
10791,2026-08-16,07:30:00,580.9,0.2,Creciente
10792,2026-08-16,07:45:00,580.9,0.0,Estable
10793,2026-08-16,08:00:00,581.1,0.2,Creciente
10794,2026-08-16,08:15:00,581.1,0.0,Estable
10795,2026-08-16,08:30:00,581.1,0.0,Estable
10796,2026-08-16,08:45:00,580.9,-0.2,Descendente
10797,2026-08-16,09:00:00,580.7,-0.2,Descendente
10798,2026-08-16,09:15:00,580.6,-0.1,Descendente
10799,2026-08-16,09:30:00,580.6,0.0,Estable
10800,2026-08-16,09:45:00,580.4,-0.2,Descendente
10801,2026-08-16,10:00:00,580.3,-0.1,Descendente
10802,2026-08-16,10:15:00,580.3,0.0,Estable
10803,2026-08-16,10:30:00,580.4,0.1,Creciente
10804,2026-08-16,10:45:00,580.4,0.0,Estable
10805,2026-08-16,11:00:00,580.4,0.0,Estable
10806,2026-08-16,11:15:00,580.3,-0.1,Descendente
10807,2026-08-16,11:30:00,580.2,-0.1,Descendente
10808,2026-08-16,11:45:00,580.0,-0.2,Descendente
10809,2026-08-16,12:00:00,579.9,-0.1,Descendente
10810,2026-08-16,12:15:00,579.6,-0.3,Descendente
10811,2026-08-16,12:30:00,579.6,0.0,Estable
10812,2026-08-16,12:45:00,579.4,-0.2,Descendente
10813,2026-08-16,13:00:00,579.3,-0.1,Descendente
10814,2026-08-16,13:15:00,579.0,-0.3,Descendente
10815,2026-08-16,13:30:00,579.0,0.0,Estable
10816,2026-08-16,13:45:00,578.7,-0.3,Descendente
10817,2026-08-16,14:00:00,578.4,-0.3,Descendente
10818,2026-08-16,14:15:00,578.2,-0.2,Descendente
10819,2026-08-16,14:30:00,578.0,-0.2,Descendente
10820,2026-08-16,14:45:00,577.8,-0.2,Descendente
10821,2026-08-16,15:00:00,577.6,-0.2,Descendente
10822,2026-08-16,15:15:00,577.6,0.0,Estable
10823,2026-08-16,15:30:00,577.3,-0.3,Descendente
10824,2026-08-16,15:45:00,577.3,0.0,Estable
10825,2026-08-16,16:00:00,577.1,-0.2,Descendente
10826,2026-08-16,16:15:00,577.0,-0.1,Descendente
10827,2026-08-16,16:30:00,577.3,0.3,Creciente
10828,2026-08-16,16:45:00,577.5,0.2,Creciente
10829,2026-08-16,17:00:00,577.3,-0.2,Descendente
10830,2026-08-16,17:15:00,577.3,0.0,Estable
10831,2026-08-16,17:30:00,577.7,0.4,Creciente
10832,2026-08-16,17:45:00,577.3,-0.4,Descendente
10833,2026-08-16,18:00:00,577.3,0.0,Estable
10834,2026-08-16,18:15:00,577.6,0.3,Creciente
10835,2026-08-16,18:30:00,577.7,0.1,Creciente
10836,2026-08-16,18:45:00,577.9,0.2,Creciente
10837,2026-08-16,19:00:00,578.3,0.4,Creciente
10838,2026-08-16,19:15:00,578.3,0.0,Estable
10839,2026-08-16,19:30:00,578.7,0.4,Creciente
10840,2026-08-16,19:45:00,578.7,0.0,Estable
10841,2026-08-16,20:00:00,578.8,0.1,Creciente
10842,2026-08-16,20:15:00,579.0,0.2,Creciente
10843,2026-08-16,20:30:00,579.1,0.1,Creciente
10844,2026-08-16,20:45:00,579.4,0.3,Creciente
10845,2026-08-16,21:00:00,579.7,0.3,Creciente
10846,2026-08-16,21:15:00,580.0,0.3,Creciente
10847,2026-08-16,21:30:00,580.0,0.0,Estable
10848,2026-08-16,21:45:00,580.1,0.1,Creciente
10849,2026-08-16,22:00:00,580.3,0.2,Creciente
10850,2026-08-16,22:15:00,580.3,0.0,Estable
10851,2026-08-16,22:30:00,580.3,0.0,Estable
10852,2026-08-16,22:45:00,580.4,0.1,Creciente
10853,2026-08-16,23:00:00,580.6,0.2,Creciente
10854,2026-08-16,23:15:00,580.7,0.1,Creciente
10855,2026-08-16,23:30:00,580.8,0.1,Creciente
10856,2026-08-16,23:45:00,580.9,0.1,Creciente
10857,2026-08-17,00:15:00,580.6,-0.3,Descendente
10858,2026-08-17,00:30:00,580.4,-0.2,Descendente
10859,2026-08-17,00:45:00,580.2,-0.2,Descendente
10860,2026-08-17,01:00:00,580.2,0.0,Estable
10861,2026-08-17,01:15:00,580.0,-0.2,Descendente
10862,2026-08-17,01:30:00,580.0,0.0,Estable
10863,2026-08-17,01:45:00,579.9,-0.1,Descendente
10864,2026-08-17,02:00:00,579.9,0.0,Estable
10865,2026-08-17,02:15:00,579.7,-0.2,Descendente
10866,2026-08-17,02:30:00,579.6,-0.1,Descendente
10867,2026-08-17,02:45:00,579.6,0.0,Estable
10868,2026-08-17,03:00:00,579.6,0.0,Estable
10869,2026-08-17,03:15:00,579.5,-0.1,Descendente
10870,2026-08-17,03:30:00,579.4,-0.1,Descendente
10871,2026-08-17,03:45:00,579.3,-0.1,Descendente
10872,2026-08-17,04:00:00,579.3,0.0,Estable
10873,2026-08-17,04:15:00,579.4,0.1,Creciente
10874,2026-08-17,04:30:00,579.5,0.1,Creciente
10875,2026-08-17,04:45:00,579.6,0.1,Creciente
10876,2026-08-17,05:00:00,579.7,0.1,Creciente
10877,2026-08-17,05:15:00,579.8,0.1,Creciente
10878,2026-08-17,05:30:00,579.8,0.0,Estable
10879,2026-08-17,05:45:00,579.8,0.0,Estable
10880,2026-08-17,06:00:00,579.9,0.1,Creciente
10881,2026-08-17,06:15:00,579.9,0.0,Estable
10882,2026-08-17,06:30:00,579.9,0.0,Estable
10883,2026-08-17,06:45:00,580.0,0.1,Creciente
10884,2026-08-17,07:00:00,580.2,0.2,Creciente
10885,2026-08-17,07:15:00,580.2,0.0,Estable
10886,2026-08-17,07:30:00,580.4,0.2,Creciente
10887,2026-08-17,07:45:00,580.4,0.0,Estable
10888,2026-08-17,08:00:00,580.4,0.0,Estable
10889,2026-08-17,08:15:00,580.4,0.0,Estable
10890,2026-08-17,08:30:00,580.4,0.0,Estable
10891,2026-08-17,08:45:00,580.5,0.1,Creciente
10892,2026-08-17,09:00:00,580.5,0.0,Estable
10893,2026-08-17,09:15:00,580.6,0.1,Creciente
10894,2026-08-17,09:30:00,580.5,-0.1,Descendente
10895,2026-08-17,09:45:00,580.5,0.0,Estable
10896,2026-08-17,10:00:00,580.4,-0.1,Descendente
10897,2026-08-17,10:15:00,580.3,-0.1,Descendente
10898,2026-08-17,10:30:00,580.4,0.1,Creciente
10899,2026-08-17,10:45:00,580.3,-0.1,Descendente
10900,2026-08-17,11:00:00,580.3,0.0,Estable
10901,2026-08-17,11:15:00,580.2,-0.1,Descendente
10902,2026-08-17,11:30:00,580.0,-0.2,Descendente
10903,2026-08-17,11:45:00,579.9,-0.1,Descendente
10904,2026-08-17,12:00:00,579.9,0.0,Estable
10905,2026-08-17,12:15:00,579.7,-0.2,Descendente
10906,2026-08-17,12:30:00,579.6,-0.1,Descendente
10907,2026-08-17,12:45:00,579.6,0.0,Estable
10908,2026-08-17,13:00:00,579.3,-0.3,Descendente
10909,2026-08-17,13:15:00,579.1,-0.2,Descendente
10910,2026-08-17,13:30:00,578.9,-0.2,Descendente
10911,2026-08-17,13:45:00,578.8,-0.1,Descendente
10912,2026-08-17,14:00:00,578.4,-0.4,Descendente
10913,2026-08-17,14:15:00,578.1,-0.3,Descendente
10914,2026-08-17,14:30:00,577.9,-0.2,Descendente
10915,2026-08-17,14:45:00,577.7,-0.2,Descendente
10916,2026-08-17,15:00:00,577.5,-0.2,Descendente
10917,2026-08-17,15:15:00,577.5,0.0,Estable
10918,2026-08-17,15:30:00,577.3,-0.2,Descendente
10919,2026-08-17,15:45:00,577.1,-0.2,Descendente
10920,2026-08-17,16:00:00,576.9,-0.2,Descendente
10921,2026-08-17,16:15:00,576.8,-0.1,Descendente
10922,2026-08-17,16:30:00,576.9,0.1,Creciente
10923,2026-08-17,16:45:00,576.9,0.0,Estable
10924,2026-08-17,17:00:00,576.7,-0.2,Descendente
10925,2026-08-17,17:15:00,576.8,0.1,Creciente
10926,2026-08-17,17:30:00,576.8,0.0,Estable
10927,2026-08-17,17:45:00,576.9,0.1,Creciente
10928,2026-08-17,18:00:00,577.1,0.2,Creciente
10929,2026-08-17,18:15:00,577.3,0.2,Creciente
10930,2026-08-17,18:30:00,577.5,0.2,Creciente
10931,2026-08-17,18:45:00,577.5,0.0,Estable
10932,2026-08-17,19:00:00,577.7,0.2,Creciente
10933,2026-08-17,19:15:00,577.9,0.2,Creciente
10934,2026-08-17,19:30:00,578.0,0.1,Creciente
10935,2026-08-17,19:45:00,578.2,0.2,Creciente
10936,2026-08-17,20:00:00,578.4,0.2,Creciente
10937,2026-08-17,20:15:00,578.7,0.3,Creciente
10938,2026-08-17,20:30:00,579.0,0.3,Creciente
10939,2026-08-17,20:45:00,579.0,0.0,Estable
10940,2026-08-17,21:00:00,579.2,0.2,Creciente
10941,2026-08-17,21:15:00,579.4,0.2,Creciente
10942,2026-08-17,21:30:00,579.4,0.0,Estable
10943,2026-08-17,21:45:00,579.5,0.1,Creciente
10944,2026-08-17,22:00:00,579.6,0.1,Creciente
10945,2026-08-17,22:15:00,579.7,0.1,Creciente
10946,2026-08-17,22:30:00,579.7,0.0,Estable
10947,2026-08-17,22:45:00,579.8,0.1,Creciente
10948,2026-08-17,23:00:00,579.9,0.1,Creciente
10949,2026-08-17,23:15:00,579.9,0.0,Estable
10950,2026-08-17,23:30:00,580.0,0.1,Creciente
10951,2026-08-17,23:45:00,579.9,-0.1,Descendente
10952,2026-08-18,00:15:00,579.8,-0.1,Descendente
10953,2026-08-18,00:30:00,579.9,0.1,Creciente
10954,2026-08-18,00:45:00,579.9,0.0,Estable
10955,2026-08-18,01:00:00,579.6,-0.3,Descendente
10956,2026-08-18,01:15:00,579.6,0.0,Estable
10957,2026-08-18,01:30:00,579.4,-0.2,Descendente
10958,2026-08-18,01:45:00,579.3,-0.1,Descendente
10959,2026-08-18,02:00:00,579.3,0.0,Estable
10960,2026-08-18,02:15:00,579.4,0.1,Creciente
10961,2026-08-18,02:30:00,579.3,-0.1,Descendente
10962,2026-08-18,02:45:00,579.1,-0.2,Descendente
10963,2026-08-18,03:00:00,579.2,0.1,Creciente
10964,2026-08-18,03:15:00,579.1,-0.1,Descendente
10965,2026-08-18,03:30:00,579.0,-0.1,Descendente
10966,2026-08-18,03:45:00,579.0,0.0,Estable
10967,2026-08-18,04:00:00,578.9,-0.1,Descendente
10968,2026-08-18,04:15:00,579.0,0.1,Creciente
10969,2026-08-18,04:30:00,579.1,0.1,Creciente
10970,2026-08-18,04:45:00,579.0,-0.1,Descendente
10971,2026-08-18,05:00:00,579.1,0.1,Creciente
10972,2026-08-18,05:15:00,579.3,0.2,Creciente
10973,2026-08-18,05:30:00,579.2,-0.1,Descendente
10974,2026-08-18,05:45:00,579.3,0.1,Creciente
10975,2026-08-18,06:00:00,579.4,0.1,Creciente
10976,2026-08-18,06:15:00,579.6,0.2,Creciente
10977,2026-08-18,06:30:00,579.6,0.0,Estable
10978,2026-08-18,06:45:00,579.6,0.0,Estable
10979,2026-08-18,07:00:00,579.6,0.0,Estable
10980,2026-08-18,07:15:00,579.8,0.2,Creciente
10981,2026-08-18,07:30:00,579.8,0.0,Estable
10982,2026-08-18,07:45:00,579.9,0.1,Creciente
10983,2026-08-18,08:00:00,580.0,0.1,Creciente
10984,2026-08-18,08:15:00,580.1,0.1,Creciente
10985,2026-08-18,08:30:00,580.1,0.0,Estable
10986,2026-08-18,08:45:00,580.1,0.0,Estable
10987,2026-08-18,09:00:00,580.2,0.1,Creciente
10988,2026-08-18,09:15:00,580.2,0.0,Estable
10989,2026-08-18,09:30:00,580.2,0.0,Estable
10990,2026-08-18,09:45:00,580.3,0.1,Creciente
10991,2026-08-18,10:00:00,580.2,-0.1,Descendente
10992,2026-08-18,10:15:00,580.0,-0.2,Descendente
10993,2026-08-18,10:30:00,580.1,0.1,Creciente
10994,2026-08-18,10:45:00,580.2,0.1,Creciente
10995,2026-08-18,11:00:00,580.1,-0.1,Descendente
10996,2026-08-18,11:15:00,580.0,-0.1,Descendente
10997,2026-08-18,11:30:00,579.9,-0.1,Descendente
10998,2026-08-18,11:45:00,579.7,-0.2,Descendente
10999,2026-08-18,12:00:00,579.5,-0.2,Descendente
11000,2026-08-18,12:15:00,579.5,0.0,Estable
11001,2026-08-18,12:30:00,579.4,-0.1,Descendente
11002,2026-08-18,12:45:00,579.2,-0.2,Descendente
11003,2026-08-18,13:00:00,578.9,-0.3,Descendente
11004,2026-08-18,13:15:00,578.6,-0.3,Descendente
11005,2026-08-18,13:30:00,578.4,-0.2,Descendente
11006,2026-08-18,13:45:00,578.1,-0.3,Descendente
11007,2026-08-18,14:00:00,577.9,-0.2,Descendente
11008,2026-08-18,14:15:00,577.6,-0.3,Descendente
11009,2026-08-18,14:30:00,577.5,-0.1,Descendente
11010,2026-08-18,14:45:00,577.3,-0.2,Descendente
11011,2026-08-18,15:00:00,577.2,-0.1,Descendente
11012,2026-08-18,15:15:00,577.1,-0.1,Descendente
11013,2026-08-18,15:30:00,577.0,-0.1,Descendente
11014,2026-08-18,15:45:00,576.9,-0.1,Descendente
11015,2026-08-18,16:00:00,576.8,-0.1,Descendente
11016,2026-08-18,16:15:00,576.7,-0.1,Descendente
11017,2026-08-18,16:30:00,576.6,-0.1,Descendente
11018,2026-08-18,16:45:00,576.4,-0.2,Descendente
11019,2026-08-18,17:00:00,576.4,0.0,Estable
11020,2026-08-18,17:15:00,576.4,0.0,Estable
11021,2026-08-18,17:30:00,576.4,0.0,Estable
11022,2026-08-18,17:45:00,576.4,0.0,Estable
11023,2026-08-18,18:00:00,576.8,0.4,Creciente
11024,2026-08-18,18:15:00,577.2,0.4,Creciente
11025,2026-08-18,18:30:00,577.3,0.1,Creciente
11026,2026-08-18,18:45:00,577.5,0.2,Creciente
11027,2026-08-18,19:00:00,578.0,0.5,Creciente
11028,2026-08-18,19:15:00,578.1,0.1,Creciente
11029,2026-08-18,19:30:00,578.6,0.5,Creciente
11030,2026-08-18,19:45:00,579.0,0.4,Creciente
11031,2026-08-18,20:00:00,579.2,0.2,Creciente
11032,2026-08-18,20:15:00,579.4,0.2,Creciente
11033,2026-08-18,20:30:00,579.7,0.3,Creciente
11034,2026-08-18,20:45:00,579.9,0.2,Creciente
11035,2026-08-18,21:00:00,580.1,0.2,Creciente
11036,2026-08-18,21:15:00,580.2,0.1,Creciente
11037,2026-08-18,21:30:00,580.3,0.1,Creciente
11038,2026-08-18,21:45:00,580.4,0.1,Creciente
11039,2026-08-18,22:00:00,580.3,-0.1,Descendente
11040,2026-08-18,22:15:00,580.2,-0.1,Descendente
11041,2026-08-18,22:30:00,580.3,0.1,Creciente
11042,2026-08-18,22:45:00,580.2,-0.1,Descendente
11043,2026-08-18,23:00:00,580.3,0.1,Creciente
11044,2026-08-18,23:15:00,580.2,-0.1,Descendente
11045,2026-08-18,23:30:00,580.1,-0.1,Descendente
11046,2026-08-18,23:45:00,580.0,-0.1,Descendente
11047,2026-08-19,00:15:00,579.8,-0.2,Descendente
11048,2026-08-19,00:30:00,579.6,-0.2,Descendente
11049,2026-08-19,00:45:00,579.4,-0.2,Descendente
11050,2026-08-19,01:00:00,579.3,-0.1,Descendente
11051,2026-08-19,01:15:00,579.1,-0.2,Descendente
11052,2026-08-19,01:30:00,578.9,-0.2,Descendente
11053,2026-08-19,01:45:00,578.8,-0.1,Descendente
11054,2026-08-19,02:00:00,578.7,-0.1,Descendente
11055,2026-08-19,02:15:00,578.8,0.1,Creciente
11056,2026-08-19,02:30:00,578.8,0.0,Estable
11057,2026-08-19,02:45:00,578.8,0.0,Estable
11058,2026-08-19,03:00:00,578.7,-0.1,Descendente
11059,2026-08-19,03:15:00,578.7,0.0,Estable
11060,2026-08-19,03:30:00,578.5,-0.2,Descendente
11061,2026-08-19,03:45:00,578.6,0.1,Creciente
11062,2026-08-19,04:00:00,578.6,0.0,Estable
11063,2026-08-19,04:15:00,578.7,0.1,Creciente
11064,2026-08-19,04:30:00,578.7,0.0,Estable
11065,2026-08-19,04:45:00,578.9,0.2,Creciente
11066,2026-08-19,05:00:00,578.9,0.0,Estable
11067,2026-08-19,05:15:00,578.9,0.0,Estable
11068,2026-08-19,05:30:00,578.8,-0.1,Descendente
11069,2026-08-19,05:45:00,578.7,-0.1,Descendente
11070,2026-08-19,06:00:00,578.9,0.2,Creciente
11071,2026-08-19,06:15:00,578.9,0.0,Estable
11072,2026-08-19,06:30:00,579.0,0.1,Creciente
11073,2026-08-19,06:45:00,579.2,0.2,Creciente
11074,2026-08-19,07:00:00,579.3,0.1,Creciente
11075,2026-08-19,07:15:00,579.5,0.2,Creciente
11076,2026-08-19,07:30:00,579.5,0.0,Estable
11077,2026-08-19,07:45:00,579.6,0.1,Creciente
11078,2026-08-19,08:00:00,579.6,0.0,Estable
11079,2026-08-19,08:15:00,579.5,-0.1,Descendente
11080,2026-08-19,08:30:00,579.5,0.0,Estable
11081,2026-08-19,08:45:00,579.4,-0.1,Descendente
11082,2026-08-19,09:00:00,579.3,-0.1,Descendente
11083,2026-08-19,09:15:00,579.4,0.1,Creciente
11084,2026-08-19,09:30:00,579.2,-0.2,Descendente
11085,2026-08-19,09:45:00,579.3,0.1,Creciente
11086,2026-08-19,10:00:00,579.1,-0.2,Descendente
11087,2026-08-19,10:15:00,579.2,0.1,Creciente
11088,2026-08-19,10:30:00,579.2,0.0,Estable
11089,2026-08-19,10:45:00,579.1,-0.1,Descendente
11090,2026-08-19,11:00:00,579.2,0.1,Creciente
11091,2026-08-19,11:15:00,579.1,-0.1,Descendente
11092,2026-08-19,11:30:00,579.0,-0.1,Descendente
11093,2026-08-19,11:45:00,578.9,-0.1,Descendente
11094,2026-08-19,12:00:00,578.7,-0.2,Descendente
11095,2026-08-19,12:15:00,578.6,-0.1,Descendente
11096,2026-08-19,12:30:00,578.2,-0.4,Descendente
11097,2026-08-19,12:45:00,578.0,-0.2,Descendente
11098,2026-08-19,13:00:00,577.7,-0.3,Descendente
11099,2026-08-19,13:15:00,577.5,-0.2,Descendente
11100,2026-08-19,13:30:00,577.1,-0.4,Descendente
11101,2026-08-19,13:45:00,577.0,-0.1,Descendente
11102,2026-08-19,14:00:00,576.9,-0.1,Descendente
11103,2026-08-19,14:15:00,576.7,-0.2,Descendente
11104,2026-08-19,14:30:00,576.4,-0.3,Descendente
11105,2026-08-19,14:45:00,576.3,-0.1,Descendente
11106,2026-08-19,15:00:00,576.1,-0.2,Descendente
11107,2026-08-19,15:15:00,576.1,0.0,Estable
11108,2026-08-19,15:30:00,576.1,0.0,Estable
11109,2026-08-19,15:45:00,576.3,0.2,Creciente
11110,2026-08-19,16:00:00,576.9,0.6,Creciente
11111,2026-08-19,16:15:00,577.1,0.2,Creciente
11112,2026-08-19,16:30:00,577.0,-0.1,Descendente
11113,2026-08-19,16:45:00,576.7,-0.3,Descendente
11114,2026-08-19,17:00:00,576.4,-0.3,Descendente
11115,2026-08-19,17:15:00,576.3,-0.1,Descendente
11116,2026-08-19,17:30:00,576.5,0.2,Creciente
11117,2026-08-19,17:45:00,576.6,0.1,Creciente
11118,2026-08-19,18:00:00,576.7,0.1,Creciente
11119,2026-08-19,18:15:00,576.9,0.2,Creciente
11120,2026-08-19,18:30:00,577.2,0.3,Creciente
11121,2026-08-19,18:45:00,577.4,0.2,Creciente
11122,2026-08-19,19:00:00,577.5,0.1,Creciente
11123,2026-08-19,19:15:00,577.6,0.1,Creciente
11124,2026-08-19,19:30:00,577.7,0.1,Creciente
11125,2026-08-19,19:45:00,577.9,0.2,Creciente
11126,2026-08-19,20:00:00,578.4,0.5,Creciente
11127,2026-08-19,20:15:00,578.6,0.2,Creciente
11128,2026-08-19,20:30:00,578.6,0.0,Estable
11129,2026-08-19,20:45:00,578.9,0.3,Creciente
11130,2026-08-19,21:00:00,578.9,0.0,Estable
11131,2026-08-19,21:15:00,579.1,0.2,Creciente
11132,2026-08-19,21:30:00,579.3,0.2,Creciente
11133,2026-08-19,21:45:00,579.3,0.0,Estable
11134,2026-08-19,22:00:00,579.4,0.1,Creciente
11135,2026-08-19,22:15:00,579.4,0.0,Estable
11136,2026-08-19,22:30:00,579.5,0.1,Creciente
11137,2026-08-19,22:45:00,579.4,-0.1,Descendente
11138,2026-08-19,23:00:00,579.4,0.0,Estable
11139,2026-08-19,23:15:00,579.3,-0.1,Descendente
11140,2026-08-19,23:30:00,579.3,0.0,Estable
11141,2026-08-19,23:45:00,579.3,0.0,Estable
11142,2026-08-20,00:15:00,579.3,0.0,Estable
11143,2026-08-20,00:30:00,579.4,0.1,Creciente
11144,2026-08-20,00:45:00,579.3,-0.1,Descendente
11145,2026-08-20,01:00:00,579.2,-0.1,Descendente
11146,2026-08-20,01:15:00,579.0,-0.2,Descendente
11147,2026-08-20,01:30:00,578.8,-0.2,Descendente
11148,2026-08-20,01:45:00,578.5,-0.3,Descendente
11149,2026-08-20,02:00:00,578.6,0.1,Creciente
11150,2026-08-20,02:15:00,578.5,-0.1,Descendente
11151,2026-08-20,02:30:00,578.4,-0.1,Descendente
11152,2026-08-20,02:45:00,578.4,0.0,Estable
11153,2026-08-20,03:00:00,578.3,-0.1,Descendente
11154,2026-08-20,03:15:00,578.2,-0.1,Descendente
11155,2026-08-20,03:30:00,577.9,-0.3,Descendente
11156,2026-08-20,03:45:00,578.0,0.1,Creciente
11157,2026-08-20,04:00:00,577.8,-0.2,Descendente
11158,2026-08-20,04:15:00,577.7,-0.1,Descendente
11159,2026-08-20,04:30:00,577.9,0.2,Creciente
11160,2026-08-20,04:45:00,578.0,0.1,Creciente
11161,2026-08-20,05:00:00,578.0,0.0,Estable
11162,2026-08-20,05:15:00,578.2,0.2,Creciente
11163,2026-08-20,05:30:00,578.3,0.1,Creciente
11164,2026-08-20,05:45:00,578.4,0.1,Creciente
11165,2026-08-20,06:00:00,578.4,0.0,Estable
11166,2026-08-20,06:15:00,578.4,0.0,Estable
11167,2026-08-20,06:30:00,578.6,0.2,Creciente
11168,2026-08-20,06:45:00,578.7,0.1,Creciente
11169,2026-08-20,07:00:00,578.8,0.1,Creciente
11170,2026-08-20,07:15:00,579.0,0.2,Creciente
11171,2026-08-20,07:30:00,579.1,0.1,Creciente
11172,2026-08-20,07:45:00,579.1,0.0,Estable
11173,2026-08-20,08:00:00,579.2,0.1,Creciente
11174,2026-08-20,08:15:00,579.3,0.1,Creciente
11175,2026-08-20,08:30:00,579.4,0.1,Creciente
11176,2026-08-20,08:45:00,579.5,0.1,Creciente
11177,2026-08-20,09:00:00,579.4,-0.1,Descendente
11178,2026-08-20,09:15:00,579.6,0.2,Creciente
11179,2026-08-20,09:30:00,579.6,0.0,Estable
11180,2026-08-20,09:45:00,579.8,0.2,Creciente
11181,2026-08-20,10:00:00,579.9,0.1,Creciente
11182,2026-08-20,10:15:00,580.1,0.2,Creciente
11183,2026-08-20,10:30:00,580.0,-0.1,Descendente
11184,2026-08-20,10:45:00,579.9,-0.1,Descendente
11185,2026-08-20,11:00:00,579.7,-0.2,Descendente
11186,2026-08-20,11:15:00,579.6,-0.1,Descendente
11187,2026-08-20,11:30:00,579.6,0.0,Estable
11188,2026-08-20,11:45:00,579.5,-0.1,Descendente
11189,2026-08-20,12:00:00,579.3,-0.2,Descendente
11190,2026-08-20,12:15:00,579.1,-0.2,Descendente
11191,2026-08-20,12:30:00,578.9,-0.2,Descendente
11192,2026-08-20,12:45:00,578.5,-0.4,Descendente
11193,2026-08-20,13:00:00,578.4,-0.1,Descendente
11194,2026-08-20,13:15:00,578.3,-0.1,Descendente
11195,2026-08-20,13:30:00,578.0,-0.3,Descendente
11196,2026-08-20,13:45:00,577.8,-0.2,Descendente
11197,2026-08-20,14:00:00,577.6,-0.2,Descendente
11198,2026-08-20,14:15:00,577.4,-0.2,Descendente
11199,2026-08-20,14:30:00,577.2,-0.2,Descendente
11200,2026-08-20,14:45:00,577.0,-0.2,Descendente
11201,2026-08-20,15:00:00,576.7,-0.3,Descendente
11202,2026-08-20,15:15:00,576.6,-0.1,Descendente
11203,2026-08-20,15:30:00,576.4,-0.2,Descendente
11204,2026-08-20,15:45:00,576.4,0.0,Estable
11205,2026-08-20,16:00:00,576.4,0.0,Estable
11206,2026-08-20,16:15:00,576.4,0.0,Estable
11207,2026-08-20,16:30:00,576.5,0.1,Creciente
11208,2026-08-20,16:45:00,576.4,-0.1,Descendente
11209,2026-08-20,17:00:00,576.8,0.4,Creciente
11210,2026-08-20,17:15:00,577.5,0.7,Creciente
11211,2026-08-20,17:30:00,577.5,0.0,Estable
11212,2026-08-20,17:45:00,577.5,0.0,Estable
11213,2026-08-20,18:00:00,577.5,0.0,Estable
11214,2026-08-20,18:15:00,577.6,0.1,Creciente
11215,2026-08-20,18:30:00,577.6,0.0,Estable
11216,2026-08-20,18:45:00,577.6,0.0,Estable
11217,2026-08-20,19:00:00,577.6,0.0,Estable
11218,2026-08-20,19:15:00,577.7,0.1,Creciente
11219,2026-08-20,19:30:00,577.7,0.0,Estable
11220,2026-08-20,19:45:00,577.9,0.2,Creciente
11221,2026-08-20,20:00:00,578.1,0.2,Creciente
11222,2026-08-20,20:15:00,578.4,0.3,Creciente
11223,2026-08-20,20:30:00,578.7,0.3,Creciente
11224,2026-08-20,20:45:00,578.8,0.1,Creciente
11225,2026-08-20,21:00:00,578.9,0.1,Creciente
11226,2026-08-20,21:15:00,579.1,0.2,Creciente
11227,2026-08-20,21:30:00,579.3,0.2,Creciente
11228,2026-08-20,21:45:00,579.4,0.1,Creciente
11229,2026-08-20,22:00:00,579.4,0.0,Estable
11230,2026-08-20,22:15:00,579.5,0.1,Creciente
11231,2026-08-20,22:30:00,579.5,0.0,Estable
11232,2026-08-20,22:45:00,579.6,0.1,Creciente
11233,2026-08-20,23:00:00,579.7,0.1,Creciente
11234,2026-08-20,23:15:00,579.6,-0.1,Descendente
11235,2026-08-20,23:30:00,579.7,0.1,Creciente
11236,2026-08-20,23:45:00,579.5,-0.2,Descendente
11237,2026-08-21,00:15:00,579.5,0.0,Estable
11238,2026-08-21,00:30:00,579.3,-0.2,Descendente
11239,2026-08-21,00:45:00,579.3,0.0,Estable
11240,2026-08-21,01:00:00,579.3,0.0,Estable
11241,2026-08-21,01:15:00,579.2,-0.1,Descendente
11242,2026-08-21,01:30:00,579.1,-0.1,Descendente
11243,2026-08-21,01:45:00,579.2,0.1,Creciente
11244,2026-08-21,02:00:00,579.1,-0.1,Descendente
11245,2026-08-21,02:15:00,579.1,0.0,Estable
11246,2026-08-21,02:30:00,579.1,0.0,Estable
11247,2026-08-21,02:45:00,579.0,-0.1,Descendente
11248,2026-08-21,03:00:00,578.9,-0.1,Descendente
11249,2026-08-21,03:15:00,578.8,-0.1,Descendente
11250,2026-08-21,03:30:00,578.8,0.0,Estable
11251,2026-08-21,03:45:00,578.8,0.0,Estable
11252,2026-08-21,04:00:00,578.8,0.0,Estable
11253,2026-08-21,04:15:00,578.8,0.0,Estable
11254,2026-08-21,04:30:00,578.8,0.0,Estable
11255,2026-08-21,04:45:00,579.0,0.2,Creciente
11256,2026-08-21,05:00:00,579.1,0.1,Creciente
11257,2026-08-21,05:15:00,579.2,0.1,Creciente
11258,2026-08-21,05:30:00,579.3,0.1,Creciente
11259,2026-08-21,05:45:00,579.4,0.1,Creciente
11260,2026-08-21,06:00:00,579.5,0.1,Creciente
11261,2026-08-21,06:15:00,579.6,0.1,Creciente
11262,2026-08-21,06:30:00,579.8,0.2,Creciente
11263,2026-08-21,06:45:00,579.9,0.1,Creciente
11264,2026-08-21,07:00:00,579.9,0.0,Estable
11265,2026-08-21,07:15:00,580.1,0.2,Creciente
11266,2026-08-21,07:30:00,580.2,0.1,Creciente
11267,2026-08-21,07:45:00,580.2,0.0,Estable
11268,2026-08-21,08:00:00,580.3,0.1,Creciente
11269,2026-08-21,08:15:00,580.3,0.0,Estable
11270,2026-08-21,08:30:00,580.3,0.0,Estable
11271,2026-08-21,08:45:00,580.3,0.0,Estable
11272,2026-08-21,09:00:00,580.3,0.0,Estable
11273,2026-08-21,09:15:00,580.3,0.0,Estable
11274,2026-08-21,09:30:00,580.4,0.1,Creciente
11275,2026-08-21,09:45:00,580.6,0.2,Creciente
11276,2026-08-21,10:00:00,580.6,0.0,Estable
11277,2026-08-21,10:15:00,580.4,-0.2,Descendente
11278,2026-08-21,10:30:00,580.4,0.0,Estable
11279,2026-08-21,10:45:00,580.4,0.0,Estable
11280,2026-08-21,11:00:00,580.3,-0.1,Descendente
11281,2026-08-21,11:15:00,580.2,-0.1,Descendente
11282,2026-08-21,11:30:00,580.0,-0.2,Descendente
11283,2026-08-21,11:45:00,579.8,-0.2,Descendente
11284,2026-08-21,12:00:00,579.7,-0.1,Descendente
11285,2026-08-21,12:15:00,579.6,-0.1,Descendente
11286,2026-08-21,12:30:00,579.6,0.0,Estable
11287,2026-08-21,12:45:00,579.3,-0.3,Descendente
11288,2026-08-21,13:00:00,579.2,-0.1,Descendente
11289,2026-08-21,13:15:00,578.9,-0.3,Descendente
11290,2026-08-21,13:30:00,578.8,-0.1,Descendente
11291,2026-08-21,13:45:00,578.6,-0.2,Descendente
11292,2026-08-21,14:00:00,578.4,-0.2,Descendente
11293,2026-08-21,14:15:00,578.3,-0.1,Descendente
11294,2026-08-21,14:30:00,578.1,-0.2,Descendente
11295,2026-08-21,14:45:00,577.8,-0.3,Descendente
11296,2026-08-21,15:00:00,577.6,-0.2,Descendente
11297,2026-08-21,15:15:00,577.5,-0.1,Descendente
11298,2026-08-21,15:30:00,577.3,-0.2,Descendente
11299,2026-08-21,15:45:00,577.3,0.0,Estable
11300,2026-08-21,16:00:00,577.1,-0.2,Descendente
11301,2026-08-21,16:15:00,577.2,0.1,Creciente
11302,2026-08-21,16:30:00,577.3,0.1,Creciente
11303,2026-08-21,16:45:00,577.3,0.0,Estable
11304,2026-08-21,17:00:00,577.4,0.1,Creciente
11305,2026-08-21,17:15:00,577.9,0.5,Creciente
11306,2026-08-21,17:30:00,577.9,0.0,Estable
11307,2026-08-21,17:45:00,578.0,0.1,Creciente
11308,2026-08-21,18:00:00,577.6,-0.4,Descendente
11309,2026-08-21,18:15:00,577.6,0.0,Estable
11310,2026-08-21,18:30:00,578.2,0.6,Creciente
11311,2026-08-21,18:45:00,578.4,0.2,Creciente
11312,2026-08-21,19:00:00,578.9,0.5,Creciente
11313,2026-08-21,19:15:00,579.1,0.2,Creciente
11314,2026-08-21,19:30:00,579.1,0.0,Estable
11315,2026-08-21,19:45:00,579.1,0.0,Estable
11316,2026-08-21,20:00:00,579.4,0.3,Creciente
11317,2026-08-21,20:15:00,579.5,0.1,Creciente
11318,2026-08-21,20:30:00,579.6,0.1,Creciente
11319,2026-08-21,20:45:00,579.8,0.2,Creciente
11320,2026-08-21,21:00:00,580.0,0.2,Creciente
11321,2026-08-21,21:15:00,580.5,0.5,Creciente
11322,2026-08-21,21:30:00,580.6,0.1,Creciente
11323,2026-08-21,21:45:00,580.6,0.0,Estable
11324,2026-08-21,22:00:00,580.7,0.1,Creciente
11325,2026-08-21,22:15:00,580.6,-0.1,Descendente
11326,2026-08-21,22:30:00,580.7,0.1,Creciente
11327,2026-08-21,22:45:00,580.7,0.0,Estable
11328,2026-08-21,23:00:00,580.7,0.0,Estable
11329,2026-08-21,23:15:00,580.7,0.0,Estable
11330,2026-08-21,23:30:00,580.7,0.0,Estable
11331,2026-08-21,23:45:00,580.6,-0.1,Descendente
11332,2026-08-22,00:15:00,580.4,-0.2,Descendente
11333,2026-08-22,00:30:00,580.2,-0.2,Descendente
11334,2026-08-22,00:45:00,580.1,-0.1,Descendente
11335,2026-08-22,01:00:00,580.0,-0.1,Descendente
11336,2026-08-22,01:15:00,579.8,-0.2,Descendente
11337,2026-08-22,01:30:00,579.6,-0.2,Descendente
11338,2026-08-22,01:45:00,579.4,-0.2,Descendente
11339,2026-08-22,02:00:00,579.0,-0.4,Descendente
11340,2026-08-22,02:15:00,578.9,-0.1,Descendente
11341,2026-08-22,02:30:00,578.6,-0.3,Descendente
11342,2026-08-22,02:45:00,578.5,-0.1,Descendente
11343,2026-08-22,03:00:00,578.5,0.0,Estable
11344,2026-08-22,03:15:00,578.6,0.1,Creciente
11345,2026-08-22,03:30:00,578.7,0.1,Creciente
11346,2026-08-22,03:45:00,578.9,0.2,Creciente
11347,2026-08-22,04:00:00,579.0,0.1,Creciente
11348,2026-08-22,04:15:00,579.1,0.1,Creciente
11349,2026-08-22,04:30:00,579.1,0.0,Estable
11350,2026-08-22,04:45:00,579.1,0.0,Estable
11351,2026-08-22,05:00:00,579.2,0.1,Creciente
11352,2026-08-22,05:15:00,579.3,0.1,Creciente
11353,2026-08-22,05:30:00,579.5,0.2,Creciente
11354,2026-08-22,05:45:00,579.6,0.1,Creciente
11355,2026-08-22,06:00:00,579.6,0.0,Estable
11356,2026-08-22,06:15:00,579.4,-0.2,Descendente
11357,2026-08-22,06:30:00,579.5,0.1,Creciente
11358,2026-08-22,06:45:00,579.5,0.0,Estable
11359,2026-08-22,07:00:00,579.6,0.1,Creciente
11360,2026-08-22,07:15:00,579.7,0.1,Creciente
11361,2026-08-22,07:30:00,579.9,0.2,Creciente
11362,2026-08-22,07:45:00,579.9,0.0,Estable
11363,2026-08-22,08:00:00,579.9,0.0,Estable
11364,2026-08-22,08:15:00,580.0,0.1,Creciente
11365,2026-08-22,08:30:00,580.1,0.1,Creciente
11366,2026-08-22,08:45:00,580.1,0.0,Estable
11367,2026-08-22,09:00:00,580.1,0.0,Estable
11368,2026-08-22,09:15:00,580.3,0.2,Creciente
11369,2026-08-22,09:30:00,580.1,-0.2,Descendente
11370,2026-08-22,09:45:00,580.0,-0.1,Descendente
11371,2026-08-22,10:00:00,579.9,-0.1,Descendente
11372,2026-08-22,10:15:00,579.8,-0.1,Descendente
11373,2026-08-22,10:30:00,579.9,0.1,Creciente
11374,2026-08-22,10:45:00,579.9,0.0,Estable
11375,2026-08-22,11:00:00,579.9,0.0,Estable
11376,2026-08-22,11:15:00,579.8,-0.1,Descendente
11377,2026-08-22,11:30:00,579.8,0.0,Estable
11378,2026-08-22,11:45:00,579.6,-0.2,Descendente
11379,2026-08-22,12:00:00,579.5,-0.1,Descendente
11380,2026-08-22,12:15:00,579.2,-0.3,Descendente
11381,2026-08-22,12:30:00,579.1,-0.1,Descendente
11382,2026-08-22,12:45:00,578.8,-0.3,Descendente
11383,2026-08-22,13:00:00,578.5,-0.3,Descendente
11384,2026-08-22,13:15:00,578.4,-0.1,Descendente
11385,2026-08-22,13:30:00,578.3,-0.1,Descendente
11386,2026-08-22,13:45:00,578.1,-0.2,Descendente
11387,2026-08-22,14:00:00,577.8,-0.3,Descendente
11388,2026-08-22,14:15:00,577.7,-0.1,Descendente
11389,2026-08-22,14:30:00,577.4,-0.3,Descendente
11390,2026-08-22,14:45:00,577.3,-0.1,Descendente
11391,2026-08-22,15:00:00,577.5,0.2,Creciente
11392,2026-08-22,15:15:00,577.7,0.2,Creciente
11393,2026-08-22,15:30:00,578.0,0.3,Creciente
11394,2026-08-22,15:45:00,578.2,0.2,Creciente
11395,2026-08-22,16:00:00,578.5,0.3,Creciente
11396,2026-08-22,16:15:00,579.0,0.5,Creciente
11397,2026-08-22,16:30:00,579.0,0.0,Estable
11398,2026-08-22,16:45:00,578.9,-0.1,Descendente
11399,2026-08-22,17:00:00,578.8,-0.1,Descendente
11400,2026-08-22,17:15:00,578.7,-0.1,Descendente
11401,2026-08-22,17:30:00,578.8,0.1,Creciente
11402,2026-08-22,17:45:00,578.9,0.1,Creciente
11403,2026-08-22,18:00:00,578.9,0.0,Estable
11404,2026-08-22,18:15:00,579.1,0.2,Creciente
11405,2026-08-22,18:30:00,579.1,0.0,Estable
11406,2026-08-22,18:45:00,579.3,0.2,Creciente
11407,2026-08-22,19:00:00,579.5,0.2,Creciente
11408,2026-08-22,19:15:00,579.3,-0.2,Descendente
11409,2026-08-22,19:30:00,579.2,-0.1,Descendente
11410,2026-08-22,19:45:00,579.1,-0.1,Descendente
11411,2026-08-22,20:00:00,579.0,-0.1,Descendente
11412,2026-08-22,20:15:00,579.0,0.0,Estable
11413,2026-08-22,20:30:00,579.5,0.5,Creciente
11414,2026-08-22,20:45:00,580.0,0.5,Creciente
11415,2026-08-22,21:00:00,580.3,0.3,Creciente
11416,2026-08-22,21:15:00,580.4,0.1,Creciente
11417,2026-08-22,21:30:00,580.3,-0.1,Descendente
11418,2026-08-22,21:45:00,580.4,0.1,Creciente
11419,2026-08-22,22:00:00,580.4,0.0,Estable
11420,2026-08-22,22:15:00,580.6,0.2,Creciente
11421,2026-08-22,22:30:00,580.3,-0.3,Descendente
11422,2026-08-22,22:45:00,580.2,-0.1,Descendente
11423,2026-08-22,23:00:00,580.2,0.0,Estable
11424,2026-08-22,23:15:00,580.3,0.1,Creciente
11425,2026-08-22,23:30:00,580.2,-0.1,Descendente
11426,2026-08-22,23:45:00,580.2,0.0,Estable
11427,2026-08-23,00:15:00,579.9,-0.3,Descendente
11428,2026-08-23,00:30:00,579.7,-0.2,Descendente
11429,2026-08-23,00:45:00,579.5,-0.2,Descendente
11430,2026-08-23,01:00:00,579.3,-0.2,Descendente
11431,2026-08-23,01:15:00,579.3,0.0,Estable
11432,2026-08-23,01:30:00,579.3,0.0,Estable
11433,2026-08-23,01:45:00,579.3,0.0,Estable
11434,2026-08-23,02:00:00,579.3,0.0,Estable
11435,2026-08-23,02:15:00,579.2,-0.1,Descendente
11436,2026-08-23,02:30:00,579.1,-0.1,Descendente
11437,2026-08-23,02:45:00,579.0,-0.1,Descendente
11438,2026-08-23,03:00:00,579.0,0.0,Estable
11439,2026-08-23,03:15:00,579.0,0.0,Estable
11440,2026-08-23,03:30:00,579.1,0.1,Creciente
11441,2026-08-23,03:45:00,579.0,-0.1,Descendente
11442,2026-08-23,04:00:00,579.0,0.0,Estable
11443,2026-08-23,04:15:00,579.1,0.1,Creciente
11444,2026-08-23,04:30:00,579.0,-0.1,Descendente
11445,2026-08-23,04:45:00,579.0,0.0,Estable
11446,2026-08-23,05:00:00,579.1,0.1,Creciente
11447,2026-08-23,05:15:00,579.0,-0.1,Descendente
11448,2026-08-23,05:30:00,579.1,0.1,Creciente
11449,2026-08-23,05:45:00,579.0,-0.1,Descendente
11450,2026-08-23,06:00:00,579.0,0.0,Estable
11451,2026-08-23,06:15:00,578.9,-0.1,Descendente
11452,2026-08-23,06:30:00,579.0,0.1,Creciente
11453,2026-08-23,06:45:00,579.1,0.1,Creciente
11454,2026-08-23,07:00:00,579.1,0.0,Estable
11455,2026-08-23,07:15:00,579.0,-0.1,Descendente
11456,2026-08-23,07:30:00,579.2,0.2,Creciente
11457,2026-08-23,07:45:00,579.3,0.1,Creciente
11458,2026-08-23,08:00:00,579.5,0.2,Creciente
11459,2026-08-23,08:15:00,579.6,0.1,Creciente
11460,2026-08-23,08:30:00,579.6,0.0,Estable
11461,2026-08-23,08:45:00,579.9,0.3,Creciente
11462,2026-08-23,09:00:00,580.0,0.1,Creciente
11463,2026-08-23,09:15:00,580.0,0.0,Estable
11464,2026-08-23,09:30:00,580.1,0.1,Creciente
11465,2026-08-23,09:45:00,580.1,0.0,Estable
11466,2026-08-23,10:00:00,580.2,0.1,Creciente
11467,2026-08-23,10:15:00,580.1,-0.1,Descendente
11468,2026-08-23,10:30:00,580.1,0.0,Estable
11469,2026-08-23,10:45:00,580.0,-0.1,Descendente
11470,2026-08-23,11:00:00,580.0,0.0,Estable
11471,2026-08-23,11:15:00,580.1,0.1,Creciente
11472,2026-08-23,11:30:00,580.0,-0.1,Descendente
11473,2026-08-23,11:45:00,579.9,-0.1,Descendente
11474,2026-08-23,12:00:00,579.8,-0.1,Descendente
11475,2026-08-23,12:15:00,579.6,-0.2,Descendente
11476,2026-08-23,12:30:00,579.4,-0.2,Descendente
11477,2026-08-23,12:45:00,579.3,-0.1,Descendente
11478,2026-08-23,13:00:00,579.1,-0.2,Descendente
11479,2026-08-23,13:15:00,578.9,-0.2,Descendente
11480,2026-08-23,13:30:00,578.7,-0.2,Descendente
11481,2026-08-23,13:45:00,578.4,-0.3,Descendente
11482,2026-08-23,14:00:00,578.4,0.0,Estable
11483,2026-08-23,14:15:00,578.1,-0.3,Descendente
11484,2026-08-23,14:30:00,577.8,-0.3,Descendente
11485,2026-08-23,14:45:00,577.6,-0.2,Descendente
11486,2026-08-23,15:00:00,577.4,-0.2,Descendente
11487,2026-08-23,15:15:00,577.3,-0.1,Descendente
11488,2026-08-23,15:30:00,577.1,-0.2,Descendente
11489,2026-08-23,15:45:00,577.1,0.0,Estable
11490,2026-08-23,16:00:00,577.0,-0.1,Descendente
11491,2026-08-23,16:15:00,576.9,-0.1,Descendente
11492,2026-08-23,16:30:00,576.9,0.0,Estable
11493,2026-08-23,16:45:00,576.9,0.0,Estable
11494,2026-08-23,17:00:00,576.9,0.0,Estable
11495,2026-08-23,17:15:00,577.0,0.1,Creciente
11496,2026-08-23,17:30:00,577.1,0.1,Creciente
11497,2026-08-23,17:45:00,577.3,0.2,Creciente
11498,2026-08-23,18:00:00,577.3,0.0,Estable
11499,2026-08-23,18:15:00,577.6,0.3,Creciente
11500,2026-08-23,18:30:00,577.8,0.2,Creciente
11501,2026-08-23,18:45:00,578.0,0.2,Creciente
11502,2026-08-23,19:00:00,578.1,0.1,Creciente
11503,2026-08-23,19:15:00,578.3,0.2,Creciente
11504,2026-08-23,19:30:00,578.5,0.2,Creciente
11505,2026-08-23,19:45:00,578.6,0.1,Creciente
11506,2026-08-23,20:00:00,578.7,0.1,Creciente
11507,2026-08-23,20:15:00,578.8,0.1,Creciente
11508,2026-08-23,20:30:00,579.2,0.4,Creciente
11509,2026-08-23,20:45:00,579.4,0.2,Creciente
11510,2026-08-23,21:00:00,579.5,0.1,Creciente
11511,2026-08-23,21:15:00,579.6,0.1,Creciente
11512,2026-08-23,21:30:00,579.7,0.1,Creciente
11513,2026-08-23,21:45:00,579.6,-0.1,Descendente
11514,2026-08-23,22:00:00,579.8,0.2,Creciente
11515,2026-08-23,22:15:00,579.8,0.0,Estable
11516,2026-08-23,22:30:00,579.9,0.1,Creciente
11517,2026-08-23,22:45:00,579.9,0.0,Estable
11518,2026-08-23,23:00:00,580.0,0.1,Creciente
11519,2026-08-23,23:15:00,580.0,0.0,Estable
11520,2026-08-23,23:30:00,579.9,-0.1,Descendente
11521,2026-08-23,23:45:00,579.9,0.0,Estable
11522,2026-08-24,00:15:00,579.7,-0.2,Descendente
11523,2026-08-24,00:30:00,579.7,0.0,Estable
11524,2026-08-24,00:45:00,579.5,-0.2,Descendente
11525,2026-08-24,01:00:00,579.4,-0.1,Descendente
11526,2026-08-24,01:15:00,579.4,0.0,Estable
11527,2026-08-24,01:30:00,579.4,0.0,Estable
11528,2026-08-24,01:45:00,579.3,-0.1,Descendente
11529,2026-08-24,02:00:00,579.3,0.0,Estable
11530,2026-08-24,02:15:00,579.1,-0.2,Descendente
11531,2026-08-24,02:30:00,579.0,-0.1,Descendente
11532,2026-08-24,02:45:00,579.1,0.1,Creciente
11533,2026-08-24,03:00:00,579.0,-0.1,Descendente
11534,2026-08-24,03:15:00,579.0,0.0,Estable
11535,2026-08-24,03:30:00,578.9,-0.1,Descendente
11536,2026-08-24,03:45:00,578.8,-0.1,Descendente
11537,2026-08-24,04:00:00,578.9,0.1,Creciente
11538,2026-08-24,04:15:00,579.0,0.1,Creciente
11539,2026-08-24,04:30:00,578.9,-0.1,Descendente
11540,2026-08-24,04:45:00,578.9,0.0,Estable
11541,2026-08-24,05:00:00,578.9,0.0,Estable
11542,2026-08-24,05:15:00,579.0,0.1,Creciente
11543,2026-08-24,05:30:00,579.0,0.0,Estable
11544,2026-08-24,05:45:00,579.0,0.0,Estable
11545,2026-08-24,06:00:00,579.1,0.1,Creciente
11546,2026-08-24,06:15:00,579.1,0.0,Estable
11547,2026-08-24,06:30:00,579.0,-0.1,Descendente
11548,2026-08-24,06:45:00,579.1,0.1,Creciente
11549,2026-08-24,07:00:00,579.1,0.0,Estable
11550,2026-08-24,07:15:00,579.3,0.2,Creciente
11551,2026-08-24,07:30:00,579.3,0.0,Estable
11552,2026-08-24,07:45:00,579.4,0.1,Creciente
11553,2026-08-24,08:00:00,579.5,0.1,Creciente
11554,2026-08-24,08:15:00,579.5,0.0,Estable
11555,2026-08-24,08:30:00,579.6,0.1,Creciente
11556,2026-08-24,08:45:00,579.5,-0.1,Descendente
11557,2026-08-24,09:00:00,579.4,-0.1,Descendente
11558,2026-08-24,09:15:00,579.4,0.0,Estable
11559,2026-08-24,09:30:00,579.6,0.2,Creciente
11560,2026-08-24,09:45:00,579.5,-0.1,Descendente
11561,2026-08-24,10:00:00,579.5,0.0,Estable
11562,2026-08-24,10:15:00,579.5,0.0,Estable
11563,2026-08-24,10:30:00,579.4,-0.1,Descendente
11564,2026-08-24,10:45:00,579.5,0.1,Creciente
11565,2026-08-24,11:00:00,579.3,-0.2,Descendente
11566,2026-08-24,11:15:00,579.3,0.0,Estable
11567,2026-08-24,11:30:00,579.2,-0.1,Descendente
11568,2026-08-24,11:45:00,579.2,0.0,Estable
11569,2026-08-24,12:00:00,579.2,0.0,Estable
11570,2026-08-24,12:15:00,579.1,-0.1,Descendente
11571,2026-08-24,12:30:00,578.9,-0.2,Descendente
11572,2026-08-24,12:45:00,578.7,-0.2,Descendente
11573,2026-08-24,13:00:00,578.5,-0.2,Descendente
11574,2026-08-24,13:15:00,578.5,0.0,Estable
11575,2026-08-24,13:30:00,578.3,-0.2,Descendente
11576,2026-08-24,13:45:00,578.2,-0.1,Descendente
11577,2026-08-24,14:00:00,577.9,-0.3,Descendente
11578,2026-08-24,14:15:00,577.7,-0.2,Descendente
11579,2026-08-24,14:30:00,577.5,-0.2,Descendente
11580,2026-08-24,14:45:00,577.4,-0.1,Descendente
11581,2026-08-24,15:00:00,577.3,-0.1,Descendente
11582,2026-08-24,15:15:00,577.2,-0.1,Descendente
11583,2026-08-24,15:30:00,577.2,0.0,Estable
11584,2026-08-24,15:45:00,577.2,0.0,Estable
11585,2026-08-24,16:00:00,577.2,0.0,Estable
11586,2026-08-24,16:15:00,577.1,-0.1,Descendente
11587,2026-08-24,16:30:00,577.3,0.2,Creciente
11588,2026-08-24,16:45:00,577.2,-0.1,Descendente
11589,2026-08-24,17:00:00,577.3,0.1,Creciente
11590,2026-08-24,17:15:00,577.3,0.0,Estable
11591,2026-08-24,17:30:00,577.5,0.2,Creciente
11592,2026-08-24,17:45:00,577.5,0.0,Estable
11593,2026-08-24,18:00:00,577.6,0.1,Creciente
11594,2026-08-24,18:15:00,577.5,-0.1,Descendente
11595,2026-08-24,18:30:00,577.8,0.3,Creciente
11596,2026-08-24,18:45:00,577.9,0.1,Creciente
11597,2026-08-24,19:00:00,578.1,0.2,Creciente
11598,2026-08-24,19:15:00,578.3,0.2,Creciente
11599,2026-08-24,19:30:00,578.4,0.1,Creciente
11600,2026-08-24,19:45:00,578.5,0.1,Creciente
11601,2026-08-24,20:00:00,578.5,0.0,Estable
11602,2026-08-24,20:15:00,578.8,0.3,Creciente
11603,2026-08-24,20:30:00,579.0,0.2,Creciente
11604,2026-08-24,20:45:00,579.1,0.1,Creciente
11605,2026-08-24,21:00:00,579.1,0.0,Estable
11606,2026-08-24,21:15:00,579.2,0.1,Creciente
11607,2026-08-24,21:30:00,579.5,0.3,Creciente
11608,2026-08-24,21:45:00,579.5,0.0,Estable
11609,2026-08-24,22:00:00,579.6,0.1,Creciente
11610,2026-08-24,22:15:00,579.6,0.0,Estable
11611,2026-08-24,22:30:00,579.8,0.2,Creciente
11612,2026-08-24,22:45:00,579.9,0.1,Creciente
11613,2026-08-24,23:00:00,580.0,0.1,Creciente
11614,2026-08-24,23:15:00,579.9,-0.1,Descendente
11615,2026-08-24,23:30:00,579.9,0.0,Estable
11616,2026-08-24,23:45:00,579.9,0.0,Estable
11617,2026-08-25,00:15:00,579.8,-0.1,Descendente
11618,2026-08-25,00:30:00,579.7,-0.1,Descendente
11619,2026-08-25,00:45:00,579.5,-0.2,Descendente
11620,2026-08-25,01:00:00,579.4,-0.1,Descendente
11621,2026-08-25,01:15:00,579.3,-0.1,Descendente
11622,2026-08-25,01:30:00,579.2,-0.1,Descendente
11623,2026-08-25,01:45:00,579.2,0.0,Estable
11624,2026-08-25,02:00:00,579.2,0.0,Estable
11625,2026-08-25,02:15:00,579.2,0.0,Estable
11626,2026-08-25,02:30:00,579.1,-0.1,Descendente
11627,2026-08-25,02:45:00,579.1,0.0,Estable
11628,2026-08-25,03:00:00,579.0,-0.1,Descendente
11629,2026-08-25,03:15:00,579.0,0.0,Estable
11630,2026-08-25,03:30:00,579.0,0.0,Estable
11631,2026-08-25,03:45:00,579.0,0.0,Estable
11632,2026-08-25,04:00:00,578.9,-0.1,Descendente
11633,2026-08-25,04:15:00,578.8,-0.1,Descendente
11634,2026-08-25,04:30:00,578.8,0.0,Estable
11635,2026-08-25,04:45:00,578.8,0.0,Estable
11636,2026-08-25,05:00:00,578.8,0.0,Estable
11637,2026-08-25,05:15:00,578.8,0.0,Estable
11638,2026-08-25,05:30:00,578.8,0.0,Estable
11639,2026-08-25,05:45:00,579.0,0.2,Creciente
11640,2026-08-25,06:00:00,579.0,0.0,Estable
11641,2026-08-25,06:15:00,579.2,0.2,Creciente
11642,2026-08-25,06:30:00,579.3,0.1,Creciente
11643,2026-08-25,06:45:00,579.3,0.0,Estable
11644,2026-08-25,07:00:00,579.3,0.0,Estable
11645,2026-08-25,07:15:00,579.4,0.1,Creciente
11646,2026-08-25,07:30:00,579.5,0.1,Creciente
11647,2026-08-25,07:45:00,579.7,0.2,Creciente
11648,2026-08-25,08:00:00,579.8,0.1,Creciente
11649,2026-08-25,08:15:00,579.8,0.0,Estable
11650,2026-08-25,08:30:00,579.9,0.1,Creciente
11651,2026-08-25,08:45:00,579.9,0.0,Estable
11652,2026-08-25,09:00:00,580.0,0.1,Creciente
11653,2026-08-25,09:15:00,580.0,0.0,Estable
11654,2026-08-25,09:30:00,580.0,0.0,Estable
11655,2026-08-25,09:45:00,580.2,0.2,Creciente
11656,2026-08-25,10:00:00,580.2,0.0,Estable
11657,2026-08-25,10:15:00,580.3,0.1,Creciente
11658,2026-08-25,10:30:00,580.3,0.0,Estable
11659,2026-08-25,10:45:00,580.2,-0.1,Descendente
11660,2026-08-25,11:00:00,580.0,-0.2,Descendente
11661,2026-08-25,11:15:00,580.0,0.0,Estable
11662,2026-08-25,11:30:00,579.9,-0.1,Descendente
11663,2026-08-25,11:45:00,579.7,-0.2,Descendente
11664,2026-08-25,12:00:00,579.4,-0.3,Descendente
11665,2026-08-25,12:15:00,579.2,-0.2,Descendente
11666,2026-08-25,12:30:00,579.1,-0.1,Descendente
11667,2026-08-25,12:45:00,578.9,-0.2,Descendente
11668,2026-08-25,13:00:00,578.8,-0.1,Descendente
11669,2026-08-25,13:15:00,578.7,-0.1,Descendente
11670,2026-08-25,13:30:00,578.5,-0.2,Descendente
11671,2026-08-25,13:45:00,578.4,-0.1,Descendente
11672,2026-08-25,14:00:00,578.3,-0.1,Descendente
11673,2026-08-25,14:15:00,577.9,-0.4,Descendente
11674,2026-08-25,14:30:00,577.8,-0.1,Descendente
11675,2026-08-25,14:45:00,577.6,-0.2,Descendente
11676,2026-08-25,15:00:00,577.5,-0.1,Descendente
11677,2026-08-25,15:15:00,577.3,-0.2,Descendente
11678,2026-08-25,15:30:00,577.3,0.0,Estable
11679,2026-08-25,15:45:00,577.1,-0.2,Descendente
11680,2026-08-25,16:00:00,577.0,-0.1,Descendente
11681,2026-08-25,16:15:00,577.0,0.0,Estable
11682,2026-08-25,16:30:00,577.0,0.0,Estable
11683,2026-08-25,16:45:00,577.1,0.1,Creciente
11684,2026-08-25,17:00:00,577.2,0.1,Creciente
11685,2026-08-25,17:15:00,577.2,0.0,Estable
11686,2026-08-25,17:30:00,577.4,0.2,Creciente
11687,2026-08-25,17:45:00,577.7,0.3,Creciente
11688,2026-08-25,18:00:00,577.7,0.0,Estable
11689,2026-08-25,18:15:00,577.7,0.0,Estable
11690,2026-08-25,18:30:00,577.7,0.0,Estable
11691,2026-08-25,18:45:00,577.8,0.1,Creciente
11692,2026-08-25,19:00:00,577.8,0.0,Estable
11693,2026-08-25,19:15:00,578.0,0.2,Creciente
11694,2026-08-25,19:30:00,578.3,0.3,Creciente
11695,2026-08-25,19:45:00,578.4,0.1,Creciente
11696,2026-08-25,20:00:00,578.6,0.2,Creciente
11697,2026-08-25,20:15:00,578.7,0.1,Creciente
11698,2026-08-25,20:30:00,578.7,0.0,Estable
11699,2026-08-25,20:45:00,578.7,0.0,Estable
11700,2026-08-25,21:00:00,578.9,0.2,Creciente
11701,2026-08-25,21:15:00,579.0,0.1,Creciente
11702,2026-08-25,21:30:00,579.3,0.3,Creciente
11703,2026-08-25,21:45:00,579.3,0.0,Estable
11704,2026-08-25,22:00:00,579.3,0.0,Estable
11705,2026-08-25,22:15:00,579.3,0.0,Estable
11706,2026-08-25,22:30:00,579.3,0.0,Estable
11707,2026-08-25,22:45:00,579.3,0.0,Estable
11708,2026-08-25,23:00:00,579.4,0.1,Creciente
11709,2026-08-25,23:15:00,579.4,0.0,Estable
11710,2026-08-25,23:30:00,579.4,0.0,Estable
11711,2026-08-25,23:45:00,579.5,0.1,Creciente
11712,2026-08-26,00:15:00,579.3,-0.2,Descendente
11713,2026-08-26,00:30:00,579.1,-0.2,Descendente
11714,2026-08-26,00:45:00,579.2,0.1,Creciente
11715,2026-08-26,01:00:00,579.1,-0.1,Descendente
11716,2026-08-26,01:15:00,579.1,0.0,Estable
11717,2026-08-26,01:30:00,578.9,-0.2,Descendente
11718,2026-08-26,01:45:00,578.9,0.0,Estable
11719,2026-08-26,02:00:00,578.8,-0.1,Descendente
11720,2026-08-26,02:15:00,578.7,-0.1,Descendente
11721,2026-08-26,02:30:00,578.6,-0.1,Descendente
11722,2026-08-26,02:45:00,578.6,0.0,Estable
11723,2026-08-26,03:00:00,578.5,-0.1,Descendente
11724,2026-08-26,03:15:00,578.5,0.0,Estable
11725,2026-08-26,03:30:00,578.4,-0.1,Descendente
11726,2026-08-26,03:45:00,578.4,0.0,Estable
11727,2026-08-26,04:00:00,578.4,0.0,Estable
11728,2026-08-26,04:15:00,578.4,0.0,Estable
11729,2026-08-26,04:30:00,578.4,0.0,Estable
11730,2026-08-26,04:45:00,578.3,-0.1,Descendente
11731,2026-08-26,05:00:00,578.2,-0.1,Descendente
11732,2026-08-26,05:15:00,578.3,0.1,Creciente
11733,2026-08-26,05:30:00,578.3,0.0,Estable
11734,2026-08-26,05:45:00,578.3,0.0,Estable
11735,2026-08-26,06:00:00,578.3,0.0,Estable
11736,2026-08-26,06:15:00,578.3,0.0,Estable
11737,2026-08-26,06:30:00,578.3,0.0,Estable
11738,2026-08-26,06:45:00,578.4,0.1,Creciente
11739,2026-08-26,07:00:00,578.5,0.1,Creciente
11740,2026-08-26,07:15:00,578.7,0.2,Creciente
11741,2026-08-26,07:30:00,578.8,0.1,Creciente
11742,2026-08-26,07:45:00,579.0,0.2,Creciente
11743,2026-08-26,08:00:00,579.0,0.0,Estable
11744,2026-08-26,08:15:00,579.4,0.4,Creciente
11745,2026-08-26,08:30:00,579.4,0.0,Estable
11746,2026-08-26,08:45:00,579.4,0.0,Estable
11747,2026-08-26,09:00:00,579.2,-0.2,Descendente
11748,2026-08-26,09:15:00,579.3,0.1,Creciente
11749,2026-08-26,09:30:00,579.4,0.1,Creciente
11750,2026-08-26,09:45:00,579.5,0.1,Creciente
11751,2026-08-26,10:00:00,579.4,-0.1,Descendente
11752,2026-08-26,10:15:00,579.3,-0.1,Descendente
11753,2026-08-26,10:30:00,579.4,0.1,Creciente
11754,2026-08-26,10:45:00,579.3,-0.1,Descendente
11755,2026-08-26,11:00:00,579.3,0.0,Estable
11756,2026-08-26,11:15:00,579.1,-0.2,Descendente
11757,2026-08-26,11:30:00,579.0,-0.1,Descendente
11758,2026-08-26,11:45:00,578.9,-0.1,Descendente
11759,2026-08-26,12:00:00,578.8,-0.1,Descendente
11760,2026-08-26,12:15:00,578.7,-0.1,Descendente
11761,2026-08-26,12:30:00,578.4,-0.3,Descendente
11762,2026-08-26,12:45:00,578.4,0.0,Estable
11763,2026-08-26,13:00:00,578.2,-0.2,Descendente
11764,2026-08-26,13:15:00,578.0,-0.2,Descendente
11765,2026-08-26,13:30:00,577.7,-0.3,Descendente
11766,2026-08-26,13:45:00,577.3,-0.4,Descendente
11767,2026-08-26,14:00:00,577.2,-0.1,Descendente
11768,2026-08-26,14:15:00,577.0,-0.2,Descendente
11769,2026-08-26,14:30:00,576.7,-0.3,Descendente
11770,2026-08-26,14:45:00,576.4,-0.3,Descendente
11771,2026-08-26,15:00:00,576.0,-0.4,Descendente
11772,2026-08-26,15:15:00,575.9,-0.1,Descendente
11773,2026-08-26,15:30:00,575.8,-0.1,Descendente
11774,2026-08-26,15:45:00,575.7,-0.1,Descendente
11775,2026-08-26,16:00:00,575.7,0.0,Estable
11776,2026-08-26,16:15:00,575.7,0.0,Estable
11777,2026-08-26,16:30:00,575.6,-0.1,Descendente
11778,2026-08-26,16:45:00,575.5,-0.1,Descendente
11779,2026-08-26,17:00:00,575.6,0.1,Creciente
11780,2026-08-26,17:15:00,575.7,0.1,Creciente
11781,2026-08-26,17:30:00,575.8,0.1,Creciente
11782,2026-08-26,17:45:00,575.8,0.0,Estable
11783,2026-08-26,18:00:00,575.9,0.1,Creciente
11784,2026-08-26,18:15:00,576.2,0.3,Creciente
11785,2026-08-26,18:30:00,576.4,0.2,Creciente
11786,2026-08-26,18:45:00,576.5,0.1,Creciente
11787,2026-08-26,19:00:00,576.7,0.2,Creciente
11788,2026-08-26,19:15:00,576.9,0.2,Creciente
11789,2026-08-26,19:30:00,577.2,0.3,Creciente
11790,2026-08-26,19:45:00,577.4,0.2,Creciente
11791,2026-08-26,20:00:00,577.5,0.1,Creciente
11792,2026-08-26,20:15:00,577.7,0.2,Creciente
11793,2026-08-26,20:30:00,578.0,0.3,Creciente
11794,2026-08-26,20:45:00,578.3,0.3,Creciente
11795,2026-08-26,21:00:00,578.3,0.0,Estable
11796,2026-08-26,21:15:00,578.2,-0.1,Descendente
11797,2026-08-26,21:30:00,578.4,0.2,Creciente
11798,2026-08-26,21:45:00,578.7,0.3,Creciente
11799,2026-08-26,22:00:00,578.9,0.2,Creciente
11800,2026-08-26,22:15:00,579.0,0.1,Creciente
11801,2026-08-26,22:30:00,579.2,0.2,Creciente
11802,2026-08-26,22:45:00,579.3,0.1,Creciente
11803,2026-08-26,23:00:00,579.4,0.1,Creciente
11804,2026-08-26,23:15:00,579.5,0.1,Creciente
11805,2026-08-26,23:30:00,579.5,0.0,Estable
11806,2026-08-26,23:45:00,579.6,0.1,Creciente
11807,2026-08-27,00:15:00,579.4,-0.2,Descendente
11808,2026-08-27,00:30:00,579.2,-0.2,Descendente
11809,2026-08-27,00:45:00,579.1,-0.1,Descendente
11810,2026-08-27,01:00:00,579.0,-0.1,Descendente
11811,2026-08-27,01:15:00,578.9,-0.1,Descendente
11812,2026-08-27,01:30:00,578.7,-0.2,Descendente
11813,2026-08-27,01:45:00,578.7,0.0,Estable
11814,2026-08-27,02:00:00,578.5,-0.2,Descendente
11815,2026-08-27,02:15:00,578.5,0.0,Estable
11816,2026-08-27,02:30:00,578.4,-0.1,Descendente
11817,2026-08-27,02:45:00,578.4,0.0,Estable
11818,2026-08-27,03:00:00,578.4,0.0,Estable
11819,2026-08-27,03:15:00,578.3,-0.1,Descendente
11820,2026-08-27,03:30:00,578.3,0.0,Estable
11821,2026-08-27,03:45:00,578.2,-0.1,Descendente
11822,2026-08-27,04:00:00,578.2,0.0,Estable
11823,2026-08-27,04:15:00,578.2,0.0,Estable
11824,2026-08-27,04:30:00,578.2,0.0,Estable
11825,2026-08-27,04:45:00,578.2,0.0,Estable
11826,2026-08-27,05:00:00,578.3,0.1,Creciente
11827,2026-08-27,05:15:00,578.4,0.1,Creciente
11828,2026-08-27,05:30:00,578.3,-0.1,Descendente
11829,2026-08-27,05:45:00,578.4,0.1,Creciente
11830,2026-08-27,06:00:00,578.3,-0.1,Descendente
11831,2026-08-27,06:15:00,578.5,0.2,Creciente
11832,2026-08-27,06:30:00,578.4,-0.1,Descendente
11833,2026-08-27,06:45:00,578.5,0.1,Creciente
11834,2026-08-27,07:00:00,578.6,0.1,Creciente
11835,2026-08-27,07:15:00,578.6,0.0,Estable
11836,2026-08-27,07:30:00,578.7,0.1,Creciente
11837,2026-08-27,07:45:00,578.8,0.1,Creciente
11838,2026-08-27,08:00:00,578.8,0.0,Estable
11839,2026-08-27,08:15:00,578.9,0.1,Creciente
11840,2026-08-27,08:30:00,579.0,0.1,Creciente
11841,2026-08-27,08:45:00,579.1,0.1,Creciente
11842,2026-08-27,09:00:00,579.2,0.1,Creciente
11843,2026-08-27,09:15:00,579.2,0.0,Estable
11844,2026-08-27,09:30:00,579.3,0.1,Creciente
11845,2026-08-27,09:45:00,579.3,0.0,Estable
11846,2026-08-27,10:00:00,579.3,0.0,Estable
11847,2026-08-27,10:15:00,579.3,0.0,Estable
11848,2026-08-27,10:30:00,579.1,-0.2,Descendente
11849,2026-08-27,10:45:00,579.0,-0.1,Descendente
11850,2026-08-27,11:00:00,579.0,0.0,Estable
11851,2026-08-27,11:15:00,578.7,-0.3,Descendente
11852,2026-08-27,11:30:00,578.5,-0.2,Descendente
11853,2026-08-27,11:45:00,578.4,-0.1,Descendente
11854,2026-08-27,12:00:00,578.3,-0.1,Descendente
11855,2026-08-27,12:15:00,578.1,-0.2,Descendente
11856,2026-08-27,12:30:00,578.0,-0.1,Descendente
11857,2026-08-27,12:45:00,577.9,-0.1,Descendente
11858,2026-08-27,13:00:00,577.8,-0.1,Descendente
11859,2026-08-27,13:15:00,577.7,-0.1,Descendente
11860,2026-08-27,13:30:00,577.5,-0.2,Descendente
11861,2026-08-27,13:45:00,577.3,-0.2,Descendente
11862,2026-08-27,14:00:00,577.3,0.0,Estable
11863,2026-08-27,14:15:00,577.0,-0.3,Descendente
11864,2026-08-27,14:30:00,576.8,-0.2,Descendente
11865,2026-08-27,14:45:00,576.7,-0.1,Descendente
11866,2026-08-27,15:00:00,576.4,-0.3,Descendente
11867,2026-08-27,15:15:00,576.2,-0.2,Descendente
11868,2026-08-27,15:30:00,576.1,-0.1,Descendente
11869,2026-08-27,15:45:00,575.8,-0.3,Descendente
11870,2026-08-27,16:00:00,575.7,-0.1,Descendente
11871,2026-08-27,16:15:00,575.7,0.0,Estable
11872,2026-08-27,16:30:00,575.6,-0.1,Descendente
11873,2026-08-27,16:45:00,575.7,0.1,Creciente
11874,2026-08-27,17:00:00,575.7,0.0,Estable
11875,2026-08-27,17:15:00,575.6,-0.1,Descendente
11876,2026-08-27,17:30:00,575.5,-0.1,Descendente
11877,2026-08-27,17:45:00,575.5,0.0,Estable
11878,2026-08-27,18:00:00,576.0,0.5,Creciente
11879,2026-08-27,18:15:00,576.0,0.0,Estable
11880,2026-08-27,18:30:00,575.9,-0.1,Descendente
11881,2026-08-27,18:45:00,575.9,0.0,Estable
11882,2026-08-27,19:00:00,576.1,0.2,Creciente
11883,2026-08-27,19:15:00,576.5,0.4,Creciente
11884,2026-08-27,19:30:00,576.6,0.1,Creciente
11885,2026-08-27,19:45:00,576.8,0.2,Creciente
11886,2026-08-27,20:00:00,577.0,0.2,Creciente
11887,2026-08-27,20:15:00,577.3,0.3,Creciente
11888,2026-08-27,20:30:00,577.5,0.2,Creciente
11889,2026-08-27,20:45:00,577.8,0.3,Creciente
11890,2026-08-27,21:00:00,578.1,0.3,Creciente
11891,2026-08-27,21:15:00,578.5,0.4,Creciente
11892,2026-08-27,21:30:00,578.5,0.0,Estable
11893,2026-08-27,21:45:00,578.7,0.2,Creciente
11894,2026-08-27,22:00:00,578.7,0.0,Estable
11895,2026-08-27,22:15:00,578.9,0.2,Creciente
11896,2026-08-27,22:30:00,578.9,0.0,Estable
11897,2026-08-27,22:45:00,578.9,0.0,Estable
11898,2026-08-27,23:00:00,579.0,0.1,Creciente
11899,2026-08-27,23:15:00,579.0,0.0,Estable
11900,2026-08-27,23:30:00,579.0,0.0,Estable
11901,2026-08-27,23:45:00,579.2,0.2,Creciente
11902,2026-08-28,00:15:00,579.1,-0.1,Descendente
11903,2026-08-28,00:30:00,578.8,-0.3,Descendente
11904,2026-08-28,00:45:00,578.7,-0.1,Descendente
11905,2026-08-28,01:00:00,578.5,-0.2,Descendente
11906,2026-08-28,01:15:00,578.5,0.0,Estable
11907,2026-08-28,01:30:00,578.4,-0.1,Descendente
11908,2026-08-28,01:45:00,578.3,-0.1,Descendente
11909,2026-08-28,02:00:00,578.3,0.0,Estable
11910,2026-08-28,02:15:00,578.3,0.0,Estable
11911,2026-08-28,02:30:00,578.2,-0.1,Descendente
11912,2026-08-28,02:45:00,578.2,0.0,Estable
11913,2026-08-28,03:00:00,578.1,-0.1,Descendente
11914,2026-08-28,03:15:00,578.2,0.1,Creciente
11915,2026-08-28,03:30:00,578.2,0.0,Estable
11916,2026-08-28,03:45:00,578.3,0.1,Creciente
11917,2026-08-28,04:00:00,578.3,0.0,Estable
11918,2026-08-28,04:15:00,578.3,0.0,Estable
11919,2026-08-28,04:30:00,578.2,-0.1,Descendente
11920,2026-08-28,04:45:00,578.3,0.1,Creciente
11921,2026-08-28,05:00:00,578.3,0.0,Estable
11922,2026-08-28,05:15:00,578.4,0.1,Creciente
11923,2026-08-28,05:30:00,578.4,0.0,Estable
11924,2026-08-28,05:45:00,578.3,-0.1,Descendente
11925,2026-08-28,06:00:00,578.5,0.2,Creciente
11926,2026-08-28,06:15:00,578.6,0.1,Creciente
11927,2026-08-28,06:30:00,578.6,0.0,Estable
11928,2026-08-28,06:45:00,578.7,0.1,Creciente
11929,2026-08-28,07:00:00,578.9,0.2,Creciente
11930,2026-08-28,07:15:00,579.0,0.1,Creciente
11931,2026-08-28,07:30:00,579.0,0.0,Estable
11932,2026-08-28,07:45:00,579.1,0.1,Creciente
11933,2026-08-28,08:00:00,579.3,0.2,Creciente
11934,2026-08-28,08:15:00,579.3,0.0,Estable
11935,2026-08-28,08:30:00,579.3,0.0,Estable
11936,2026-08-28,08:45:00,579.5,0.2,Creciente
11937,2026-08-28,09:00:00,579.6,0.1,Creciente
11938,2026-08-28,09:15:00,579.7,0.1,Creciente
11939,2026-08-28,09:30:00,579.8,0.1,Creciente
11940,2026-08-28,09:45:00,579.7,-0.1,Descendente
11941,2026-08-28,10:00:00,579.7,0.0,Estable
11942,2026-08-28,10:15:00,579.7,0.0,Estable
11943,2026-08-28,10:30:00,579.6,-0.1,Descendente
11944,2026-08-28,10:45:00,579.6,0.0,Estable
11945,2026-08-28,11:00:00,579.5,-0.1,Descendente
11946,2026-08-28,11:15:00,579.3,-0.2,Descendente
11947,2026-08-28,11:30:00,579.2,-0.1,Descendente
11948,2026-08-28,11:45:00,579.0,-0.2,Descendente
11949,2026-08-28,12:00:00,578.8,-0.2,Descendente
11950,2026-08-28,12:15:00,578.7,-0.1,Descendente
11951,2026-08-28,12:30:00,578.5,-0.2,Descendente
11952,2026-08-28,12:45:00,578.2,-0.3,Descendente
11953,2026-08-28,13:00:00,578.1,-0.1,Descendente
11954,2026-08-28,13:15:00,577.9,-0.2,Descendente
11955,2026-08-28,13:30:00,577.8,-0.1,Descendente
11956,2026-08-28,13:45:00,577.6,-0.2,Descendente
11957,2026-08-28,14:00:00,577.3,-0.3,Descendente
11958,2026-08-28,14:15:00,577.1,-0.2,Descendente
11959,2026-08-28,14:30:00,576.8,-0.3,Descendente
11960,2026-08-28,14:45:00,576.4,-0.4,Descendente
11961,2026-08-28,15:00:00,576.2,-0.2,Descendente
11962,2026-08-28,15:15:00,575.9,-0.3,Descendente
11963,2026-08-28,15:30:00,575.8,-0.1,Descendente
11964,2026-08-28,15:45:00,576.0,0.2,Creciente
11965,2026-08-28,16:00:00,576.2,0.2,Creciente
11966,2026-08-28,16:15:00,575.9,-0.3,Descendente
11967,2026-08-28,16:30:00,575.8,-0.1,Descendente
11968,2026-08-28,16:45:00,576.1,0.3,Creciente
11969,2026-08-28,17:00:00,576.1,0.0,Estable
11970,2026-08-28,17:15:00,576.1,0.0,Estable
11971,2026-08-28,17:30:00,576.1,0.0,Estable
11972,2026-08-28,17:45:00,576.4,0.3,Creciente
11973,2026-08-28,18:00:00,577.0,0.6,Creciente
11974,2026-08-28,18:15:00,577.4,0.4,Creciente
11975,2026-08-28,18:30:00,577.5,0.1,Creciente
11976,2026-08-28,18:45:00,577.5,0.0,Estable
11977,2026-08-28,19:00:00,577.8,0.3,Creciente
11978,2026-08-28,19:15:00,577.9,0.1,Creciente
11979,2026-08-28,19:30:00,578.1,0.2,Creciente
11980,2026-08-28,19:45:00,578.5,0.4,Creciente
11981,2026-08-28,20:00:00,578.8,0.3,Creciente
11982,2026-08-28,20:15:00,579.0,0.2,Creciente
11983,2026-08-28,20:30:00,579.2,0.2,Creciente
11984,2026-08-28,20:45:00,579.5,0.3,Creciente
11985,2026-08-28,21:00:00,580.0,0.5,Creciente
11986,2026-08-28,21:15:00,580.0,0.0,Estable
11987,2026-08-28,21:30:00,579.9,-0.1,Descendente
11988,2026-08-28,21:45:00,579.9,0.0,Estable
11989,2026-08-28,22:00:00,580.1,0.2,Creciente
11990,2026-08-28,22:15:00,580.0,-0.1,Descendente
11991,2026-08-28,22:30:00,580.0,0.0,Estable
11992,2026-08-28,22:45:00,580.3,0.3,Creciente
11993,2026-08-28,23:00:00,580.3,0.0,Estable
11994,2026-08-28,23:15:00,580.2,-0.1,Descendente
11995,2026-08-28,23:30:00,580.4,0.2,Creciente
11996,2026-08-28,23:45:00,580.1,-0.3,Descendente
11997,2026-08-29,00:15:00,580.0,-0.1,Descendente
11998,2026-08-29,00:30:00,580.0,0.0,Estable
11999,2026-08-29,00:45:00,579.8,-0.2,Descendente
12000,2026-08-29,01:00:00,579.6,-0.2,Descendente
12001,2026-08-29,01:15:00,579.6,0.0,Estable
12002,2026-08-29,01:30:00,579.5,-0.1,Descendente
12003,2026-08-29,01:45:00,579.3,-0.2,Descendente
12004,2026-08-29,02:00:00,579.4,0.1,Creciente
12005,2026-08-29,02:15:00,579.2,-0.2,Descendente
12006,2026-08-29,02:30:00,579.0,-0.2,Descendente
12007,2026-08-29,02:45:00,578.9,-0.1,Descendente
12008,2026-08-29,03:00:00,578.7,-0.2,Descendente
12009,2026-08-29,03:15:00,578.6,-0.1,Descendente
12010,2026-08-29,03:30:00,578.6,0.0,Estable
12011,2026-08-29,03:45:00,578.6,0.0,Estable
12012,2026-08-29,04:00:00,578.7,0.1,Creciente
12013,2026-08-29,04:15:00,578.6,-0.1,Descendente
12014,2026-08-29,04:30:00,578.7,0.1,Creciente
12015,2026-08-29,04:45:00,578.7,0.0,Estable
12016,2026-08-29,05:00:00,578.8,0.1,Creciente
12017,2026-08-29,05:15:00,579.1,0.3,Creciente
12018,2026-08-29,05:30:00,579.2,0.1,Creciente
12019,2026-08-29,05:45:00,579.2,0.0,Estable
12020,2026-08-29,06:00:00,579.3,0.1,Creciente
12021,2026-08-29,06:15:00,579.3,0.0,Estable
12022,2026-08-29,06:30:00,579.5,0.2,Creciente
12023,2026-08-29,06:45:00,579.5,0.0,Estable
12024,2026-08-29,07:00:00,579.4,-0.1,Descendente
12025,2026-08-29,07:15:00,579.5,0.1,Creciente
12026,2026-08-29,07:30:00,579.7,0.2,Creciente
12027,2026-08-29,07:45:00,579.8,0.1,Creciente
12028,2026-08-29,08:00:00,579.9,0.1,Creciente
12029,2026-08-29,08:15:00,580.0,0.1,Creciente
12030,2026-08-29,08:30:00,580.0,0.0,Estable
12031,2026-08-29,08:45:00,580.0,0.0,Estable
12032,2026-08-29,09:00:00,580.1,0.1,Creciente
12033,2026-08-29,09:15:00,580.1,0.0,Estable
12034,2026-08-29,09:30:00,580.1,0.0,Estable
12035,2026-08-29,09:45:00,580.1,0.0,Estable
12036,2026-08-29,10:00:00,579.9,-0.2,Descendente
12037,2026-08-29,10:15:00,579.9,0.0,Estable
12038,2026-08-29,10:30:00,579.9,0.0,Estable
12039,2026-08-29,10:45:00,579.8,-0.1,Descendente
12040,2026-08-29,11:00:00,579.8,0.0,Estable
12041,2026-08-29,11:15:00,579.7,-0.1,Descendente
12042,2026-08-29,11:30:00,579.5,-0.2,Descendente
12043,2026-08-29,11:45:00,579.5,0.0,Estable
12044,2026-08-29,12:00:00,579.4,-0.1,Descendente
12045,2026-08-29,12:15:00,579.2,-0.2,Descendente
12046,2026-08-29,12:30:00,579.1,-0.1,Descendente
12047,2026-08-29,12:45:00,578.9,-0.2,Descendente
12048,2026-08-29,13:00:00,578.7,-0.2,Descendente
12049,2026-08-29,13:15:00,578.6,-0.1,Descendente
12050,2026-08-29,13:30:00,578.4,-0.2,Descendente
12051,2026-08-29,13:45:00,578.2,-0.2,Descendente
12052,2026-08-29,14:00:00,577.9,-0.3,Descendente
12053,2026-08-29,14:15:00,577.7,-0.2,Descendente
12054,2026-08-29,14:30:00,577.6,-0.1,Descendente
12055,2026-08-29,14:45:00,577.4,-0.2,Descendente
12056,2026-08-29,15:00:00,577.3,-0.1,Descendente
12057,2026-08-29,15:15:00,577.2,-0.1,Descendente
12058,2026-08-29,15:30:00,577.1,-0.1,Descendente
12059,2026-08-29,15:45:00,577.0,-0.1,Descendente
12060,2026-08-29,16:00:00,576.6,-0.4,Descendente
12061,2026-08-29,16:15:00,576.5,-0.1,Descendente
12062,2026-08-29,16:30:00,576.4,-0.1,Descendente
12063,2026-08-29,16:45:00,576.4,0.0,Estable
12064,2026-08-29,17:00:00,576.4,0.0,Estable
12065,2026-08-29,17:15:00,576.5,0.1,Creciente
12066,2026-08-29,17:30:00,576.5,0.0,Estable
12067,2026-08-29,17:45:00,576.6,0.1,Creciente
12068,2026-08-29,18:00:00,576.8,0.2,Creciente
12069,2026-08-29,18:15:00,576.8,0.0,Estable
12070,2026-08-29,18:30:00,576.8,0.0,Estable
12071,2026-08-29,18:45:00,576.9,0.1,Creciente
12072,2026-08-29,19:00:00,577.2,0.3,Creciente
12073,2026-08-29,19:15:00,577.6,0.4,Creciente
12074,2026-08-29,19:30:00,577.8,0.2,Creciente
12075,2026-08-29,19:45:00,578.0,0.2,Creciente
12076,2026-08-29,20:00:00,578.1,0.1,Creciente
12077,2026-08-29,20:15:00,578.3,0.2,Creciente
12078,2026-08-29,20:30:00,578.5,0.2,Creciente
12079,2026-08-29,20:45:00,578.7,0.2,Creciente
12080,2026-08-29,21:00:00,578.9,0.2,Creciente
12081,2026-08-29,21:15:00,579.1,0.2,Creciente
12082,2026-08-29,21:30:00,579.5,0.4,Creciente
12083,2026-08-29,21:45:00,579.6,0.1,Creciente
12084,2026-08-29,22:00:00,579.7,0.1,Creciente
12085,2026-08-29,22:15:00,579.9,0.2,Creciente
12086,2026-08-29,22:30:00,579.9,0.0,Estable
12087,2026-08-29,22:45:00,580.1,0.2,Creciente
12088,2026-08-29,23:00:00,580.0,-0.1,Descendente
12089,2026-08-29,23:15:00,580.0,0.0,Estable
12090,2026-08-29,23:30:00,580.0,0.0,Estable
12091,2026-08-29,23:45:00,580.0,0.0,Estable
12092,2026-08-30,00:15:00,579.8,-0.2,Descendente
12093,2026-08-30,00:30:00,579.7,-0.1,Descendente
12094,2026-08-30,00:45:00,579.7,0.0,Estable
12095,2026-08-30,01:00:00,579.7,0.0,Estable
12096,2026-08-30,01:15:00,579.6,-0.1,Descendente
12097,2026-08-30,01:30:00,579.4,-0.2,Descendente
12098,2026-08-30,01:45:00,579.3,-0.1,Descendente
12099,2026-08-30,02:00:00,579.1,-0.2,Descendente
12100,2026-08-30,02:15:00,579.1,0.0,Estable
12101,2026-08-30,02:30:00,578.9,-0.2,Descendente
12102,2026-08-30,02:45:00,578.6,-0.3,Descendente
12103,2026-08-30,03:00:00,578.5,-0.1,Descendente
12104,2026-08-30,03:15:00,578.5,0.0,Estable
12105,2026-08-30,03:30:00,578.4,-0.1,Descendente
12106,2026-08-30,03:45:00,578.5,0.1,Creciente
12107,2026-08-30,04:00:00,578.4,-0.1,Descendente
12108,2026-08-30,04:15:00,578.4,0.0,Estable
12109,2026-08-30,04:30:00,578.3,-0.1,Descendente
12110,2026-08-30,04:45:00,578.4,0.1,Creciente
12111,2026-08-30,05:00:00,578.5,0.1,Creciente
12112,2026-08-30,05:15:00,578.5,0.0,Estable
12113,2026-08-30,05:30:00,578.8,0.3,Creciente
12114,2026-08-30,05:45:00,578.9,0.1,Creciente
12115,2026-08-30,06:00:00,579.0,0.1,Creciente
12116,2026-08-30,06:15:00,579.0,0.0,Estable
12117,2026-08-30,06:30:00,579.0,0.0,Estable
12118,2026-08-30,06:45:00,579.1,0.1,Creciente
12119,2026-08-30,07:00:00,579.1,0.0,Estable
12120,2026-08-30,07:15:00,579.4,0.3,Creciente
12121,2026-08-30,07:30:00,579.3,-0.1,Descendente
12122,2026-08-30,07:45:00,579.4,0.1,Creciente
12123,2026-08-30,08:00:00,579.4,0.0,Estable
12124,2026-08-30,08:15:00,579.4,0.0,Estable
12125,2026-08-30,08:30:00,579.6,0.2,Creciente
12126,2026-08-30,08:45:00,579.7,0.1,Creciente
12127,2026-08-30,09:00:00,579.8,0.1,Creciente
12128,2026-08-30,09:15:00,579.8,0.0,Estable
12129,2026-08-30,09:30:00,579.6,-0.2,Descendente
12130,2026-08-30,09:45:00,579.6,0.0,Estable
12131,2026-08-30,10:00:00,579.5,-0.1,Descendente
12132,2026-08-30,10:15:00,579.4,-0.1,Descendente
12133,2026-08-30,10:30:00,579.3,-0.1,Descendente
12134,2026-08-30,10:45:00,579.2,-0.1,Descendente
12135,2026-08-30,11:00:00,579.0,-0.2,Descendente
12136,2026-08-30,11:15:00,578.8,-0.2,Descendente
12137,2026-08-30,11:30:00,578.7,-0.1,Descendente
12138,2026-08-30,11:45:00,578.5,-0.2,Descendente
12139,2026-08-30,12:00:00,578.4,-0.1,Descendente
12140,2026-08-30,12:15:00,578.3,-0.1,Descendente
12141,2026-08-30,12:30:00,578.1,-0.2,Descendente
12142,2026-08-30,12:45:00,578.0,-0.1,Descendente
12143,2026-08-30,13:00:00,577.8,-0.2,Descendente
12144,2026-08-30,13:15:00,577.7,-0.1,Descendente
12145,2026-08-30,13:30:00,577.5,-0.2,Descendente
12146,2026-08-30,13:45:00,577.3,-0.2,Descendente
12147,2026-08-30,14:00:00,577.1,-0.2,Descendente
12148,2026-08-30,14:15:00,577.0,-0.1,Descendente
12149,2026-08-30,14:30:00,576.7,-0.3,Descendente
12150,2026-08-30,14:45:00,576.4,-0.3,Descendente
12151,2026-08-30,15:00:00,576.1,-0.3,Descendente
12152,2026-08-30,15:15:00,575.9,-0.2,Descendente
12153,2026-08-30,15:30:00,575.9,0.0,Estable
12154,2026-08-30,15:45:00,575.8,-0.1,Descendente
12155,2026-08-30,16:00:00,575.8,0.0,Estable
12156,2026-08-30,16:15:00,575.8,0.0,Estable
12157,2026-08-30,16:30:00,575.8,0.0,Estable
12158,2026-08-30,16:45:00,575.7,-0.1,Descendente
12159,2026-08-30,17:00:00,575.5,-0.2,Descendente
12160,2026-08-30,17:15:00,575.5,0.0,Estable
12161,2026-08-30,17:30:00,575.6,0.1,Creciente
12162,2026-08-30,17:45:00,575.6,0.0,Estable
12163,2026-08-30,18:00:00,575.7,0.1,Creciente
12164,2026-08-30,18:15:00,575.9,0.2,Creciente
12165,2026-08-30,18:30:00,576.1,0.2,Creciente
12166,2026-08-30,18:45:00,576.2,0.1,Creciente
12167,2026-08-30,19:00:00,576.4,0.2,Creciente
12168,2026-08-30,19:15:00,576.7,0.3,Creciente
12169,2026-08-30,19:30:00,576.7,0.0,Estable
12170,2026-08-30,19:45:00,577.1,0.4,Creciente
12171,2026-08-30,20:00:00,577.4,0.3,Creciente
12172,2026-08-30,20:15:00,577.7,0.3,Creciente
12173,2026-08-30,20:30:00,578.0,0.3,Creciente
12174,2026-08-30,20:45:00,578.3,0.3,Creciente
12175,2026-08-30,21:00:00,578.5,0.2,Creciente
12176,2026-08-30,21:15:00,578.7,0.2,Creciente
12177,2026-08-30,21:30:00,578.9,0.2,Creciente
12178,2026-08-30,21:45:00,578.9,0.0,Estable
12179,2026-08-30,22:00:00,578.7,-0.2,Descendente
12180,2026-08-30,22:15:00,578.7,0.0,Estable
12181,2026-08-30,22:30:00,578.9,0.2,Creciente
12182,2026-08-30,22:45:00,578.9,0.0,Estable
12183,2026-08-30,23:00:00,579.0,0.1,Creciente
12184,2026-08-30,23:15:00,578.9,-0.1,Descendente
12185,2026-08-30,23:30:00,579.0,0.1,Creciente
12186,2026-08-30,23:45:00,579.1,0.1,Creciente
