id,fecha,hora,temp_out,hi_temp,low_temp,in_temp,in_hum_pct,out_hum_pct,rain,rain_rate,bar,wind_speed,hi_speed,hi_dir,wind_dir,temp_units,bar_units,wind_units,rain_units
9432,2026-08-01,00:15:00,13.0,13.0,13.0,21.0,58.0,92.0,0.0,0.0,580.3,0.0,0.0,,,C,mm,km/h,mm
9433,2026-08-01,00:30:00,13.0,13.0,13.0,21.0,57.0,92.0,0.0,0.0,580.2,0.0,0.0,,,C,mm,km/h,mm
9434,2026-08-01,00:45:00,12.0,13.0,12.0,21.0,57.0,93.0,0.0,0.0,580.1,0.0,0.0,,,C,mm,km/h,mm
9435,2026-08-01,01:00:00,12.0,12.0,12.0,21.0,57.0,93.0,0.0,0.0,579.9,0.0,0.0,,,C,mm,km/h,mm
9436,2026-08-01,01:15:00,13.0,13.0,12.0,21.0,57.0,93.0,0.0,0.0,579.7,0.0,0.0,,,C,mm,km/h,mm
9437,2026-08-01,01:30:00,13.0,13.0,12.0,21.0,57.0,93.0,0.0,0.0,579.5,0.0,0.0,,,C,mm,km/h,mm
9438,2026-08-01,01:45:00,12.0,13.0,12.0,21.0,57.0,93.0,0.0,0.0,579.4,0.0,0.0,,,C,mm,km/h,mm
9439,2026-08-01,02:00:00,12.0,12.0,12.0,21.0,57.0,93.0,0.0,0.0,579.2,0.0,0.0,,,C,mm,km/h,mm
9440,2026-08-01,02:15:00,11.0,12.0,11.0,21.0,57.0,93.0,0.0,0.0,579.0,0.0,0.0,,,C,mm,km/h,mm
9441,2026-08-01,02:30:00,11.0,11.0,11.0,21.0,57.0,93.0,0.0,0.0,578.9,0.0,0.0,,,C,mm,km/h,mm
9442,2026-08-01,02:45:00,11.0,11.0,11.0,21.0,57.0,94.0,0.0,0.0,578.9,0.0,0.0,,,C,mm,km/h,mm
9443,2026-08-01,03:00:00,11.0,11.0,11.0,21.0,57.0,94.0,0.0,0.0,578.8,0.0,0.0,,,C,mm,km/h,mm
9444,2026-08-01,03:15:00,11.0,11.0,11.0,21.0,56.0,94.0,0.0,0.0,578.7,0.0,0.0,,,C,mm,km/h,mm
9445,2026-08-01,03:30:00,11.0,11.0,11.0,21.0,56.0,94.0,0.0,0.0,578.7,0.0,0.0,,,C,mm,km/h,mm
9446,2026-08-01,03:45:00,11.0,11.0,11.0,21.0,56.0,94.0,0.0,0.0,578.5,0.0,0.0,,,C,mm,km/h,mm
9447,2026-08-01,04:00:00,11.0,11.0,11.0,21.0,56.0,95.0,0.0,0.0,578.4,0.0,0.0,,,C,mm,km/h,mm
9448,2026-08-01,04:15:00,11.0,11.0,11.0,21.0,56.0,94.0,0.0,0.0,578.4,0.0,0.0,,,C,mm,km/h,mm
9449,2026-08-01,04:30:00,11.0,11.0,11.0,21.0,56.0,94.0,0.0,0.0,578.6,0.0,0.0,,,C,mm,km/h,mm
9450,2026-08-01,04:45:00,11.0,11.0,11.0,21.0,56.0,95.0,0.0,0.0,578.6,0.0,0.0,,,C,mm,km/h,mm
9451,2026-08-01,05:00:00,11.0,11.0,11.0,21.0,56.0,94.0,0.0,0.0,578.7,0.0,0.0,,,C,mm,km/h,mm
9452,2026-08-01,05:15:00,11.0,11.0,11.0,21.0,56.0,95.0,0.2,0.0,578.7,0.0,0.0,,,C,mm,km/h,mm
9453,2026-08-01,05:30:00,11.0,11.0,11.0,21.0,56.0,95.0,0.0,0.0,578.7,0.0,0.0,,,C,mm,km/h,mm
9454,2026-08-01,05:45:00,11.0,11.0,11.0,21.0,56.0,95.0,0.0,0.0,578.7,0.0,0.0,,,C,mm,km/h,mm
9455,2026-08-01,06:00:00,11.0,11.0,10.0,21.0,56.0,95.0,0.0,0.0,578.9,0.0,0.0,,,C,mm,km/h,mm
9456,2026-08-01,06:15:00,11.0,11.0,11.0,21.0,56.0,95.0,0.0,0.0,578.9,0.0,0.0,,,C,mm,km/h,mm
9457,2026-08-01,06:30:00,11.0,11.0,11.0,21.0,56.0,95.0,0.0,0.0,579.1,0.0,0.0,,,C,mm,km/h,mm
9458,2026-08-01,06:45:00,10.0,11.0,10.0,21.0,56.0,95.0,0.0,0.0,579.2,0.0,0.0,,,C,mm,km/h,mm
9459,2026-08-01,07:00:00,11.0,11.0,10.0,21.0,55.0,96.0,0.0,0.0,579.3,0.0,0.0,,,C,mm,km/h,mm
9460,2026-08-01,07:15:00,11.0,11.0,11.0,21.0,56.0,96.0,0.0,0.0,579.4,0.0,0.0,,,C,mm,km/h,mm
9461,2026-08-01,07:30:00,12.0,12.0,11.0,21.0,56.0,96.0,0.0,0.0,579.5,0.0,0.0,,,C,mm,km/h,mm
9462,2026-08-01,07:45:00,12.0,12.0,12.0,20.0,56.0,96.0,0.0,0.0,579.4,0.0,0.0,,,C,mm,km/h,mm
9463,2026-08-01,08:00:00,13.0,13.0,12.0,20.0,56.0,95.0,0.0,0.0,579.4,0.0,0.0,,,C,mm,km/h,mm
9464,2026-08-01,08:15:00,14.0,14.0,13.0,20.0,56.0,96.0,0.0,0.0,579.6,0.0,0.0,,,C,mm,km/h,mm
9465,2026-08-01,08:30:00,16.0,16.0,14.0,20.0,56.0,87.0,0.0,0.0,579.6,0.0,1.6,ENE,ENE,C,mm,km/h,mm
9466,2026-08-01,08:45:00,17.0,17.0,16.0,20.0,56.0,80.0,0.0,0.0,579.7,0.0,1.6,W,WSW,C,mm,km/h,mm
9467,2026-08-01,09:00:00,18.0,18.0,17.0,21.0,56.0,79.0,0.0,0.0,579.7,0.0,0.0,,,C,mm,km/h,mm
9468,2026-08-01,09:15:00,19.0,19.0,18.0,21.0,56.0,71.0,0.0,0.0,579.7,0.0,6.4,E,NE,C,mm,km/h,mm
9469,2026-08-01,09:30:00,19.0,19.0,19.0,20.0,56.0,69.0,0.0,0.0,579.7,0.0,6.4,E,ENE,C,mm,km/h,mm
9470,2026-08-01,09:45:00,20.0,20.0,19.0,21.0,56.0,67.0,0.0,0.0,579.7,0.0,1.6,ENE,ESE,C,mm,km/h,mm
9471,2026-08-01,10:00:00,21.0,21.0,20.0,21.0,56.0,64.0,0.0,0.0,579.6,0.0,3.2,NNE,NNW,C,mm,km/h,mm
9472,2026-08-01,10:15:00,21.0,21.0,21.0,21.0,56.0,68.0,0.0,0.0,579.5,0.0,6.4,E,E,C,mm,km/h,mm
9473,2026-08-01,10:30:00,22.0,22.0,21.0,21.0,56.0,62.0,0.0,0.0,579.4,0.0,4.8,WNW,E,C,mm,km/h,mm
9474,2026-08-01,10:45:00,23.0,23.0,22.0,21.0,56.0,57.0,0.0,0.0,579.2,0.0,4.8,NE,NE,C,mm,km/h,mm
9475,2026-08-01,11:00:00,23.0,23.0,23.0,21.0,56.0,52.0,0.0,0.0,579.1,0.0,6.4,NW,E,C,mm,km/h,mm
9476,2026-08-01,11:15:00,24.0,24.0,23.0,21.0,56.0,51.0,0.0,0.0,579.0,0.0,6.4,WSW,WSW,C,mm,km/h,mm
9477,2026-08-01,11:30:00,24.0,24.0,24.0,21.0,55.0,47.0,0.0,0.0,578.7,1.6,9.7,W,NNW,C,mm,km/h,mm
9478,2026-08-01,11:45:00,25.0,25.0,24.0,21.0,55.0,42.0,0.0,0.0,578.7,1.6,8.0,NE,NW,C,mm,km/h,mm
9479,2026-08-01,12:00:00,26.0,26.0,25.0,21.0,55.0,42.0,0.0,0.0,578.5,1.6,6.4,E,WNW,C,mm,km/h,mm
9480,2026-08-01,12:15:00,26.0,26.0,25.0,21.0,55.0,41.0,0.0,0.0,578.4,1.6,11.3,NW,W,C,mm,km/h,mm
9481,2026-08-01,12:30:00,26.0,26.0,26.0,21.0,55.0,41.0,0.0,0.0,578.3,3.2,11.3,W,W,C,mm,km/h,mm
9482,2026-08-01,12:45:00,26.0,26.0,26.0,21.0,55.0,43.0,0.0,0.0,578.3,3.2,12.9,WSW,WSW,C,mm,km/h,mm
9483,2026-08-01,13:00:00,26.0,26.0,26.0,21.0,55.0,40.0,0.0,0.0,577.9,1.6,11.3,WSW,SW,C,mm,km/h,mm
9484,2026-08-01,13:15:00,26.0,26.0,26.0,21.0,55.0,39.0,0.0,0.0,577.6,3.2,16.1,S,SW,C,mm,km/h,mm
9485,2026-08-01,13:30:00,27.0,27.0,26.0,21.0,54.0,39.0,0.0,0.0,577.5,1.6,12.9,SW,SW,C,mm,km/h,mm
9486,2026-08-01,13:45:00,27.0,27.0,27.0,21.0,54.0,38.0,0.0,0.0,577.3,1.6,8.0,W,W,C,mm,km/h,mm
9487,2026-08-01,14:00:00,27.0,27.0,27.0,21.0,54.0,36.0,0.0,0.0,577.2,1.6,12.9,W,WSW,C,mm,km/h,mm
9488,2026-08-01,14:15:00,27.0,27.0,27.0,21.0,53.0,36.0,0.0,0.0,577.1,1.6,11.3,NW,NNW,C,mm,km/h,mm
9489,2026-08-01,14:30:00,27.0,28.0,27.0,21.0,53.0,35.0,0.0,0.0,576.8,1.6,8.0,WSW,NNW,C,mm,km/h,mm
9490,2026-08-01,14:45:00,28.0,28.0,27.0,21.0,53.0,36.0,0.0,0.0,576.6,1.6,8.0,NW,NW,C,mm,km/h,mm
9491,2026-08-01,15:00:00,28.0,28.0,28.0,21.0,53.0,35.0,0.0,0.0,576.4,3.2,16.1,WNW,WSW,C,mm,km/h,mm
9492,2026-08-01,15:15:00,27.0,28.0,27.0,21.0,53.0,33.0,0.0,0.0,576.0,1.6,12.9,WNW,WSW,C,mm,km/h,mm
9493,2026-08-01,15:30:00,27.0,27.0,27.0,21.0,52.0,39.0,0.0,0.0,575.8,1.6,9.7,NW,WSW,C,mm,km/h,mm
9494,2026-08-01,15:45:00,26.0,27.0,26.0,21.0,52.0,39.0,0.0,0.0,575.7,1.6,6.4,W,NW,C,mm,km/h,mm
9495,2026-08-01,16:00:00,27.0,27.0,26.0,21.0,52.0,36.0,0.0,0.0,575.6,1.6,8.0,SW,WSW,C,mm,km/h,mm
9496,2026-08-01,16:15:00,28.0,28.0,27.0,21.0,52.0,33.0,0.0,0.0,575.5,1.6,4.8,WSW,W,C,mm,km/h,mm
9497,2026-08-01,16:30:00,29.0,29.0,28.0,21.0,52.0,33.0,0.0,0.0,575.3,0.0,4.8,SSW,NNW,C,mm,km/h,mm
9498,2026-08-01,16:45:00,29.0,29.0,28.0,21.0,52.0,34.0,0.0,0.0,575.1,0.0,4.8,NW,NNW,C,mm,km/h,mm
9499,2026-08-01,17:00:00,28.0,29.0,28.0,21.0,51.0,33.0,0.0,0.0,575.1,0.0,4.8,ENE,ENE,C,mm,km/h,mm
9500,2026-08-01,17:15:00,28.0,28.0,28.0,21.0,51.0,34.0,0.0,0.0,575.2,0.0,1.6,ENE,ENE,C,mm,km/h,mm
9501,2026-08-01,17:30:00,26.0,28.0,26.0,21.0,51.0,36.0,0.0,0.0,575.3,0.0,0.0,,,C,mm,km/h,mm
9502,2026-08-01,17:45:00,25.0,26.0,25.0,21.0,51.0,37.0,0.0,0.0,575.3,0.0,3.2,NNE,NNE,C,mm,km/h,mm
9503,2026-08-01,18:00:00,25.0,25.0,25.0,22.0,51.0,47.0,0.0,0.0,575.5,0.0,9.7,NW,WSW,C,mm,km/h,mm
9504,2026-08-01,18:15:00,23.0,25.0,23.0,22.0,51.0,51.0,0.0,0.0,575.7,3.2,11.3,S,W,C,mm,km/h,mm
9505,2026-08-01,18:30:00,21.0,23.0,21.0,22.0,51.0,60.0,0.0,0.0,576.0,4.8,16.1,SW,WSW,C,mm,km/h,mm
9506,2026-08-01,18:45:00,19.0,21.0,19.0,22.0,51.0,72.0,0.2,0.0,575.9,4.8,12.9,WNW,WSW,C,mm,km/h,mm
9507,2026-08-01,19:00:00,18.0,19.0,18.0,22.0,52.0,79.0,2.2,23.6,577.0,1.6,12.9,NNW,W,C,mm,km/h,mm
9508,2026-08-01,19:15:00,14.0,14.0,14.0,21.0,56.0,92.0,0.0,0.0,578.4,0.0,0.0,,,C,mm,km/h,mm
9509,2026-08-01,19:30:00,14.0,14.0,14.0,21.0,56.0,92.0,0.0,0.0,578.6,0.0,1.6,WNW,WNW,C,mm,km/h,mm
9510,2026-08-01,19:45:00,14.0,14.0,14.0,21.0,56.0,91.0,0.0,0.0,578.4,0.0,3.2,W,W,C,mm,km/h,mm
9511,2026-08-01,20:00:00,14.0,14.0,14.0,21.0,56.0,92.0,0.0,0.0,578.6,0.0,0.0,,,C,mm,km/h,mm
9512,2026-08-01,20:15:00,14.0,14.0,14.0,21.0,56.0,92.0,0.0,0.0,578.8,0.0,1.6,N,N,C,mm,km/h,mm
9513,2026-08-01,20:30:00,14.0,14.0,14.0,21.0,56.0,92.0,0.0,0.0,578.8,0.0,3.2,W,W,C,mm,km/h,mm
9514,2026-08-01,20:45:00,14.0,14.0,14.0,21.0,56.0,92.0,0.0,0.0,578.9,0.0,0.0,,,C,mm,km/h,mm
9515,2026-08-01,21:00:00,14.0,14.0,14.0,21.0,56.0,92.0,0.0,0.0,578.8,0.0,1.6,N,W,C,mm,km/h,mm
9516,2026-08-01,21:15:00,14.0,14.0,14.0,21.0,56.0,92.0,0.0,0.0,579.0,0.0,0.0,,,C,mm,km/h,mm
9517,2026-08-01,21:30:00,14.0,14.0,14.0,21.0,56.0,92.0,0.0,0.0,579.2,0.0,0.0,,,C,mm,km/h,mm
9518,2026-08-01,21:45:00,14.0,14.0,14.0,21.0,56.0,93.0,0.0,0.0,579.0,0.0,0.0,,,C,mm,km/h,mm
9519,2026-08-01,22:00:00,13.0,14.0,13.0,21.0,56.0,93.0,0.0,0.0,579.1,0.0,0.0,,,C,mm,km/h,mm
9520,2026-08-01,22:15:00,13.0,13.0,13.0,21.0,56.0,93.0,0.0,0.0,579.0,0.0,0.0,,,C,mm,km/h,mm
9521,2026-08-01,22:30:00,13.0,13.0,13.0,21.0,56.0,94.0,0.0,0.0,578.7,0.0,0.0,,,C,mm,km/h,mm
9522,2026-08-01,22:45:00,13.0,13.0,13.0,21.0,56.0,94.0,0.0,0.0,578.6,0.0,0.0,,,C,mm,km/h,mm
9523,2026-08-01,23:00:00,13.0,13.0,13.0,21.0,57.0,94.0,0.0,0.0,578.5,0.0,0.0,,,C,mm,km/h,mm
9524,2026-08-01,23:15:00,13.0,13.0,13.0,21.0,57.0,95.0,0.0,0.0,578.5,0.0,0.0,,,C,mm,km/h,mm
9525,2026-08-01,23:30:00,13.0,13.0,13.0,21.0,57.0,94.0,0.0,0.0,578.4,0.0,0.0,,,C,mm,km/h,mm
9526,2026-08-01,23:45:00,13.0,13.0,13.0,21.0,57.0,95.0,0.0,0.0,578.3,0.0,0.0,,,C,mm,km/h,mm
9527,2026-08-02,00:15:00,13.0,13.0,13.0,21.0,57.0,95.0,0.2,0.0,578.1,0.0,0.0,,,C,mm,km/h,mm
9528,2026-08-02,00:30:00,13.0,13.0,13.0,21.0,57.0,95.0,0.0,0.0,577.9,0.0,0.0,,,C,mm,km/h,mm
9529,2026-08-02,00:45:00,13.0,13.0,13.0,21.0,57.0,95.0,0.0,0.0,577.6,0.0,0.0,,,C,mm,km/h,mm
9530,2026-08-02,01:00:00,13.0,13.0,13.0,21.0,57.0,95.0,0.0,0.0,577.7,0.0,0.0,,,C,mm,km/h,mm
9531,2026-08-02,01:15:00,12.0,13.0,12.0,21.0,57.0,95.0,0.0,0.0,577.6,0.0,0.0,,,C,mm,km/h,mm
9532,2026-08-02,01:30:00,12.0,12.0,12.0,21.0,57.0,95.0,0.0,0.0,577.6,0.0,0.0,,,C,mm,km/h,mm
9533,2026-08-02,01:45:00,12.0,12.0,12.0,21.0,57.0,95.0,0.0,0.0,577.7,0.0,0.0,,,C,mm,km/h,mm
9534,2026-08-02,02:00:00,13.0,13.0,12.0,21.0,57.0,96.0,0.0,0.0,577.5,0.0,0.0,,,C,mm,km/h,mm
9535,2026-08-02,02:15:00,12.0,13.0,12.0,21.0,57.0,95.0,0.0,0.0,577.5,0.0,0.0,,,C,mm,km/h,mm
9536,2026-08-02,02:30:00,12.0,12.0,12.0,21.0,57.0,95.0,0.0,0.0,577.6,0.0,0.0,,,C,mm,km/h,mm
9537,2026-08-02,02:45:00,12.0,12.0,12.0,21.0,57.0,95.0,0.0,0.0,577.6,0.0,0.0,,,C,mm,km/h,mm
9538,2026-08-02,03:00:00,13.0,13.0,12.0,21.0,57.0,96.0,0.0,0.0,577.4,0.0,0.0,,,C,mm,km/h,mm
9539,2026-08-02,03:15:00,12.0,12.0,12.0,21.0,57.0,95.0,0.0,0.0,577.5,0.0,0.0,,,C,mm,km/h,mm
9540,2026-08-02,03:30:00,12.0,12.0,12.0,21.0,57.0,95.0,0.0,0.0,577.5,0.0,0.0,,,C,mm,km/h,mm
9541,2026-08-02,03:45:00,12.0,12.0,12.0,21.0,57.0,96.0,0.0,0.0,577.5,0.0,0.0,,,C,mm,km/h,mm
9542,2026-08-02,04:00:00,12.0,12.0,12.0,21.0,57.0,96.0,0.0,0.0,577.4,0.0,0.0,,,C,mm,km/h,mm
9543,2026-08-02,04:15:00,12.0,12.0,12.0,21.0,57.0,96.0,0.0,0.0,577.5,0.0,0.0,,,C,mm,km/h,mm
9544,2026-08-02,04:30:00,12.0,12.0,12.0,21.0,57.0,96.0,0.0,0.0,577.4,0.0,0.0,,,C,mm,km/h,mm
9545,2026-08-02,04:45:00,12.0,12.0,12.0,21.0,57.0,96.0,0.0,0.0,577.5,0.0,0.0,,,C,mm,km/h,mm
9546,2026-08-02,05:00:00,12.0,12.0,12.0,21.0,57.0,96.0,0.0,0.0,577.5,0.0,0.0,,,C,mm,km/h,mm
9547,2026-08-02,05:15:00,13.0,13.0,12.0,21.0,57.0,96.0,0.0,0.0,577.5,0.0,0.0,,,C,mm,km/h,mm
9548,2026-08-02,05:30:00,13.0,13.0,13.0,21.0,57.0,96.0,0.0,0.0,577.6,0.0,0.0,,,C,mm,km/h,mm
9549,2026-08-02,05:45:00,13.0,13.0,13.0,21.0,57.0,96.0,0.0,0.0,578.0,0.0,0.0,,,C,mm,km/h,mm
9550,2026-08-02,06:00:00,13.0,13.0,13.0,21.0,57.0,96.0,0.0,0.0,577.9,0.0,0.0,,,C,mm,km/h,mm
9551,2026-08-02,06:15:00,14.0,14.0,13.0,21.0,57.0,96.0,0.0,0.0,578.0,0.0,3.2,NW,NW,C,mm,km/h,mm
9552,2026-08-02,06:30:00,15.0,15.0,14.0,21.0,57.0,96.0,0.0,0.0,578.0,0.0,0.0,,,C,mm,km/h,mm
9553,2026-08-02,06:45:00,16.0,16.0,15.0,21.0,57.0,94.0,0.0,0.0,578.0,0.0,0.0,,,C,mm,km/h,mm
9554,2026-08-02,07:00:00,17.0,17.0,16.0,21.0,57.0,89.0,0.0,0.0,578.1,0.0,3.2,WSW,WSW,C,mm,km/h,mm
9555,2026-08-02,07:15:00,17.0,18.0,17.0,21.0,57.0,80.0,0.0,0.0,578.2,0.0,3.2,WSW,WNW,C,mm,km/h,mm
9556,2026-08-02,07:30:00,19.0,19.0,17.0,21.0,57.0,72.0,0.0,0.0,578.1,0.0,1.6,ENE,ENE,C,mm,km/h,mm
9557,2026-08-02,07:45:00,20.0,20.0,19.0,21.0,57.0,74.0,0.0,0.0,578.1,0.0,1.6,ENE,ENE,C,mm,km/h,mm
9558,2026-08-02,08:00:00,21.0,21.0,20.0,21.0,57.0,66.0,0.0,0.0,578.1,0.0,3.2,E,E,C,mm,km/h,mm
9559,2026-08-02,08:15:00,21.0,21.0,21.0,21.0,57.0,63.0,0.0,0.0,578.0,0.0,6.4,E,E,C,mm,km/h,mm
9560,2026-08-02,08:30:00,21.0,21.0,21.0,21.0,57.0,61.0,0.0,0.0,577.7,1.6,6.4,E,E,C,mm,km/h,mm
9561,2026-08-02,08:45:00,22.0,22.0,21.0,21.0,57.0,57.0,0.0,0.0,577.6,1.6,6.4,E,ENE,C,mm,km/h,mm
9562,2026-08-02,09:00:00,23.0,23.0,22.0,21.0,57.0,57.0,0.0,0.0,577.6,0.0,4.8,E,ESE,C,mm,km/h,mm
9563,2026-08-02,09:15:00,24.0,24.0,23.0,21.0,56.0,58.0,0.0,0.0,577.5,0.0,3.2,W,W,C,mm,km/h,mm
9564,2026-08-02,09:30:00,25.0,25.0,24.0,21.0,56.0,50.0,0.0,0.0,577.4,1.6,9.7,N,NNW,C,mm,km/h,mm
9565,2026-08-02,09:45:00,26.0,26.0,25.0,21.0,56.0,47.0,0.0,0.0,577.3,1.6,6.4,WSW,SW,C,mm,km/h,mm
9566,2026-08-02,10:00:00,26.0,26.0,25.0,21.0,56.0,43.0,0.0,0.0,577.2,1.6,6.4,E,E,C,mm,km/h,mm
9567,2026-08-02,10:15:00,26.0,26.0,26.0,21.0,56.0,43.0,0.0,0.0,577.1,0.0,4.8,SSW,NNE,C,mm,km/h,mm
9568,2026-08-02,10:30:00,26.0,27.0,26.0,21.0,55.0,35.0,0.0,0.0,577.0,1.6,9.7,NW,ENE,C,mm,km/h,mm
9569,2026-08-02,10:45:00,27.0,27.0,26.0,21.0,55.0,33.0,0.0,0.0,576.8,1.6,4.8,NNW,W,C,mm,km/h,mm
9570,2026-08-02,11:00:00,27.0,27.0,27.0,21.0,55.0,37.0,0.0,0.0,576.7,1.6,6.4,NW,ENE,C,mm,km/h,mm
9571,2026-08-02,11:15:00,27.0,27.0,27.0,21.0,54.0,33.0,0.0,0.0,576.5,1.6,6.4,NNE,NNW,C,mm,km/h,mm
9572,2026-08-02,11:30:00,27.0,27.0,27.0,21.0,54.0,33.0,0.0,0.0,576.4,1.6,8.0,NNW,E,C,mm,km/h,mm
9573,2026-08-02,11:45:00,28.0,28.0,27.0,21.0,53.0,30.0,0.0,0.0,576.3,1.6,9.7,SSE,E,C,mm,km/h,mm
9574,2026-08-02,12:00:00,28.0,28.0,27.0,21.0,53.0,33.0,0.0,0.0,576.0,1.6,8.0,ENE,E,C,mm,km/h,mm
9575,2026-08-02,12:15:00,29.0,29.0,28.0,21.0,52.0,29.0,0.0,0.0,575.5,1.6,9.7,SW,WSW,C,mm,km/h,mm
9576,2026-08-02,12:30:00,28.0,29.0,28.0,21.0,52.0,29.0,0.0,0.0,575.3,1.6,9.7,WNW,NNW,C,mm,km/h,mm
9577,2026-08-02,12:45:00,27.0,28.0,27.0,21.0,52.0,33.0,0.0,0.0,575.2,1.6,8.0,ENE,ENE,C,mm,km/h,mm
9578,2026-08-02,13:00:00,26.0,27.0,26.0,21.0,51.0,36.0,0.0,0.0,575.1,1.6,8.0,ENE,E,C,mm,km/h,mm
9579,2026-08-02,13:15:00,25.0,26.0,25.0,21.0,51.0,37.0,0.0,0.0,575.1,1.6,8.0,E,E,C,mm,km/h,mm
9580,2026-08-02,13:30:00,25.0,25.0,25.0,21.0,51.0,39.0,0.0,0.0,575.0,1.6,8.0,E,E,C,mm,km/h,mm
9581,2026-08-02,13:45:00,26.0,26.0,25.0,21.0,51.0,38.0,0.0,0.0,574.8,1.6,8.0,ESE,E,C,mm,km/h,mm
9582,2026-08-02,14:00:00,27.0,27.0,26.0,21.0,51.0,37.0,0.0,0.0,574.8,3.2,9.7,E,E,C,mm,km/h,mm
9583,2026-08-02,14:15:00,27.0,27.0,27.0,21.0,51.0,33.0,0.0,0.0,574.6,1.6,8.0,E,E,C,mm,km/h,mm
9584,2026-08-02,14:30:00,27.0,27.0,27.0,21.0,50.0,36.0,0.0,0.0,574.7,1.6,14.5,E,E,C,mm,km/h,mm
9585,2026-08-02,14:45:00,27.0,27.0,27.0,21.0,50.0,30.0,0.0,0.0,574.5,0.0,4.8,ENE,E,C,mm,km/h,mm
9586,2026-08-02,15:00:00,27.0,27.0,27.0,21.0,50.0,30.0,0.0,0.0,574.5,1.6,9.7,ENE,ENE,C,mm,km/h,mm
9587,2026-08-02,15:15:00,26.0,27.0,26.0,21.0,50.0,37.0,0.0,0.0,574.3,3.2,9.7,E,E,C,mm,km/h,mm
9588,2026-08-02,15:30:00,26.0,26.0,26.0,21.0,50.0,39.0,0.0,0.0,574.4,3.2,11.3,SSE,E,C,mm,km/h,mm
9589,2026-08-02,15:45:00,25.0,26.0,25.0,21.0,50.0,43.0,0.0,0.0,574.6,3.2,9.7,SSE,E,C,mm,km/h,mm
9590,2026-08-02,16:00:00,24.0,25.0,24.0,22.0,50.0,43.0,0.0,0.0,574.8,1.6,8.0,E,E,C,mm,km/h,mm
9591,2026-08-02,16:15:00,24.0,24.0,24.0,22.0,50.0,44.0,0.0,0.0,575.0,1.6,6.4,SSE,E,C,mm,km/h,mm
9592,2026-08-02,16:30:00,23.0,24.0,23.0,22.0,50.0,45.0,0.0,0.0,575.1,0.0,4.8,ENE,E,C,mm,km/h,mm
9593,2026-08-02,16:45:00,22.0,23.0,22.0,22.0,50.0,48.0,0.0,0.0,575.3,3.2,16.1,SSE,W,C,mm,km/h,mm
9594,2026-08-02,17:00:00,22.0,22.0,22.0,22.0,50.0,53.0,0.0,0.0,575.5,3.2,14.5,W,WSW,C,mm,km/h,mm
9595,2026-08-02,17:15:00,21.0,22.0,21.0,22.0,50.0,56.0,0.0,0.0,575.7,1.6,9.7,ENE,SW,C,mm,km/h,mm
9596,2026-08-02,17:30:00,20.0,21.0,20.0,22.0,50.0,59.0,0.0,0.0,575.9,1.6,9.7,SSW,SW,C,mm,km/h,mm
9597,2026-08-02,17:45:00,19.0,20.0,19.0,22.0,50.0,60.0,0.0,0.0,576.2,4.8,19.3,S,SW,C,mm,km/h,mm
9598,2026-08-02,18:00:00,19.0,19.0,19.0,22.0,50.0,63.0,0.0,0.0,576.4,1.6,9.7,W,WSW,C,mm,km/h,mm
9599,2026-08-02,18:15:00,18.0,19.0,18.0,22.0,50.0,65.0,0.0,0.0,576.6,1.6,6.4,SW,WSW,C,mm,km/h,mm
9600,2026-08-02,18:30:00,18.0,18.0,18.0,22.0,50.0,66.0,0.0,0.0,576.8,1.6,8.0,WSW,WSW,C,mm,km/h,mm
9601,2026-08-02,18:45:00,18.0,18.0,18.0,22.0,50.0,65.0,0.0,0.0,576.8,3.2,8.0,W,W,C,mm,km/h,mm
9602,2026-08-02,19:00:00,18.0,18.0,18.0,22.0,50.0,65.0,0.0,0.0,577.1,0.0,4.8,SW,WSW,C,mm,km/h,mm
9603,2026-08-02,19:15:00,18.0,18.0,18.0,22.0,50.0,65.0,0.0,0.0,577.3,0.0,3.2,WSW,WSW,C,mm,km/h,mm
9604,2026-08-02,19:30:00,18.0,18.0,18.0,22.0,50.0,66.0,0.0,0.0,577.5,0.0,0.0,,,C,mm,km/h,mm
9605,2026-08-02,19:45:00,17.0,18.0,17.0,22.0,50.0,66.0,0.0,0.0,577.6,0.0,0.0,,,C,mm,km/h,mm
9606,2026-08-02,20:00:00,17.0,17.0,17.0,22.0,50.0,69.0,0.0,0.0,577.6,0.0,0.0,,,C,mm,km/h,mm
9607,2026-08-02,20:15:00,17.0,17.0,17.0,22.0,50.0,69.0,0.0,0.0,577.9,0.0,0.0,,,C,mm,km/h,mm
9608,2026-08-02,20:30:00,17.0,17.0,17.0,22.0,50.0,68.0,0.0,0.0,577.9,0.0,1.6,WNW,WNW,C,mm,km/h,mm
9609,2026-08-02,20:45:00,18.0,18.0,17.0,22.0,50.0,67.0,0.0,0.0,578.0,0.0,3.2,WNW,SW,C,mm,km/h,mm
9610,2026-08-02,21:00:00,18.0,18.0,18.0,22.0,50.0,66.0,0.0,0.0,578.1,0.0,4.8,SSW,SW,C,mm,km/h,mm
9611,2026-08-02,21:15:00,17.0,18.0,17.0,22.0,50.0,67.0,0.0,0.0,578.0,0.0,1.6,WSW,WSW,C,mm,km/h,mm
9612,2026-08-02,21:30:00,17.0,17.0,17.0,22.0,50.0,68.0,0.0,0.0,578.0,0.0,3.2,WSW,WSW,C,mm,km/h,mm
9613,2026-08-02,21:45:00,17.0,17.0,17.0,22.0,50.0,69.0,0.0,0.0,577.8,0.0,3.2,SSE,SSE,C,mm,km/h,mm
9614,2026-08-02,22:00:00,17.0,17.0,17.0,22.0,50.0,71.0,0.0,0.0,577.6,0.0,3.2,SSW,SW,C,mm,km/h,mm
9615,2026-08-02,22:15:00,17.0,17.0,17.0,22.0,50.0,73.0,0.0,0.0,577.7,0.0,3.2,NW,W,C,mm,km/h,mm
9616,2026-08-02,22:30:00,17.0,17.0,17.0,22.0,50.0,73.0,0.0,0.0,577.6,1.6,4.8,WSW,W,C,mm,km/h,mm
9617,2026-08-02,22:45:00,16.0,17.0,16.0,22.0,50.0,72.0,0.0,0.0,577.6,0.0,4.8,WSW,W,C,mm,km/h,mm
9618,2026-08-02,23:00:00,16.0,16.0,16.0,22.0,50.0,73.0,0.0,0.0,577.6,0.0,4.8,WSW,SW,C,mm,km/h,mm
9619,2026-08-02,23:15:00,16.0,16.0,16.0,22.0,50.0,74.0,0.0,0.0,577.4,0.0,4.8,W,SW,C,mm,km/h,mm
9620,2026-08-02,23:30:00,16.0,16.0,16.0,21.0,50.0,75.0,0.0,0.0,577.4,0.0,1.6,NE,NE,C,mm,km/h,mm
9621,2026-08-02,23:45:00,16.0,16.0,16.0,22.0,51.0,75.0,0.0,0.0,577.3,0.0,3.2,SSW,NE,C,mm,km/h,mm
9622,2026-08-03,00:15:00,15.0,16.0,15.0,21.0,51.0,77.0,0.0,0.0,577.1,0.0,6.4,WSW,SSE,C,mm,km/h,mm
9623,2026-08-03,00:30:00,15.0,15.0,15.0,21.0,51.0,77.0,0.0,0.0,576.9,0.0,4.8,SW,WSW,C,mm,km/h,mm
9624,2026-08-03,00:45:00,15.0,15.0,15.0,21.0,51.0,78.0,0.0,0.0,577.0,0.0,3.2,NNW,NW,C,mm,km/h,mm
9625,2026-08-03,01:00:00,15.0,15.0,15.0,21.0,51.0,79.0,0.0,0.0,577.0,0.0,0.0,,,C,mm,km/h,mm
9626,2026-08-03,01:15:00,15.0,15.0,15.0,21.0,51.0,80.0,0.0,0.0,577.0,0.0,1.6,WNW,WNW,C,mm,km/h,mm
9627,2026-08-03,01:30:00,14.0,15.0,14.0,21.0,51.0,81.0,0.0,0.0,577.0,0.0,0.0,,,C,mm,km/h,mm
9628,2026-08-03,01:45:00,14.0,14.0,14.0,21.0,51.0,83.0,0.0,0.0,576.9,0.0,0.0,,,C,mm,km/h,mm
9629,2026-08-03,02:00:00,13.0,14.0,13.0,21.0,51.0,85.0,0.0,0.0,577.0,0.0,0.0,,,C,mm,km/h,mm
9630,2026-08-03,02:15:00,13.0,13.0,13.0,21.0,51.0,86.0,0.0,0.0,576.9,0.0,0.0,,,C,mm,km/h,mm
9631,2026-08-03,02:30:00,12.0,13.0,12.0,21.0,51.0,88.0,0.0,0.0,577.0,0.0,0.0,,,C,mm,km/h,mm
9632,2026-08-03,02:45:00,12.0,12.0,12.0,21.0,52.0,89.0,0.0,0.0,576.9,0.0,0.0,,,C,mm,km/h,mm
9633,2026-08-03,03:00:00,12.0,12.0,12.0,21.0,52.0,90.0,0.0,0.0,577.0,0.0,0.0,,,C,mm,km/h,mm
9634,2026-08-03,03:15:00,12.0,12.0,12.0,21.0,52.0,90.0,0.0,0.0,576.9,0.0,0.0,,,C,mm,km/h,mm
9635,2026-08-03,03:30:00,12.0,12.0,12.0,21.0,52.0,91.0,0.0,0.0,576.9,0.0,0.0,,,C,mm,km/h,mm
9636,2026-08-03,03:45:00,12.0,12.0,12.0,21.0,52.0,91.0,0.0,0.0,577.0,0.0,0.0,,,C,mm,km/h,mm
9637,2026-08-03,04:00:00,12.0,12.0,12.0,21.0,52.0,91.0,0.0,0.0,577.1,0.0,0.0,,,C,mm,km/h,mm
9638,2026-08-03,04:15:00,12.0,12.0,12.0,21.0,52.0,92.0,0.0,0.0,577.2,0.0,0.0,,,C,mm,km/h,mm
9639,2026-08-03,04:30:00,12.0,12.0,12.0,21.0,52.0,92.0,0.0,0.0,577.3,0.0,0.0,,,C,mm,km/h,mm
9640,2026-08-03,04:45:00,12.0,12.0,12.0,21.0,52.0,92.0,0.0,0.0,577.5,0.0,0.0,,,C,mm,km/h,mm
9641,2026-08-03,05:00:00,12.0,12.0,12.0,21.0,52.0,92.0,0.0,0.0,577.5,0.0,0.0,,,C,mm,km/h,mm
9642,2026-08-03,05:15:00,13.0,13.0,12.0,21.0,52.0,92.0,0.0,0.0,577.7,0.0,0.0,,,C,mm,km/h,mm
9643,2026-08-03,05:30:00,14.0,14.0,13.0,21.0,53.0,92.0,0.0,0.0,577.7,0.0,0.0,,,C,mm,km/h,mm
9644,2026-08-03,05:45:00,15.0,15.0,14.0,21.0,53.0,89.0,0.0,0.0,577.8,0.0,0.0,,,C,mm,km/h,mm
9645,2026-08-03,06:00:00,16.0,16.0,15.0,21.0,53.0,84.0,0.0,0.0,577.9,0.0,0.0,,,C,mm,km/h,mm
9646,2026-08-03,06:15:00,17.0,17.0,16.0,21.0,53.0,79.0,0.0,0.0,577.9,0.0,1.6,NNE,NNE,C,mm,km/h,mm
9647,2026-08-03,06:30:00,18.0,18.0,17.0,21.0,53.0,75.0,0.0,0.0,578.0,0.0,0.0,,,C,mm,km/h,mm
9648,2026-08-03,06:45:00,19.0,19.0,18.0,21.0,53.0,72.0,0.0,0.0,577.9,0.0,1.6,E,E,C,mm,km/h,mm
9649,2026-08-03,07:00:00,19.0,19.0,19.0,21.0,53.0,69.0,0.0,0.0,578.0,0.0,1.6,NE,NE,C,mm,km/h,mm
9650,2026-08-03,07:15:00,20.0,20.0,19.0,21.0,53.0,64.0,0.0,0.0,578.0,0.0,4.8,ENE,ENE,C,mm,km/h,mm
9651,2026-08-03,07:30:00,21.0,21.0,20.0,21.0,53.0,62.0,0.0,0.0,577.9,0.0,6.4,E,E,C,mm,km/h,mm
9652,2026-08-03,07:45:00,22.0,22.0,21.0,21.0,53.0,60.0,0.0,0.0,577.8,0.0,3.2,ESE,E,C,mm,km/h,mm
9653,2026-08-03,08:00:00,22.0,22.0,22.0,21.0,53.0,57.0,0.0,0.0,577.8,0.0,6.4,WNW,W,C,mm,km/h,mm
9654,2026-08-03,08:15:00,22.0,22.0,22.0,21.0,53.0,52.0,0.0,0.0,577.6,0.0,6.4,E,E,C,mm,km/h,mm
9655,2026-08-03,08:30:00,23.0,23.0,22.0,21.0,53.0,49.0,0.0,0.0,577.5,1.6,9.7,ENE,NNE,C,mm,km/h,mm
9656,2026-08-03,08:45:00,24.0,24.0,24.0,21.0,53.0,47.0,0.0,0.0,577.4,0.0,3.2,SE,NNW,C,mm,km/h,mm
9657,2026-08-03,09:00:00,24.0,24.0,24.0,21.0,53.0,48.0,0.0,0.0,577.3,0.0,8.0,ESE,ESE,C,mm,km/h,mm
9658,2026-08-03,09:15:00,24.0,24.0,24.0,21.0,52.0,46.0,0.0,0.0,577.2,1.6,8.0,E,E,C,mm,km/h,mm
9659,2026-08-03,09:30:00,24.0,25.0,24.0,21.0,52.0,42.0,0.0,0.0,577.0,1.6,9.7,E,E,C,mm,km/h,mm
9660,2026-08-03,09:45:00,25.0,25.0,24.0,21.0,52.0,39.0,0.0,0.0,576.9,1.6,6.4,SE,ENE,C,mm,km/h,mm
9661,2026-08-03,10:00:00,26.0,26.0,25.0,21.0,52.0,39.0,0.0,0.0,576.7,3.2,9.7,SW,WSW,C,mm,km/h,mm
9662,2026-08-03,10:15:00,26.0,26.0,26.0,21.0,52.0,40.0,0.0,0.0,576.7,1.6,9.7,S,NNW,C,mm,km/h,mm
9663,2026-08-03,10:30:00,27.0,27.0,26.0,21.0,51.0,34.0,0.0,0.0,576.6,1.6,9.7,NW,NNW,C,mm,km/h,mm
9664,2026-08-03,10:45:00,27.0,27.0,27.0,21.0,51.0,38.0,0.0,0.0,576.5,3.2,11.3,NNW,NNW,C,mm,km/h,mm
9665,2026-08-03,11:00:00,26.0,27.0,26.0,21.0,51.0,36.0,0.0,0.0,576.2,1.6,8.0,ENE,E,C,mm,km/h,mm
9666,2026-08-03,11:15:00,27.0,27.0,26.0,21.0,51.0,39.0,0.0,0.0,576.0,1.6,6.4,NW,NNW,C,mm,km/h,mm
9667,2026-08-03,11:30:00,27.0,27.0,27.0,21.0,50.0,33.0,0.0,0.0,576.0,1.6,8.0,E,E,C,mm,km/h,mm
9668,2026-08-03,11:45:00,27.0,27.0,26.0,21.0,50.0,33.0,0.0,0.0,576.0,1.6,6.4,E,ESE,C,mm,km/h,mm
9669,2026-08-03,12:00:00,27.0,27.0,26.0,21.0,50.0,34.0,0.0,0.0,575.8,3.2,11.3,ESE,E,C,mm,km/h,mm
9670,2026-08-03,12:15:00,27.0,27.0,27.0,21.0,50.0,36.0,0.0,0.0,575.6,1.6,8.0,SW,E,C,mm,km/h,mm
9671,2026-08-03,12:30:00,28.0,28.0,27.0,21.0,50.0,34.0,0.0,0.0,575.4,1.6,6.4,E,E,C,mm,km/h,mm
9672,2026-08-03,12:45:00,28.0,28.0,28.0,21.0,49.0,35.0,0.0,0.0,575.2,1.6,8.0,E,E,C,mm,km/h,mm
9673,2026-08-03,13:00:00,28.0,29.0,28.0,21.0,49.0,32.0,0.0,0.0,575.0,0.0,4.8,E,E,C,mm,km/h,mm
9674,2026-08-03,13:15:00,28.0,28.0,27.0,21.0,49.0,30.0,0.0,0.0,574.8,0.0,4.8,SSE,E,C,mm,km/h,mm
9675,2026-08-03,13:30:00,27.0,28.0,27.0,21.0,49.0,35.0,0.0,0.0,574.6,0.0,4.8,E,E,C,mm,km/h,mm
9676,2026-08-03,13:45:00,27.0,27.0,27.0,21.0,48.0,34.0,0.0,0.0,574.4,1.6,8.0,WNW,NNW,C,mm,km/h,mm
9677,2026-08-03,14:00:00,27.0,27.0,27.0,22.0,48.0,36.0,0.0,0.0,574.3,1.6,9.7,N,NNW,C,mm,km/h,mm
9678,2026-08-03,14:15:00,28.0,28.0,27.0,22.0,48.0,35.0,0.0,0.0,574.3,1.6,9.7,WSW,NNW,C,mm,km/h,mm
9679,2026-08-03,14:30:00,28.0,28.0,28.0,22.0,48.0,31.0,0.0,0.0,574.1,1.6,11.3,WNW,NW,C,mm,km/h,mm
9680,2026-08-03,14:45:00,28.0,29.0,28.0,22.0,47.0,32.0,0.0,0.0,574.3,1.6,11.3,WSW,ESE,C,mm,km/h,mm
9681,2026-08-03,15:00:00,27.0,28.0,27.0,22.0,48.0,33.0,0.0,0.0,574.5,0.0,8.0,NNW,NW,C,mm,km/h,mm
9682,2026-08-03,15:15:00,26.0,27.0,26.0,22.0,47.0,40.0,0.0,0.0,574.5,1.6,8.0,NNW,NNW,C,mm,km/h,mm
9683,2026-08-03,15:30:00,24.0,26.0,24.0,22.0,47.0,56.0,0.0,0.0,574.8,3.2,16.1,NNW,NNW,C,mm,km/h,mm
9684,2026-08-03,15:45:00,21.0,24.0,21.0,22.0,48.0,69.0,0.4,7.6,575.1,1.6,12.9,WNW,NNW,C,mm,km/h,mm
9685,2026-08-03,16:00:00,18.0,21.0,18.0,22.0,48.0,76.0,0.8,7.6,575.1,1.6,6.4,NW,NNW,C,mm,km/h,mm
9686,2026-08-03,16:15:00,18.0,18.0,18.0,22.0,49.0,66.0,0.0,0.0,575.1,1.6,12.9,WNW,NNW,C,mm,km/h,mm
9687,2026-08-03,16:30:00,17.0,19.0,17.0,22.0,50.0,78.0,1.0,12.4,575.1,0.0,6.4,SW,NNW,C,mm,km/h,mm
9688,2026-08-03,16:45:00,18.0,18.0,17.0,22.0,50.0,78.0,0.0,0.0,575.5,0.0,8.0,NNW,N,C,mm,km/h,mm
9689,2026-08-03,17:00:00,18.0,18.0,18.0,22.0,50.0,75.0,0.0,0.0,575.7,0.0,4.8,NW,ENE,C,mm,km/h,mm
9690,2026-08-03,17:15:00,19.0,19.0,18.0,22.0,50.0,71.0,0.0,0.0,576.3,0.0,4.8,E,E,C,mm,km/h,mm
9691,2026-08-03,17:30:00,19.0,19.0,19.0,22.0,51.0,69.0,0.0,0.0,576.6,0.0,8.0,E,ENE,C,mm,km/h,mm
9692,2026-08-03,17:45:00,18.0,19.0,18.0,22.0,51.0,71.0,0.0,0.0,576.7,0.0,1.6,ESE,ESE,C,mm,km/h,mm
9693,2026-08-03,18:00:00,17.0,18.0,17.0,22.0,51.0,69.0,0.0,0.0,576.8,1.6,8.0,E,ENE,C,mm,km/h,mm
9694,2026-08-03,18:15:00,17.0,18.0,17.0,22.0,51.0,72.0,0.0,0.0,576.9,0.0,8.0,NE,SW,C,mm,km/h,mm
9695,2026-08-03,18:30:00,18.0,18.0,17.0,22.0,51.0,70.0,0.0,0.0,577.2,1.6,6.4,SSW,WSW,C,mm,km/h,mm
9696,2026-08-03,18:45:00,17.0,18.0,17.0,22.0,51.0,71.0,0.0,0.0,577.6,0.0,4.8,SW,NNW,C,mm,km/h,mm
9697,2026-08-03,19:00:00,17.0,17.0,17.0,22.0,51.0,77.0,0.4,4.2,577.7,0.0,0.0,,,C,mm,km/h,mm
9698,2026-08-03,19:15:00,16.0,17.0,16.0,22.0,51.0,84.0,0.4,2.6,578.0,0.0,0.0,,,C,mm,km/h,mm
9699,2026-08-03,19:30:00,15.0,16.0,15.0,22.0,52.0,83.0,0.0,0.0,577.9,0.0,0.0,,,C,mm,km/h,mm
9700,2026-08-03,19:45:00,15.0,16.0,15.0,22.0,52.0,84.0,0.0,0.0,578.1,0.0,0.0,,,C,mm,km/h,mm
9701,2026-08-03,20:00:00,16.0,16.0,15.0,22.0,52.0,86.0,0.4,1.4,578.1,0.0,3.2,W,W,C,mm,km/h,mm
9702,2026-08-03,20:15:00,16.0,16.0,16.0,22.0,52.0,87.0,0.0,0.8,578.3,0.0,1.6,NNW,NNW,C,mm,km/h,mm
9703,2026-08-03,20:30:00,16.0,16.0,15.0,22.0,53.0,86.0,0.0,0.0,578.4,0.0,3.2,WSW,WSW,C,mm,km/h,mm
9704,2026-08-03,20:45:00,16.0,16.0,16.0,22.0,53.0,85.0,0.0,0.0,578.4,0.0,1.6,SSW,W,C,mm,km/h,mm
9705,2026-08-03,21:00:00,16.0,16.0,16.0,22.0,53.0,86.0,0.0,0.0,578.3,0.0,0.0,,,C,mm,km/h,mm
9706,2026-08-03,21:15:00,15.0,16.0,15.0,22.0,53.0,87.0,0.0,0.0,578.2,0.0,0.0,,,C,mm,km/h,mm
9707,2026-08-03,21:30:00,15.0,16.0,15.0,22.0,53.0,87.0,0.0,0.0,578.2,0.0,0.0,,,C,mm,km/h,mm
9708,2026-08-03,21:45:00,15.0,16.0,15.0,22.0,54.0,87.0,0.0,0.0,578.3,0.0,0.0,,,C,mm,km/h,mm
9709,2026-08-03,22:00:00,15.0,15.0,15.0,22.0,54.0,88.0,0.0,0.0,578.2,0.0,0.0,,,C,mm,km/h,mm
9710,2026-08-03,22:15:00,15.0,15.0,15.0,22.0,54.0,89.0,0.0,0.0,578.2,0.0,0.0,,,C,mm,km/h,mm
9711,2026-08-03,22:30:00,14.0,15.0,14.0,22.0,54.0,90.0,0.0,0.0,578.3,0.0,0.0,,,C,mm,km/h,mm
9712,2026-08-03,22:45:00,14.0,14.0,14.0,22.0,54.0,91.0,0.0,0.0,578.1,0.0,0.0,,,C,mm,km/h,mm
9713,2026-08-03,23:00:00,14.0,14.0,14.0,22.0,54.0,91.0,0.0,0.0,578.1,0.0,0.0,,,C,mm,km/h,mm
9714,2026-08-03,23:15:00,14.0,14.0,14.0,22.0,55.0,92.0,0.0,0.0,577.9,0.0,0.0,,,C,mm,km/h,mm
9715,2026-08-03,23:30:00,14.0,14.0,14.0,22.0,55.0,92.0,0.0,0.0,577.9,0.0,0.0,,,C,mm,km/h,mm
9716,2026-08-03,23:45:00,14.0,14.0,14.0,22.0,55.0,92.0,0.0,0.0,577.8,0.0,0.0,,,C,mm,km/h,mm
9717,2026-08-04,00:15:00,13.0,14.0,13.0,22.0,55.0,92.0,0.0,0.0,577.6,0.0,0.0,,,C,mm,km/h,mm
9718,2026-08-04,00:30:00,13.0,13.0,13.0,22.0,55.0,93.0,0.0,0.0,577.6,0.0,0.0,,,C,mm,km/h,mm
9719,2026-08-04,00:45:00,13.0,13.0,13.0,22.0,55.0,93.0,0.0,0.0,577.5,0.0,0.0,,,C,mm,km/h,mm
9720,2026-08-04,01:00:00,13.0,13.0,13.0,22.0,55.0,92.0,0.0,0.0,577.4,0.0,0.0,,,C,mm,km/h,mm
9721,2026-08-04,01:15:00,13.0,13.0,13.0,21.0,55.0,93.0,0.0,0.0,577.3,0.0,0.0,,,C,mm,km/h,mm
9722,2026-08-04,01:30:00,13.0,13.0,13.0,21.0,55.0,93.0,0.0,0.0,577.3,0.0,0.0,,,C,mm,km/h,mm
9723,2026-08-04,01:45:00,13.0,13.0,13.0,21.0,55.0,93.0,0.0,0.0,577.3,0.0,0.0,,,C,mm,km/h,mm
9724,2026-08-04,02:00:00,13.0,13.0,13.0,21.0,55.0,93.0,0.0,0.0,577.3,0.0,0.0,,,C,mm,km/h,mm
9725,2026-08-04,02:15:00,13.0,13.0,12.0,21.0,55.0,94.0,0.0,0.0,577.3,0.0,0.0,,,C,mm,km/h,mm
9726,2026-08-04,02:30:00,13.0,13.0,13.0,21.0,55.0,94.0,0.0,0.0,577.3,0.0,0.0,,,C,mm,km/h,mm
9727,2026-08-04,02:45:00,13.0,13.0,13.0,21.0,56.0,94.0,0.0,0.0,577.2,0.0,0.0,,,C,mm,km/h,mm
9728,2026-08-04,03:00:00,13.0,13.0,13.0,21.0,56.0,93.0,0.0,0.0,577.3,0.0,0.0,,,C,mm,km/h,mm
9729,2026-08-04,03:15:00,13.0,13.0,13.0,21.0,56.0,93.0,0.0,0.0,577.3,0.0,0.0,,,C,mm,km/h,mm
9730,2026-08-04,03:30:00,13.0,13.0,13.0,21.0,56.0,94.0,0.0,0.0,577.2,0.0,0.0,,,C,mm,km/h,mm
9731,2026-08-04,03:45:00,12.0,13.0,12.0,21.0,56.0,94.0,0.0,0.0,577.3,0.0,0.0,,,C,mm,km/h,mm
9732,2026-08-04,04:00:00,12.0,12.0,12.0,21.0,56.0,94.0,0.0,0.0,577.3,0.0,0.0,,,C,mm,km/h,mm
9733,2026-08-04,04:15:00,12.0,12.0,12.0,21.0,56.0,94.0,0.0,0.0,577.4,0.0,0.0,,,C,mm,km/h,mm
9734,2026-08-04,04:30:00,13.0,13.0,12.0,21.0,56.0,94.0,0.0,0.0,577.4,0.0,0.0,,,C,mm,km/h,mm
9735,2026-08-04,04:45:00,13.0,13.0,13.0,21.0,56.0,94.0,0.0,0.0,577.6,0.0,0.0,,,C,mm,km/h,mm
9736,2026-08-04,05:00:00,13.0,13.0,13.0,21.0,56.0,94.0,0.0,0.0,577.7,0.0,0.0,,,C,mm,km/h,mm
9737,2026-08-04,05:15:00,14.0,14.0,13.0,21.0,56.0,95.0,0.0,0.0,577.9,0.0,0.0,,,C,mm,km/h,mm
9738,2026-08-04,05:30:00,14.0,14.0,14.0,21.0,56.0,94.0,0.0,0.0,578.0,0.0,0.0,,,C,mm,km/h,mm
9739,2026-08-04,05:45:00,15.0,15.0,14.0,21.0,56.0,90.0,0.0,0.0,577.9,0.0,0.0,,,C,mm,km/h,mm
9740,2026-08-04,06:00:00,16.0,16.0,15.0,21.0,56.0,86.0,0.0,0.0,578.1,0.0,0.0,,,C,mm,km/h,mm
9741,2026-08-04,06:15:00,17.0,17.0,16.0,21.0,56.0,83.0,0.0,0.0,578.1,0.0,0.0,,,C,mm,km/h,mm
9742,2026-08-04,06:30:00,18.0,18.0,17.0,21.0,56.0,79.0,0.0,0.0,578.1,0.0,0.0,,,C,mm,km/h,mm
9743,2026-08-04,06:45:00,18.0,18.0,18.0,21.0,56.0,78.0,0.0,0.0,578.3,0.0,0.0,,,C,mm,km/h,mm
9744,2026-08-04,07:00:00,18.0,18.0,18.0,21.0,56.0,75.0,0.0,0.0,578.2,0.0,3.2,NW,NW,C,mm,km/h,mm
9745,2026-08-04,07:15:00,20.0,20.0,18.0,21.0,56.0,72.0,0.0,0.0,578.2,0.0,3.2,NW,WSW,C,mm,km/h,mm
9746,2026-08-04,07:30:00,20.0,20.0,19.0,21.0,56.0,71.0,0.0,0.0,578.2,0.0,3.2,E,E,C,mm,km/h,mm
9747,2026-08-04,07:45:00,20.0,21.0,20.0,21.0,56.0,68.0,0.0,0.0,578.3,0.0,1.6,N,N,C,mm,km/h,mm
9748,2026-08-04,08:00:00,21.0,21.0,20.0,21.0,56.0,66.0,0.0,0.0,578.3,0.0,4.8,SSW,WSW,C,mm,km/h,mm
9749,2026-08-04,08:15:00,21.0,21.0,21.0,21.0,56.0,66.0,0.0,0.0,578.3,1.6,9.7,SSW,NE,C,mm,km/h,mm
9750,2026-08-04,08:30:00,22.0,22.0,21.0,21.0,56.0,63.0,0.0,0.0,578.3,0.0,6.4,SW,ENE,C,mm,km/h,mm
9751,2026-08-04,08:45:00,23.0,23.0,22.0,21.0,56.0,59.0,0.0,0.0,578.3,1.6,8.0,NW,WSW,C,mm,km/h,mm
9752,2026-08-04,09:00:00,22.0,23.0,22.0,21.0,56.0,62.0,0.0,0.0,578.3,1.6,11.3,WNW,N,C,mm,km/h,mm
9753,2026-08-04,09:15:00,23.0,23.0,22.0,21.0,56.0,59.0,0.0,0.0,578.2,1.6,9.7,W,W,C,mm,km/h,mm
9754,2026-08-04,09:30:00,25.0,25.0,23.0,21.0,56.0,54.0,0.0,0.0,578.1,0.0,4.8,NNW,NW,C,mm,km/h,mm
9755,2026-08-04,09:45:00,25.0,25.0,24.0,21.0,56.0,55.0,0.0,0.0,578.0,1.6,9.7,WSW,WSW,C,mm,km/h,mm
9756,2026-08-04,10:00:00,25.0,25.0,24.0,21.0,56.0,52.0,0.0,0.0,577.9,0.0,8.0,S,ENE,C,mm,km/h,mm
9757,2026-08-04,10:15:00,26.0,26.0,25.0,21.0,56.0,50.0,0.0,0.0,577.7,1.6,14.5,WNW,NW,C,mm,km/h,mm
9758,2026-08-04,10:30:00,25.0,26.0,25.0,21.0,56.0,52.0,0.0,0.0,577.6,3.2,14.5,WNW,ENE,C,mm,km/h,mm
9759,2026-08-04,10:45:00,26.0,26.0,25.0,21.0,56.0,48.0,0.0,0.0,577.5,1.6,9.7,SW,W,C,mm,km/h,mm
9760,2026-08-04,11:00:00,26.0,26.0,26.0,21.0,56.0,47.0,0.0,0.0,577.5,3.2,12.9,SW,WSW,C,mm,km/h,mm
9761,2026-08-04,11:15:00,26.0,26.0,26.0,21.0,56.0,45.0,0.0,0.0,577.5,1.6,9.7,SSE,WSW,C,mm,km/h,mm
9762,2026-08-04,11:30:00,26.0,26.0,26.0,21.0,55.0,47.0,0.0,0.0,577.2,1.6,8.0,WSW,W,C,mm,km/h,mm
9763,2026-08-04,11:45:00,26.0,27.0,26.0,21.0,55.0,42.0,0.0,0.0,577.1,1.6,9.7,SSW,W,C,mm,km/h,mm
9764,2026-08-04,12:00:00,27.0,27.0,26.0,21.0,55.0,42.0,0.0,0.0,576.9,0.0,9.7,SSE,NNW,C,mm,km/h,mm
9765,2026-08-04,12:15:00,27.0,28.0,27.0,21.0,55.0,41.0,0.0,0.0,576.7,1.6,8.0,SSE,E,C,mm,km/h,mm
9766,2026-08-04,12:30:00,27.0,27.0,27.0,21.0,55.0,44.0,0.0,0.0,576.2,1.6,9.7,SSW,NNW,C,mm,km/h,mm
9767,2026-08-04,12:45:00,27.0,27.0,27.0,21.0,54.0,42.0,0.0,0.0,575.9,1.6,17.7,WNW,WNW,C,mm,km/h,mm
9768,2026-08-04,13:00:00,26.0,27.0,26.0,21.0,54.0,44.0,0.0,0.0,576.1,3.2,14.5,WSW,NW,C,mm,km/h,mm
9769,2026-08-04,13:15:00,26.0,26.0,25.0,22.0,54.0,45.0,0.0,0.0,575.9,6.4,22.5,WNW,W,C,mm,km/h,mm
9770,2026-08-04,13:30:00,26.0,26.0,26.0,22.0,54.0,42.0,0.0,0.0,575.8,6.4,16.1,W,W,C,mm,km/h,mm
9771,2026-08-04,13:45:00,26.0,26.0,26.0,22.0,54.0,37.0,0.0,0.0,575.9,8.0,22.5,W,W,C,mm,km/h,mm
9772,2026-08-04,14:00:00,27.0,27.0,26.0,22.0,54.0,33.0,0.0,0.0,575.8,6.4,19.3,SSW,W,C,mm,km/h,mm
9773,2026-08-04,14:15:00,25.0,27.0,25.0,22.0,53.0,36.0,0.0,0.0,575.9,6.4,20.9,S,WSW,C,mm,km/h,mm
9774,2026-08-04,14:30:00,23.0,25.0,23.0,22.0,53.0,48.0,0.0,0.0,575.9,4.8,19.3,E,E,C,mm,km/h,mm
9775,2026-08-04,14:45:00,23.0,23.0,23.0,22.0,53.0,47.0,0.0,0.0,575.8,3.2,11.3,ESE,E,C,mm,km/h,mm
9776,2026-08-04,15:00:00,23.0,23.0,23.0,22.0,52.0,48.0,0.0,0.0,575.7,4.8,12.9,E,E,C,mm,km/h,mm
9777,2026-08-04,15:15:00,23.0,23.0,23.0,22.0,52.0,48.0,0.0,0.0,575.6,3.2,9.7,ESE,E,C,mm,km/h,mm
9778,2026-08-04,15:30:00,23.0,23.0,23.0,22.0,52.0,46.0,0.0,0.0,575.7,1.6,6.4,ESE,ENE,C,mm,km/h,mm
9779,2026-08-04,15:45:00,23.0,24.0,23.0,22.0,52.0,45.0,0.0,0.0,575.8,1.6,9.7,ESE,E,C,mm,km/h,mm
9780,2026-08-04,16:00:00,20.0,23.0,20.0,22.0,52.0,63.0,0.4,4.4,575.9,1.6,4.8,E,E,C,mm,km/h,mm
9781,2026-08-04,16:15:00,19.0,20.0,19.0,22.0,52.0,71.0,0.0,0.0,575.9,1.6,6.4,E,E,C,mm,km/h,mm
9782,2026-08-04,16:30:00,18.0,19.0,18.0,22.0,52.0,72.0,0.2,0.0,576.3,0.0,1.6,ENE,ENE,C,mm,km/h,mm
9783,2026-08-04,16:45:00,17.0,18.0,17.0,22.0,52.0,82.0,2.6,26.4,576.7,0.0,4.8,NNW,NNW,C,mm,km/h,mm
9784,2026-08-04,17:00:00,16.0,17.0,16.0,22.0,53.0,87.0,0.0,0.0,576.6,0.0,3.2,ENE,ENE,C,mm,km/h,mm
9785,2026-08-04,17:15:00,16.0,16.0,16.0,22.0,53.0,86.0,0.0,0.0,576.7,0.0,3.2,E,E,C,mm,km/h,mm
9786,2026-08-04,17:30:00,16.0,16.0,16.0,22.0,53.0,88.0,0.0,0.0,576.9,0.0,0.0,,,C,mm,km/h,mm
9787,2026-08-04,17:45:00,15.0,16.0,15.0,22.0,54.0,88.0,0.0,0.0,577.1,0.0,0.0,,,C,mm,km/h,mm
9788,2026-08-04,18:00:00,15.0,15.0,15.0,22.0,54.0,88.0,0.0,0.0,577.1,0.0,0.0,,,C,mm,km/h,mm
9789,2026-08-04,18:15:00,15.0,15.0,15.0,22.0,54.0,87.0,0.0,0.0,577.5,0.0,3.2,WSW,W,C,mm,km/h,mm
9790,2026-08-04,18:30:00,15.0,16.0,15.0,22.0,54.0,88.0,0.0,0.0,577.4,0.0,0.0,,,C,mm,km/h,mm
9791,2026-08-04,18:45:00,15.0,15.0,15.0,22.0,55.0,89.0,0.0,0.0,577.7,0.0,0.0,,,C,mm,km/h,mm
9792,2026-08-04,19:00:00,15.0,15.0,15.0,22.0,55.0,89.0,0.0,0.0,577.9,0.0,0.0,,,C,mm,km/h,mm
9793,2026-08-04,19:15:00,15.0,15.0,15.0,22.0,55.0,90.0,0.0,0.0,577.9,0.0,0.0,,,C,mm,km/h,mm
9794,2026-08-04,19:30:00,15.0,15.0,14.0,22.0,55.0,89.0,0.0,0.0,578.1,0.0,0.0,,,C,mm,km/h,mm
9795,2026-08-04,19:45:00,15.0,15.0,15.0,22.0,55.0,89.0,0.0,0.0,578.2,0.0,1.6,W,W,C,mm,km/h,mm
9796,2026-08-04,20:00:00,15.0,15.0,15.0,22.0,55.0,88.0,0.0,0.0,578.2,0.0,0.0,,,C,mm,km/h,mm
9797,2026-08-04,20:15:00,15.0,15.0,15.0,22.0,55.0,90.0,0.0,0.0,578.4,0.0,0.0,,,C,mm,km/h,mm
9798,2026-08-04,20:30:00,14.0,15.0,14.0,22.0,56.0,90.0,0.0,0.0,578.4,0.0,0.0,,,C,mm,km/h,mm
9799,2026-08-04,20:45:00,14.0,14.0,14.0,22.0,56.0,91.0,0.0,0.0,578.4,0.0,0.0,,,C,mm,km/h,mm
9800,2026-08-04,21:00:00,14.0,14.0,14.0,22.0,56.0,92.0,0.0,0.0,578.4,0.0,0.0,,,C,mm,km/h,mm
9801,2026-08-04,21:15:00,14.0,14.0,14.0,22.0,56.0,92.0,0.0,0.0,578.4,0.0,0.0,,,C,mm,km/h,mm
9802,2026-08-04,21:30:00,14.0,14.0,14.0,22.0,56.0,92.0,0.0,0.0,578.5,0.0,0.0,,,C,mm,km/h,mm
9803,2026-08-04,21:45:00,14.0,14.0,14.0,22.0,56.0,93.0,0.0,0.0,578.6,0.0,0.0,,,C,mm,km/h,mm
9804,2026-08-04,22:00:00,14.0,14.0,14.0,22.0,56.0,93.0,0.0,0.0,578.5,0.0,0.0,,,C,mm,km/h,mm
9805,2026-08-04,22:15:00,13.0,14.0,13.0,22.0,56.0,93.0,0.0,0.0,578.6,0.0,0.0,,,C,mm,km/h,mm
9806,2026-08-04,22:30:00,13.0,13.0,13.0,22.0,56.0,93.0,0.2,0.0,578.5,0.0,0.0,,,C,mm,km/h,mm
9807,2026-08-04,22:45:00,13.0,13.0,13.0,22.0,56.0,93.0,0.0,0.0,578.3,0.0,0.0,,,C,mm,km/h,mm
9808,2026-08-04,23:00:00,13.0,13.0,13.0,22.0,56.0,94.0,0.0,0.0,578.2,0.0,0.0,,,C,mm,km/h,mm
9809,2026-08-04,23:15:00,13.0,13.0,13.0,22.0,56.0,94.0,0.0,0.0,578.3,0.0,0.0,,,C,mm,km/h,mm
9810,2026-08-04,23:30:00,13.0,13.0,13.0,22.0,56.0,93.0,0.0,0.0,578.2,0.0,0.0,,,C,mm,km/h,mm
9811,2026-08-04,23:45:00,13.0,13.0,13.0,22.0,56.0,94.0,0.0,0.0,578.1,0.0,1.6,W,W,C,mm,km/h,mm
9812,2026-08-05,00:15:00,13.0,13.0,13.0,22.0,56.0,92.0,0.0,0.0,577.7,0.0,0.0,,,C,mm,km/h,mm
9813,2026-08-05,00:30:00,13.0,13.0,13.0,22.0,56.0,91.0,0.0,0.0,577.8,0.0,0.0,,,C,mm,km/h,mm
9814,2026-08-05,00:45:00,14.0,14.0,13.0,21.0,56.0,91.0,0.0,0.0,577.8,0.0,0.0,,,C,mm,km/h,mm
9815,2026-08-05,01:00:00,13.0,14.0,13.0,21.0,56.0,90.0,0.0,0.0,577.9,0.0,0.0,,,C,mm,km/h,mm
9816,2026-08-05,01:15:00,13.0,13.0,13.0,21.0,56.0,91.0,0.0,0.0,578.1,0.0,0.0,,,C,mm,km/h,mm
9817,2026-08-05,01:30:00,13.0,13.0,13.0,21.0,56.0,92.0,0.0,0.0,578.1,0.0,0.0,,,C,mm,km/h,mm
9818,2026-08-05,01:45:00,12.0,13.0,12.0,21.0,56.0,92.0,0.0,0.0,578.0,0.0,0.0,,,C,mm,km/h,mm
9819,2026-08-05,02:00:00,12.0,12.0,12.0,21.0,56.0,92.0,0.0,0.0,578.0,0.0,0.0,,,C,mm,km/h,mm
9820,2026-08-05,02:15:00,12.0,12.0,12.0,21.0,56.0,93.0,0.0,0.0,578.1,0.0,0.0,,,C,mm,km/h,mm
9821,2026-08-05,02:30:00,12.0,12.0,12.0,21.0,56.0,93.0,0.0,0.0,578.0,0.0,0.0,,,C,mm,km/h,mm
9822,2026-08-05,02:45:00,12.0,12.0,12.0,21.0,56.0,93.0,0.0,0.0,578.1,0.0,0.0,,,C,mm,km/h,mm
9823,2026-08-05,03:00:00,12.0,12.0,12.0,21.0,56.0,94.0,0.0,0.0,578.1,0.0,0.0,,,C,mm,km/h,mm
9824,2026-08-05,03:15:00,12.0,12.0,12.0,21.0,56.0,93.0,0.0,0.0,578.1,0.0,0.0,,,C,mm,km/h,mm
9825,2026-08-05,03:30:00,12.0,12.0,12.0,21.0,56.0,94.0,0.0,0.0,578.0,0.0,0.0,,,C,mm,km/h,mm
9826,2026-08-05,03:45:00,12.0,12.0,12.0,21.0,56.0,94.0,0.0,0.0,578.1,0.0,0.0,,,C,mm,km/h,mm
9827,2026-08-05,04:00:00,12.0,12.0,12.0,21.0,55.0,93.0,0.0,0.0,578.2,0.0,0.0,,,C,mm,km/h,mm
9828,2026-08-05,04:15:00,12.0,12.0,12.0,21.0,55.0,94.0,0.0,0.0,578.4,0.0,0.0,,,C,mm,km/h,mm
9829,2026-08-05,04:30:00,12.0,12.0,12.0,21.0,55.0,94.0,0.0,0.0,578.5,0.0,0.0,,,C,mm,km/h,mm
9830,2026-08-05,04:45:00,12.0,12.0,12.0,21.0,55.0,94.0,0.0,0.0,578.8,0.0,0.0,,,C,mm,km/h,mm
9831,2026-08-05,05:00:00,12.0,12.0,12.0,21.0,55.0,95.0,0.0,0.0,578.7,0.0,0.0,,,C,mm,km/h,mm
9832,2026-08-05,05:15:00,13.0,13.0,12.0,21.0,55.0,94.0,0.0,0.0,578.8,0.0,0.0,,,C,mm,km/h,mm
9833,2026-08-05,05:30:00,13.0,13.0,13.0,21.0,55.0,95.0,0.0,0.0,578.8,0.0,0.0,,,C,mm,km/h,mm
9834,2026-08-05,05:45:00,13.0,13.0,13.0,21.0,55.0,94.0,0.0,0.0,579.0,0.0,0.0,,,C,mm,km/h,mm
9835,2026-08-05,06:00:00,14.0,14.0,13.0,21.0,55.0,93.0,0.0,0.0,579.0,0.0,0.0,,,C,mm,km/h,mm
9836,2026-08-05,06:15:00,15.0,15.0,14.0,21.0,55.0,91.0,0.0,0.0,579.1,0.0,0.0,,,C,mm,km/h,mm
9837,2026-08-05,06:30:00,15.0,15.0,15.0,21.0,55.0,85.0,0.0,0.0,579.1,0.0,6.4,WSW,W,C,mm,km/h,mm
9838,2026-08-05,06:45:00,16.0,16.0,15.0,21.0,56.0,85.0,0.0,0.0,579.2,0.0,1.6,W,WSW,C,mm,km/h,mm
9839,2026-08-05,07:00:00,16.0,16.0,16.0,21.0,56.0,83.0,0.0,0.0,579.2,0.0,3.2,S,S,C,mm,km/h,mm
9840,2026-08-05,07:15:00,17.0,17.0,16.0,21.0,56.0,78.0,0.0,0.0,579.4,0.0,6.4,WSW,SW,C,mm,km/h,mm
9841,2026-08-05,07:30:00,17.0,17.0,17.0,21.0,56.0,77.0,0.0,0.0,579.4,0.0,0.0,,,C,mm,km/h,mm
9842,2026-08-05,07:45:00,19.0,19.0,17.0,21.0,56.0,72.0,0.0,0.0,579.4,1.6,4.8,WSW,WSW,C,mm,km/h,mm
9843,2026-08-05,08:00:00,19.0,20.0,19.0,21.0,56.0,68.0,0.0,0.0,579.3,0.0,3.2,WSW,WSW,C,mm,km/h,mm
9844,2026-08-05,08:15:00,20.0,20.0,19.0,21.0,56.0,66.0,0.0,0.0,579.2,0.0,4.8,ENE,E,C,mm,km/h,mm
9845,2026-08-05,08:30:00,21.0,21.0,20.0,21.0,56.0,63.0,0.0,0.0,579.1,1.6,6.4,W,SW,C,mm,km/h,mm
9846,2026-08-05,08:45:00,21.0,21.0,21.0,21.0,56.0,63.0,0.0,0.0,579.0,1.6,4.8,SW,E,C,mm,km/h,mm
9847,2026-08-05,09:00:00,22.0,22.0,21.0,21.0,56.0,61.0,0.0,0.0,579.0,0.0,6.4,E,E,C,mm,km/h,mm
9848,2026-08-05,09:15:00,22.0,22.0,22.0,21.0,56.0,62.0,0.0,0.0,579.0,0.0,4.8,ENE,E,C,mm,km/h,mm
9849,2026-08-05,09:30:00,23.0,23.0,22.0,21.0,55.0,54.0,0.0,0.0,578.9,0.0,8.0,WNW,NNW,C,mm,km/h,mm
9850,2026-08-05,09:45:00,22.0,24.0,22.0,21.0,55.0,56.0,0.0,0.0,578.8,1.6,6.4,E,NE,C,mm,km/h,mm
9851,2026-08-05,10:00:00,24.0,24.0,22.0,21.0,55.0,57.0,0.0,0.0,578.7,1.6,8.0,SW,NNE,C,mm,km/h,mm
9852,2026-08-05,10:15:00,23.0,24.0,23.0,21.0,55.0,51.0,0.0,0.0,578.5,1.6,8.0,SE,ENE,C,mm,km/h,mm
9853,2026-08-05,10:30:00,24.0,24.0,23.0,21.0,55.0,50.0,0.0,0.0,578.4,1.6,6.4,NNW,E,C,mm,km/h,mm
9854,2026-08-05,10:45:00,24.0,25.0,24.0,21.0,55.0,47.0,0.0,0.0,578.3,1.6,6.4,NW,ESE,C,mm,km/h,mm
9855,2026-08-05,11:00:00,25.0,25.0,24.0,21.0,55.0,47.0,0.0,0.0,578.1,0.0,4.8,E,E,C,mm,km/h,mm
9856,2026-08-05,11:15:00,24.0,25.0,24.0,21.0,55.0,47.0,0.0,0.0,578.0,0.0,3.2,SE,NNW,C,mm,km/h,mm
9857,2026-08-05,11:30:00,26.0,26.0,24.0,21.0,55.0,49.0,0.0,0.0,577.9,1.6,14.5,W,W,C,mm,km/h,mm
9858,2026-08-05,11:45:00,26.0,26.0,26.0,21.0,55.0,44.0,0.0,0.0,577.6,3.2,8.0,W,NNW,C,mm,km/h,mm
9859,2026-08-05,12:00:00,26.0,26.0,26.0,21.0,55.0,43.0,0.0,0.0,577.3,1.6,9.7,SW,W,C,mm,km/h,mm
9860,2026-08-05,12:15:00,26.0,26.0,26.0,21.0,54.0,41.0,0.0,0.0,577.2,1.6,9.7,WSW,NW,C,mm,km/h,mm
9861,2026-08-05,12:30:00,26.0,27.0,26.0,21.0,54.0,38.0,0.0,0.0,577.0,1.6,8.0,NNE,NW,C,mm,km/h,mm
9862,2026-08-05,12:45:00,26.0,26.0,26.0,21.0,54.0,38.0,0.0,0.0,576.7,0.0,6.4,E,E,C,mm,km/h,mm
9863,2026-08-05,13:00:00,27.0,27.0,26.0,21.0,53.0,39.0,0.0,0.0,576.2,1.6,6.4,NNW,N,C,mm,km/h,mm
9864,2026-08-05,13:15:00,27.0,27.0,27.0,21.0,53.0,37.0,0.0,0.0,575.9,1.6,6.4,SW,NNW,C,mm,km/h,mm
9865,2026-08-05,13:30:00,27.0,27.0,27.0,21.0,53.0,36.0,0.0,0.0,575.7,1.6,9.7,W,NNW,C,mm,km/h,mm
9866,2026-08-05,13:45:00,26.0,27.0,26.0,21.0,53.0,38.0,0.0,0.0,575.6,1.6,6.4,ENE,NNW,C,mm,km/h,mm
9867,2026-08-05,14:00:00,27.0,27.0,26.0,21.0,52.0,39.0,0.0,0.0,575.4,0.0,4.8,W,SW,C,mm,km/h,mm
9868,2026-08-05,14:15:00,26.0,27.0,26.0,21.0,52.0,46.0,0.0,0.0,575.4,4.8,17.7,NW,W,C,mm,km/h,mm
9869,2026-08-05,14:30:00,23.0,26.0,23.0,21.0,52.0,51.0,0.0,0.0,575.5,6.4,20.9,W,W,C,mm,km/h,mm
9870,2026-08-05,14:45:00,23.0,23.0,23.0,21.0,53.0,53.0,0.0,0.0,575.4,6.4,20.9,W,WSW,C,mm,km/h,mm
9871,2026-08-05,15:00:00,22.0,23.0,22.0,21.0,52.0,54.0,0.0,0.0,575.7,4.8,17.7,NNW,NW,C,mm,km/h,mm
9872,2026-08-05,15:15:00,22.0,22.0,22.0,21.0,52.0,56.0,0.0,0.0,576.1,1.6,14.5,NNW,NNW,C,mm,km/h,mm
9873,2026-08-05,15:30:00,21.0,22.0,21.0,22.0,52.0,56.0,0.0,0.0,576.4,1.6,14.5,NNW,NNW,C,mm,km/h,mm
9874,2026-08-05,15:45:00,21.0,21.0,21.0,22.0,52.0,60.0,0.0,0.0,576.6,1.6,8.0,NNW,NNW,C,mm,km/h,mm
9875,2026-08-05,16:00:00,20.0,21.0,20.0,21.0,51.0,55.0,0.0,0.0,576.7,3.2,14.5,NW,NNW,C,mm,km/h,mm
9876,2026-08-05,16:15:00,20.0,20.0,20.0,21.0,51.0,56.0,0.0,0.0,576.8,1.6,11.3,WNW,NW,C,mm,km/h,mm
9877,2026-08-05,16:30:00,20.0,20.0,20.0,22.0,52.0,57.0,0.0,0.0,577.0,1.6,9.7,W,WSW,C,mm,km/h,mm
9878,2026-08-05,16:45:00,20.0,20.0,20.0,22.0,52.0,58.0,0.0,0.0,577.2,0.0,6.4,ESE,ENE,C,mm,km/h,mm
9879,2026-08-05,17:00:00,20.0,20.0,20.0,22.0,51.0,61.0,0.0,0.0,577.3,0.0,3.2,SSE,NNW,C,mm,km/h,mm
9880,2026-08-05,17:15:00,19.0,20.0,19.0,22.0,51.0,63.0,0.0,0.0,577.5,0.0,6.4,NW,NNW,C,mm,km/h,mm
9881,2026-08-05,17:30:00,19.0,19.0,19.0,22.0,52.0,63.0,0.0,0.0,577.5,0.0,1.6,NE,NE,C,mm,km/h,mm
9882,2026-08-05,17:45:00,19.0,19.0,19.0,22.0,52.0,65.0,0.0,0.0,577.6,0.0,1.6,N,N,C,mm,km/h,mm
9883,2026-08-05,18:00:00,18.0,19.0,18.0,22.0,52.0,68.0,0.0,0.0,577.7,0.0,0.0,,,C,mm,km/h,mm
9884,2026-08-05,18:15:00,17.0,18.0,17.0,22.0,52.0,71.0,0.0,0.0,577.7,0.0,0.0,,,C,mm,km/h,mm
9885,2026-08-05,18:30:00,17.0,17.0,17.0,22.0,52.0,73.0,0.0,0.0,577.9,0.0,0.0,,,C,mm,km/h,mm
9886,2026-08-05,18:45:00,16.0,17.0,16.0,22.0,52.0,75.0,0.0,0.0,578.0,0.0,0.0,,,C,mm,km/h,mm
9887,2026-08-05,19:00:00,17.0,17.0,16.0,22.0,52.0,75.0,0.0,0.0,578.2,0.0,0.0,,,C,mm,km/h,mm
9888,2026-08-05,19:15:00,17.0,17.0,16.0,22.0,52.0,74.0,0.0,0.0,578.3,0.0,0.0,,,C,mm,km/h,mm
9889,2026-08-05,19:30:00,17.0,17.0,17.0,22.0,52.0,73.0,0.0,0.0,578.3,0.0,0.0,,,C,mm,km/h,mm
9890,2026-08-05,19:45:00,17.0,17.0,17.0,22.0,52.0,72.0,0.0,0.0,578.5,0.0,0.0,,,C,mm,km/h,mm
9891,2026-08-05,20:00:00,17.0,17.0,17.0,22.0,52.0,72.0,0.0,0.0,578.5,0.0,0.0,,,C,mm,km/h,mm
9892,2026-08-05,20:15:00,18.0,18.0,17.0,22.0,53.0,69.0,0.0,0.0,578.5,0.0,1.6,WNW,WNW,C,mm,km/h,mm
9893,2026-08-05,20:30:00,18.0,18.0,18.0,22.0,53.0,68.0,0.0,0.0,578.4,0.0,3.2,W,W,C,mm,km/h,mm
9894,2026-08-05,20:45:00,18.0,18.0,18.0,22.0,53.0,69.0,0.0,0.0,578.5,0.0,1.6,WNW,WNW,C,mm,km/h,mm
9895,2026-08-05,21:00:00,18.0,18.0,18.0,22.0,53.0,70.0,0.0,0.0,578.6,0.0,1.6,WNW,WNW,C,mm,km/h,mm
9896,2026-08-05,21:15:00,17.0,18.0,17.0,22.0,53.0,72.0,0.0,0.0,578.5,0.0,3.2,NE,NE,C,mm,km/h,mm
9897,2026-08-05,21:30:00,17.0,17.0,17.0,22.0,53.0,73.0,0.0,0.0,578.6,0.0,3.2,WSW,WSW,C,mm,km/h,mm
9898,2026-08-05,21:45:00,17.0,17.0,17.0,22.0,53.0,74.0,0.0,0.0,578.7,0.0,3.2,S,WSW,C,mm,km/h,mm
9899,2026-08-05,22:00:00,17.0,17.0,17.0,22.0,53.0,75.0,0.0,0.0,578.8,0.0,8.0,S,SW,C,mm,km/h,mm
9900,2026-08-05,22:15:00,17.0,17.0,16.0,21.0,53.0,76.0,0.0,0.0,578.9,1.6,6.4,SSW,SW,C,mm,km/h,mm
9901,2026-08-05,22:30:00,17.0,17.0,17.0,21.0,53.0,75.0,0.0,0.0,578.9,1.6,8.0,SSW,SW,C,mm,km/h,mm
9902,2026-08-05,22:45:00,16.0,17.0,16.0,21.0,53.0,76.0,0.0,0.0,578.8,1.6,9.7,SW,SW,C,mm,km/h,mm
9903,2026-08-05,23:00:00,16.0,16.0,16.0,21.0,53.0,77.0,0.0,0.0,578.6,0.0,9.7,S,SW,C,mm,km/h,mm
9904,2026-08-05,23:15:00,16.0,16.0,16.0,21.0,53.0,78.0,0.0,0.0,578.7,1.6,9.7,SSW,WSW,C,mm,km/h,mm
9905,2026-08-05,23:30:00,16.0,16.0,16.0,21.0,53.0,79.0,0.0,0.0,578.6,1.6,6.4,S,WSW,C,mm,km/h,mm
9906,2026-08-05,23:45:00,16.0,16.0,16.0,21.0,53.0,79.0,0.0,0.0,578.5,1.6,4.8,SSW,SW,C,mm,km/h,mm
9907,2026-08-06,00:15:00,16.0,16.0,16.0,21.0,53.0,77.0,0.0,0.0,578.8,1.6,4.8,WNW,W,C,mm,km/h,mm
9908,2026-08-06,00:30:00,16.0,16.0,16.0,21.0,53.0,74.0,0.0,0.0,578.9,0.0,6.4,S,WSW,C,mm,km/h,mm
9909,2026-08-06,00:45:00,16.0,16.0,16.0,21.0,53.0,74.0,0.0,0.0,578.7,1.6,9.7,WSW,WSW,C,mm,km/h,mm
9910,2026-08-06,01:00:00,16.0,16.0,16.0,21.0,52.0,75.0,0.0,0.0,578.8,1.6,9.7,WNW,WSW,C,mm,km/h,mm
9911,2026-08-06,01:15:00,16.0,16.0,16.0,21.0,52.0,75.0,0.0,0.0,578.5,1.6,8.0,W,WSW,C,mm,km/h,mm
9912,2026-08-06,01:30:00,16.0,16.0,16.0,21.0,52.0,77.0,0.0,0.0,578.5,1.6,6.4,W,SW,C,mm,km/h,mm
9913,2026-08-06,01:45:00,16.0,16.0,16.0,21.0,52.0,78.0,0.0,0.0,578.6,0.0,3.2,W,SSW,C,mm,km/h,mm
9914,2026-08-06,02:00:00,15.0,16.0,15.0,21.0,52.0,78.0,0.0,0.0,578.6,0.0,4.8,SW,SW,C,mm,km/h,mm
9915,2026-08-06,02:15:00,15.0,15.0,15.0,21.0,52.0,78.0,0.0,0.0,578.6,0.0,4.8,WSW,WSW,C,mm,km/h,mm
9916,2026-08-06,02:30:00,15.0,15.0,15.0,21.0,52.0,79.0,0.0,0.0,578.8,0.0,3.2,SSW,W,C,mm,km/h,mm
9917,2026-08-06,02:45:00,15.0,15.0,15.0,21.0,52.0,79.0,0.0,0.0,578.7,0.0,4.8,S,WSW,C,mm,km/h,mm
9918,2026-08-06,03:00:00,15.0,15.0,15.0,21.0,52.0,80.0,0.0,0.0,578.9,0.0,4.8,W,W,C,mm,km/h,mm
9919,2026-08-06,03:15:00,15.0,15.0,15.0,21.0,52.0,80.0,0.0,0.0,578.8,0.0,3.2,W,W,C,mm,km/h,mm
9920,2026-08-06,03:30:00,15.0,15.0,15.0,21.0,52.0,80.0,0.0,0.0,578.8,0.0,0.0,,,C,mm,km/h,mm
9921,2026-08-06,03:45:00,14.0,15.0,14.0,21.0,52.0,82.0,0.0,0.0,578.9,0.0,0.0,,,C,mm,km/h,mm
9922,2026-08-06,04:00:00,14.0,14.0,14.0,21.0,52.0,83.0,0.0,0.0,578.8,0.0,0.0,,,C,mm,km/h,mm
9923,2026-08-06,04:15:00,13.0,14.0,13.0,21.0,52.0,85.0,0.0,0.0,578.8,0.0,0.0,,,C,mm,km/h,mm
9924,2026-08-06,04:30:00,13.0,14.0,13.0,21.0,52.0,85.0,0.0,0.0,578.8,0.0,1.6,NW,NW,C,mm,km/h,mm
9925,2026-08-06,04:45:00,14.0,14.0,13.0,21.0,52.0,83.0,0.0,0.0,579.0,0.0,0.0,,,C,mm,km/h,mm
9926,2026-08-06,05:00:00,14.0,14.0,14.0,21.0,52.0,83.0,0.0,0.0,579.0,0.0,0.0,,,C,mm,km/h,mm
9927,2026-08-06,05:15:00,14.0,14.0,14.0,21.0,52.0,85.0,0.0,0.0,579.1,0.0,0.0,,,C,mm,km/h,mm
9928,2026-08-06,05:30:00,15.0,15.0,14.0,21.0,53.0,84.0,0.0,0.0,579.5,0.0,0.0,,,C,mm,km/h,mm
9929,2026-08-06,05:45:00,15.0,15.0,15.0,21.0,53.0,81.0,0.0,0.0,579.6,0.0,0.0,,,C,mm,km/h,mm
9930,2026-08-06,06:00:00,16.0,16.0,15.0,21.0,53.0,79.0,0.0,0.0,579.7,0.0,3.2,NE,NE,C,mm,km/h,mm
9931,2026-08-06,06:15:00,17.0,17.0,16.0,21.0,53.0,76.0,0.0,0.0,579.6,0.0,1.6,SE,E,C,mm,km/h,mm
9932,2026-08-06,06:30:00,17.0,17.0,17.0,21.0,53.0,73.0,0.0,0.0,579.5,0.0,3.2,E,E,C,mm,km/h,mm
9933,2026-08-06,06:45:00,18.0,18.0,17.0,21.0,53.0,69.0,0.0,0.0,579.4,0.0,4.8,SW,SW,C,mm,km/h,mm
9934,2026-08-06,07:00:00,19.0,19.0,18.0,21.0,53.0,69.0,0.0,0.0,579.3,0.0,6.4,E,E,C,mm,km/h,mm
9935,2026-08-06,07:15:00,19.0,20.0,19.0,21.0,53.0,66.0,0.0,0.0,579.2,0.0,4.8,W,W,C,mm,km/h,mm
9936,2026-08-06,07:30:00,20.0,20.0,19.0,21.0,53.0,62.0,0.0,0.0,579.3,0.0,6.4,WSW,WSW,C,mm,km/h,mm
9937,2026-08-06,07:45:00,20.0,20.0,20.0,21.0,53.0,62.0,0.0,0.0,579.2,0.0,1.6,WNW,W,C,mm,km/h,mm
9938,2026-08-06,08:00:00,21.0,21.0,20.0,21.0,53.0,60.0,0.0,0.0,579.2,0.0,3.2,NE,N,C,mm,km/h,mm
9939,2026-08-06,08:15:00,21.0,21.0,20.0,21.0,53.0,60.0,0.0,0.0,579.0,1.6,4.8,NE,ENE,C,mm,km/h,mm
9940,2026-08-06,08:30:00,21.0,21.0,21.0,21.0,53.0,60.0,0.0,0.0,579.1,1.6,6.4,NW,ENE,C,mm,km/h,mm
9941,2026-08-06,08:45:00,22.0,22.0,21.0,21.0,53.0,56.0,0.0,0.0,579.0,1.6,8.0,NW,NNW,C,mm,km/h,mm
9942,2026-08-06,09:00:00,22.0,22.0,22.0,21.0,53.0,56.0,0.0,0.0,579.1,1.6,8.0,NW,NW,C,mm,km/h,mm
9943,2026-08-06,09:15:00,23.0,23.0,22.0,21.0,53.0,54.0,0.0,0.0,579.0,1.6,8.0,ESE,E,C,mm,km/h,mm
9944,2026-08-06,09:30:00,23.0,23.0,23.0,21.0,53.0,54.0,0.0,0.0,578.9,1.6,9.7,NW,NNW,C,mm,km/h,mm
9945,2026-08-06,09:45:00,24.0,24.0,23.0,21.0,53.0,49.0,0.0,0.0,578.9,1.6,9.7,WNW,W,C,mm,km/h,mm
9946,2026-08-06,10:00:00,24.0,24.0,23.0,21.0,53.0,51.0,0.0,0.0,578.9,3.2,11.3,WSW,W,C,mm,km/h,mm
9947,2026-08-06,10:15:00,24.0,24.0,24.0,21.0,53.0,47.0,0.0,0.0,578.8,1.6,9.7,W,WSW,C,mm,km/h,mm
9948,2026-08-06,10:30:00,24.0,25.0,24.0,21.0,53.0,47.0,0.0,0.0,578.6,1.6,9.7,SW,SW,C,mm,km/h,mm
9949,2026-08-06,10:45:00,25.0,25.0,24.0,21.0,53.0,46.0,0.0,0.0,578.5,1.6,8.0,NW,NW,C,mm,km/h,mm
9950,2026-08-06,11:00:00,25.0,25.0,25.0,21.0,53.0,47.0,0.0,0.0,578.3,1.6,11.3,SSE,WSW,C,mm,km/h,mm
9951,2026-08-06,11:15:00,25.0,25.0,25.0,21.0,53.0,44.0,0.0,0.0,578.2,1.6,9.7,NNE,NNW,C,mm,km/h,mm
9952,2026-08-06,11:30:00,24.0,25.0,24.0,21.0,52.0,46.0,0.0,0.0,578.1,1.6,11.3,E,E,C,mm,km/h,mm
9953,2026-08-06,11:45:00,25.0,25.0,24.0,21.0,52.0,46.0,0.0,0.0,577.9,1.6,9.7,WSW,WSW,C,mm,km/h,mm
9954,2026-08-06,12:00:00,26.0,26.0,25.0,21.0,52.0,42.0,0.0,0.0,577.5,1.6,8.0,W,W,C,mm,km/h,mm
9955,2026-08-06,12:15:00,25.0,26.0,25.0,21.0,52.0,42.0,0.0,0.0,577.4,1.6,9.7,SSW,NNW,C,mm,km/h,mm
9956,2026-08-06,12:30:00,26.0,26.0,25.0,21.0,52.0,43.0,0.0,0.0,577.1,1.6,11.3,WNW,W,C,mm,km/h,mm
9957,2026-08-06,12:45:00,27.0,27.0,26.0,21.0,52.0,39.0,0.0,0.0,576.8,1.6,8.0,E,WSW,C,mm,km/h,mm
9958,2026-08-06,13:00:00,26.0,27.0,26.0,21.0,52.0,39.0,0.0,0.0,576.5,3.2,16.1,W,WSW,C,mm,km/h,mm
9959,2026-08-06,13:15:00,25.0,26.0,25.0,21.0,52.0,41.0,0.0,0.0,576.2,1.6,9.7,WSW,WSW,C,mm,km/h,mm
9960,2026-08-06,13:30:00,25.0,25.0,25.0,21.0,52.0,44.0,0.0,0.0,576.0,3.2,16.1,W,W,C,mm,km/h,mm
9961,2026-08-06,13:45:00,24.0,25.0,24.0,21.0,51.0,45.0,0.0,0.0,576.1,1.6,16.1,NW,NNW,C,mm,km/h,mm
9962,2026-08-06,14:00:00,23.0,24.0,23.0,21.0,51.0,49.0,0.0,0.0,576.1,1.6,19.3,WSW,NW,C,mm,km/h,mm
9963,2026-08-06,14:15:00,23.0,23.0,23.0,21.0,51.0,50.0,0.0,0.0,576.1,1.6,11.3,WSW,W,C,mm,km/h,mm
9964,2026-08-06,14:30:00,23.0,23.0,23.0,21.0,51.0,53.0,0.0,0.0,576.1,0.0,6.4,N,NNW,C,mm,km/h,mm
9965,2026-08-06,14:45:00,23.0,23.0,22.0,21.0,51.0,52.0,0.0,0.0,576.1,1.6,12.9,S,WSW,C,mm,km/h,mm
9966,2026-08-06,15:00:00,21.0,23.0,21.0,21.0,51.0,65.0,0.2,0.0,576.3,4.8,19.3,W,NNW,C,mm,km/h,mm
9967,2026-08-06,15:15:00,19.0,21.0,19.0,22.0,51.0,75.0,0.6,14.2,576.4,1.6,9.7,W,WNW,C,mm,km/h,mm
9968,2026-08-06,15:30:00,18.0,19.0,18.0,22.0,52.0,78.0,0.0,0.0,577.1,1.6,11.3,NNW,NNW,C,mm,km/h,mm
9969,2026-08-06,15:45:00,16.0,18.0,16.0,22.0,52.0,82.0,0.6,2.4,577.4,1.6,11.3,N,NNW,C,mm,km/h,mm
9970,2026-08-06,16:00:00,16.0,16.0,16.0,22.0,53.0,86.0,0.2,2.4,577.6,1.6,11.3,WSW,NNW,C,mm,km/h,mm
9971,2026-08-06,16:15:00,16.0,16.0,16.0,22.0,53.0,83.0,0.2,1.4,577.8,3.2,19.3,NW,NNW,C,mm,km/h,mm
9972,2026-08-06,16:30:00,15.0,16.0,15.0,22.0,54.0,82.0,0.0,0.0,578.2,4.8,17.7,WNW,NW,C,mm,km/h,mm
9973,2026-08-06,16:45:00,15.0,15.0,15.0,21.0,54.0,83.0,0.2,0.0,578.4,1.6,11.3,N,NNW,C,mm,km/h,mm
9974,2026-08-06,17:00:00,14.0,15.0,14.0,22.0,54.0,85.0,0.4,1.8,578.5,1.6,12.9,NW,NNW,C,mm,km/h,mm
9975,2026-08-06,17:15:00,14.0,14.0,14.0,21.0,54.0,87.0,0.2,1.8,578.5,0.0,8.0,W,N,C,mm,km/h,mm
9976,2026-08-06,17:30:00,14.0,14.0,14.0,21.0,54.0,86.0,0.0,0.0,578.7,0.0,0.0,,,C,mm,km/h,mm
9977,2026-08-06,17:45:00,14.0,14.0,14.0,21.0,54.0,87.0,0.0,0.0,578.9,0.0,0.0,,,C,mm,km/h,mm
9978,2026-08-06,18:00:00,14.0,14.0,14.0,21.0,54.0,87.0,0.2,0.0,578.9,0.0,1.6,NE,NE,C,mm,km/h,mm
9979,2026-08-06,18:15:00,14.0,14.0,14.0,21.0,54.0,87.0,0.2,0.8,579.0,0.0,3.2,NE,NE,C,mm,km/h,mm
9980,2026-08-06,18:30:00,14.0,14.0,14.0,21.0,54.0,89.0,0.0,0.0,579.2,0.0,0.0,,,C,mm,km/h,mm
9981,2026-08-06,18:45:00,14.0,14.0,14.0,21.0,54.0,90.0,0.0,0.0,579.3,0.0,0.0,,,C,mm,km/h,mm
9982,2026-08-06,19:00:00,14.0,14.0,14.0,21.0,54.0,90.0,0.0,0.0,579.2,0.0,0.0,,,C,mm,km/h,mm
9983,2026-08-06,19:15:00,14.0,14.0,14.0,21.0,54.0,90.0,0.0,0.0,579.4,0.0,0.0,,,C,mm,km/h,mm
9984,2026-08-06,19:30:00,14.0,14.0,14.0,21.0,54.0,90.0,0.0,0.0,579.4,0.0,0.0,,,C,mm,km/h,mm
9985,2026-08-06,19:45:00,14.0,14.0,14.0,21.0,55.0,90.0,0.0,0.0,579.7,0.0,0.0,,,C,mm,km/h,mm
9986,2026-08-06,20:00:00,14.0,14.0,14.0,21.0,55.0,89.0,0.0,0.0,579.7,0.0,3.2,W,W,C,mm,km/h,mm
9987,2026-08-06,20:15:00,15.0,15.0,14.0,21.0,55.0,89.0,0.0,0.0,579.7,0.0,6.4,WSW,W,C,mm,km/h,mm
9988,2026-08-06,20:30:00,15.0,15.0,15.0,21.0,55.0,87.0,0.0,0.0,579.6,0.0,9.7,SW,W,C,mm,km/h,mm
9989,2026-08-06,20:45:00,15.0,15.0,15.0,21.0,55.0,86.0,0.0,0.0,579.6,0.0,6.4,W,W,C,mm,km/h,mm
9990,2026-08-06,21:00:00,14.0,15.0,14.0,21.0,55.0,85.0,0.0,0.0,579.6,0.0,4.8,W,SSW,C,mm,km/h,mm
9991,2026-08-06,21:15:00,15.0,15.0,14.0,21.0,55.0,86.0,0.0,0.0,579.7,0.0,6.4,WSW,SW,C,mm,km/h,mm
9992,2026-08-06,21:30:00,14.0,15.0,14.0,21.0,55.0,88.0,0.0,0.0,579.8,0.0,1.6,SW,SW,C,mm,km/h,mm
9993,2026-08-06,21:45:00,14.0,14.0,14.0,21.0,55.0,88.0,0.0,0.0,579.8,0.0,0.0,,,C,mm,km/h,mm
9994,2026-08-06,22:00:00,14.0,14.0,14.0,21.0,55.0,88.0,0.0,0.0,579.8,0.0,0.0,,,C,mm,km/h,mm
9995,2026-08-06,22:15:00,14.0,14.0,14.0,21.0,55.0,88.0,0.0,0.0,579.9,0.0,0.0,,,C,mm,km/h,mm
9996,2026-08-06,22:30:00,14.0,14.0,14.0,21.0,55.0,87.0,0.0,0.0,579.9,0.0,1.6,SW,SW,C,mm,km/h,mm
9997,2026-08-06,22:45:00,15.0,15.0,14.0,21.0,55.0,86.0,0.0,0.0,579.8,0.0,3.2,W,SW,C,mm,km/h,mm
9998,2026-08-06,23:00:00,15.0,15.0,14.0,21.0,54.0,86.0,0.0,0.0,579.7,0.0,3.2,WSW,W,C,mm,km/h,mm
9999,2026-08-06,23:15:00,15.0,15.0,15.0,21.0,54.0,85.0,0.0,0.0,579.5,0.0,4.8,SW,SW,C,mm,km/h,mm
10000,2026-08-06,23:30:00,15.0,15.0,14.0,21.0,54.0,85.0,0.0,0.0,579.5,0.0,3.2,SSW,WSW,C,mm,km/h,mm
10001,2026-08-06,23:45:00,14.0,15.0,14.0,21.0,54.0,85.0,0.0,0.0,579.4,0.0,1.6,W,WSW,C,mm,km/h,mm
10002,2026-08-07,00:15:00,14.0,14.0,14.0,21.0,54.0,85.0,0.0,0.0,579.0,0.0,4.8,SW,SW,C,mm,km/h,mm
10003,2026-08-07,00:30:00,14.0,14.0,14.0,21.0,54.0,86.0,0.0,0.0,579.1,0.0,4.8,SW,SW,C,mm,km/h,mm
10004,2026-08-07,00:45:00,14.0,14.0,14.0,21.0,54.0,86.0,0.0,0.0,578.9,0.0,4.8,WSW,WSW,C,mm,km/h,mm
10005,2026-08-07,01:00:00,14.0,14.0,14.0,21.0,54.0,86.0,0.0,0.0,578.9,0.0,4.8,WSW,W,C,mm,km/h,mm
10006,2026-08-07,01:15:00,14.0,14.0,14.0,21.0,54.0,86.0,0.0,0.0,578.7,0.0,4.8,WNW,W,C,mm,km/h,mm
10007,2026-08-07,01:30:00,14.0,14.0,14.0,21.0,54.0,85.0,0.0,0.0,578.6,1.6,8.0,W,W,C,mm,km/h,mm
10008,2026-08-07,01:45:00,14.0,14.0,14.0,21.0,54.0,86.0,0.0,0.0,578.7,0.0,6.4,W,W,C,mm,km/h,mm
10009,2026-08-07,02:00:00,14.0,14.0,14.0,21.0,54.0,87.0,0.0,0.0,578.8,0.0,0.0,,,C,mm,km/h,mm
10010,2026-08-07,02:15:00,14.0,14.0,13.0,21.0,54.0,87.0,0.0,0.0,578.6,0.0,0.0,,,C,mm,km/h,mm
10011,2026-08-07,02:30:00,13.0,14.0,13.0,21.0,54.0,88.0,0.0,0.0,578.7,0.0,0.0,,,C,mm,km/h,mm
10012,2026-08-07,02:45:00,13.0,13.0,13.0,21.0,54.0,89.0,0.0,0.0,578.8,0.0,0.0,,,C,mm,km/h,mm
10013,2026-08-07,03:00:00,13.0,13.0,13.0,21.0,54.0,90.0,0.0,0.0,578.6,0.0,0.0,,,C,mm,km/h,mm
10014,2026-08-07,03:15:00,13.0,13.0,13.0,21.0,54.0,89.0,0.0,0.0,578.7,0.0,0.0,,,C,mm,km/h,mm
10015,2026-08-07,03:30:00,13.0,13.0,13.0,21.0,54.0,89.0,0.0,0.0,578.6,0.0,0.0,,,C,mm,km/h,mm
10016,2026-08-07,03:45:00,13.0,13.0,13.0,21.0,54.0,90.0,0.0,0.0,578.8,0.0,0.0,,,C,mm,km/h,mm
10017,2026-08-07,04:00:00,13.0,13.0,13.0,21.0,54.0,89.0,0.0,0.0,578.9,0.0,0.0,,,C,mm,km/h,mm
10018,2026-08-07,04:15:00,12.0,13.0,12.0,21.0,54.0,89.0,0.0,0.0,578.9,0.0,0.0,,,C,mm,km/h,mm
10019,2026-08-07,04:30:00,12.0,12.0,12.0,21.0,54.0,90.0,0.0,0.0,578.9,0.0,0.0,,,C,mm,km/h,mm
10020,2026-08-07,04:45:00,12.0,12.0,12.0,21.0,54.0,91.0,0.0,0.0,579.1,0.0,0.0,,,C,mm,km/h,mm
10021,2026-08-07,05:00:00,12.0,12.0,12.0,21.0,54.0,92.0,0.0,0.0,579.1,0.0,1.6,W,W,C,mm,km/h,mm
10022,2026-08-07,05:15:00,13.0,13.0,12.0,21.0,54.0,89.0,0.0,0.0,579.0,0.0,3.2,WSW,WSW,C,mm,km/h,mm
10023,2026-08-07,05:30:00,14.0,14.0,13.0,21.0,54.0,86.0,0.0,0.0,579.1,0.0,1.6,NNW,NNW,C,mm,km/h,mm
10024,2026-08-07,05:45:00,14.0,14.0,14.0,20.0,54.0,84.0,0.0,0.0,579.1,0.0,1.6,NW,NW,C,mm,km/h,mm
10025,2026-08-07,06:00:00,15.0,15.0,14.0,20.0,54.0,81.0,0.0,0.0,579.1,0.0,1.6,WNW,W,C,mm,km/h,mm
10026,2026-08-07,06:15:00,16.0,16.0,15.0,20.0,54.0,80.0,0.0,0.0,579.2,0.0,1.6,ENE,ENE,C,mm,km/h,mm
10027,2026-08-07,06:30:00,17.0,17.0,16.0,20.0,54.0,74.0,0.0,0.0,579.2,0.0,0.0,,,C,mm,km/h,mm
10028,2026-08-07,06:45:00,18.0,18.0,17.0,20.0,54.0,69.0,0.0,0.0,579.3,0.0,3.2,W,W,C,mm,km/h,mm
10029,2026-08-07,07:00:00,18.0,18.0,18.0,20.0,54.0,71.0,0.0,0.0,579.2,1.6,8.0,NW,E,C,mm,km/h,mm
10030,2026-08-07,07:15:00,19.0,19.0,18.0,20.0,54.0,67.0,0.0,0.0,579.3,0.0,3.2,WNW,WNW,C,mm,km/h,mm
10031,2026-08-07,07:30:00,19.0,19.0,19.0,20.0,54.0,67.0,0.0,0.0,579.3,0.0,1.6,NNE,NE,C,mm,km/h,mm
10032,2026-08-07,07:45:00,20.0,20.0,19.0,21.0,54.0,63.0,0.0,0.0,579.4,1.6,8.0,W,W,C,mm,km/h,mm
10033,2026-08-07,08:00:00,20.0,20.0,20.0,20.0,54.0,63.0,0.0,0.0,579.4,0.0,4.8,NNW,NNW,C,mm,km/h,mm
10034,2026-08-07,08:15:00,21.0,21.0,20.0,20.0,54.0,60.0,0.0,0.0,579.5,1.6,8.0,WSW,SW,C,mm,km/h,mm
10035,2026-08-07,08:30:00,20.0,21.0,20.0,21.0,54.0,62.0,0.0,0.0,579.3,0.0,4.8,W,W,C,mm,km/h,mm
10036,2026-08-07,08:45:00,21.0,21.0,20.0,21.0,54.0,59.0,0.0,0.0,579.1,1.6,4.8,S,W,C,mm,km/h,mm
10037,2026-08-07,09:00:00,21.0,21.0,20.0,21.0,54.0,60.0,0.0,0.0,579.1,1.6,9.7,ENE,ENE,C,mm,km/h,mm
10038,2026-08-07,09:15:00,22.0,22.0,21.0,21.0,54.0,56.0,0.0,0.0,579.0,0.0,6.4,S,N,C,mm,km/h,mm
10039,2026-08-07,09:30:00,22.0,22.0,22.0,21.0,54.0,56.0,0.0,0.0,578.9,1.6,6.4,W,E,C,mm,km/h,mm
10040,2026-08-07,09:45:00,23.0,23.0,22.0,21.0,54.0,56.0,0.0,0.0,578.9,0.0,4.8,NNW,NNW,C,mm,km/h,mm
10041,2026-08-07,10:00:00,22.0,23.0,22.0,21.0,54.0,55.0,0.0,0.0,578.8,1.6,6.4,NNW,NNW,C,mm,km/h,mm
10042,2026-08-07,10:15:00,23.0,23.0,22.0,21.0,54.0,54.0,0.0,0.0,578.6,1.6,9.7,E,NNW,C,mm,km/h,mm
10043,2026-08-07,10:30:00,24.0,24.0,23.0,21.0,54.0,50.0,0.0,0.0,578.4,1.6,6.4,NW,NNW,C,mm,km/h,mm
10044,2026-08-07,10:45:00,24.0,25.0,24.0,21.0,54.0,48.0,0.0,0.0,578.3,0.0,4.8,W,E,C,mm,km/h,mm
10045,2026-08-07,11:00:00,24.0,24.0,24.0,21.0,53.0,50.0,0.0,0.0,578.1,1.6,8.0,E,E,C,mm,km/h,mm
10046,2026-08-07,11:15:00,24.0,25.0,24.0,21.0,53.0,49.0,0.0,0.0,577.8,1.6,8.0,WSW,NW,C,mm,km/h,mm
10047,2026-08-07,11:30:00,24.0,24.0,24.0,21.0,54.0,53.0,0.0,0.0,577.7,1.6,8.0,NW,NNW,C,mm,km/h,mm
10048,2026-08-07,11:45:00,25.0,25.0,24.0,21.0,53.0,46.0,0.0,0.0,577.5,1.6,9.7,WNW,NW,C,mm,km/h,mm
10049,2026-08-07,12:00:00,24.0,25.0,24.0,21.0,54.0,51.0,0.0,0.0,577.3,1.6,8.0,SSW,SSW,C,mm,km/h,mm
10050,2026-08-07,12:15:00,25.0,25.0,24.0,21.0,53.0,46.0,0.0,0.0,577.1,1.6,6.4,N,W,C,mm,km/h,mm
10051,2026-08-07,12:30:00,25.0,25.0,25.0,21.0,53.0,44.0,0.0,0.0,576.9,1.6,11.3,ENE,E,C,mm,km/h,mm
10052,2026-08-07,12:45:00,25.0,25.0,25.0,21.0,53.0,44.0,0.0,0.0,576.7,1.6,9.7,SW,NNW,C,mm,km/h,mm
10053,2026-08-07,13:00:00,26.0,26.0,25.0,21.0,53.0,43.0,0.0,0.0,576.6,1.6,11.3,SW,WSW,C,mm,km/h,mm
10054,2026-08-07,13:15:00,25.0,26.0,25.0,21.0,53.0,42.0,0.0,0.0,576.4,0.0,3.2,NNW,NW,C,mm,km/h,mm
10055,2026-08-07,13:30:00,26.0,26.0,25.0,21.0,53.0,46.0,0.0,0.0,576.0,0.0,6.4,W,W,C,mm,km/h,mm
10056,2026-08-07,13:45:00,25.0,26.0,25.0,21.0,53.0,44.0,0.0,0.0,575.8,0.0,6.4,NNW,NW,C,mm,km/h,mm
10057,2026-08-07,14:00:00,23.0,25.0,23.0,21.0,53.0,56.0,0.0,0.0,575.9,1.6,14.5,WNW,WNW,C,mm,km/h,mm
10058,2026-08-07,14:15:00,21.0,23.0,21.0,21.0,53.0,63.0,0.0,0.0,575.9,6.4,14.5,NW,WSW,C,mm,km/h,mm
10059,2026-08-07,14:30:00,20.0,21.0,20.0,21.0,53.0,63.0,0.0,0.0,576.6,1.6,16.1,NNW,W,C,mm,km/h,mm
10060,2026-08-07,14:45:00,20.0,20.0,20.0,21.0,53.0,65.0,0.0,0.0,576.6,1.6,16.1,N,NW,C,mm,km/h,mm
10061,2026-08-07,15:00:00,18.0,20.0,18.0,21.0,53.0,74.0,0.2,0.0,576.7,3.2,12.9,WSW,NW,C,mm,km/h,mm
10062,2026-08-07,15:15:00,17.0,18.0,17.0,21.0,53.0,79.0,0.6,2.8,576.7,1.6,17.7,WNW,NW,C,mm,km/h,mm
10063,2026-08-07,15:30:00,17.0,17.0,17.0,21.0,54.0,80.0,0.2,2.4,577.0,1.6,17.7,WNW,NNW,C,mm,km/h,mm
10064,2026-08-07,15:45:00,17.0,17.0,17.0,21.0,54.0,80.0,0.0,0.0,577.4,0.0,6.4,NW,E,C,mm,km/h,mm
10065,2026-08-07,16:00:00,16.0,17.0,16.0,21.0,54.0,85.0,0.4,1.0,577.7,0.0,6.4,NE,E,C,mm,km/h,mm
10066,2026-08-07,16:15:00,16.0,16.0,16.0,21.0,54.0,87.0,0.4,2.6,577.9,0.0,6.4,WNW,WNW,C,mm,km/h,mm
10067,2026-08-07,16:30:00,16.0,16.0,16.0,21.0,55.0,89.0,0.6,2.8,578.0,0.0,1.6,WNW,WNW,C,mm,km/h,mm
10068,2026-08-07,16:45:00,16.0,16.0,16.0,21.0,55.0,90.0,0.8,5.2,578.4,0.0,0.0,,,C,mm,km/h,mm
10069,2026-08-07,17:00:00,15.0,16.0,15.0,21.0,55.0,90.0,1.0,4.8,578.5,0.0,6.4,NW,W,C,mm,km/h,mm
10070,2026-08-07,17:15:00,15.0,15.0,15.0,21.0,56.0,90.0,0.6,4.8,578.6,0.0,6.4,WNW,W,C,mm,km/h,mm
10071,2026-08-07,17:30:00,15.0,15.0,15.0,21.0,56.0,91.0,0.0,0.0,578.7,0.0,1.6,ENE,ENE,C,mm,km/h,mm
10072,2026-08-07,17:45:00,15.0,15.0,15.0,21.0,56.0,91.0,0.2,0.0,578.9,0.0,0.0,,,C,mm,km/h,mm
10073,2026-08-07,18:00:00,15.0,15.0,15.0,21.0,57.0,91.0,0.0,0.0,579.0,0.0,0.0,,,C,mm,km/h,mm
10074,2026-08-07,18:15:00,15.0,15.0,15.0,21.0,57.0,91.0,0.0,0.0,579.1,0.0,0.0,,,C,mm,km/h,mm
10075,2026-08-07,18:30:00,16.0,16.0,15.0,21.0,57.0,91.0,0.2,0.0,579.3,0.0,0.0,,,C,mm,km/h,mm
10076,2026-08-07,18:45:00,15.0,16.0,15.0,21.0,57.0,91.0,2.6,30.8,579.3,0.0,0.0,,,C,mm,km/h,mm
10077,2026-08-07,19:00:00,15.0,15.0,15.0,21.0,57.0,91.0,0.4,7.4,579.3,0.0,1.6,NNE,NNE,C,mm,km/h,mm
10078,2026-08-07,19:15:00,15.0,15.0,15.0,21.0,57.0,91.0,0.0,0.8,579.4,0.0,0.0,,,C,mm,km/h,mm
10079,2026-08-07,19:30:00,15.0,15.0,15.0,21.0,58.0,92.0,0.0,0.0,579.5,0.0,0.0,,,C,mm,km/h,mm
10080,2026-08-07,19:45:00,15.0,15.0,15.0,21.0,58.0,92.0,0.0,0.0,579.6,0.0,0.0,,,C,mm,km/h,mm
10081,2026-08-07,20:00:00,15.0,15.0,15.0,21.0,58.0,92.0,0.0,0.0,579.7,0.0,0.0,,,C,mm,km/h,mm
10082,2026-08-07,20:15:00,15.0,15.0,15.0,21.0,58.0,92.0,0.0,0.0,579.8,0.0,1.6,E,E,C,mm,km/h,mm
10083,2026-08-07,20:30:00,15.0,15.0,15.0,21.0,58.0,92.0,0.0,0.0,579.8,0.0,1.6,E,E,C,mm,km/h,mm
10084,2026-08-07,20:45:00,15.0,15.0,15.0,21.0,58.0,92.0,0.0,0.0,579.9,0.0,3.2,E,E,C,mm,km/h,mm
10085,2026-08-07,21:00:00,15.0,15.0,15.0,21.0,58.0,92.0,0.0,0.0,579.9,0.0,0.0,,,C,mm,km/h,mm
10086,2026-08-07,21:15:00,15.0,15.0,15.0,21.0,58.0,91.0,0.0,0.0,579.7,0.0,0.0,,,C,mm,km/h,mm
10087,2026-08-07,21:30:00,15.0,15.0,15.0,21.0,58.0,91.0,0.0,0.0,579.9,0.0,0.0,,,C,mm,km/h,mm
10088,2026-08-07,21:45:00,15.0,15.0,15.0,21.0,58.0,92.0,0.0,0.0,579.7,0.0,1.6,NNE,NNE,C,mm,km/h,mm
10089,2026-08-07,22:00:00,15.0,15.0,15.0,21.0,58.0,90.0,0.0,0.0,579.7,0.0,3.2,SW,SW,C,mm,km/h,mm
10090,2026-08-07,22:15:00,15.0,15.0,15.0,21.0,58.0,90.0,0.0,0.0,579.4,0.0,1.6,WSW,WSW,C,mm,km/h,mm
10091,2026-08-07,22:30:00,15.0,15.0,15.0,21.0,58.0,90.0,0.0,0.0,579.5,0.0,3.2,SSW,SW,C,mm,km/h,mm
10092,2026-08-07,22:45:00,15.0,15.0,15.0,21.0,58.0,90.0,0.0,0.0,579.4,0.0,0.0,,,C,mm,km/h,mm
10093,2026-08-07,23:00:00,15.0,15.0,15.0,21.0,58.0,90.0,0.0,0.0,579.3,0.0,0.0,,,C,mm,km/h,mm
10094,2026-08-07,23:15:00,15.0,15.0,15.0,21.0,58.0,89.0,0.0,0.0,579.3,0.0,1.6,W,W,C,mm,km/h,mm
10095,2026-08-07,23:30:00,15.0,15.0,15.0,21.0,58.0,88.0,0.0,0.0,579.0,0.0,0.0,,,C,mm,km/h,mm
10096,2026-08-07,23:45:00,15.0,15.0,15.0,21.0,58.0,88.0,0.0,0.0,579.0,0.0,1.6,W,W,C,mm,km/h,mm
10097,2026-08-08,00:15:00,14.0,14.0,14.0,21.0,58.0,90.0,0.0,0.0,578.9,0.0,0.0,,,C,mm,km/h,mm
10098,2026-08-08,00:30:00,14.0,14.0,14.0,21.0,58.0,90.0,0.0,0.0,578.8,0.0,0.0,,,C,mm,km/h,mm
10099,2026-08-08,00:45:00,14.0,14.0,14.0,21.0,58.0,90.0,0.0,0.0,578.6,0.0,0.0,,,C,mm,km/h,mm
10100,2026-08-08,01:00:00,14.0,14.0,14.0,21.0,58.0,90.0,0.0,0.0,578.5,0.0,0.0,,,C,mm,km/h,mm
10101,2026-08-08,01:15:00,14.0,14.0,14.0,21.0,58.0,90.0,0.0,0.0,578.5,0.0,0.0,,,C,mm,km/h,mm
10102,2026-08-08,01:30:00,13.0,14.0,13.0,21.0,57.0,90.0,0.0,0.0,578.3,0.0,0.0,,,C,mm,km/h,mm
10103,2026-08-08,01:45:00,13.0,13.0,13.0,21.0,57.0,90.0,0.0,0.0,578.5,0.0,0.0,,,C,mm,km/h,mm
10104,2026-08-08,02:00:00,13.0,13.0,13.0,21.0,57.0,91.0,0.0,0.0,578.6,0.0,0.0,,,C,mm,km/h,mm
10105,2026-08-08,02:15:00,13.0,13.0,13.0,21.0,57.0,91.0,0.0,0.0,578.4,0.0,0.0,,,C,mm,km/h,mm
10106,2026-08-08,02:30:00,13.0,13.0,13.0,21.0,57.0,90.0,0.0,0.0,578.4,0.0,0.0,,,C,mm,km/h,mm
10107,2026-08-08,02:45:00,13.0,13.0,13.0,21.0,57.0,90.0,0.0,0.0,578.4,0.0,0.0,,,C,mm,km/h,mm
10108,2026-08-08,03:00:00,12.0,13.0,12.0,21.0,57.0,91.0,0.0,0.0,578.4,0.0,0.0,,,C,mm,km/h,mm
10109,2026-08-08,03:15:00,13.0,13.0,12.0,21.0,57.0,92.0,0.0,0.0,578.4,0.0,0.0,,,C,mm,km/h,mm
10110,2026-08-08,03:30:00,13.0,13.0,12.0,21.0,57.0,92.0,0.0,0.0,578.4,0.0,0.0,,,C,mm,km/h,mm
10111,2026-08-08,03:45:00,13.0,13.0,13.0,21.0,57.0,92.0,0.0,0.0,578.5,0.0,0.0,,,C,mm,km/h,mm
10112,2026-08-08,04:00:00,13.0,13.0,13.0,20.0,57.0,93.0,0.0,0.0,578.6,0.0,0.0,,,C,mm,km/h,mm
10113,2026-08-08,04:15:00,13.0,13.0,13.0,20.0,57.0,93.0,0.0,0.0,578.7,0.0,0.0,,,C,mm,km/h,mm
10114,2026-08-08,04:30:00,13.0,13.0,13.0,20.0,57.0,93.0,0.0,0.0,578.9,0.0,0.0,,,C,mm,km/h,mm
10115,2026-08-08,04:45:00,14.0,14.0,13.0,20.0,57.0,89.0,0.0,0.0,579.1,0.0,3.2,SW,SW,C,mm,km/h,mm
10116,2026-08-08,05:00:00,14.0,14.0,14.0,20.0,57.0,88.0,0.0,0.0,579.2,0.0,4.8,WSW,WSW,C,mm,km/h,mm
10117,2026-08-08,05:15:00,14.0,14.0,14.0,20.0,57.0,88.0,0.0,0.0,579.2,0.0,0.0,,,C,mm,km/h,mm
10118,2026-08-08,05:30:00,14.0,14.0,14.0,20.0,57.0,87.0,0.0,0.0,579.3,0.0,0.0,,,C,mm,km/h,mm
10119,2026-08-08,05:45:00,14.0,14.0,14.0,20.0,57.0,86.0,0.0,0.0,579.5,0.0,0.0,,,C,mm,km/h,mm
10120,2026-08-08,06:00:00,15.0,15.0,14.0,20.0,57.0,84.0,0.0,0.0,579.7,0.0,0.0,,,C,mm,km/h,mm
10121,2026-08-08,06:15:00,15.0,15.0,15.0,20.0,57.0,82.0,0.0,0.0,579.8,0.0,1.6,ENE,SW,C,mm,km/h,mm
10122,2026-08-08,06:30:00,15.0,15.0,15.0,20.0,57.0,82.0,0.0,0.0,579.7,0.0,1.6,S,SSW,C,mm,km/h,mm
10123,2026-08-08,06:45:00,16.0,16.0,15.0,20.0,57.0,80.0,0.0,0.0,579.8,0.0,3.2,WSW,W,C,mm,km/h,mm
10124,2026-08-08,07:00:00,16.0,16.0,16.0,20.0,56.0,79.0,0.0,0.0,580.0,0.0,3.2,NE,WSW,C,mm,km/h,mm
10125,2026-08-08,07:15:00,17.0,17.0,16.0,20.0,56.0,78.0,0.0,0.0,580.0,0.0,4.8,WNW,WNW,C,mm,km/h,mm
10126,2026-08-08,07:30:00,18.0,18.0,17.0,20.0,56.0,73.0,0.0,0.0,580.0,0.0,6.4,SW,SW,C,mm,km/h,mm
10127,2026-08-08,07:45:00,18.0,18.0,17.0,20.0,56.0,72.0,0.0,0.0,579.9,1.6,9.7,WSW,W,C,mm,km/h,mm
10128,2026-08-08,08:00:00,19.0,19.0,18.0,20.0,56.0,68.0,0.0,0.0,579.9,0.0,6.4,WNW,W,C,mm,km/h,mm
10129,2026-08-08,08:15:00,19.0,19.0,19.0,20.0,56.0,69.0,0.0,0.0,579.8,0.0,3.2,ENE,NE,C,mm,km/h,mm
10130,2026-08-08,08:30:00,19.0,19.0,19.0,20.0,56.0,66.0,0.0,0.0,579.8,0.0,4.8,E,W,C,mm,km/h,mm
10131,2026-08-08,08:45:00,19.0,20.0,19.0,20.0,56.0,65.0,0.0,0.0,579.7,0.0,4.8,E,E,C,mm,km/h,mm
10132,2026-08-08,09:00:00,19.0,19.0,19.0,20.0,56.0,68.0,0.0,0.0,579.3,1.6,4.8,E,ENE,C,mm,km/h,mm
10133,2026-08-08,09:15:00,19.0,19.0,19.0,20.0,56.0,66.0,0.0,0.0,579.2,0.0,6.4,E,E,C,mm,km/h,mm
10134,2026-08-08,09:30:00,21.0,21.0,19.0,20.0,56.0,61.0,0.0,0.0,579.1,0.0,6.4,E,E,C,mm,km/h,mm
10135,2026-08-08,09:45:00,22.0,22.0,21.0,20.0,56.0,57.0,0.0,0.0,578.9,0.0,6.4,SSW,SW,C,mm,km/h,mm
10136,2026-08-08,10:00:00,21.0,22.0,21.0,20.0,56.0,60.0,0.0,0.0,578.7,0.0,4.8,NNE,E,C,mm,km/h,mm
10137,2026-08-08,10:15:00,20.0,21.0,20.0,20.0,56.0,58.0,0.0,0.0,578.6,1.6,9.7,E,E,C,mm,km/h,mm
10138,2026-08-08,10:30:00,22.0,22.0,20.0,20.0,56.0,57.0,0.0,0.0,578.4,0.0,11.3,ESE,E,C,mm,km/h,mm
10139,2026-08-08,10:45:00,22.0,22.0,22.0,20.0,56.0,54.0,0.0,0.0,578.4,1.6,11.3,E,WSW,C,mm,km/h,mm
10140,2026-08-08,11:00:00,23.0,23.0,22.0,20.0,56.0,54.0,0.0,0.0,578.1,1.6,6.4,WSW,W,C,mm,km/h,mm
10141,2026-08-08,11:15:00,23.0,23.0,23.0,20.0,56.0,48.0,0.0,0.0,578.0,0.0,4.8,NW,NNW,C,mm,km/h,mm
10142,2026-08-08,11:30:00,24.0,24.0,23.0,20.0,55.0,47.0,0.0,0.0,577.8,1.6,8.0,NW,NW,C,mm,km/h,mm
10143,2026-08-08,11:45:00,25.0,25.0,24.0,20.0,55.0,45.0,0.0,0.0,577.6,1.6,8.0,S,SW,C,mm,km/h,mm
10144,2026-08-08,12:00:00,24.0,25.0,24.0,21.0,55.0,45.0,0.0,0.0,577.5,1.6,6.4,E,W,C,mm,km/h,mm
10145,2026-08-08,12:15:00,25.0,25.0,24.0,21.0,55.0,47.0,0.0,0.0,577.2,1.6,8.0,NW,SW,C,mm,km/h,mm
10146,2026-08-08,12:30:00,25.0,25.0,25.0,21.0,54.0,43.0,0.0,0.0,577.0,1.6,6.4,NNE,E,C,mm,km/h,mm
10147,2026-08-08,12:45:00,25.0,26.0,25.0,21.0,54.0,41.0,0.0,0.0,576.7,1.6,6.4,WSW,SW,C,mm,km/h,mm
10148,2026-08-08,13:00:00,25.0,26.0,25.0,21.0,54.0,44.0,0.0,0.0,576.5,0.0,14.5,SSE,ENE,C,mm,km/h,mm
10149,2026-08-08,13:15:00,25.0,25.0,25.0,21.0,54.0,42.0,0.0,0.0,576.5,3.2,14.5,SSE,SW,C,mm,km/h,mm
10150,2026-08-08,13:30:00,25.0,25.0,25.0,21.0,54.0,41.0,0.0,0.0,576.4,1.6,9.7,SW,SW,C,mm,km/h,mm
10151,2026-08-08,13:45:00,25.0,25.0,25.0,21.0,54.0,41.0,0.0,0.0,576.3,1.6,9.7,WSW,NW,C,mm,km/h,mm
10152,2026-08-08,14:00:00,25.0,25.0,25.0,21.0,53.0,39.0,0.0,0.0,576.2,0.0,6.4,NW,NNW,C,mm,km/h,mm
10153,2026-08-08,14:15:00,25.0,25.0,25.0,21.0,53.0,37.0,0.0,0.0,575.9,0.0,1.6,NNE,SW,C,mm,km/h,mm
10154,2026-08-08,14:30:00,25.0,26.0,25.0,21.0,53.0,43.0,0.0,0.0,575.6,3.2,16.1,W,WSW,C,mm,km/h,mm
10155,2026-08-08,14:45:00,25.0,25.0,24.0,21.0,53.0,46.0,0.0,0.0,575.5,4.8,19.3,WSW,NNW,C,mm,km/h,mm
10156,2026-08-08,15:00:00,24.0,25.0,24.0,21.0,53.0,46.0,0.0,0.0,575.4,4.8,20.9,WSW,WSW,C,mm,km/h,mm
10157,2026-08-08,15:15:00,24.0,24.0,24.0,21.0,53.0,45.0,0.0,0.0,575.4,4.8,17.7,SW,W,C,mm,km/h,mm
10158,2026-08-08,15:30:00,23.0,24.0,23.0,21.0,53.0,45.0,0.0,0.0,575.4,3.2,14.5,WNW,WSW,C,mm,km/h,mm
10159,2026-08-08,15:45:00,23.0,23.0,23.0,21.0,53.0,46.0,0.0,0.0,575.5,6.4,20.9,WSW,W,C,mm,km/h,mm
10160,2026-08-08,16:00:00,23.0,23.0,23.0,21.0,53.0,48.0,0.0,0.0,575.5,6.4,17.7,WSW,WSW,C,mm,km/h,mm
10161,2026-08-08,16:15:00,22.0,23.0,22.0,21.0,53.0,51.0,0.0,0.0,575.6,6.4,17.7,SW,WSW,C,mm,km/h,mm
10162,2026-08-08,16:30:00,22.0,22.0,22.0,21.0,52.0,53.0,0.0,0.0,576.0,4.8,19.3,WNW,WSW,C,mm,km/h,mm
10163,2026-08-08,16:45:00,22.0,22.0,22.0,21.0,52.0,55.0,0.0,0.0,576.5,6.4,20.9,SW,WSW,C,mm,km/h,mm
10164,2026-08-08,17:00:00,21.0,21.0,21.0,21.0,52.0,56.0,0.0,0.0,576.7,3.2,19.3,NNW,NNW,C,mm,km/h,mm
10165,2026-08-08,17:15:00,20.0,21.0,20.0,21.0,52.0,58.0,0.0,0.0,576.8,4.8,17.7,WSW,NNW,C,mm,km/h,mm
10166,2026-08-08,17:30:00,20.0,20.0,20.0,21.0,52.0,60.0,0.0,0.0,576.9,3.2,16.1,WSW,W,C,mm,km/h,mm
10167,2026-08-08,17:45:00,19.0,20.0,19.0,21.0,52.0,61.0,0.0,0.0,577.0,4.8,17.7,SW,NW,C,mm,km/h,mm
10168,2026-08-08,18:00:00,19.0,19.0,19.0,21.0,52.0,63.0,0.0,0.0,577.2,8.0,25.7,SW,WSW,C,mm,km/h,mm
10169,2026-08-08,18:15:00,18.0,19.0,18.0,21.0,52.0,65.0,0.0,0.0,577.5,8.0,25.7,WSW,WSW,C,mm,km/h,mm
10170,2026-08-08,18:30:00,18.0,18.0,18.0,21.0,52.0,66.0,0.0,0.0,577.8,4.8,14.5,SW,WSW,C,mm,km/h,mm
10171,2026-08-08,18:45:00,18.0,18.0,18.0,21.0,52.0,66.0,0.0,0.0,578.1,6.4,14.5,WSW,WSW,C,mm,km/h,mm
10172,2026-08-08,19:00:00,18.0,18.0,17.0,21.0,52.0,67.0,0.0,0.0,578.2,3.2,11.3,WNW,WSW,C,mm,km/h,mm
10173,2026-08-08,19:15:00,18.0,18.0,17.0,21.0,52.0,67.0,0.0,0.0,578.4,0.0,8.0,W,W,C,mm,km/h,mm
10174,2026-08-08,19:30:00,17.0,18.0,17.0,21.0,52.0,68.0,0.0,0.0,578.6,0.0,3.2,E,E,C,mm,km/h,mm
10175,2026-08-08,19:45:00,17.0,17.0,17.0,21.0,52.0,68.0,0.0,0.0,578.8,0.0,4.8,NE,NE,C,mm,km/h,mm
10176,2026-08-08,20:00:00,17.0,17.0,17.0,21.0,52.0,69.0,0.0,0.0,578.9,0.0,4.8,S,S,C,mm,km/h,mm
10177,2026-08-08,20:15:00,17.0,17.0,17.0,21.0,52.0,73.0,0.0,0.0,579.1,0.0,3.2,SW,SW,C,mm,km/h,mm
10178,2026-08-08,20:30:00,16.0,17.0,16.0,21.0,52.0,75.0,0.0,0.0,579.2,0.0,1.6,NE,NE,C,mm,km/h,mm
10179,2026-08-08,20:45:00,16.0,16.0,16.0,21.0,52.0,75.0,0.0,0.0,579.3,0.0,1.6,E,ENE,C,mm,km/h,mm
10180,2026-08-08,21:00:00,16.0,16.0,16.0,21.0,52.0,76.0,0.0,0.0,579.3,0.0,1.6,ENE,ENE,C,mm,km/h,mm
10181,2026-08-08,21:15:00,16.0,16.0,16.0,21.0,52.0,76.0,0.0,0.0,579.3,0.0,1.6,NE,NE,C,mm,km/h,mm
10182,2026-08-08,21:30:00,16.0,16.0,16.0,21.0,52.0,73.0,0.0,0.0,579.2,0.0,1.6,NNW,NNE,C,mm,km/h,mm
10183,2026-08-08,21:45:00,16.0,16.0,16.0,21.0,52.0,73.0,0.0,0.0,579.1,0.0,0.0,,,C,mm,km/h,mm
10184,2026-08-08,22:00:00,16.0,16.0,16.0,21.0,52.0,74.0,0.0,0.0,579.0,0.0,4.8,SSW,SSW,C,mm,km/h,mm
10185,2026-08-08,22:15:00,16.0,16.0,16.0,21.0,52.0,74.0,0.0,0.0,578.9,0.0,3.2,W,WSW,C,mm,km/h,mm
10186,2026-08-08,22:30:00,16.0,16.0,16.0,21.0,52.0,73.0,0.0,0.0,578.7,0.0,4.8,SW,SW,C,mm,km/h,mm
10187,2026-08-08,22:45:00,16.0,16.0,16.0,21.0,52.0,73.0,0.0,0.0,578.6,1.6,8.0,WNW,WSW,C,mm,km/h,mm
10188,2026-08-08,23:00:00,16.0,16.0,16.0,21.0,52.0,73.0,0.0,0.0,578.4,1.6,8.0,WSW,W,C,mm,km/h,mm
10189,2026-08-08,23:15:00,16.0,16.0,16.0,21.0,52.0,73.0,0.0,0.0,578.5,0.0,4.8,W,W,C,mm,km/h,mm
10190,2026-08-08,23:30:00,16.0,16.0,16.0,21.0,52.0,73.0,0.0,0.0,578.5,0.0,3.2,NW,NW,C,mm,km/h,mm
10191,2026-08-08,23:45:00,16.0,16.0,16.0,21.0,52.0,74.0,0.0,0.0,578.4,0.0,1.6,NNW,NNW,C,mm,km/h,mm
10192,2026-08-09,00:15:00,15.0,15.0,15.0,21.0,52.0,76.0,0.0,0.0,578.3,0.0,0.0,,,C,mm,km/h,mm
10193,2026-08-09,00:30:00,15.0,15.0,15.0,21.0,52.0,77.0,0.0,0.0,578.3,0.0,0.0,,,C,mm,km/h,mm
10194,2026-08-09,00:45:00,15.0,15.0,15.0,21.0,52.0,77.0,0.0,0.0,578.2,0.0,1.6,NNE,NNE,C,mm,km/h,mm
10195,2026-08-09,01:00:00,15.0,15.0,15.0,21.0,52.0,78.0,0.0,0.0,578.3,0.0,4.8,SW,WSW,C,mm,km/h,mm
10196,2026-08-09,01:15:00,15.0,15.0,15.0,21.0,52.0,79.0,0.0,0.0,578.3,1.6,8.0,S,SW,C,mm,km/h,mm
10197,2026-08-09,01:30:00,15.0,15.0,15.0,21.0,52.0,79.0,0.0,0.0,578.4,1.6,4.8,W,SW,C,mm,km/h,mm
10198,2026-08-09,01:45:00,15.0,15.0,15.0,21.0,52.0,79.0,0.0,0.0,578.4,3.2,9.7,WSW,W,C,mm,km/h,mm
10199,2026-08-09,02:00:00,15.0,15.0,15.0,21.0,52.0,79.0,0.0,0.0,578.3,1.6,6.4,W,W,C,mm,km/h,mm
10200,2026-08-09,02:15:00,15.0,15.0,15.0,21.0,52.0,80.0,0.0,0.0,578.4,0.0,4.8,WSW,W,C,mm,km/h,mm
10201,2026-08-09,02:30:00,15.0,15.0,15.0,21.0,52.0,81.0,0.0,0.0,578.4,0.0,0.0,,,C,mm,km/h,mm
10202,2026-08-09,02:45:00,15.0,15.0,15.0,21.0,52.0,81.0,0.0,0.0,578.4,0.0,1.6,NW,NW,C,mm,km/h,mm
10203,2026-08-09,03:00:00,15.0,15.0,15.0,21.0,52.0,79.0,0.0,0.0,578.3,0.0,6.4,WNW,SW,C,mm,km/h,mm
10204,2026-08-09,03:15:00,15.0,15.0,15.0,21.0,52.0,80.0,0.0,0.0,578.4,0.0,4.8,WNW,WNW,C,mm,km/h,mm
10205,2026-08-09,03:30:00,15.0,15.0,15.0,21.0,52.0,81.0,0.0,0.0,578.3,0.0,3.2,SW,WSW,C,mm,km/h,mm
10206,2026-08-09,03:45:00,15.0,15.0,15.0,21.0,52.0,81.0,0.0,0.0,578.4,0.0,1.6,NW,WSW,C,mm,km/h,mm
10207,2026-08-09,04:00:00,15.0,15.0,15.0,21.0,53.0,81.0,0.0,0.0,578.4,0.0,3.2,SSW,SSW,C,mm,km/h,mm
10208,2026-08-09,04:15:00,14.0,15.0,14.0,21.0,53.0,81.0,0.0,0.0,578.5,0.0,0.0,,,C,mm,km/h,mm
10209,2026-08-09,04:30:00,14.0,14.0,14.0,21.0,53.0,82.0,0.0,0.0,578.6,0.0,3.2,SW,S,C,mm,km/h,mm
10210,2026-08-09,04:45:00,14.0,14.0,14.0,21.0,53.0,83.0,0.0,0.0,578.6,0.0,0.0,,,C,mm,km/h,mm
10211,2026-08-09,05:00:00,15.0,15.0,14.0,21.0,53.0,82.0,0.0,0.0,578.7,0.0,0.0,,,C,mm,km/h,mm
10212,2026-08-09,05:15:00,15.0,15.0,15.0,21.0,53.0,81.0,0.0,0.0,578.8,0.0,1.6,NNE,W,C,mm,km/h,mm
10213,2026-08-09,05:30:00,15.0,15.0,15.0,21.0,53.0,80.0,0.0,0.0,578.9,0.0,1.6,NE,NE,C,mm,km/h,mm
10214,2026-08-09,05:45:00,16.0,16.0,15.0,21.0,53.0,78.0,0.0,0.0,579.0,0.0,0.0,,,C,mm,km/h,mm
10215,2026-08-09,06:00:00,17.0,17.0,16.0,21.0,53.0,75.0,0.0,0.0,578.9,0.0,0.0,,,C,mm,km/h,mm
10216,2026-08-09,06:15:00,17.0,17.0,17.0,21.0,53.0,74.0,0.0,0.0,578.9,0.0,1.6,W,WNW,C,mm,km/h,mm
10217,2026-08-09,06:30:00,17.0,17.0,17.0,21.0,53.0,75.0,0.0,0.0,578.9,0.0,3.2,E,E,C,mm,km/h,mm
10218,2026-08-09,06:45:00,17.0,17.0,17.0,21.0,53.0,74.0,0.0,0.0,579.0,0.0,0.0,,,C,mm,km/h,mm
10219,2026-08-09,07:00:00,17.0,17.0,17.0,21.0,53.0,71.0,0.0,0.0,579.1,0.0,0.0,,,C,mm,km/h,mm
10220,2026-08-09,07:15:00,19.0,19.0,17.0,20.0,53.0,67.0,0.0,0.0,579.0,0.0,1.6,N,N,C,mm,km/h,mm
10221,2026-08-09,07:30:00,19.0,19.0,19.0,21.0,53.0,65.0,0.0,0.0,579.0,0.0,3.2,NE,NE,C,mm,km/h,mm
10222,2026-08-09,07:45:00,20.0,20.0,19.0,21.0,53.0,63.0,0.0,0.0,579.0,0.0,4.8,NW,NW,C,mm,km/h,mm
10223,2026-08-09,08:00:00,21.0,21.0,20.0,21.0,53.0,63.0,0.0,0.0,579.0,0.0,6.4,E,E,C,mm,km/h,mm
10224,2026-08-09,08:15:00,20.0,21.0,20.0,21.0,53.0,64.0,0.0,0.0,579.0,1.6,6.4,SE,E,C,mm,km/h,mm
10225,2026-08-09,08:30:00,21.0,21.0,20.0,21.0,53.0,62.0,0.0,0.0,578.9,0.0,4.8,E,E,C,mm,km/h,mm
10226,2026-08-09,08:45:00,21.0,21.0,21.0,21.0,53.0,59.0,0.0,0.0,578.8,1.6,6.4,E,E,C,mm,km/h,mm
10227,2026-08-09,09:00:00,22.0,22.0,21.0,21.0,53.0,57.0,0.0,0.0,578.7,0.0,3.2,E,E,C,mm,km/h,mm
10228,2026-08-09,09:15:00,24.0,24.0,23.0,21.0,53.0,53.0,0.0,0.0,578.5,1.6,9.7,SW,NNW,C,mm,km/h,mm
10229,2026-08-09,09:30:00,24.0,24.0,23.0,21.0,53.0,53.0,0.0,0.0,578.4,1.6,11.3,SW,WSW,C,mm,km/h,mm
10230,2026-08-09,09:45:00,23.0,24.0,23.0,21.0,53.0,52.0,0.0,0.0,578.4,1.6,9.7,SW,E,C,mm,km/h,mm
10231,2026-08-09,10:00:00,23.0,23.0,23.0,21.0,53.0,52.0,0.0,0.0,578.3,1.6,9.7,W,NNW,C,mm,km/h,mm
10232,2026-08-09,10:15:00,23.0,24.0,23.0,21.0,53.0,51.0,0.0,0.0,578.1,1.6,6.4,S,ENE,C,mm,km/h,mm
10233,2026-08-09,10:30:00,23.0,23.0,23.0,21.0,53.0,53.0,0.0,0.0,578.0,0.0,6.4,W,E,C,mm,km/h,mm
10234,2026-08-09,10:45:00,23.0,23.0,22.0,21.0,53.0,52.0,0.0,0.0,577.7,0.0,4.8,SW,E,C,mm,km/h,mm
10235,2026-08-09,11:00:00,25.0,25.0,23.0,21.0,53.0,50.0,0.0,0.0,577.6,1.6,11.3,W,W,C,mm,km/h,mm
10236,2026-08-09,11:15:00,24.0,25.0,24.0,21.0,53.0,50.0,0.0,0.0,577.5,1.6,9.7,WSW,NNW,C,mm,km/h,mm
10237,2026-08-09,11:30:00,25.0,25.0,24.0,21.0,53.0,47.0,0.0,0.0,577.3,1.6,8.0,WNW,NW,C,mm,km/h,mm
10238,2026-08-09,11:45:00,25.0,25.0,25.0,21.0,53.0,48.0,0.0,0.0,577.2,1.6,9.7,NW,NNW,C,mm,km/h,mm
10239,2026-08-09,12:00:00,24.0,25.0,24.0,21.0,53.0,49.0,0.0,0.0,576.9,1.6,8.0,SSE,ESE,C,mm,km/h,mm
10240,2026-08-09,12:15:00,24.0,24.0,24.0,21.0,53.0,50.0,0.0,0.0,576.8,1.6,6.4,E,E,C,mm,km/h,mm
10241,2026-08-09,12:30:00,23.0,24.0,23.0,21.0,53.0,51.0,0.0,0.0,576.7,0.0,8.0,NE,E,C,mm,km/h,mm
10242,2026-08-09,12:45:00,23.0,23.0,23.0,21.0,53.0,51.0,0.0,0.0,576.6,1.6,11.3,ESE,E,C,mm,km/h,mm
10243,2026-08-09,13:00:00,22.0,22.0,22.0,21.0,53.0,53.0,0.0,0.0,576.4,4.8,11.3,E,E,C,mm,km/h,mm
10244,2026-08-09,13:15:00,22.0,22.0,22.0,21.0,53.0,52.0,0.0,0.0,576.3,3.2,12.9,E,E,C,mm,km/h,mm
10245,2026-08-09,13:30:00,22.0,22.0,22.0,21.0,53.0,55.0,0.0,0.0,576.1,3.2,11.3,E,E,C,mm,km/h,mm
10246,2026-08-09,13:45:00,23.0,23.0,22.0,21.0,53.0,54.0,0.0,0.0,576.0,1.6,8.0,ENE,E,C,mm,km/h,mm
10247,2026-08-09,14:00:00,23.0,23.0,23.0,21.0,53.0,52.0,0.0,0.0,575.9,1.6,9.7,ESE,E,C,mm,km/h,mm
10248,2026-08-09,14:15:00,23.0,23.0,23.0,21.0,53.0,52.0,0.0,0.0,575.8,1.6,8.0,W,WSW,C,mm,km/h,mm
10249,2026-08-09,14:30:00,23.0,23.0,23.0,21.0,53.0,56.0,0.0,0.0,575.7,4.8,14.5,WSW,WSW,C,mm,km/h,mm
10250,2026-08-09,14:45:00,22.0,23.0,22.0,21.0,53.0,57.0,0.0,0.0,575.6,6.4,22.5,WNW,WSW,C,mm,km/h,mm
10251,2026-08-09,15:00:00,19.0,22.0,19.0,21.0,53.0,71.0,4.0,93.0,576.5,1.6,11.3,WSW,NNW,C,mm,km/h,mm
10252,2026-08-09,15:15:00,17.0,19.0,17.0,21.0,53.0,83.0,0.6,27.4,576.5,1.6,6.4,WSW,W,C,mm,km/h,mm
10253,2026-08-09,15:30:00,17.0,17.0,17.0,21.0,54.0,81.0,0.0,0.0,576.5,1.6,11.3,WNW,WNW,C,mm,km/h,mm
10254,2026-08-09,15:45:00,17.0,17.0,17.0,21.0,54.0,77.0,0.0,0.0,576.6,4.8,14.5,W,WSW,C,mm,km/h,mm
10255,2026-08-09,16:00:00,17.0,18.0,17.0,21.0,54.0,79.0,0.0,0.0,576.6,3.2,14.5,WNW,WSW,C,mm,km/h,mm
10256,2026-08-09,16:15:00,17.0,17.0,17.0,21.0,55.0,78.0,0.0,0.0,576.8,3.2,9.7,SW,W,C,mm,km/h,mm
10257,2026-08-09,16:30:00,17.0,18.0,17.0,21.0,55.0,81.0,0.0,0.0,577.0,1.6,6.4,ESE,NE,C,mm,km/h,mm
10258,2026-08-09,16:45:00,17.0,17.0,17.0,21.0,55.0,82.0,0.0,0.0,577.0,1.6,6.4,SSW,SSW,C,mm,km/h,mm
10259,2026-08-09,17:00:00,17.0,17.0,17.0,21.0,55.0,81.0,0.0,0.0,577.4,1.6,9.7,SW,SW,C,mm,km/h,mm
10260,2026-08-09,17:15:00,17.0,17.0,17.0,21.0,55.0,80.0,0.0,0.0,577.5,1.6,9.7,SSE,WSW,C,mm,km/h,mm
10261,2026-08-09,17:30:00,17.0,17.0,17.0,21.0,55.0,80.0,0.0,0.0,577.7,1.6,9.7,S,WSW,C,mm,km/h,mm
10262,2026-08-09,17:45:00,17.0,17.0,17.0,21.0,55.0,81.0,0.0,0.0,578.0,1.6,8.0,SSW,WSW,C,mm,km/h,mm
10263,2026-08-09,18:00:00,17.0,17.0,17.0,21.0,56.0,82.0,0.0,0.0,578.2,1.6,8.0,W,WSW,C,mm,km/h,mm
10264,2026-08-09,18:15:00,16.0,17.0,16.0,21.0,56.0,82.0,0.2,0.0,578.6,1.6,9.7,SE,E,C,mm,km/h,mm
10265,2026-08-09,18:30:00,14.0,16.0,14.0,21.0,56.0,88.0,0.2,1.0,578.6,0.0,4.8,ENE,E,C,mm,km/h,mm
10266,2026-08-09,18:45:00,14.0,14.0,14.0,21.0,56.0,90.0,0.2,1.2,578.8,1.6,8.0,E,E,C,mm,km/h,mm
10267,2026-08-09,19:00:00,14.0,14.0,14.0,21.0,56.0,91.0,0.2,1.2,578.9,0.0,1.6,SSW,SSW,C,mm,km/h,mm
10268,2026-08-09,19:15:00,14.0,14.0,14.0,21.0,56.0,90.0,0.4,2.2,579.2,0.0,1.6,SSW,E,C,mm,km/h,mm
10269,2026-08-09,19:30:00,14.0,14.0,14.0,21.0,56.0,90.0,0.2,2.2,579.1,0.0,0.0,,,C,mm,km/h,mm
10270,2026-08-09,19:45:00,14.0,14.0,14.0,21.0,56.0,90.0,0.4,1.4,579.2,0.0,0.0,,,C,mm,km/h,mm
10271,2026-08-09,20:00:00,14.0,14.0,14.0,21.0,56.0,91.0,0.2,1.0,579.4,0.0,0.0,,,C,mm,km/h,mm
10272,2026-08-09,20:15:00,14.0,14.0,14.0,21.0,56.0,91.0,0.0,0.0,579.6,0.0,0.0,,,C,mm,km/h,mm
10273,2026-08-09,20:30:00,14.0,14.0,14.0,21.0,56.0,92.0,0.0,0.0,579.8,0.0,0.0,,,C,mm,km/h,mm
10274,2026-08-09,20:45:00,14.0,14.0,14.0,21.0,56.0,91.0,0.0,0.0,580.0,0.0,0.0,,,C,mm,km/h,mm
10275,2026-08-09,21:00:00,14.0,14.0,14.0,21.0,56.0,91.0,0.0,0.0,580.0,0.0,0.0,,,C,mm,km/h,mm
10276,2026-08-09,21:15:00,14.0,14.0,14.0,21.0,56.0,92.0,0.0,0.0,579.7,0.0,1.6,NW,W,C,mm,km/h,mm
10277,2026-08-09,21:30:00,14.0,14.0,14.0,21.0,57.0,91.0,0.0,0.0,579.6,0.0,1.6,SW,SW,C,mm,km/h,mm
10278,2026-08-09,21:45:00,14.0,14.0,14.0,21.0,57.0,91.0,0.0,0.0,579.6,0.0,0.0,,,C,mm,km/h,mm
10279,2026-08-09,22:00:00,14.0,14.0,14.0,21.0,57.0,92.0,0.0,0.0,579.6,0.0,0.0,,,C,mm,km/h,mm
10280,2026-08-09,22:15:00,14.0,14.0,14.0,21.0,57.0,92.0,0.0,0.0,579.6,0.0,0.0,,,C,mm,km/h,mm
10281,2026-08-09,22:30:00,14.0,14.0,14.0,21.0,57.0,92.0,0.0,0.0,579.4,0.0,0.0,,,C,mm,km/h,mm
10282,2026-08-09,22:45:00,14.0,14.0,14.0,21.0,57.0,92.0,0.0,0.0,579.3,0.0,0.0,,,C,mm,km/h,mm
10283,2026-08-09,23:00:00,14.0,14.0,14.0,21.0,57.0,92.0,0.0,0.0,579.2,0.0,0.0,,,C,mm,km/h,mm
10284,2026-08-09,23:15:00,15.0,15.0,14.0,21.0,57.0,91.0,0.0,0.0,579.1,0.0,0.0,,,C,mm,km/h,mm
10285,2026-08-09,23:30:00,15.0,15.0,15.0,21.0,57.0,91.0,0.0,0.0,579.1,0.0,6.4,S,SSW,C,mm,km/h,mm
10286,2026-08-09,23:45:00,15.0,15.0,15.0,21.0,57.0,91.0,0.0,0.0,579.1,0.0,1.6,SW,SW,C,mm,km/h,mm
10287,2026-08-10,00:15:00,15.0,15.0,15.0,21.0,57.0,89.0,0.0,0.0,579.1,0.0,3.2,SW,SW,C,mm,km/h,mm
10288,2026-08-10,00:30:00,15.0,15.0,15.0,21.0,57.0,88.0,0.0,0.0,579.0,0.0,0.0,,,C,mm,km/h,mm
10289,2026-08-10,00:45:00,15.0,15.0,15.0,21.0,57.0,88.0,0.0,0.0,578.7,0.0,0.0,,,C,mm,km/h,mm
10290,2026-08-10,01:00:00,15.0,15.0,15.0,21.0,57.0,88.0,0.0,0.0,578.6,0.0,3.2,SW,SW,C,mm,km/h,mm
10291,2026-08-10,01:15:00,14.0,15.0,14.0,21.0,57.0,88.0,0.0,0.0,578.6,0.0,0.0,,,C,mm,km/h,mm
10292,2026-08-10,01:30:00,14.0,14.0,14.0,21.0,57.0,89.0,0.0,0.0,578.5,0.0,0.0,,,C,mm,km/h,mm
10293,2026-08-10,01:45:00,14.0,14.0,14.0,21.0,57.0,90.0,0.0,0.0,578.5,0.0,1.6,NNW,NNW,C,mm,km/h,mm
10294,2026-08-10,02:00:00,14.0,14.0,14.0,21.0,57.0,90.0,0.0,0.0,578.6,0.0,0.0,,,C,mm,km/h,mm
10295,2026-08-10,02:15:00,14.0,14.0,14.0,21.0,57.0,91.0,0.0,0.0,578.5,0.0,0.0,,,C,mm,km/h,mm
10296,2026-08-10,02:30:00,14.0,14.0,14.0,21.0,57.0,91.0,0.0,0.0,578.6,0.0,0.0,,,C,mm,km/h,mm
10297,2026-08-10,02:45:00,14.0,14.0,14.0,21.0,57.0,91.0,0.0,0.0,578.7,0.0,0.0,,,C,mm,km/h,mm
10298,2026-08-10,03:00:00,14.0,14.0,14.0,20.0,57.0,92.0,0.0,0.0,578.7,0.0,0.0,,,C,mm,km/h,mm
10299,2026-08-10,03:15:00,14.0,14.0,14.0,21.0,57.0,91.0,0.0,0.0,578.8,0.0,0.0,,,C,mm,km/h,mm
10300,2026-08-10,03:30:00,14.0,14.0,14.0,20.0,57.0,91.0,0.0,0.0,578.9,0.0,0.0,,,C,mm,km/h,mm
10301,2026-08-10,03:45:00,14.0,14.0,14.0,20.0,57.0,91.0,0.0,0.0,579.1,0.0,0.0,,,C,mm,km/h,mm
10302,2026-08-10,04:00:00,14.0,14.0,14.0,20.0,58.0,91.0,0.0,0.0,579.2,0.0,0.0,,,C,mm,km/h,mm
10303,2026-08-10,04:15:00,14.0,14.0,14.0,20.0,58.0,91.0,0.0,0.0,579.2,0.0,0.0,,,C,mm,km/h,mm
10304,2026-08-10,04:30:00,14.0,14.0,14.0,20.0,58.0,91.0,0.0,0.0,579.2,0.0,0.0,,,C,mm,km/h,mm
10305,2026-08-10,04:45:00,14.0,14.0,14.0,20.0,58.0,92.0,0.0,0.0,579.4,0.0,0.0,,,C,mm,km/h,mm
10306,2026-08-10,05:00:00,14.0,14.0,14.0,20.0,58.0,92.0,0.0,0.0,579.6,0.0,0.0,,,C,mm,km/h,mm
10307,2026-08-10,05:15:00,15.0,15.0,14.0,21.0,58.0,91.0,0.0,0.0,579.8,0.0,0.0,,,C,mm,km/h,mm
10308,2026-08-10,05:30:00,15.0,15.0,15.0,21.0,58.0,90.0,0.0,0.0,579.9,0.0,0.0,,,C,mm,km/h,mm
10309,2026-08-10,05:45:00,16.0,16.0,15.0,21.0,58.0,89.0,0.0,0.0,580.0,0.0,0.0,,,C,mm,km/h,mm
10310,2026-08-10,06:00:00,16.0,16.0,16.0,21.0,58.0,87.0,0.0,0.0,580.0,0.0,0.0,,,C,mm,km/h,mm
10311,2026-08-10,06:15:00,16.0,16.0,16.0,21.0,58.0,86.0,0.0,0.0,580.0,0.0,0.0,,,C,mm,km/h,mm
10312,2026-08-10,06:30:00,16.0,17.0,16.0,21.0,58.0,85.0,0.0,0.0,580.1,0.0,0.0,,,C,mm,km/h,mm
10313,2026-08-10,06:45:00,17.0,17.0,16.0,21.0,58.0,84.0,0.0,0.0,580.1,0.0,0.0,,,C,mm,km/h,mm
10314,2026-08-10,07:00:00,17.0,17.0,17.0,21.0,58.0,84.0,0.0,0.0,580.2,0.0,0.0,,,C,mm,km/h,mm
10315,2026-08-10,07:15:00,17.0,17.0,17.0,21.0,58.0,83.0,0.0,0.0,580.3,0.0,0.0,,,C,mm,km/h,mm
10316,2026-08-10,07:30:00,18.0,18.0,17.0,21.0,58.0,81.0,0.0,0.0,580.1,0.0,1.6,NE,ENE,C,mm,km/h,mm
10317,2026-08-10,07:45:00,20.0,20.0,18.0,21.0,58.0,71.0,0.0,0.0,580.0,0.0,6.4,WNW,NW,C,mm,km/h,mm
10318,2026-08-10,08:00:00,20.0,20.0,20.0,21.0,58.0,68.0,0.0,0.0,580.0,0.0,1.6,NW,ENE,C,mm,km/h,mm
10319,2026-08-10,08:15:00,21.0,21.0,20.0,21.0,58.0,64.0,0.0,0.0,580.0,0.0,3.2,NE,NE,C,mm,km/h,mm
10320,2026-08-10,08:30:00,22.0,22.0,21.0,21.0,58.0,64.0,0.0,0.0,580.0,0.0,3.2,N,ENE,C,mm,km/h,mm
10321,2026-08-10,08:45:00,22.0,22.0,21.0,21.0,58.0,63.0,0.0,0.0,579.9,0.0,6.4,WNW,ESE,C,mm,km/h,mm
10322,2026-08-10,09:00:00,22.0,22.0,22.0,21.0,58.0,57.0,0.0,0.0,579.8,0.0,6.4,E,E,C,mm,km/h,mm
10323,2026-08-10,09:15:00,23.0,23.0,22.0,21.0,57.0,57.0,0.0,0.0,579.8,0.0,4.8,E,W,C,mm,km/h,mm
10324,2026-08-10,09:30:00,23.0,23.0,22.0,21.0,57.0,55.0,0.0,0.0,579.7,0.0,8.0,NW,NNW,C,mm,km/h,mm
10325,2026-08-10,09:45:00,23.0,23.0,23.0,21.0,57.0,53.0,0.0,0.0,579.5,0.0,4.8,N,N,C,mm,km/h,mm
10326,2026-08-10,10:00:00,24.0,24.0,23.0,21.0,57.0,53.0,0.0,0.0,579.4,1.6,6.4,SW,NW,C,mm,km/h,mm
10327,2026-08-10,10:15:00,24.0,24.0,24.0,21.0,57.0,53.0,0.0,0.0,579.3,1.6,8.0,NNW,NNW,C,mm,km/h,mm
10328,2026-08-10,10:30:00,25.0,25.0,24.0,21.0,57.0,49.0,0.0,0.0,579.0,1.6,4.8,NNW,WSW,C,mm,km/h,mm
10329,2026-08-10,10:45:00,25.0,25.0,25.0,21.0,57.0,48.0,0.0,0.0,578.8,1.6,9.7,NW,NW,C,mm,km/h,mm
10330,2026-08-10,11:00:00,25.0,25.0,25.0,21.0,57.0,48.0,0.0,0.0,578.6,0.0,8.0,NW,NNW,C,mm,km/h,mm
10331,2026-08-10,11:15:00,25.0,26.0,25.0,21.0,56.0,46.0,0.0,0.0,578.4,0.0,11.3,NW,W,C,mm,km/h,mm
10332,2026-08-10,11:30:00,25.0,25.0,25.0,21.0,56.0,47.0,0.0,0.0,578.3,1.6,12.9,NNW,NNW,C,mm,km/h,mm
10333,2026-08-10,11:45:00,25.0,25.0,25.0,21.0,56.0,47.0,0.0,0.0,578.1,1.6,8.0,NNW,NNW,C,mm,km/h,mm
10334,2026-08-10,12:00:00,25.0,25.0,25.0,21.0,56.0,46.0,0.0,0.0,577.9,1.6,6.4,W,NNW,C,mm,km/h,mm
10335,2026-08-10,12:15:00,24.0,25.0,24.0,21.0,56.0,48.0,0.0,0.0,577.9,1.6,6.4,NNW,NNW,C,mm,km/h,mm
10336,2026-08-10,12:30:00,23.0,24.0,23.0,21.0,56.0,52.0,0.0,0.0,577.9,0.0,4.8,E,E,C,mm,km/h,mm
10337,2026-08-10,12:45:00,23.0,23.0,23.0,21.0,55.0,52.0,0.0,0.0,577.8,1.6,9.7,SSE,E,C,mm,km/h,mm
10338,2026-08-10,13:00:00,21.0,23.0,21.0,21.0,55.0,60.0,0.0,0.0,577.8,4.8,14.5,SE,E,C,mm,km/h,mm
10339,2026-08-10,13:15:00,20.0,22.0,20.0,22.0,55.0,66.0,0.0,0.0,577.6,3.2,12.9,ESE,E,C,mm,km/h,mm
10340,2026-08-10,13:30:00,20.0,20.0,20.0,22.0,55.0,63.0,0.0,0.0,577.6,3.2,8.0,E,E,C,mm,km/h,mm
10341,2026-08-10,13:45:00,21.0,21.0,20.0,22.0,55.0,58.0,0.0,0.0,577.5,1.6,9.7,ESE,E,C,mm,km/h,mm
10342,2026-08-10,14:00:00,22.0,22.0,21.0,22.0,55.0,56.0,0.0,0.0,577.3,1.6,8.0,E,E,C,mm,km/h,mm
10343,2026-08-10,14:15:00,23.0,23.0,22.0,22.0,55.0,52.0,0.0,0.0,577.4,3.2,9.7,SSE,E,C,mm,km/h,mm
10344,2026-08-10,14:30:00,23.0,23.0,23.0,22.0,54.0,51.0,0.0,0.0,577.1,1.6,8.0,E,E,C,mm,km/h,mm
10345,2026-08-10,14:45:00,22.0,23.0,22.0,22.0,54.0,51.0,0.0,0.0,577.2,1.6,8.0,ESE,E,C,mm,km/h,mm
10346,2026-08-10,15:00:00,22.0,22.0,22.0,22.0,54.0,50.0,0.0,0.0,577.3,1.6,6.4,E,E,C,mm,km/h,mm
10347,2026-08-10,15:15:00,22.0,22.0,22.0,22.0,54.0,52.0,0.0,0.0,577.4,0.0,3.2,E,E,C,mm,km/h,mm
10348,2026-08-10,15:30:00,20.0,22.0,20.0,22.0,54.0,62.0,0.0,0.0,577.5,3.2,11.3,NNW,W,C,mm,km/h,mm
10349,2026-08-10,15:45:00,20.0,20.0,20.0,22.0,54.0,63.0,0.0,0.0,577.5,4.8,14.5,SW,WSW,C,mm,km/h,mm
10350,2026-08-10,16:00:00,19.0,20.0,19.0,22.0,54.0,65.0,0.0,0.0,577.4,3.2,12.9,SW,WSW,C,mm,km/h,mm
10351,2026-08-10,16:15:00,19.0,19.0,19.0,22.0,54.0,66.0,0.0,0.0,577.8,1.6,11.3,SSE,W,C,mm,km/h,mm
10352,2026-08-10,16:30:00,18.0,19.0,18.0,22.0,54.0,72.0,0.0,0.0,578.1,1.6,16.1,S,SW,C,mm,km/h,mm
10353,2026-08-10,16:45:00,17.0,18.0,17.0,22.0,54.0,75.0,0.0,0.0,578.3,4.8,16.1,SSE,SW,C,mm,km/h,mm
10354,2026-08-10,17:00:00,17.0,17.0,17.0,22.0,54.0,77.0,0.0,0.0,578.3,3.2,11.3,SSW,SW,C,mm,km/h,mm
10355,2026-08-10,17:15:00,17.0,17.0,17.0,22.0,54.0,77.0,0.0,0.0,578.4,3.2,11.3,S,SW,C,mm,km/h,mm
10356,2026-08-10,17:30:00,17.0,17.0,17.0,22.0,54.0,77.0,0.0,0.0,578.5,3.2,11.3,SW,WSW,C,mm,km/h,mm
10357,2026-08-10,17:45:00,17.0,17.0,17.0,22.0,54.0,78.0,0.0,0.0,578.9,1.6,8.0,SW,WSW,C,mm,km/h,mm
10358,2026-08-10,18:00:00,17.0,17.0,17.0,22.0,54.0,78.0,0.0,0.0,579.0,1.6,11.3,SSW,SW,C,mm,km/h,mm
10359,2026-08-10,18:15:00,17.0,17.0,17.0,22.0,54.0,77.0,0.0,0.0,579.2,3.2,8.0,WSW,WSW,C,mm,km/h,mm
10360,2026-08-10,18:30:00,17.0,17.0,17.0,22.0,54.0,77.0,0.0,0.0,579.3,3.2,11.3,S,SW,C,mm,km/h,mm
10361,2026-08-10,18:45:00,17.0,17.0,17.0,22.0,54.0,78.0,0.0,0.0,579.4,1.6,6.4,WSW,SW,C,mm,km/h,mm
10362,2026-08-10,19:00:00,17.0,17.0,17.0,22.0,54.0,78.0,0.0,0.0,579.5,1.6,8.0,SW,SW,C,mm,km/h,mm
10363,2026-08-10,19:15:00,17.0,17.0,17.0,22.0,54.0,78.0,0.0,0.0,579.8,1.6,8.0,SW,SW,C,mm,km/h,mm
10364,2026-08-10,19:30:00,17.0,17.0,17.0,22.0,54.0,77.0,0.0,0.0,580.1,3.2,12.9,WSW,WSW,C,mm,km/h,mm
10365,2026-08-10,19:45:00,17.0,17.0,17.0,22.0,54.0,76.0,0.0,0.0,580.2,1.6,9.7,WNW,WSW,C,mm,km/h,mm
10366,2026-08-10,20:00:00,17.0,17.0,17.0,22.0,54.0,77.0,0.0,0.0,580.4,1.6,9.7,W,WSW,C,mm,km/h,mm
10367,2026-08-10,20:15:00,17.0,17.0,17.0,22.0,54.0,78.0,0.0,0.0,580.5,1.6,6.4,SSW,WSW,C,mm,km/h,mm
10368,2026-08-10,20:30:00,17.0,17.0,17.0,22.0,54.0,80.0,0.0,0.0,580.4,0.0,8.0,S,WSW,C,mm,km/h,mm
10369,2026-08-10,20:45:00,16.0,17.0,16.0,22.0,55.0,81.0,0.2,0.0,580.3,1.6,9.7,SSW,SW,C,mm,km/h,mm
10370,2026-08-10,21:00:00,16.0,16.0,16.0,22.0,55.0,82.0,0.0,0.0,580.3,0.0,9.7,S,S,C,mm,km/h,mm
10371,2026-08-10,21:15:00,16.0,16.0,16.0,22.0,55.0,83.0,0.0,0.0,580.3,0.0,3.2,S,W,C,mm,km/h,mm
10372,2026-08-10,21:30:00,16.0,16.0,16.0,22.0,55.0,84.0,0.0,0.0,580.2,0.0,4.8,S,SSE,C,mm,km/h,mm
10373,2026-08-10,21:45:00,16.0,16.0,15.0,22.0,55.0,85.0,0.0,0.0,580.3,0.0,1.6,N,N,C,mm,km/h,mm
10374,2026-08-10,22:00:00,16.0,16.0,16.0,22.0,55.0,84.0,0.0,0.0,580.3,0.0,6.4,S,SSW,C,mm,km/h,mm
10375,2026-08-10,22:15:00,16.0,16.0,16.0,22.0,55.0,83.0,0.0,0.0,580.0,0.0,6.4,SSW,SSW,C,mm,km/h,mm
10376,2026-08-10,22:30:00,16.0,16.0,16.0,22.0,55.0,83.0,0.0,0.0,579.9,1.6,8.0,SW,WSW,C,mm,km/h,mm
10377,2026-08-10,22:45:00,16.0,16.0,16.0,21.0,55.0,83.0,0.0,0.0,579.8,1.6,8.0,S,SW,C,mm,km/h,mm
10378,2026-08-10,23:00:00,16.0,16.0,16.0,21.0,55.0,83.0,0.0,0.0,579.8,1.6,9.7,WSW,WSW,C,mm,km/h,mm
10379,2026-08-10,23:15:00,16.0,16.0,15.0,21.0,55.0,83.0,0.0,0.0,579.8,1.6,9.7,S,W,C,mm,km/h,mm
10380,2026-08-10,23:30:00,15.0,16.0,15.0,21.0,55.0,83.0,0.0,0.0,579.8,0.0,6.4,SSW,SSW,C,mm,km/h,mm
10381,2026-08-10,23:45:00,15.0,15.0,15.0,21.0,55.0,84.0,0.0,0.0,579.9,0.0,6.4,WSW,WSW,C,mm,km/h,mm
10382,2026-08-12,00:15:00,16.0,16.0,15.0,22.0,54.0,80.0,0.0,0.0,579.3,0.0,0.0,,,C,mm,km/h,mm
10383,2026-08-12,00:30:00,15.0,16.0,15.0,22.0,54.0,81.0,0.0,0.0,579.1,0.0,0.0,,,C,mm,km/h,mm
10384,2026-08-12,00:45:00,15.0,15.0,15.0,22.0,54.0,82.0,0.0,0.0,579.2,0.0,0.0,,,C,mm,km/h,mm
10385,2026-08-12,01:00:00,15.0,15.0,15.0,22.0,54.0,84.0,0.0,0.0,579.2,0.0,0.0,,,C,mm,km/h,mm
10386,2026-08-12,01:15:00,14.0,15.0,14.0,22.0,54.0,86.0,0.0,0.0,579.1,0.0,0.0,,,C,mm,km/h,mm
10387,2026-08-12,01:30:00,14.0,14.0,14.0,22.0,54.0,85.0,0.0,0.0,579.1,0.0,0.0,,,C,mm,km/h,mm
10388,2026-08-12,01:45:00,14.0,14.0,14.0,22.0,54.0,87.0,0.0,0.0,579.0,0.0,0.0,,,C,mm,km/h,mm
10389,2026-08-12,02:00:00,14.0,14.0,14.0,22.0,54.0,88.0,0.0,0.0,578.8,0.0,0.0,,,C,mm,km/h,mm
10390,2026-08-12,02:15:00,13.0,14.0,13.0,22.0,54.0,88.0,0.0,0.0,578.8,0.0,0.0,,,C,mm,km/h,mm
10391,2026-08-12,02:30:00,13.0,13.0,13.0,22.0,54.0,89.0,0.0,0.0,578.8,0.0,0.0,,,C,mm,km/h,mm
10392,2026-08-12,02:45:00,13.0,13.0,13.0,21.0,54.0,91.0,0.0,0.0,578.8,0.0,0.0,,,C,mm,km/h,mm
10393,2026-08-12,03:00:00,13.0,13.0,13.0,21.0,54.0,91.0,0.0,0.0,578.6,0.0,0.0,,,C,mm,km/h,mm
10394,2026-08-12,03:15:00,13.0,13.0,12.0,21.0,54.0,92.0,0.0,0.0,578.6,0.0,0.0,,,C,mm,km/h,mm
10395,2026-08-12,03:30:00,13.0,13.0,13.0,21.0,54.0,91.0,0.0,0.0,578.5,0.0,0.0,,,C,mm,km/h,mm
10396,2026-08-12,03:45:00,12.0,13.0,12.0,21.0,54.0,92.0,0.0,0.0,578.4,0.0,0.0,,,C,mm,km/h,mm
10397,2026-08-12,04:00:00,13.0,13.0,12.0,21.0,54.0,92.0,0.0,0.0,578.5,0.0,0.0,,,C,mm,km/h,mm
10398,2026-08-12,04:15:00,13.0,13.0,13.0,21.0,54.0,92.0,0.0,0.0,578.3,0.0,0.0,,,C,mm,km/h,mm
10399,2026-08-12,04:30:00,13.0,13.0,13.0,21.0,54.0,92.0,0.0,0.0,578.4,0.0,0.0,,,C,mm,km/h,mm
10400,2026-08-12,04:45:00,13.0,13.0,13.0,21.0,54.0,91.0,0.0,0.0,578.5,0.0,0.0,,,C,mm,km/h,mm
10401,2026-08-12,05:00:00,13.0,13.0,13.0,21.0,54.0,90.0,0.0,0.0,578.4,0.0,0.0,,,C,mm,km/h,mm
10402,2026-08-12,05:15:00,13.0,13.0,13.0,21.0,54.0,88.0,0.0,0.0,578.6,0.0,1.6,NNW,W,C,mm,km/h,mm
10403,2026-08-12,05:30:00,14.0,14.0,13.0,21.0,54.0,88.0,0.0,0.0,578.7,0.0,0.0,,,C,mm,km/h,mm
10404,2026-08-12,05:45:00,13.0,14.0,13.0,21.0,54.0,88.0,0.0,0.0,578.7,0.0,0.0,,,C,mm,km/h,mm
10405,2026-08-12,06:00:00,12.0,13.0,12.0,21.0,54.0,90.0,0.0,0.0,578.7,0.0,0.0,,,C,mm,km/h,mm
10406,2026-08-12,06:15:00,12.0,13.0,12.0,21.0,54.0,91.0,0.0,0.0,578.9,0.0,0.0,,,C,mm,km/h,mm
10407,2026-08-12,06:30:00,12.0,12.0,12.0,21.0,54.0,91.0,0.0,0.0,578.8,0.0,0.0,,,C,mm,km/h,mm
10408,2026-08-12,06:45:00,12.0,12.0,12.0,21.0,54.0,91.0,0.0,0.0,578.9,0.0,0.0,,,C,mm,km/h,mm
10409,2026-08-12,07:00:00,12.0,12.0,12.0,21.0,54.0,92.0,0.0,0.0,579.0,0.0,0.0,,,C,mm,km/h,mm
10410,2026-08-12,07:15:00,13.0,13.0,12.0,21.0,54.0,90.0,0.0,0.0,579.1,0.0,0.0,,,C,mm,km/h,mm
10411,2026-08-12,07:30:00,14.0,14.0,13.0,22.0,53.0,88.0,0.0,0.0,579.2,0.0,0.0,,,C,mm,km/h,mm
10412,2026-08-12,07:45:00,15.0,15.0,14.0,22.0,53.0,85.0,0.0,0.0,579.4,0.0,1.6,NNW,NNW,C,mm,km/h,mm
10413,2026-08-12,08:00:00,15.0,15.0,15.0,22.0,53.0,83.0,0.0,0.0,579.4,0.0,1.6,NE,NE,C,mm,km/h,mm
10414,2026-08-12,08:15:00,16.0,16.0,15.0,22.0,53.0,81.0,0.0,0.0,579.3,0.0,0.0,,,C,mm,km/h,mm
10415,2026-08-12,08:30:00,17.0,17.0,16.0,22.0,52.0,78.0,0.0,0.0,579.4,0.0,0.0,,,C,mm,km/h,mm
10416,2026-08-12,08:45:00,18.0,18.0,17.0,22.0,52.0,75.0,0.0,0.0,579.4,0.0,3.2,E,E,C,mm,km/h,mm
10417,2026-08-12,09:00:00,18.0,18.0,18.0,22.0,52.0,72.0,0.0,0.0,579.3,0.0,4.8,E,E,C,mm,km/h,mm
10418,2026-08-12,09:15:00,19.0,19.0,18.0,22.0,52.0,68.0,0.0,0.0,579.3,0.0,6.4,NW,NW,C,mm,km/h,mm
10419,2026-08-12,09:30:00,19.0,20.0,19.0,22.0,52.0,64.0,0.0,0.0,579.3,0.0,4.8,E,E,C,mm,km/h,mm
10420,2026-08-12,09:45:00,20.0,20.0,19.0,22.0,52.0,63.0,0.0,0.0,579.3,1.6,6.4,NW,NNW,C,mm,km/h,mm
10421,2026-08-12,10:00:00,21.0,21.0,20.0,22.0,52.0,60.0,0.0,0.0,579.3,1.6,6.4,NW,NW,C,mm,km/h,mm
10422,2026-08-12,10:15:00,22.0,22.0,21.0,22.0,52.0,55.0,0.0,0.0,579.2,0.0,6.4,NW,NNW,C,mm,km/h,mm
10423,2026-08-12,10:30:00,22.0,22.0,21.0,22.0,52.0,57.0,0.0,0.0,579.1,0.0,3.2,ENE,ENE,C,mm,km/h,mm
10424,2026-08-12,10:45:00,22.0,23.0,22.0,22.0,52.0,49.0,0.0,0.0,579.0,1.6,6.4,E,E,C,mm,km/h,mm
10425,2026-08-12,11:00:00,22.0,23.0,22.0,22.0,52.0,51.0,0.0,0.0,578.9,0.0,4.8,ESE,ESE,C,mm,km/h,mm
10426,2026-08-12,11:15:00,24.0,24.0,22.0,22.0,52.0,50.0,0.0,0.0,578.9,0.0,6.4,NE,NW,C,mm,km/h,mm
10427,2026-08-12,11:30:00,23.0,24.0,23.0,22.0,52.0,47.0,0.0,0.0,578.8,1.6,9.7,E,E,C,mm,km/h,mm
10428,2026-08-12,11:45:00,23.0,24.0,23.0,22.0,51.0,44.0,0.0,0.0,578.7,1.6,6.4,ENE,E,C,mm,km/h,mm
10429,2026-08-12,12:00:00,24.0,24.0,23.0,22.0,51.0,45.0,0.0,0.0,578.7,1.6,6.4,W,E,C,mm,km/h,mm
10430,2026-08-12,12:15:00,25.0,25.0,24.0,22.0,51.0,44.0,0.0,0.0,578.4,1.6,6.4,SE,WNW,C,mm,km/h,mm
10431,2026-08-12,12:30:00,25.0,25.0,25.0,22.0,50.0,41.0,0.0,0.0,578.3,1.6,11.3,NNW,NW,C,mm,km/h,mm
10432,2026-08-12,12:45:00,25.0,25.0,25.0,22.0,50.0,44.0,0.0,0.0,578.2,1.6,8.0,E,E,C,mm,km/h,mm
10433,2026-08-12,13:00:00,25.0,25.0,25.0,22.0,50.0,41.0,0.0,0.0,577.9,1.6,6.4,E,E,C,mm,km/h,mm
10434,2026-08-12,13:15:00,24.0,25.0,24.0,22.0,49.0,44.0,0.0,0.0,577.6,1.6,9.7,WNW,ENE,C,mm,km/h,mm
10435,2026-08-12,13:30:00,25.0,25.0,24.0,22.0,49.0,39.0,0.0,0.0,577.6,1.6,8.0,NNW,NW,C,mm,km/h,mm
10436,2026-08-12,13:45:00,26.0,26.0,25.0,22.0,49.0,43.0,0.0,0.0,577.4,0.0,6.4,WNW,E,C,mm,km/h,mm
10437,2026-08-12,14:00:00,25.0,26.0,25.0,22.0,49.0,38.0,0.0,0.0,577.2,0.0,9.7,NW,NNW,C,mm,km/h,mm
10438,2026-08-12,14:15:00,25.0,25.0,25.0,22.0,49.0,44.0,0.0,0.0,577.0,0.0,6.4,WNW,WSW,C,mm,km/h,mm
10439,2026-08-12,14:30:00,26.0,26.0,25.0,22.0,49.0,41.0,0.0,0.0,576.8,1.6,9.7,WSW,WSW,C,mm,km/h,mm
10440,2026-08-12,14:45:00,27.0,27.0,26.0,22.0,49.0,39.0,0.0,0.0,576.7,0.0,6.4,W,W,C,mm,km/h,mm
10441,2026-08-12,15:00:00,27.0,27.0,26.0,22.0,48.0,37.0,0.0,0.0,576.5,0.0,4.8,NW,E,C,mm,km/h,mm
10442,2026-08-12,15:15:00,26.0,27.0,26.0,22.0,48.0,38.0,0.0,0.0,576.3,1.6,12.9,WSW,NNW,C,mm,km/h,mm
10443,2026-08-12,15:30:00,27.0,27.0,26.0,22.0,48.0,36.0,0.0,0.0,576.1,1.6,12.9,WSW,SW,C,mm,km/h,mm
10444,2026-08-12,15:45:00,26.0,27.0,26.0,22.0,48.0,37.0,0.0,0.0,575.9,1.6,11.3,WNW,NNW,C,mm,km/h,mm
10445,2026-08-12,16:00:00,26.0,26.0,26.0,22.0,48.0,38.0,0.0,0.0,575.7,1.6,4.8,WNW,NNW,C,mm,km/h,mm
10446,2026-08-12,16:15:00,25.0,26.0,25.0,22.0,47.0,41.0,0.0,0.0,575.6,0.0,4.8,ENE,ENE,C,mm,km/h,mm
10447,2026-08-12,16:30:00,26.0,26.0,25.0,22.0,47.0,39.0,0.0,0.0,575.4,0.0,3.2,ESE,ESE,C,mm,km/h,mm
10448,2026-08-12,16:45:00,25.0,26.0,25.0,22.0,47.0,37.0,0.0,0.0,575.2,0.0,4.8,ENE,E,C,mm,km/h,mm
10449,2026-08-12,17:00:00,26.0,26.0,25.0,22.0,47.0,37.0,0.0,0.0,575.1,1.6,4.8,SE,NNW,C,mm,km/h,mm
10450,2026-08-12,17:15:00,26.0,26.0,26.0,22.0,47.0,36.0,0.0,0.0,575.0,0.0,4.8,WNW,NNW,C,mm,km/h,mm
10451,2026-08-12,17:30:00,27.0,27.0,26.0,22.0,47.0,36.0,0.0,0.0,574.9,0.0,4.8,ESE,E,C,mm,km/h,mm
10452,2026-08-12,17:45:00,25.0,27.0,25.0,23.0,47.0,40.0,0.0,0.0,575.0,0.0,4.8,NW,NNW,C,mm,km/h,mm
10453,2026-08-12,18:00:00,24.0,25.0,24.0,23.0,47.0,46.0,0.0,0.0,575.1,1.6,9.7,NW,NNW,C,mm,km/h,mm
10454,2026-08-12,18:15:00,23.0,24.0,23.0,23.0,47.0,51.0,0.0,0.0,575.1,1.6,8.0,W,NNW,C,mm,km/h,mm
10455,2026-08-12,18:30:00,22.0,23.0,22.0,23.0,47.0,56.0,0.0,0.0,575.3,1.6,6.4,S,W,C,mm,km/h,mm
10456,2026-08-12,18:45:00,22.0,22.0,22.0,23.0,47.0,55.0,0.0,0.0,575.5,1.6,9.7,WNW,NW,C,mm,km/h,mm
10457,2026-08-12,19:00:00,21.0,22.0,21.0,23.0,47.0,59.0,0.0,0.0,575.6,0.0,6.4,W,NNW,C,mm,km/h,mm
10458,2026-08-12,19:15:00,21.0,21.0,21.0,23.0,47.0,63.0,0.0,0.0,575.5,1.6,16.1,NNW,NNW,C,mm,km/h,mm
10459,2026-08-12,19:30:00,20.0,21.0,20.0,23.0,48.0,64.0,0.0,0.0,575.9,3.2,14.5,N,NNW,C,mm,km/h,mm
10460,2026-08-12,19:45:00,20.0,20.0,20.0,23.0,48.0,61.0,0.0,0.0,576.0,3.2,11.3,WNW,NNW,C,mm,km/h,mm
10461,2026-08-12,20:00:00,20.0,20.0,20.0,23.0,48.0,67.0,0.0,0.0,576.4,0.0,6.4,SSE,E,C,mm,km/h,mm
10462,2026-08-12,20:15:00,19.0,20.0,19.0,23.0,48.0,68.0,0.0,0.0,576.5,0.0,8.0,W,NNW,C,mm,km/h,mm
10463,2026-08-12,20:30:00,19.0,19.0,19.0,23.0,49.0,69.0,0.0,0.0,577.0,0.0,8.0,NW,E,C,mm,km/h,mm
10464,2026-08-12,20:45:00,19.0,19.0,19.0,23.0,49.0,72.0,0.0,0.0,577.4,0.0,4.8,ENE,ENE,C,mm,km/h,mm
10465,2026-08-12,21:00:00,18.0,19.0,18.0,23.0,49.0,74.0,0.0,0.0,577.6,0.0,0.0,,,C,mm,km/h,mm
10466,2026-08-12,21:15:00,18.0,18.0,18.0,23.0,50.0,77.0,0.0,0.0,577.9,0.0,1.6,E,E,C,mm,km/h,mm
10467,2026-08-12,21:30:00,18.0,18.0,18.0,23.0,50.0,78.0,0.0,0.0,578.1,0.0,1.6,ENE,E,C,mm,km/h,mm
10468,2026-08-12,21:45:00,18.0,18.0,18.0,23.0,50.0,75.0,0.0,0.0,578.2,0.0,0.0,,,C,mm,km/h,mm
10469,2026-08-12,22:00:00,18.0,18.0,18.0,23.0,51.0,73.0,0.0,0.0,578.3,0.0,0.0,,,C,mm,km/h,mm
10470,2026-08-12,22:15:00,18.0,18.0,18.0,23.0,51.0,70.0,0.0,0.0,578.6,1.6,8.0,SSW,SW,C,mm,km/h,mm
10471,2026-08-12,22:30:00,18.0,18.0,18.0,23.0,51.0,68.0,0.0,0.0,578.8,1.6,8.0,WSW,SW,C,mm,km/h,mm
10472,2026-08-12,22:45:00,18.0,18.0,18.0,22.0,51.0,68.0,0.0,0.0,578.7,3.2,11.3,SSW,WSW,C,mm,km/h,mm
10473,2026-08-12,23:00:00,18.0,18.0,18.0,22.0,51.0,69.0,0.0,0.0,578.7,3.2,9.7,WSW,WSW,C,mm,km/h,mm
10474,2026-08-12,23:15:00,17.0,18.0,17.0,22.0,50.0,69.0,0.0,0.0,578.7,1.6,8.0,SW,WSW,C,mm,km/h,mm
10475,2026-08-12,23:30:00,17.0,18.0,17.0,22.0,50.0,70.0,0.0,0.0,578.6,1.6,8.0,WSW,W,C,mm,km/h,mm
10476,2026-08-12,23:45:00,17.0,17.0,17.0,22.0,50.0,70.0,0.0,0.0,578.7,1.6,6.4,SW,WSW,C,mm,km/h,mm
10477,2026-08-13,00:15:00,17.0,17.0,17.0,22.0,50.0,72.0,0.0,0.0,578.7,0.0,6.4,SW,WSW,C,mm,km/h,mm
10478,2026-08-13,00:30:00,17.0,17.0,17.0,22.0,50.0,73.0,0.0,0.0,578.6,0.0,6.4,SW,SW,C,mm,km/h,mm
10479,2026-08-13,00:45:00,17.0,17.0,17.0,22.0,50.0,72.0,0.0,0.0,578.5,0.0,1.6,SSW,SSW,C,mm,km/h,mm
10480,2026-08-13,01:00:00,16.0,17.0,16.0,22.0,50.0,74.0,0.0,0.0,578.5,0.0,0.0,,,C,mm,km/h,mm
10481,2026-08-13,01:15:00,16.0,16.0,16.0,22.0,50.0,75.0,0.0,0.0,578.4,0.0,0.0,,,C,mm,km/h,mm
10482,2026-08-13,01:30:00,16.0,16.0,16.0,22.0,50.0,75.0,0.0,0.0,578.4,0.0,0.0,,,C,mm,km/h,mm
10483,2026-08-13,01:45:00,15.0,16.0,15.0,22.0,50.0,75.0,0.0,0.0,578.4,0.0,0.0,,,C,mm,km/h,mm
10484,2026-08-13,02:00:00,15.0,15.0,15.0,22.0,50.0,78.0,0.0,0.0,578.2,0.0,0.0,,,C,mm,km/h,mm
10485,2026-08-13,02:15:00,14.0,15.0,14.0,22.0,51.0,82.0,0.0,0.0,578.2,0.0,0.0,,,C,mm,km/h,mm
10486,2026-08-13,02:30:00,14.0,14.0,14.0,22.0,51.0,84.0,0.0,0.0,578.2,0.0,0.0,,,C,mm,km/h,mm
10487,2026-08-13,02:45:00,13.0,14.0,13.0,22.0,51.0,86.0,0.0,0.0,578.1,0.0,0.0,,,C,mm,km/h,mm
10488,2026-08-13,03:00:00,13.0,13.0,13.0,22.0,51.0,87.0,0.0,0.0,577.9,0.0,0.0,,,C,mm,km/h,mm
10489,2026-08-13,03:15:00,13.0,13.0,13.0,22.0,51.0,88.0,0.0,0.0,578.0,0.0,0.0,,,C,mm,km/h,mm
10490,2026-08-13,03:30:00,13.0,13.0,13.0,22.0,51.0,87.0,0.0,0.0,578.1,0.0,0.0,,,C,mm,km/h,mm
10491,2026-08-13,03:45:00,12.0,13.0,12.0,22.0,51.0,88.0,0.0,0.0,578.1,0.0,0.0,,,C,mm,km/h,mm
10492,2026-08-13,04:00:00,12.0,13.0,12.0,22.0,51.0,90.0,0.0,0.0,578.1,0.0,0.0,,,C,mm,km/h,mm
10493,2026-08-13,04:15:00,13.0,13.0,12.0,22.0,51.0,90.0,0.0,0.0,578.0,0.0,0.0,,,C,mm,km/h,mm
10494,2026-08-13,04:30:00,13.0,13.0,12.0,22.0,52.0,91.0,0.0,0.0,577.9,0.0,0.0,,,C,mm,km/h,mm
10495,2026-08-13,04:45:00,13.0,13.0,13.0,22.0,52.0,91.0,0.0,0.0,578.0,0.0,0.0,,,C,mm,km/h,mm
10496,2026-08-13,05:00:00,13.0,13.0,13.0,22.0,52.0,92.0,0.0,0.0,578.1,0.0,0.0,,,C,mm,km/h,mm
10497,2026-08-13,05:15:00,12.0,13.0,12.0,22.0,52.0,91.0,0.0,0.0,578.3,0.0,0.0,,,C,mm,km/h,mm
10498,2026-08-13,05:30:00,12.0,12.0,12.0,22.0,52.0,91.0,0.0,0.0,578.4,0.0,0.0,,,C,mm,km/h,mm
10499,2026-08-13,05:45:00,12.0,12.0,12.0,22.0,52.0,92.0,0.0,0.0,578.3,0.0,0.0,,,C,mm,km/h,mm
10500,2026-08-13,06:00:00,12.0,12.0,12.0,22.0,52.0,92.0,0.0,0.0,578.4,0.0,0.0,,,C,mm,km/h,mm
10501,2026-08-13,06:15:00,12.0,12.0,12.0,21.0,52.0,92.0,0.0,0.0,578.4,0.0,0.0,,,C,mm,km/h,mm
10502,2026-08-13,06:30:00,12.0,12.0,12.0,22.0,52.0,92.0,0.0,0.0,578.5,0.0,0.0,,,C,mm,km/h,mm
10503,2026-08-13,06:45:00,12.0,12.0,12.0,22.0,53.0,93.0,0.0,0.0,578.7,0.0,0.0,,,C,mm,km/h,mm
10504,2026-08-13,07:00:00,13.0,13.0,12.0,22.0,53.0,93.0,0.0,0.0,578.8,0.0,0.0,,,C,mm,km/h,mm
10505,2026-08-13,07:15:00,14.0,14.0,13.0,22.0,53.0,91.0,0.0,0.0,578.9,0.0,0.0,,,C,mm,km/h,mm
10506,2026-08-13,07:30:00,14.0,14.0,14.0,22.0,53.0,89.0,0.0,0.0,579.0,0.0,0.0,,,C,mm,km/h,mm
10507,2026-08-13,07:45:00,15.0,15.0,14.0,22.0,52.0,86.0,0.0,0.0,579.0,0.0,0.0,,,C,mm,km/h,mm
10508,2026-08-13,08:00:00,16.0,16.0,15.0,22.0,52.0,84.0,0.0,0.0,579.1,0.0,0.0,,,C,mm,km/h,mm
10509,2026-08-13,08:15:00,17.0,17.0,16.0,22.0,52.0,79.0,0.0,0.0,579.3,0.0,0.0,,,C,mm,km/h,mm
10510,2026-08-13,08:30:00,18.0,18.0,17.0,22.0,52.0,74.0,0.0,0.0,579.3,0.0,0.0,,,C,mm,km/h,mm
10511,2026-08-13,08:45:00,19.0,19.0,18.0,22.0,51.0,70.0,0.0,0.0,579.4,0.0,1.6,ENE,N,C,mm,km/h,mm
10512,2026-08-13,09:00:00,20.0,20.0,19.0,22.0,51.0,66.0,0.0,0.0,579.4,0.0,1.6,ENE,ENE,C,mm,km/h,mm
10513,2026-08-13,09:15:00,20.0,20.0,20.0,22.0,51.0,64.0,0.0,0.0,579.4,1.6,6.4,E,E,C,mm,km/h,mm
10514,2026-08-13,09:30:00,21.0,21.0,20.0,23.0,51.0,61.0,0.0,0.0,579.5,0.0,4.8,E,E,C,mm,km/h,mm
10515,2026-08-13,09:45:00,21.0,21.0,20.0,23.0,50.0,60.0,0.0,0.0,579.5,0.0,4.8,E,E,C,mm,km/h,mm
10516,2026-08-13,10:00:00,22.0,22.0,21.0,23.0,50.0,56.0,0.0,0.0,579.4,0.0,3.2,ESE,ESE,C,mm,km/h,mm
10517,2026-08-13,10:15:00,22.0,22.0,22.0,23.0,50.0,55.0,0.0,0.0,579.3,0.0,3.2,SE,ENE,C,mm,km/h,mm
10518,2026-08-13,10:30:00,23.0,23.0,22.0,23.0,50.0,55.0,0.0,0.0,579.3,0.0,3.2,ESE,ESE,C,mm,km/h,mm
10519,2026-08-13,10:45:00,23.0,24.0,23.0,23.0,50.0,52.0,0.0,0.0,579.1,1.6,4.8,SW,E,C,mm,km/h,mm
10520,2026-08-13,11:00:00,24.0,24.0,23.0,23.0,49.0,51.0,0.0,0.0,579.0,1.6,4.8,ENE,ESE,C,mm,km/h,mm
10521,2026-08-13,11:15:00,25.0,25.0,24.0,23.0,49.0,46.0,0.0,0.0,578.8,0.0,6.4,WNW,NNW,C,mm,km/h,mm
10522,2026-08-13,11:30:00,25.0,25.0,25.0,23.0,49.0,43.0,0.0,0.0,578.7,1.6,9.7,WSW,NNW,C,mm,km/h,mm
10523,2026-08-13,11:45:00,25.0,26.0,25.0,23.0,49.0,44.0,0.0,0.0,578.5,0.0,8.0,WSW,N,C,mm,km/h,mm
10524,2026-08-13,12:00:00,26.0,26.0,25.0,23.0,49.0,42.0,0.0,0.0,578.3,1.6,8.0,NNW,NNW,C,mm,km/h,mm
10525,2026-08-13,12:15:00,27.0,27.0,26.0,23.0,48.0,38.0,0.0,0.0,578.2,1.6,8.0,NW,NNW,C,mm,km/h,mm
10526,2026-08-13,12:30:00,26.0,27.0,26.0,23.0,48.0,43.0,0.0,0.0,578.1,1.6,6.4,E,E,C,mm,km/h,mm
10527,2026-08-13,12:45:00,26.0,26.0,26.0,23.0,47.0,44.0,0.0,0.0,577.8,1.6,11.3,W,NW,C,mm,km/h,mm
10528,2026-08-13,13:00:00,26.0,26.0,26.0,23.0,47.0,43.0,0.0,0.0,577.6,1.6,9.7,SW,NW,C,mm,km/h,mm
10529,2026-08-13,13:15:00,24.0,26.0,24.0,23.0,47.0,44.0,0.0,0.0,577.4,1.6,6.4,NE,ENE,C,mm,km/h,mm
10530,2026-08-13,13:30:00,24.0,24.0,24.0,23.0,47.0,43.0,0.0,0.0,577.3,0.0,6.4,SW,WSW,C,mm,km/h,mm
10531,2026-08-13,13:45:00,25.0,25.0,24.0,23.0,47.0,42.0,0.0,0.0,577.2,0.0,4.8,WNW,NW,C,mm,km/h,mm
10532,2026-08-13,14:00:00,25.0,25.0,24.0,23.0,47.0,44.0,0.0,0.0,577.2,0.0,3.2,N,N,C,mm,km/h,mm
10533,2026-08-13,14:15:00,26.0,26.0,25.0,23.0,47.0,39.0,0.0,0.0,577.0,0.0,1.6,E,E,C,mm,km/h,mm
10534,2026-08-13,14:30:00,27.0,27.0,26.0,23.0,47.0,43.0,0.0,0.0,576.7,1.6,11.3,E,NNW,C,mm,km/h,mm
10535,2026-08-13,14:45:00,25.0,27.0,25.0,23.0,47.0,49.0,0.0,0.0,576.5,6.4,12.9,E,E,C,mm,km/h,mm
10536,2026-08-13,15:00:00,25.0,25.0,25.0,23.0,47.0,48.0,0.0,0.0,576.3,4.8,11.3,NE,E,C,mm,km/h,mm
10537,2026-08-13,15:15:00,25.0,25.0,25.0,24.0,47.0,47.0,0.0,0.0,575.9,3.2,9.7,E,E,C,mm,km/h,mm
10538,2026-08-13,15:30:00,25.0,25.0,25.0,24.0,47.0,44.0,0.0,0.0,575.6,3.2,14.5,ESE,E,C,mm,km/h,mm
10539,2026-08-13,15:45:00,26.0,26.0,26.0,24.0,47.0,44.0,0.0,0.0,575.8,1.6,8.0,ENE,E,C,mm,km/h,mm
10540,2026-08-13,16:00:00,26.0,26.0,26.0,24.0,46.0,44.0,0.0,0.0,575.8,1.6,8.0,WNW,NW,C,mm,km/h,mm
10541,2026-08-13,16:15:00,25.0,26.0,25.0,24.0,46.0,48.0,0.0,0.0,575.7,1.6,9.7,NW,NNW,C,mm,km/h,mm
10542,2026-08-13,16:30:00,25.0,25.0,25.0,24.0,46.0,46.0,0.0,0.0,575.7,0.0,9.7,WNW,E,C,mm,km/h,mm
10543,2026-08-13,16:45:00,22.0,25.0,22.0,24.0,45.0,49.0,0.0,0.0,575.7,6.4,19.3,NNW,NW,C,mm,km/h,mm
10544,2026-08-13,17:00:00,22.0,22.0,22.0,24.0,44.0,49.0,0.0,0.0,576.0,6.4,16.1,WNW,NW,C,mm,km/h,mm
10545,2026-08-13,17:15:00,21.0,22.0,21.0,24.0,45.0,53.0,0.0,0.0,576.5,4.8,19.3,WNW,W,C,mm,km/h,mm
10546,2026-08-13,17:30:00,19.0,21.0,19.0,24.0,45.0,62.0,0.0,0.0,576.8,4.8,17.7,W,WSW,C,mm,km/h,mm
10547,2026-08-13,17:45:00,19.0,19.0,19.0,24.0,46.0,63.0,0.0,0.0,577.1,6.4,19.3,WSW,WSW,C,mm,km/h,mm
10548,2026-08-13,18:00:00,18.0,19.0,18.0,23.0,46.0,70.0,0.0,0.0,577.1,4.8,14.5,WNW,WSW,C,mm,km/h,mm
10549,2026-08-13,18:15:00,17.0,18.0,17.0,23.0,47.0,79.0,0.0,0.0,577.4,1.6,9.7,W,SW,C,mm,km/h,mm
10550,2026-08-13,18:30:00,16.0,17.0,16.0,23.0,48.0,84.0,0.0,0.0,577.3,1.6,12.9,SSE,SSW,C,mm,km/h,mm
10551,2026-08-13,18:45:00,16.0,16.0,16.0,23.0,49.0,84.0,0.0,0.0,577.3,1.6,9.7,S,NE,C,mm,km/h,mm
10552,2026-08-13,19:00:00,16.0,16.0,16.0,23.0,50.0,80.0,0.0,0.0,577.6,0.0,8.0,S,W,C,mm,km/h,mm
10553,2026-08-13,19:15:00,16.0,16.0,16.0,23.0,50.0,78.0,0.0,0.0,577.7,0.0,4.8,WSW,S,C,mm,km/h,mm
10554,2026-08-13,19:30:00,16.0,16.0,16.0,23.0,50.0,79.0,0.0,0.0,577.9,0.0,3.2,NNE,ENE,C,mm,km/h,mm
10555,2026-08-13,19:45:00,16.0,16.0,16.0,23.0,50.0,80.0,0.0,0.0,578.5,0.0,4.8,E,E,C,mm,km/h,mm
10556,2026-08-13,20:00:00,16.0,16.0,16.0,23.0,50.0,80.0,0.0,0.0,579.3,1.6,8.0,E,E,C,mm,km/h,mm
10557,2026-08-13,20:15:00,16.0,16.0,16.0,23.0,50.0,77.0,0.0,0.0,579.5,0.0,1.6,E,E,C,mm,km/h,mm
10558,2026-08-13,20:30:00,17.0,17.0,16.0,23.0,50.0,76.0,0.0,0.0,579.7,0.0,1.6,ENE,ENE,C,mm,km/h,mm
10559,2026-08-13,20:45:00,17.0,17.0,17.0,22.0,50.0,77.0,0.0,0.0,579.7,0.0,3.2,E,E,C,mm,km/h,mm
10560,2026-08-13,21:00:00,16.0,17.0,16.0,22.0,50.0,80.0,0.0,0.0,579.7,0.0,1.6,E,E,C,mm,km/h,mm
10561,2026-08-13,21:15:00,16.0,16.0,16.0,22.0,51.0,81.0,0.0,0.0,579.9,0.0,1.6,SSW,SW,C,mm,km/h,mm
10562,2026-08-13,21:30:00,16.0,16.0,16.0,22.0,51.0,83.0,0.0,0.0,579.9,0.0,1.6,NW,NW,C,mm,km/h,mm
10563,2026-08-13,21:45:00,16.0,16.0,16.0,22.0,51.0,82.0,0.0,0.0,579.7,0.0,3.2,SW,SW,C,mm,km/h,mm
10564,2026-08-13,22:00:00,16.0,16.0,16.0,22.0,51.0,83.0,0.0,0.0,579.8,1.6,6.4,W,W,C,mm,km/h,mm
10565,2026-08-13,22:15:00,16.0,16.0,16.0,22.0,51.0,81.0,0.0,0.0,580.1,0.0,6.4,WSW,WSW,C,mm,km/h,mm
10566,2026-08-13,22:30:00,16.0,16.0,16.0,22.0,51.0,83.0,0.0,0.0,580.2,1.6,9.7,ESE,E,C,mm,km/h,mm
10567,2026-08-13,22:45:00,16.0,16.0,16.0,22.0,52.0,83.0,0.0,0.0,580.2,0.0,0.0,,,C,mm,km/h,mm
10568,2026-08-13,23:00:00,16.0,16.0,16.0,22.0,52.0,81.0,0.0,0.0,580.1,0.0,0.0,,,C,mm,km/h,mm
10569,2026-08-13,23:15:00,16.0,16.0,16.0,22.0,52.0,82.0,0.0,0.0,580.1,0.0,0.0,,,C,mm,km/h,mm
10570,2026-08-13,23:30:00,15.0,16.0,15.0,22.0,52.0,83.0,0.0,0.0,579.9,0.0,0.0,,,C,mm,km/h,mm
10571,2026-08-13,23:45:00,15.0,15.0,15.0,22.0,52.0,84.0,0.0,0.0,579.8,0.0,0.0,,,C,mm,km/h,mm
10572,2026-08-14,00:15:00,15.0,15.0,15.0,22.0,52.0,85.0,0.0,0.0,579.8,0.0,0.0,,,C,mm,km/h,mm
10573,2026-08-14,00:30:00,14.0,15.0,14.0,22.0,52.0,87.0,0.0,0.0,579.7,0.0,0.0,,,C,mm,km/h,mm
10574,2026-08-14,00:45:00,14.0,14.0,14.0,22.0,52.0,88.0,0.0,0.0,579.7,0.0,0.0,,,C,mm,km/h,mm
10575,2026-08-14,01:00:00,14.0,14.0,14.0,22.0,53.0,88.0,0.0,0.0,579.7,0.0,0.0,,,C,mm,km/h,mm
10576,2026-08-14,01:15:00,14.0,14.0,14.0,22.0,53.0,88.0,0.0,0.0,579.7,0.0,0.0,,,C,mm,km/h,mm
10577,2026-08-14,01:30:00,14.0,14.0,14.0,22.0,53.0,88.0,0.0,0.0,579.6,0.0,0.0,,,C,mm,km/h,mm
10578,2026-08-14,01:45:00,14.0,14.0,14.0,22.0,53.0,88.0,0.0,0.0,579.4,0.0,0.0,,,C,mm,km/h,mm
10579,2026-08-14,02:00:00,14.0,14.0,14.0,22.0,53.0,88.0,0.0,0.0,579.2,0.0,0.0,,,C,mm,km/h,mm
10580,2026-08-14,02:15:00,13.0,14.0,13.0,22.0,53.0,88.0,0.0,0.0,579.1,0.0,0.0,,,C,mm,km/h,mm
10581,2026-08-14,02:30:00,13.0,13.0,13.0,22.0,53.0,89.0,0.0,0.0,579.1,0.0,0.0,,,C,mm,km/h,mm
10582,2026-08-14,02:45:00,13.0,13.0,13.0,22.0,53.0,89.0,0.0,0.0,578.9,0.0,0.0,,,C,mm,km/h,mm
10583,2026-08-14,03:00:00,13.0,13.0,13.0,22.0,53.0,88.0,0.0,0.0,579.0,0.0,0.0,,,C,mm,km/h,mm
10584,2026-08-14,03:15:00,14.0,14.0,13.0,22.0,53.0,89.0,0.0,0.0,578.9,0.0,0.0,,,C,mm,km/h,mm
10585,2026-08-14,03:30:00,14.0,14.0,14.0,22.0,53.0,88.0,0.0,0.0,579.0,0.0,0.0,,,C,mm,km/h,mm
10586,2026-08-14,03:45:00,14.0,14.0,14.0,22.0,53.0,88.0,0.0,0.0,578.9,0.0,0.0,,,C,mm,km/h,mm
10587,2026-08-14,04:00:00,14.0,14.0,14.0,22.0,53.0,89.0,0.0,0.0,578.8,0.0,0.0,,,C,mm,km/h,mm
10588,2026-08-14,04:15:00,14.0,14.0,14.0,21.0,53.0,89.0,0.0,0.0,578.7,0.0,1.6,NE,SE,C,mm,km/h,mm
10589,2026-08-14,04:30:00,14.0,14.0,14.0,21.0,53.0,89.0,0.0,0.0,578.9,0.0,0.0,,,C,mm,km/h,mm
10590,2026-08-14,04:45:00,14.0,14.0,14.0,21.0,53.0,89.0,0.0,0.0,579.1,0.0,0.0,,,C,mm,km/h,mm
10591,2026-08-14,05:00:00,13.0,14.0,13.0,21.0,53.0,90.0,0.0,0.0,579.1,0.0,0.0,,,C,mm,km/h,mm
10592,2026-08-14,05:15:00,13.0,13.0,13.0,21.0,53.0,91.0,0.0,0.0,579.4,0.0,0.0,,,C,mm,km/h,mm
10593,2026-08-14,05:30:00,13.0,13.0,13.0,21.0,53.0,91.0,0.0,0.0,579.5,0.0,0.0,,,C,mm,km/h,mm
10594,2026-08-14,05:45:00,12.0,13.0,12.0,21.0,54.0,91.0,0.2,0.0,579.6,0.0,0.0,,,C,mm,km/h,mm
10595,2026-08-14,06:00:00,12.0,12.0,12.0,21.0,54.0,92.0,0.0,0.0,579.6,0.0,0.0,,,C,mm,km/h,mm
10596,2026-08-14,06:15:00,12.0,12.0,12.0,21.0,54.0,92.0,0.0,0.0,579.5,0.0,0.0,,,C,mm,km/h,mm
10597,2026-08-14,06:30:00,12.0,12.0,12.0,21.0,54.0,92.0,0.0,0.0,579.5,0.0,0.0,,,C,mm,km/h,mm
10598,2026-08-14,06:45:00,13.0,13.0,12.0,21.0,54.0,91.0,0.0,0.0,579.5,0.0,0.0,,,C,mm,km/h,mm
10599,2026-08-14,07:00:00,13.0,13.0,13.0,21.0,54.0,90.0,0.0,0.0,579.6,0.0,0.0,,,C,mm,km/h,mm
10600,2026-08-14,07:15:00,13.0,13.0,13.0,21.0,53.0,89.0,0.0,0.0,579.7,0.0,0.0,,,C,mm,km/h,mm
10601,2026-08-14,07:30:00,14.0,14.0,13.0,22.0,53.0,87.0,0.0,0.0,579.7,0.0,1.6,NW,W,C,mm,km/h,mm
10602,2026-08-14,07:45:00,14.0,14.0,14.0,22.0,53.0,86.0,0.0,0.0,579.9,0.0,3.2,WNW,W,C,mm,km/h,mm
10603,2026-08-14,08:00:00,15.0,15.0,14.0,22.0,53.0,84.0,0.0,0.0,580.0,0.0,3.2,WSW,W,C,mm,km/h,mm
10604,2026-08-14,08:15:00,17.0,17.0,15.0,22.0,52.0,79.0,0.0,0.0,580.1,0.0,1.6,NW,WSW,C,mm,km/h,mm
10605,2026-08-14,08:30:00,17.0,17.0,17.0,22.0,52.0,76.0,0.0,0.0,580.1,0.0,4.8,SW,NW,C,mm,km/h,mm
10606,2026-08-14,08:45:00,18.0,18.0,17.0,22.0,52.0,73.0,0.0,0.0,580.1,0.0,4.8,WSW,WSW,C,mm,km/h,mm
10607,2026-08-14,09:00:00,19.0,19.0,18.0,22.0,52.0,68.0,0.0,0.0,580.3,0.0,4.8,W,W,C,mm,km/h,mm
10608,2026-08-14,09:15:00,20.0,20.0,19.0,22.0,51.0,64.0,0.0,0.0,580.3,0.0,4.8,WSW,WSW,C,mm,km/h,mm
10609,2026-08-14,09:30:00,20.0,20.0,20.0,22.0,51.0,63.0,0.0,0.0,580.5,0.0,3.2,SSW,SW,C,mm,km/h,mm
10610,2026-08-14,09:45:00,21.0,21.0,20.0,22.0,51.0,62.0,0.0,0.0,580.5,0.0,4.8,WSW,NW,C,mm,km/h,mm
10611,2026-08-14,10:00:00,21.0,21.0,20.0,22.0,51.0,61.0,0.0,0.0,580.4,0.0,4.8,ENE,ENE,C,mm,km/h,mm
10612,2026-08-14,10:15:00,22.0,22.0,21.0,22.0,51.0,56.0,0.0,0.0,580.4,0.0,3.2,E,E,C,mm,km/h,mm
10613,2026-08-14,10:30:00,22.0,22.0,22.0,22.0,50.0,56.0,0.0,0.0,580.3,0.0,8.0,ESE,E,C,mm,km/h,mm
10614,2026-08-14,10:45:00,22.0,22.0,21.0,22.0,50.0,56.0,0.0,0.0,580.4,1.6,8.0,E,E,C,mm,km/h,mm
10615,2026-08-14,11:00:00,22.0,22.0,22.0,22.0,50.0,55.0,0.0,0.0,580.3,1.6,6.4,SSE,E,C,mm,km/h,mm
10616,2026-08-14,11:15:00,23.0,23.0,22.0,22.0,50.0,54.0,0.0,0.0,580.1,1.6,6.4,E,ESE,C,mm,km/h,mm
10617,2026-08-14,11:30:00,24.0,24.0,22.0,23.0,50.0,50.0,0.0,0.0,580.0,1.6,8.0,NW,WSW,C,mm,km/h,mm
10618,2026-08-14,11:45:00,24.0,24.0,24.0,23.0,50.0,50.0,0.0,0.0,579.8,1.6,6.4,WSW,WSW,C,mm,km/h,mm
10619,2026-08-14,12:00:00,25.0,25.0,24.0,22.0,50.0,47.0,0.0,0.0,579.8,1.6,9.7,NW,NW,C,mm,km/h,mm
10620,2026-08-14,12:15:00,25.0,25.0,25.0,22.0,50.0,46.0,0.0,0.0,579.5,1.6,11.3,NW,NW,C,mm,km/h,mm
10621,2026-08-14,12:30:00,26.0,26.0,25.0,22.0,50.0,43.0,0.0,0.0,579.2,0.0,3.2,SW,SW,C,mm,km/h,mm
10622,2026-08-14,12:45:00,25.0,26.0,25.0,22.0,50.0,47.0,0.0,0.0,579.1,1.6,8.0,E,E,C,mm,km/h,mm
10623,2026-08-14,13:00:00,26.0,26.0,25.0,22.0,50.0,42.0,0.0,0.0,579.1,1.6,8.0,ESE,ESE,C,mm,km/h,mm
10624,2026-08-14,13:15:00,26.0,27.0,26.0,22.0,50.0,39.0,0.0,0.0,579.0,1.6,8.0,SSW,WSW,C,mm,km/h,mm
10625,2026-08-14,13:30:00,27.0,27.0,26.0,22.0,50.0,39.0,0.0,0.0,578.8,3.2,8.0,SW,WSW,C,mm,km/h,mm
10626,2026-08-14,13:45:00,27.0,27.0,26.0,22.0,49.0,40.0,0.0,0.0,578.4,1.6,6.4,SW,SW,C,mm,km/h,mm
10627,2026-08-14,14:00:00,26.0,27.0,26.0,22.0,49.0,40.0,0.0,0.0,578.4,1.6,6.4,ENE,E,C,mm,km/h,mm
10628,2026-08-14,14:15:00,27.0,27.0,26.0,22.0,49.0,41.0,0.0,0.0,578.1,1.6,12.9,S,WSW,C,mm,km/h,mm
10629,2026-08-14,14:30:00,28.0,28.0,27.0,22.0,49.0,43.0,0.0,0.0,577.9,3.2,12.9,SSW,WSW,C,mm,km/h,mm
10630,2026-08-14,14:45:00,28.0,28.0,28.0,22.0,49.0,41.0,0.0,0.0,577.5,1.6,11.3,WNW,W,C,mm,km/h,mm
10631,2026-08-14,15:00:00,28.0,28.0,28.0,22.0,49.0,40.0,0.0,0.0,577.4,3.2,9.7,W,W,C,mm,km/h,mm
10632,2026-08-14,15:15:00,27.0,28.0,27.0,22.0,49.0,41.0,0.0,0.0,577.4,3.2,11.3,NW,SW,C,mm,km/h,mm
10633,2026-08-14,15:30:00,26.0,27.0,26.0,22.0,49.0,42.0,0.0,0.0,577.3,3.2,9.7,W,WSW,C,mm,km/h,mm
10634,2026-08-14,15:45:00,26.0,26.0,25.0,22.0,49.0,43.0,0.0,0.0,577.0,4.8,16.1,SSE,W,C,mm,km/h,mm
10635,2026-08-14,16:00:00,26.0,26.0,25.0,22.0,49.0,42.0,0.0,0.0,577.0,3.2,14.5,W,W,C,mm,km/h,mm
10636,2026-08-14,16:15:00,26.0,26.0,26.0,22.0,49.0,43.0,0.0,0.0,577.0,3.2,12.9,WSW,W,C,mm,km/h,mm
10637,2026-08-14,16:30:00,24.0,26.0,24.0,22.0,49.0,49.0,0.0,0.0,577.3,1.6,17.7,WNW,NW,C,mm,km/h,mm
10638,2026-08-14,16:45:00,22.0,24.0,22.0,22.0,49.0,61.0,0.0,0.0,577.9,1.6,8.0,SE,NNW,C,mm,km/h,mm
10639,2026-08-14,17:00:00,19.0,22.0,19.0,22.0,49.0,73.0,0.4,3.2,578.3,0.0,8.0,NNW,NNW,C,mm,km/h,mm
10640,2026-08-14,17:15:00,17.0,19.0,17.0,22.0,50.0,80.0,1.8,16.0,578.4,0.0,4.8,WNW,N,C,mm,km/h,mm
10641,2026-08-14,17:30:00,17.0,17.0,17.0,22.0,50.0,87.0,1.0,6.4,578.2,0.0,1.6,NNW,NNW,C,mm,km/h,mm
10642,2026-08-14,17:45:00,17.0,17.0,17.0,22.0,51.0,86.0,0.6,4.0,578.2,1.6,12.9,W,WSW,C,mm,km/h,mm
10643,2026-08-14,18:00:00,16.0,17.0,16.0,22.0,52.0,86.0,0.0,0.8,578.3,1.6,12.9,WNW,W,C,mm,km/h,mm
10644,2026-08-14,18:15:00,16.0,16.0,16.0,22.0,52.0,88.0,0.0,0.0,578.5,0.0,0.0,,,C,mm,km/h,mm
10645,2026-08-14,18:30:00,17.0,17.0,16.0,22.0,52.0,89.0,0.0,0.0,578.6,0.0,0.0,,,C,mm,km/h,mm
10646,2026-08-14,18:45:00,17.0,17.0,17.0,22.0,53.0,88.0,0.0,0.0,578.9,0.0,1.6,NE,N,C,mm,km/h,mm
10647,2026-08-14,19:00:00,17.0,17.0,17.0,22.0,53.0,89.0,0.0,0.0,579.0,0.0,1.6,W,W,C,mm,km/h,mm
10648,2026-08-14,19:15:00,17.0,17.0,17.0,22.0,54.0,89.0,0.0,0.0,579.3,0.0,4.8,W,ENE,C,mm,km/h,mm
10649,2026-08-14,19:30:00,17.0,17.0,17.0,22.0,55.0,87.0,0.0,0.0,579.5,1.6,9.7,S,SW,C,mm,km/h,mm
10650,2026-08-14,19:45:00,17.0,17.0,17.0,22.0,55.0,87.0,0.0,0.0,579.7,0.0,6.4,WNW,W,C,mm,km/h,mm
10651,2026-08-14,20:00:00,17.0,17.0,17.0,22.0,55.0,86.0,0.0,0.0,579.8,0.0,8.0,WSW,SW,C,mm,km/h,mm
10652,2026-08-14,20:15:00,17.0,17.0,17.0,22.0,56.0,86.0,0.0,0.0,579.8,0.0,6.4,WSW,W,C,mm,km/h,mm
10653,2026-08-14,20:30:00,17.0,17.0,17.0,22.0,56.0,86.0,0.0,0.0,580.0,0.0,6.4,WSW,SW,C,mm,km/h,mm
10654,2026-08-14,20:45:00,17.0,17.0,17.0,22.0,56.0,87.0,0.0,0.0,580.2,0.0,3.2,W,SW,C,mm,km/h,mm
10655,2026-08-14,21:00:00,17.0,17.0,17.0,22.0,56.0,87.0,0.0,0.0,580.3,0.0,0.0,,,C,mm,km/h,mm
10656,2026-08-14,21:15:00,17.0,17.0,17.0,22.0,56.0,86.0,0.0,0.0,580.3,0.0,0.0,,,C,mm,km/h,mm
10657,2026-08-14,21:30:00,17.0,17.0,17.0,22.0,56.0,86.0,0.0,0.0,580.5,0.0,1.6,WSW,WSW,C,mm,km/h,mm
10658,2026-08-14,21:45:00,17.0,17.0,17.0,22.0,56.0,85.0,0.0,0.0,580.6,0.0,3.2,SSW,SSW,C,mm,km/h,mm
10659,2026-08-14,22:00:00,17.0,17.0,17.0,22.0,56.0,85.0,0.0,0.0,580.5,0.0,6.4,SW,SW,C,mm,km/h,mm
10660,2026-08-14,22:15:00,17.0,17.0,17.0,22.0,56.0,85.0,0.0,0.0,580.6,1.6,6.4,WSW,SW,C,mm,km/h,mm
10661,2026-08-14,22:30:00,17.0,17.0,17.0,22.0,57.0,84.0,0.0,0.0,580.6,1.6,9.7,WSW,WSW,C,mm,km/h,mm
10662,2026-08-14,22:45:00,17.0,17.0,17.0,22.0,57.0,84.0,0.0,0.0,580.8,0.0,4.8,WNW,WSW,C,mm,km/h,mm
10663,2026-08-14,23:00:00,17.0,17.0,17.0,22.0,57.0,84.0,0.0,0.0,580.9,0.0,8.0,WSW,W,C,mm,km/h,mm
10664,2026-08-14,23:15:00,17.0,17.0,17.0,22.0,57.0,83.0,0.0,0.0,580.9,1.6,6.4,W,WSW,C,mm,km/h,mm
10665,2026-08-14,23:30:00,17.0,17.0,17.0,22.0,57.0,83.0,0.0,0.0,580.9,1.6,9.7,W,W,C,mm,km/h,mm
10666,2026-08-14,23:45:00,17.0,17.0,17.0,22.0,57.0,83.0,0.0,0.0,580.9,0.0,4.8,WSW,W,C,mm,km/h,mm
10667,2026-08-15,00:15:00,17.0,17.0,17.0,22.0,56.0,83.0,0.0,0.0,580.9,0.0,4.8,SSE,WSW,C,mm,km/h,mm
10668,2026-08-15,00:30:00,16.0,17.0,16.0,22.0,56.0,85.0,0.0,0.0,580.9,0.0,3.2,WNW,WSW,C,mm,km/h,mm
10669,2026-08-15,00:45:00,16.0,16.0,16.0,22.0,56.0,85.0,0.0,0.0,580.9,0.0,3.2,S,W,C,mm,km/h,mm
10670,2026-08-15,01:00:00,16.0,16.0,16.0,22.0,56.0,86.0,0.0,0.0,580.9,0.0,1.6,NW,WNW,C,mm,km/h,mm
10671,2026-08-15,01:15:00,16.0,16.0,16.0,22.0,56.0,86.0,0.0,0.0,580.8,0.0,1.6,WNW,WNW,C,mm,km/h,mm
10672,2026-08-15,01:30:00,15.0,16.0,15.0,22.0,56.0,87.0,0.0,0.0,580.8,0.0,3.2,NNE,NNE,C,mm,km/h,mm
10673,2026-08-15,01:45:00,15.0,15.0,15.0,21.0,56.0,88.0,0.0,0.0,580.8,0.0,1.6,W,W,C,mm,km/h,mm
10674,2026-08-15,02:00:00,15.0,15.0,15.0,21.0,56.0,88.0,0.0,0.0,580.5,0.0,0.0,,,C,mm,km/h,mm
10675,2026-08-15,02:15:00,15.0,15.0,15.0,21.0,56.0,89.0,0.0,0.0,580.5,0.0,0.0,,,C,mm,km/h,mm
10676,2026-08-15,02:30:00,15.0,15.0,15.0,21.0,56.0,88.0,0.0,0.0,580.3,0.0,4.8,W,W,C,mm,km/h,mm
10677,2026-08-15,02:45:00,15.0,15.0,15.0,21.0,56.0,87.0,0.0,0.0,580.3,0.0,0.0,,,C,mm,km/h,mm
10678,2026-08-15,03:00:00,15.0,15.0,15.0,21.0,56.0,88.0,0.0,0.0,580.2,0.0,0.0,,,C,mm,km/h,mm
10679,2026-08-15,03:15:00,15.0,15.0,15.0,21.0,56.0,88.0,0.0,0.0,580.3,0.0,0.0,,,C,mm,km/h,mm
10680,2026-08-15,03:30:00,14.0,15.0,14.0,21.0,56.0,90.0,0.0,0.0,580.2,0.0,0.0,,,C,mm,km/h,mm
10681,2026-08-15,03:45:00,14.0,14.0,14.0,21.0,56.0,90.0,0.0,0.0,580.3,0.0,0.0,,,C,mm,km/h,mm
10682,2026-08-15,04:00:00,14.0,14.0,14.0,21.0,56.0,91.0,0.0,0.0,580.3,0.0,0.0,,,C,mm,km/h,mm
10683,2026-08-15,04:15:00,13.0,14.0,13.0,21.0,56.0,91.0,0.0,0.0,580.1,0.0,0.0,,,C,mm,km/h,mm
10684,2026-08-15,04:30:00,13.0,13.0,13.0,21.0,56.0,92.0,0.0,0.0,580.2,0.0,0.0,,,C,mm,km/h,mm
10685,2026-08-15,04:45:00,13.0,13.0,13.0,21.0,56.0,92.0,0.0,0.0,580.0,0.0,0.0,,,C,mm,km/h,mm
10686,2026-08-15,05:00:00,13.0,13.0,13.0,21.0,56.0,93.0,0.0,0.0,580.2,0.0,0.0,,,C,mm,km/h,mm
10687,2026-08-15,05:15:00,13.0,13.0,13.0,21.0,57.0,93.0,0.0,0.0,580.2,0.0,0.0,,,C,mm,km/h,mm
10688,2026-08-15,05:30:00,13.0,13.0,13.0,21.0,57.0,93.0,0.0,0.0,580.2,0.0,0.0,,,C,mm,km/h,mm
10689,2026-08-15,05:45:00,13.0,13.0,13.0,21.0,56.0,93.0,0.0,0.0,580.3,0.0,0.0,,,C,mm,km/h,mm
10690,2026-08-15,06:00:00,13.0,13.0,13.0,21.0,56.0,92.0,0.0,0.0,580.2,0.0,0.0,,,C,mm,km/h,mm
10691,2026-08-15,06:15:00,14.0,14.0,13.0,21.0,56.0,91.0,0.0,0.0,580.3,0.0,0.0,,,C,mm,km/h,mm
10692,2026-08-15,06:30:00,14.0,14.0,14.0,21.0,56.0,91.0,0.0,0.0,580.3,0.0,0.0,,,C,mm,km/h,mm
10693,2026-08-15,06:45:00,14.0,14.0,14.0,21.0,56.0,91.0,0.0,0.0,580.4,0.0,0.0,,,C,mm,km/h,mm
10694,2026-08-15,07:00:00,14.0,14.0,14.0,21.0,56.0,91.0,0.0,0.0,580.7,0.0,0.0,,,C,mm,km/h,mm
10695,2026-08-15,07:15:00,14.0,14.0,14.0,21.0,56.0,91.0,0.0,0.0,580.7,0.0,0.0,,,C,mm,km/h,mm
10696,2026-08-15,07:30:00,14.0,14.0,14.0,21.0,57.0,90.0,0.0,0.0,580.7,0.0,0.0,,,C,mm,km/h,mm
10697,2026-08-15,07:45:00,15.0,15.0,14.0,21.0,57.0,88.0,0.0,0.0,580.7,0.0,0.0,,,C,mm,km/h,mm
10698,2026-08-15,08:00:00,16.0,16.0,15.0,21.0,57.0,84.0,0.0,0.0,580.7,0.0,0.0,,,C,mm,km/h,mm
10699,2026-08-15,08:15:00,17.0,17.0,16.0,21.0,57.0,81.0,0.0,0.0,580.9,0.0,1.6,NE,NE,C,mm,km/h,mm
10700,2026-08-15,08:30:00,17.0,17.0,17.0,21.0,57.0,79.0,0.0,0.0,580.8,0.0,0.0,,,C,mm,km/h,mm
10701,2026-08-15,08:45:00,18.0,18.0,17.0,21.0,56.0,78.0,0.0,0.0,580.8,0.0,0.0,,,C,mm,km/h,mm
10702,2026-08-15,09:00:00,18.0,18.0,18.0,21.0,56.0,76.0,0.0,0.0,580.9,0.0,0.0,,,C,mm,km/h,mm
10703,2026-08-15,09:15:00,18.0,18.0,18.0,21.0,57.0,75.0,0.0,0.0,581.1,0.0,1.6,WNW,WNW,C,mm,km/h,mm
10704,2026-08-15,09:30:00,19.0,19.0,18.0,21.0,56.0,71.0,0.0,0.0,581.2,0.0,1.6,WNW,WNW,C,mm,km/h,mm
10705,2026-08-15,09:45:00,20.0,20.0,19.0,21.0,56.0,68.0,0.0,0.0,581.4,0.0,4.8,W,W,C,mm,km/h,mm
10706,2026-08-15,10:00:00,20.0,20.0,20.0,21.0,56.0,69.0,0.0,0.0,581.4,0.0,6.4,WSW,WSW,C,mm,km/h,mm
10707,2026-08-15,10:15:00,19.0,20.0,19.0,21.0,56.0,68.0,0.0,0.0,581.6,1.6,9.7,SSW,SW,C,mm,km/h,mm
10708,2026-08-15,10:30:00,20.0,20.0,19.0,21.0,56.0,67.0,0.0,0.0,581.7,3.2,9.7,NW,SW,C,mm,km/h,mm
10709,2026-08-15,10:45:00,21.0,21.0,20.0,21.0,56.0,63.0,0.0,0.0,581.4,3.2,11.3,SW,WSW,C,mm,km/h,mm
10710,2026-08-15,11:00:00,22.0,22.0,21.0,21.0,56.0,60.0,0.0,0.0,581.5,1.6,11.3,WSW,WSW,C,mm,km/h,mm
10711,2026-08-15,11:15:00,22.0,22.0,22.0,21.0,56.0,57.0,0.0,0.0,581.4,1.6,9.7,W,SW,C,mm,km/h,mm
10712,2026-08-15,11:30:00,23.0,23.0,22.0,21.0,55.0,55.0,0.0,0.0,581.4,1.6,8.0,S,SW,C,mm,km/h,mm
10713,2026-08-15,11:45:00,23.0,23.0,23.0,21.0,55.0,55.0,0.0,0.0,581.3,3.2,12.9,SW,WSW,C,mm,km/h,mm
10714,2026-08-15,12:00:00,24.0,24.0,23.0,21.0,55.0,52.0,0.0,0.0,581.2,1.6,8.0,SW,WSW,C,mm,km/h,mm
10715,2026-08-15,12:15:00,24.0,24.0,24.0,21.0,55.0,51.0,0.0,0.0,581.1,3.2,11.3,SW,WSW,C,mm,km/h,mm
10716,2026-08-15,12:30:00,25.0,25.0,24.0,21.0,54.0,50.0,0.0,0.0,580.9,3.2,12.9,SSW,WSW,C,mm,km/h,mm
10717,2026-08-15,12:45:00,25.0,25.0,25.0,21.0,54.0,47.0,0.0,0.0,580.7,1.6,9.7,WSW,WSW,C,mm,km/h,mm
10718,2026-08-15,13:00:00,25.0,25.0,25.0,21.0,54.0,47.0,0.0,0.0,580.5,1.6,9.7,NW,E,C,mm,km/h,mm
10719,2026-08-15,13:15:00,24.0,25.0,24.0,21.0,54.0,46.0,0.0,0.0,580.3,1.6,8.0,SE,E,C,mm,km/h,mm
10720,2026-08-15,13:30:00,25.0,25.0,24.0,21.0,53.0,45.0,0.0,0.0,580.0,1.6,8.0,SSE,E,C,mm,km/h,mm
10721,2026-08-15,13:45:00,25.0,25.0,24.0,21.0,53.0,45.0,0.0,0.0,579.7,1.6,11.3,SE,E,C,mm,km/h,mm
10722,2026-08-15,14:00:00,26.0,26.0,25.0,21.0,53.0,44.0,0.0,0.0,579.5,1.6,8.0,WSW,S,C,mm,km/h,mm
10723,2026-08-15,14:15:00,26.0,27.0,26.0,21.0,53.0,42.0,0.0,0.0,579.3,1.6,8.0,WSW,W,C,mm,km/h,mm
10724,2026-08-15,14:30:00,26.0,26.0,26.0,21.0,52.0,43.0,0.0,0.0,579.1,1.6,6.4,E,E,C,mm,km/h,mm
10725,2026-08-15,14:45:00,27.0,27.0,26.0,21.0,52.0,40.0,0.0,0.0,579.0,1.6,9.7,WNW,ESE,C,mm,km/h,mm
10726,2026-08-15,15:00:00,27.0,27.0,27.0,21.0,52.0,40.0,0.0,0.0,578.8,3.2,11.3,WSW,WSW,C,mm,km/h,mm
10727,2026-08-15,15:15:00,27.0,27.0,27.0,21.0,51.0,38.0,0.0,0.0,578.5,1.6,8.0,WSW,WSW,C,mm,km/h,mm
10728,2026-08-15,15:30:00,28.0,28.0,27.0,21.0,51.0,38.0,0.0,0.0,578.4,1.6,9.7,SSE,W,C,mm,km/h,mm
10729,2026-08-15,15:45:00,27.0,28.0,27.0,21.0,51.0,38.0,0.0,0.0,578.2,1.6,9.7,SW,NE,C,mm,km/h,mm
10730,2026-08-15,16:00:00,27.0,27.0,27.0,21.0,51.0,39.0,0.0,0.0,578.0,3.2,12.9,E,WSW,C,mm,km/h,mm
10731,2026-08-15,16:15:00,26.0,27.0,26.0,21.0,50.0,40.0,0.0,0.0,577.9,3.2,12.9,W,WSW,C,mm,km/h,mm
10732,2026-08-15,16:30:00,26.0,26.0,26.0,21.0,50.0,39.0,0.0,0.0,577.9,3.2,12.9,W,WSW,C,mm,km/h,mm
10733,2026-08-15,16:45:00,26.0,26.0,26.0,21.0,50.0,40.0,0.0,0.0,577.9,1.6,6.4,WSW,W,C,mm,km/h,mm
10734,2026-08-15,17:00:00,26.0,26.0,26.0,22.0,50.0,41.0,0.0,0.0,577.9,3.2,12.9,NW,WSW,C,mm,km/h,mm
10735,2026-08-15,17:15:00,26.0,26.0,26.0,22.0,49.0,43.0,0.0,0.0,577.7,3.2,14.5,NNE,WSW,C,mm,km/h,mm
10736,2026-08-15,17:30:00,25.0,26.0,25.0,22.0,49.0,45.0,0.0,0.0,577.8,3.2,14.5,NNE,WSW,C,mm,km/h,mm
10737,2026-08-15,17:45:00,25.0,25.0,25.0,22.0,49.0,44.0,0.0,0.0,577.8,4.8,14.5,S,WSW,C,mm,km/h,mm
10738,2026-08-15,18:00:00,24.0,25.0,24.0,22.0,49.0,42.0,0.0,0.0,577.9,4.8,16.1,SSW,WSW,C,mm,km/h,mm
10739,2026-08-15,18:15:00,24.0,24.0,24.0,22.0,49.0,41.0,0.0,0.0,577.9,3.2,16.1,S,SSW,C,mm,km/h,mm
10740,2026-08-15,18:30:00,24.0,24.0,24.0,22.0,49.0,53.0,0.0,0.0,578.0,4.8,20.9,NNW,W,C,mm,km/h,mm
10741,2026-08-15,18:45:00,23.0,24.0,23.0,22.0,48.0,57.0,0.0,0.0,578.2,4.8,19.3,W,WSW,C,mm,km/h,mm
10742,2026-08-15,19:00:00,21.0,23.0,21.0,22.0,49.0,67.0,0.4,8.4,578.4,6.4,19.3,W,W,C,mm,km/h,mm
10743,2026-08-15,19:15:00,20.0,21.0,20.0,22.0,49.0,66.0,0.0,0.0,578.4,6.4,16.1,SSE,W,C,mm,km/h,mm
10744,2026-08-15,19:30:00,20.0,20.0,20.0,22.0,50.0,65.0,0.0,0.0,578.5,4.8,19.3,WSW,WSW,C,mm,km/h,mm
10745,2026-08-15,19:45:00,20.0,20.0,20.0,22.0,50.0,66.0,0.0,0.0,578.8,4.8,22.5,NNW,NNW,C,mm,km/h,mm
10746,2026-08-15,20:00:00,19.0,20.0,19.0,22.0,50.0,66.0,0.0,0.0,578.7,4.8,17.7,WSW,W,C,mm,km/h,mm
10747,2026-08-15,20:15:00,19.0,19.0,19.0,22.0,51.0,67.0,0.0,0.0,579.1,3.2,14.5,WSW,NW,C,mm,km/h,mm
10748,2026-08-15,20:30:00,19.0,19.0,19.0,22.0,51.0,68.0,0.0,0.0,579.3,3.2,14.5,WNW,WSW,C,mm,km/h,mm
10749,2026-08-15,20:45:00,18.0,19.0,18.0,22.0,51.0,69.0,0.0,0.0,579.5,3.2,14.5,WNW,NW,C,mm,km/h,mm
10750,2026-08-15,21:00:00,18.0,18.0,18.0,22.0,51.0,70.0,0.0,0.0,579.8,3.2,12.9,SW,W,C,mm,km/h,mm
10751,2026-08-15,21:15:00,18.0,18.0,18.0,22.0,51.0,70.0,0.0,0.0,579.9,1.6,9.7,SSE,W,C,mm,km/h,mm
10752,2026-08-15,21:30:00,18.0,18.0,18.0,22.0,51.0,69.0,0.0,0.0,580.0,3.2,14.5,WSW,W,C,mm,km/h,mm
10753,2026-08-15,21:45:00,18.0,18.0,18.0,22.0,51.0,70.0,0.0,0.0,580.2,3.2,12.9,W,W,C,mm,km/h,mm
10754,2026-08-15,22:00:00,18.0,18.0,18.0,22.0,51.0,70.0,0.0,0.0,580.3,3.2,8.0,WSW,WSW,C,mm,km/h,mm
10755,2026-08-15,22:15:00,18.0,18.0,18.0,22.0,52.0,71.0,0.0,0.0,580.6,1.6,9.7,SSW,W,C,mm,km/h,mm
10756,2026-08-15,22:30:00,18.0,18.0,18.0,22.0,52.0,72.0,0.0,0.0,580.9,0.0,6.4,SW,W,C,mm,km/h,mm
10757,2026-08-15,22:45:00,18.0,18.0,18.0,22.0,52.0,72.0,0.0,0.0,580.8,1.6,11.3,W,W,C,mm,km/h,mm
10758,2026-08-15,23:00:00,18.0,18.0,18.0,22.0,52.0,73.0,0.0,0.0,580.9,1.6,8.0,WNW,WSW,C,mm,km/h,mm
10759,2026-08-15,23:15:00,18.0,18.0,18.0,22.0,52.0,74.0,0.0,0.0,580.9,3.2,9.7,WSW,WSW,C,mm,km/h,mm
10760,2026-08-15,23:30:00,17.0,18.0,17.0,22.0,52.0,74.0,0.0,0.0,581.1,1.6,9.7,WNW,W,C,mm,km/h,mm
10761,2026-08-15,23:45:00,17.0,17.0,17.0,22.0,52.0,75.0,0.0,0.0,580.8,1.6,9.7,W,W,C,mm,km/h,mm
10762,2026-08-16,00:15:00,17.0,17.0,17.0,22.0,52.0,76.0,0.0,0.0,581.0,3.2,9.7,WSW,WSW,C,mm,km/h,mm
10763,2026-08-16,00:30:00,17.0,17.0,17.0,22.0,52.0,76.0,0.0,0.0,580.8,3.2,9.7,WSW,W,C,mm,km/h,mm
10764,2026-08-16,00:45:00,17.0,17.0,17.0,22.0,52.0,78.0,0.0,0.0,580.6,1.6,6.4,W,WSW,C,mm,km/h,mm
10765,2026-08-16,01:00:00,17.0,17.0,17.0,22.0,53.0,79.0,0.0,0.0,580.4,0.0,8.0,WSW,WSW,C,mm,km/h,mm
10766,2026-08-16,01:15:00,16.0,17.0,16.0,22.0,53.0,80.0,0.0,0.0,580.3,0.0,3.2,W,W,C,mm,km/h,mm
10767,2026-08-16,01:30:00,16.0,16.0,16.0,22.0,53.0,80.0,0.0,0.0,580.4,0.0,1.6,NW,NW,C,mm,km/h,mm
10768,2026-08-16,01:45:00,16.0,16.0,16.0,22.0,53.0,81.0,0.0,0.0,580.4,0.0,0.0,,,C,mm,km/h,mm
10769,2026-08-16,02:00:00,16.0,16.0,16.0,22.0,53.0,80.0,0.0,0.0,580.3,0.0,1.6,NW,NW,C,mm,km/h,mm
10770,2026-08-16,02:15:00,16.0,16.0,16.0,22.0,53.0,80.0,0.0,0.0,580.3,0.0,3.2,WNW,WNW,C,mm,km/h,mm
10771,2026-08-16,02:30:00,16.0,16.0,16.0,22.0,53.0,79.0,0.0,0.0,580.4,0.0,1.6,NNW,NNW,C,mm,km/h,mm
10772,2026-08-16,02:45:00,16.0,16.0,16.0,22.0,53.0,80.0,0.0,0.0,580.3,0.0,1.6,SE,SE,C,mm,km/h,mm
10773,2026-08-16,03:00:00,16.0,16.0,16.0,22.0,53.0,81.0,0.0,0.0,580.2,0.0,4.8,SW,WSW,C,mm,km/h,mm
10774,2026-08-16,03:15:00,16.0,16.0,16.0,22.0,53.0,82.0,0.0,0.0,580.1,0.0,4.8,WSW,SW,C,mm,km/h,mm
10775,2026-08-16,03:30:00,16.0,16.0,16.0,22.0,53.0,82.0,0.0,0.0,580.1,0.0,6.4,W,W,C,mm,km/h,mm
10776,2026-08-16,03:45:00,15.0,16.0,15.0,22.0,53.0,84.0,0.0,0.0,580.3,0.0,4.8,WSW,WSW,C,mm,km/h,mm
10777,2026-08-16,04:00:00,15.0,15.0,15.0,22.0,53.0,83.0,0.0,0.0,580.3,0.0,6.4,WNW,W,C,mm,km/h,mm
10778,2026-08-16,04:15:00,15.0,15.0,15.0,21.0,54.0,83.0,0.0,0.0,580.3,0.0,4.8,WSW,W,C,mm,km/h,mm
10779,2026-08-16,04:30:00,15.0,15.0,15.0,21.0,54.0,84.0,0.0,0.0,580.3,0.0,4.8,WSW,WSW,C,mm,km/h,mm
10780,2026-08-16,04:45:00,15.0,15.0,15.0,21.0,54.0,85.0,0.0,0.0,580.3,0.0,0.0,,,C,mm,km/h,mm
10781,2026-08-16,05:00:00,15.0,15.0,15.0,21.0,54.0,85.0,0.0,0.0,580.4,0.0,1.6,ENE,NNE,C,mm,km/h,mm
10782,2026-08-16,05:15:00,15.0,15.0,15.0,21.0,54.0,86.0,0.0,0.0,580.5,0.0,3.2,SSW,SW,C,mm,km/h,mm
10783,2026-08-16,05:30:00,15.0,15.0,15.0,21.0,54.0,86.0,0.0,0.0,580.6,0.0,0.0,,,C,mm,km/h,mm
10784,2026-08-16,05:45:00,14.0,15.0,14.0,21.0,54.0,87.0,0.0,0.0,580.6,0.0,0.0,,,C,mm,km/h,mm
10785,2026-08-16,06:00:00,14.0,14.0,14.0,21.0,54.0,87.0,0.0,0.0,580.6,0.0,0.0,,,C,mm,km/h,mm
10786,2026-08-16,06:15:00,14.0,14.0,14.0,21.0,54.0,85.0,0.0,0.0,580.7,0.0,3.2,SW,W,C,mm,km/h,mm
10787,2026-08-16,06:30:00,14.0,14.0,14.0,21.0,54.0,85.0,0.0,0.0,580.9,0.0,1.6,W,W,C,mm,km/h,mm
10788,2026-08-16,06:45:00,13.0,14.0,13.0,21.0,54.0,86.0,0.0,0.0,580.9,0.0,0.0,,,C,mm,km/h,mm
10789,2026-08-16,07:00:00,14.0,14.0,13.0,21.0,54.0,85.0,0.0,0.0,580.8,0.0,0.0,,,C,mm,km/h,mm
10790,2026-08-16,07:15:00,15.0,15.0,14.0,21.0,54.0,83.0,0.0,0.0,580.7,0.0,3.2,WSW,WSW,C,mm,km/h,mm
10791,2026-08-16,07:30:00,15.0,15.0,15.0,21.0,54.0,82.0,0.0,0.0,580.9,0.0,0.0,,,C,mm,km/h,mm
10792,2026-08-16,07:45:00,15.0,15.0,15.0,21.0,53.0,80.0,0.0,0.0,580.9,0.0,3.2,WNW,WNW,C,mm,km/h,mm
10793,2026-08-16,08:00:00,17.0,17.0,15.0,21.0,53.0,76.0,0.0,0.0,581.1,0.0,4.8,WNW,WSW,C,mm,km/h,mm
10794,2026-08-16,08:15:00,18.0,18.0,17.0,21.0,53.0,71.0,0.0,0.0,581.1,0.0,4.8,WNW,W,C,mm,km/h,mm
10795,2026-08-16,08:30:00,18.0,18.0,18.0,21.0,53.0,69.0,0.0,0.0,581.1,1.6,8.0,SSW,NNW,C,mm,km/h,mm
10796,2026-08-16,08:45:00,19.0,19.0,18.0,21.0,53.0,66.0,0.0,0.0,580.9,1.6,12.9,WSW,WSW,C,mm,km/h,mm
10797,2026-08-16,09:00:00,19.0,19.0,19.0,21.0,53.0,63.0,0.0,0.0,580.7,1.6,6.4,SSW,SW,C,mm,km/h,mm
10798,2026-08-16,09:15:00,20.0,20.0,19.0,21.0,53.0,61.0,0.0,0.0,580.6,1.6,8.0,SW,WSW,C,mm,km/h,mm
10799,2026-08-16,09:30:00,20.0,20.0,20.0,21.0,52.0,61.0,0.0,0.0,580.6,1.6,9.7,W,W,C,mm,km/h,mm
10800,2026-08-16,09:45:00,21.0,21.0,20.0,21.0,52.0,59.0,0.0,0.0,580.4,1.6,8.0,WNW,SW,C,mm,km/h,mm
10801,2026-08-16,10:00:00,21.0,21.0,21.0,21.0,52.0,58.0,0.0,0.0,580.3,1.6,11.3,WNW,WSW,C,mm,km/h,mm
10802,2026-08-16,10:15:00,22.0,22.0,21.0,21.0,52.0,55.0,0.0,0.0,580.3,1.6,9.7,NNW,WSW,C,mm,km/h,mm
10803,2026-08-16,10:30:00,22.0,22.0,21.0,21.0,52.0,52.0,0.0,0.0,580.4,1.6,6.4,NNW,ESE,C,mm,km/h,mm
10804,2026-08-16,10:45:00,23.0,23.0,22.0,21.0,52.0,45.0,0.0,0.0,580.4,1.6,8.0,NW,NNW,C,mm,km/h,mm
10805,2026-08-16,11:00:00,23.0,23.0,23.0,21.0,52.0,49.0,0.0,0.0,580.4,1.6,6.4,E,ENE,C,mm,km/h,mm
10806,2026-08-16,11:15:00,23.0,23.0,23.0,21.0,51.0,46.0,0.0,0.0,580.3,1.6,6.4,NW,E,C,mm,km/h,mm
10807,2026-08-16,11:30:00,24.0,24.0,23.0,21.0,51.0,44.0,0.0,0.0,580.2,1.6,9.7,E,NNW,C,mm,km/h,mm
10808,2026-08-16,11:45:00,24.0,24.0,23.0,21.0,51.0,46.0,0.0,0.0,580.0,1.6,8.0,E,E,C,mm,km/h,mm
10809,2026-08-16,12:00:00,25.0,25.0,24.0,21.0,51.0,42.0,0.0,0.0,579.9,1.6,9.7,WSW,W,C,mm,km/h,mm
10810,2026-08-16,12:15:00,25.0,25.0,24.0,21.0,51.0,42.0,0.0,0.0,579.6,1.6,9.7,S,ESE,C,mm,km/h,mm
10811,2026-08-16,12:30:00,26.0,26.0,25.0,21.0,51.0,40.0,0.0,0.0,579.6,1.6,9.7,W,NNW,C,mm,km/h,mm
10812,2026-08-16,12:45:00,26.0,26.0,26.0,21.0,51.0,38.0,0.0,0.0,579.4,1.6,12.9,ESE,E,C,mm,km/h,mm
10813,2026-08-16,13:00:00,27.0,27.0,25.0,21.0,50.0,39.0,0.0,0.0,579.3,1.6,8.0,WNW,E,C,mm,km/h,mm
10814,2026-08-16,13:15:00,27.0,27.0,26.0,21.0,50.0,38.0,0.0,0.0,579.0,1.6,8.0,WNW,NNW,C,mm,km/h,mm
10815,2026-08-16,13:30:00,27.0,27.0,27.0,21.0,50.0,38.0,0.0,0.0,579.0,1.6,11.3,NNW,NNW,C,mm,km/h,mm
10816,2026-08-16,13:45:00,26.0,27.0,26.0,21.0,50.0,38.0,0.0,0.0,578.7,1.6,6.4,WNW,NNW,C,mm,km/h,mm
10817,2026-08-16,14:00:00,26.0,27.0,26.0,21.0,50.0,38.0,0.0,0.0,578.4,1.6,11.3,SSW,NNW,C,mm,km/h,mm
10818,2026-08-16,14:15:00,26.0,26.0,26.0,21.0,50.0,43.0,0.0,0.0,578.2,1.6,11.3,W,NNW,C,mm,km/h,mm
10819,2026-08-16,14:30:00,26.0,26.0,26.0,21.0,49.0,41.0,0.0,0.0,578.0,0.0,4.8,WSW,W,C,mm,km/h,mm
10820,2026-08-16,14:45:00,25.0,26.0,25.0,21.0,49.0,41.0,0.0,0.0,577.8,0.0,6.4,NW,NNW,C,mm,km/h,mm
10821,2026-08-16,15:00:00,26.0,26.0,25.0,21.0,49.0,41.0,0.0,0.0,577.6,0.0,8.0,WNW,NNW,C,mm,km/h,mm
10822,2026-08-16,15:15:00,26.0,26.0,26.0,21.0,49.0,40.0,0.0,0.0,577.6,1.6,9.7,NNE,NNW,C,mm,km/h,mm
10823,2026-08-16,15:30:00,26.0,26.0,26.0,22.0,49.0,43.0,0.0,0.0,577.3,0.0,9.7,SSW,W,C,mm,km/h,mm
10824,2026-08-16,15:45:00,25.0,26.0,25.0,22.0,49.0,47.0,0.0,0.0,577.3,1.6,9.7,NNE,WNW,C,mm,km/h,mm
10825,2026-08-16,16:00:00,24.0,25.0,24.0,22.0,49.0,46.0,0.0,0.0,577.1,3.2,17.7,W,WSW,C,mm,km/h,mm
10826,2026-08-16,16:15:00,24.0,24.0,24.0,22.0,49.0,50.0,0.0,0.0,577.0,3.2,11.3,SW,WSW,C,mm,km/h,mm
10827,2026-08-16,16:30:00,24.0,24.0,24.0,22.0,49.0,53.0,0.0,0.0,577.3,1.6,8.0,NW,W,C,mm,km/h,mm
10828,2026-08-16,16:45:00,21.0,24.0,21.0,22.0,49.0,59.0,0.0,0.0,577.5,1.6,17.7,SW,NW,C,mm,km/h,mm
10829,2026-08-16,17:00:00,21.0,21.0,21.0,22.0,49.0,59.0,0.0,0.0,577.3,0.0,4.8,W,SW,C,mm,km/h,mm
10830,2026-08-16,17:15:00,20.0,21.0,20.0,22.0,49.0,69.0,0.4,5.4,577.3,0.0,4.8,SSW,SW,C,mm,km/h,mm
10831,2026-08-16,17:30:00,19.0,20.0,19.0,22.0,50.0,79.0,0.0,0.8,577.7,0.0,3.2,NW,NNW,C,mm,km/h,mm
10832,2026-08-16,17:45:00,18.0,19.0,18.0,22.0,50.0,81.0,1.0,25.4,577.3,0.0,3.2,NW,NW,C,mm,km/h,mm
10833,2026-08-16,18:00:00,17.0,18.0,17.0,22.0,51.0,84.0,0.6,25.4,577.3,0.0,3.2,NE,NE,C,mm,km/h,mm
10834,2026-08-16,18:15:00,17.0,17.0,17.0,22.0,52.0,83.0,0.0,0.0,577.6,0.0,4.8,NNE,NE,C,mm,km/h,mm
10835,2026-08-16,18:30:00,17.0,17.0,17.0,22.0,53.0,83.0,0.0,0.0,577.7,1.6,12.9,WNW,WSW,C,mm,km/h,mm
10836,2026-08-16,18:45:00,17.0,17.0,17.0,22.0,53.0,82.0,0.0,0.0,577.9,1.6,8.0,W,W,C,mm,km/h,mm
10837,2026-08-16,19:00:00,16.0,17.0,16.0,22.0,54.0,84.0,1.4,26.4,578.3,1.6,12.9,WNW,NW,C,mm,km/h,mm
10838,2026-08-16,19:15:00,15.0,16.0,15.0,22.0,54.0,87.0,3.2,37.6,578.3,0.0,6.4,NW,NNW,C,mm,km/h,mm
10839,2026-08-16,19:30:00,16.0,16.0,15.0,22.0,54.0,88.0,3.2,35.6,578.7,1.6,12.9,ESE,NNW,C,mm,km/h,mm
10840,2026-08-16,19:45:00,15.0,16.0,15.0,22.0,54.0,88.0,1.4,16.8,578.7,0.0,4.8,WNW,SW,C,mm,km/h,mm
10841,2026-08-16,20:00:00,16.0,16.0,15.0,22.0,55.0,89.0,3.8,71.2,578.8,1.6,9.7,SW,WSW,C,mm,km/h,mm
10842,2026-08-16,20:15:00,16.0,16.0,16.0,22.0,55.0,90.0,0.2,13.8,579.0,0.0,3.2,W,W,C,mm,km/h,mm
10843,2026-08-16,20:30:00,16.0,16.0,16.0,22.0,55.0,90.0,0.0,0.0,579.1,0.0,0.0,,,C,mm,km/h,mm
10844,2026-08-16,20:45:00,15.0,16.0,15.0,22.0,55.0,90.0,0.0,0.0,579.4,0.0,0.0,,,C,mm,km/h,mm
10845,2026-08-16,21:00:00,15.0,15.0,15.0,22.0,55.0,90.0,0.0,0.0,579.7,0.0,0.0,,,C,mm,km/h,mm
10846,2026-08-16,21:15:00,15.0,15.0,15.0,22.0,56.0,91.0,0.0,0.0,580.0,0.0,0.0,,,C,mm,km/h,mm
10847,2026-08-16,21:30:00,15.0,15.0,15.0,22.0,56.0,91.0,0.0,0.0,580.0,0.0,0.0,,,C,mm,km/h,mm
10848,2026-08-16,21:45:00,15.0,15.0,15.0,22.0,56.0,92.0,0.0,0.0,580.1,0.0,0.0,,,C,mm,km/h,mm
10849,2026-08-16,22:00:00,15.0,15.0,15.0,22.0,56.0,92.0,0.0,0.0,580.3,0.0,0.0,,,C,mm,km/h,mm
10850,2026-08-16,22:15:00,15.0,15.0,15.0,22.0,56.0,92.0,0.0,0.0,580.3,0.0,1.6,ENE,ENE,C,mm,km/h,mm
10851,2026-08-16,22:30:00,15.0,15.0,15.0,22.0,56.0,92.0,0.0,0.0,580.3,0.0,0.0,,,C,mm,km/h,mm
10852,2026-08-16,22:45:00,15.0,15.0,15.0,22.0,56.0,91.0,0.0,0.0,580.4,0.0,0.0,,,C,mm,km/h,mm
10853,2026-08-16,23:00:00,15.0,15.0,15.0,22.0,56.0,90.0,0.0,0.0,580.6,0.0,0.0,,,C,mm,km/h,mm
10854,2026-08-16,23:15:00,15.0,15.0,15.0,22.0,56.0,90.0,0.0,0.0,580.7,0.0,0.0,,,C,mm,km/h,mm
10855,2026-08-16,23:30:00,15.0,15.0,15.0,22.0,56.0,90.0,0.0,0.0,580.8,0.0,0.0,,,C,mm,km/h,mm
10856,2026-08-16,23:45:00,15.0,15.0,15.0,22.0,56.0,90.0,0.0,0.0,580.9,0.0,0.0,,,C,mm,km/h,mm
10857,2026-08-17,00:15:00,15.0,15.0,15.0,21.0,56.0,88.0,0.0,0.0,580.6,0.0,0.0,,,C,mm,km/h,mm
10858,2026-08-17,00:30:00,15.0,15.0,15.0,21.0,56.0,86.0,0.0,0.0,580.4,0.0,1.6,SSE,S,C,mm,km/h,mm
10859,2026-08-17,00:45:00,15.0,15.0,15.0,21.0,56.0,85.0,0.0,0.0,580.2,0.0,1.6,SSW,SW,C,mm,km/h,mm
10860,2026-08-17,01:00:00,15.0,15.0,15.0,21.0,56.0,87.0,0.0,0.0,580.2,0.0,0.0,,,C,mm,km/h,mm
10861,2026-08-17,01:15:00,14.0,15.0,14.0,21.0,56.0,87.0,0.0,0.0,580.0,0.0,1.6,SW,WSW,C,mm,km/h,mm
10862,2026-08-17,01:30:00,15.0,15.0,14.0,21.0,55.0,85.0,0.0,0.0,580.0,0.0,3.2,WSW,W,C,mm,km/h,mm
10863,2026-08-17,01:45:00,14.0,15.0,14.0,21.0,55.0,86.0,0.0,0.0,579.9,0.0,0.0,,,C,mm,km/h,mm
10864,2026-08-17,02:00:00,15.0,15.0,14.0,21.0,55.0,86.0,0.0,0.0,579.9,0.0,4.8,SW,W,C,mm,km/h,mm
10865,2026-08-17,02:15:00,15.0,15.0,15.0,21.0,55.0,86.0,0.0,0.0,579.7,1.6,6.4,W,W,C,mm,km/h,mm
10866,2026-08-17,02:30:00,14.0,15.0,14.0,21.0,55.0,87.0,0.0,0.0,579.6,0.0,1.6,NNW,NNW,C,mm,km/h,mm
10867,2026-08-17,02:45:00,14.0,14.0,14.0,21.0,55.0,87.0,0.0,0.0,579.6,0.0,1.6,W,W,C,mm,km/h,mm
10868,2026-08-17,03:00:00,14.0,14.0,14.0,21.0,55.0,87.0,0.0,0.0,579.6,0.0,3.2,WSW,WSW,C,mm,km/h,mm
10869,2026-08-17,03:15:00,14.0,14.0,14.0,21.0,55.0,87.0,0.0,0.0,579.5,0.0,0.0,,,C,mm,km/h,mm
10870,2026-08-17,03:30:00,13.0,14.0,13.0,21.0,55.0,88.0,0.0,0.0,579.4,0.0,0.0,,,C,mm,km/h,mm
10871,2026-08-17,03:45:00,13.0,13.0,13.0,21.0,55.0,88.0,0.0,0.0,579.3,0.0,0.0,,,C,mm,km/h,mm
10872,2026-08-17,04:00:00,13.0,13.0,13.0,21.0,55.0,88.0,0.0,0.0,579.3,0.0,1.6,WSW,WSW,C,mm,km/h,mm
10873,2026-08-17,04:15:00,13.0,13.0,13.0,21.0,55.0,87.0,0.0,0.0,579.4,0.0,1.6,WNW,SE,C,mm,km/h,mm
10874,2026-08-17,04:30:00,14.0,14.0,13.0,21.0,54.0,87.0,0.0,0.0,579.5,0.0,3.2,SW,W,C,mm,km/h,mm
10875,2026-08-17,04:45:00,14.0,14.0,14.0,21.0,54.0,87.0,0.0,0.0,579.6,0.0,4.8,SW,S,C,mm,km/h,mm
10876,2026-08-17,05:00:00,14.0,14.0,14.0,21.0,54.0,87.0,0.0,0.0,579.7,0.0,4.8,SSW,SSW,C,mm,km/h,mm
10877,2026-08-17,05:15:00,14.0,14.0,13.0,21.0,54.0,88.0,0.0,0.0,579.8,0.0,4.8,S,SW,C,mm,km/h,mm
10878,2026-08-17,05:30:00,13.0,14.0,13.0,21.0,54.0,87.0,0.0,0.0,579.8,0.0,4.8,S,S,C,mm,km/h,mm
10879,2026-08-17,05:45:00,13.0,13.0,13.0,21.0,54.0,88.0,0.0,0.0,579.8,0.0,3.2,SSW,SSW,C,mm,km/h,mm
10880,2026-08-17,06:00:00,13.0,13.0,13.0,21.0,54.0,89.0,0.0,0.0,579.9,0.0,1.6,S,SW,C,mm,km/h,mm
10881,2026-08-17,06:15:00,13.0,13.0,13.0,21.0,55.0,87.0,0.0,0.0,579.9,0.0,3.2,W,WSW,C,mm,km/h,mm
10882,2026-08-17,06:30:00,13.0,13.0,13.0,21.0,53.0,86.0,0.0,0.0,579.9,0.0,3.2,WSW,SW,C,mm,km/h,mm
10883,2026-08-17,06:45:00,13.0,13.0,13.0,21.0,53.0,85.0,0.0,0.0,580.0,0.0,4.8,WSW,W,C,mm,km/h,mm
10884,2026-08-17,07:00:00,13.0,13.0,13.0,21.0,53.0,85.0,0.0,0.0,580.2,0.0,1.6,W,WSW,C,mm,km/h,mm
10885,2026-08-17,07:15:00,13.0,13.0,13.0,21.0,53.0,84.0,0.0,0.0,580.2,0.0,0.0,,,C,mm,km/h,mm
10886,2026-08-17,07:30:00,14.0,14.0,13.0,21.0,52.0,83.0,0.0,0.0,580.4,0.0,3.2,SSW,SSW,C,mm,km/h,mm
10887,2026-08-17,07:45:00,14.0,15.0,14.0,21.0,52.0,79.0,0.0,0.0,580.4,0.0,4.8,SSW,WSW,C,mm,km/h,mm
10888,2026-08-17,08:00:00,15.0,15.0,15.0,21.0,52.0,71.0,0.0,0.0,580.4,0.0,3.2,SW,SW,C,mm,km/h,mm
10889,2026-08-17,08:15:00,17.0,17.0,15.0,21.0,51.0,65.0,0.0,0.0,580.4,0.0,6.4,WSW,WSW,C,mm,km/h,mm
10890,2026-08-17,08:30:00,17.0,17.0,17.0,21.0,51.0,63.0,0.0,0.0,580.4,0.0,4.8,SSE,WSW,C,mm,km/h,mm
10891,2026-08-17,08:45:00,18.0,18.0,17.0,21.0,50.0,63.0,0.0,0.0,580.5,0.0,4.8,WNW,E,C,mm,km/h,mm
10892,2026-08-17,09:00:00,18.0,18.0,18.0,21.0,50.0,60.0,0.0,0.0,580.5,1.6,9.7,W,NE,C,mm,km/h,mm
10893,2026-08-17,09:15:00,19.0,19.0,18.0,21.0,50.0,59.0,0.0,0.0,580.6,1.6,4.8,W,W,C,mm,km/h,mm
10894,2026-08-17,09:30:00,20.0,20.0,19.0,21.0,50.0,57.0,0.0,0.0,580.5,1.6,4.8,E,ENE,C,mm,km/h,mm
10895,2026-08-17,09:45:00,20.0,20.0,20.0,21.0,49.0,59.0,0.0,0.0,580.5,1.6,4.8,WNW,WSW,C,mm,km/h,mm
10896,2026-08-17,10:00:00,21.0,21.0,20.0,21.0,49.0,58.0,0.0,0.0,580.4,0.0,4.8,N,WSW,C,mm,km/h,mm
10897,2026-08-17,10:15:00,21.0,22.0,21.0,21.0,49.0,54.0,0.0,0.0,580.3,0.0,4.8,SW,W,C,mm,km/h,mm
10898,2026-08-17,10:30:00,21.0,22.0,21.0,21.0,49.0,55.0,0.0,0.0,580.4,1.6,9.7,SW,WSW,C,mm,km/h,mm
10899,2026-08-17,10:45:00,22.0,22.0,21.0,22.0,50.0,55.0,0.0,0.0,580.3,1.6,9.7,WNW,WSW,C,mm,km/h,mm
10900,2026-08-17,11:00:00,22.0,22.0,22.0,22.0,50.0,55.0,0.0,0.0,580.3,0.0,8.0,NNW,NNW,C,mm,km/h,mm
10901,2026-08-17,11:15:00,22.0,23.0,22.0,22.0,49.0,52.0,0.0,0.0,580.2,1.6,8.0,WNW,NW,C,mm,km/h,mm
10902,2026-08-17,11:30:00,22.0,23.0,22.0,22.0,49.0,53.0,0.0,0.0,580.0,1.6,6.4,SW,E,C,mm,km/h,mm
10903,2026-08-17,11:45:00,23.0,23.0,22.0,22.0,49.0,52.0,0.0,0.0,579.9,0.0,4.8,SW,ENE,C,mm,km/h,mm
10904,2026-08-17,12:00:00,23.0,23.0,23.0,22.0,49.0,55.0,0.0,0.0,579.9,1.6,8.0,E,ESE,C,mm,km/h,mm
10905,2026-08-17,12:15:00,23.0,23.0,23.0,22.0,50.0,50.0,0.0,0.0,579.7,1.6,6.4,SSW,E,C,mm,km/h,mm
10906,2026-08-17,12:30:00,24.0,24.0,23.0,22.0,50.0,43.0,0.0,0.0,579.6,1.6,9.7,NW,NW,C,mm,km/h,mm
10907,2026-08-17,12:45:00,24.0,24.0,24.0,22.0,49.0,42.0,0.0,0.0,579.6,1.6,9.7,E,E,C,mm,km/h,mm
10908,2026-08-17,13:00:00,25.0,25.0,24.0,22.0,48.0,35.0,0.0,0.0,579.3,1.6,11.3,NW,NNW,C,mm,km/h,mm
10909,2026-08-17,13:15:00,25.0,25.0,25.0,22.0,48.0,33.0,0.0,0.0,579.1,1.6,9.7,NNW,NNW,C,mm,km/h,mm
10910,2026-08-17,13:30:00,26.0,26.0,25.0,22.0,47.0,33.0,0.0,0.0,578.9,1.6,11.3,WNW,NW,C,mm,km/h,mm
10911,2026-08-17,13:45:00,26.0,26.0,26.0,22.0,47.0,32.0,0.0,0.0,578.8,3.2,14.5,W,NW,C,mm,km/h,mm
10912,2026-08-17,14:00:00,26.0,26.0,26.0,22.0,46.0,27.0,0.0,0.0,578.4,3.2,12.9,NW,NW,C,mm,km/h,mm
10913,2026-08-17,14:15:00,26.0,26.0,26.0,23.0,46.0,31.0,0.0,0.0,578.1,1.6,6.4,NW,ESE,C,mm,km/h,mm
10914,2026-08-17,14:30:00,27.0,27.0,26.0,23.0,45.0,31.0,0.0,0.0,577.9,1.6,9.7,WSW,W,C,mm,km/h,mm
10915,2026-08-17,14:45:00,27.0,27.0,27.0,23.0,44.0,27.0,0.0,0.0,577.7,1.6,11.3,SSW,WSW,C,mm,km/h,mm
10916,2026-08-17,15:00:00,27.0,27.0,27.0,23.0,44.0,26.0,0.0,0.0,577.5,3.2,12.9,SSE,E,C,mm,km/h,mm
10917,2026-08-17,15:15:00,27.0,27.0,27.0,23.0,42.0,29.0,0.0,0.0,577.5,3.2,17.7,WNW,NNW,C,mm,km/h,mm
10918,2026-08-17,15:30:00,28.0,28.0,27.0,23.0,42.0,25.0,0.0,0.0,577.3,3.2,19.3,SW,W,C,mm,km/h,mm
10919,2026-08-17,15:45:00,28.0,28.0,28.0,23.0,42.0,29.0,0.0,0.0,577.1,3.2,17.7,S,NNW,C,mm,km/h,mm
10920,2026-08-17,16:00:00,27.0,28.0,27.0,23.0,42.0,29.0,0.0,0.0,576.9,3.2,12.9,W,WSW,C,mm,km/h,mm
10921,2026-08-17,16:15:00,28.0,28.0,27.0,23.0,42.0,27.0,0.0,0.0,576.8,1.6,12.9,S,NW,C,mm,km/h,mm
10922,2026-08-17,16:30:00,27.0,28.0,27.0,23.0,42.0,31.0,0.0,0.0,576.9,1.6,12.9,NNW,WSW,C,mm,km/h,mm
10923,2026-08-17,16:45:00,25.0,26.0,25.0,23.0,42.0,35.0,0.0,0.0,576.9,3.2,16.1,W,W,C,mm,km/h,mm
10924,2026-08-17,17:00:00,25.0,25.0,25.0,23.0,42.0,37.0,0.0,0.0,576.7,3.2,14.5,SSW,NW,C,mm,km/h,mm
10925,2026-08-17,17:15:00,24.0,25.0,24.0,23.0,42.0,40.0,0.0,0.0,576.8,3.2,14.5,NNW,NNW,C,mm,km/h,mm
10926,2026-08-17,17:30:00,25.0,25.0,24.0,23.0,42.0,42.0,0.0,0.0,576.8,3.2,16.1,WSW,NNW,C,mm,km/h,mm
10927,2026-08-17,17:45:00,24.0,25.0,24.0,23.0,42.0,44.0,0.0,0.0,576.9,3.2,14.5,W,NNW,C,mm,km/h,mm
10928,2026-08-17,18:00:00,22.0,24.0,22.0,23.0,42.0,49.0,0.0,0.0,577.1,4.8,17.7,W,W,C,mm,km/h,mm
10929,2026-08-17,18:15:00,21.0,22.0,21.0,23.0,43.0,58.0,0.2,0.0,577.3,3.2,14.5,WNW,NW,C,mm,km/h,mm
10930,2026-08-17,18:30:00,19.0,21.0,19.0,23.0,43.0,62.0,0.0,0.0,577.5,1.6,12.9,N,NNW,C,mm,km/h,mm
10931,2026-08-17,18:45:00,20.0,20.0,19.0,23.0,44.0,59.0,0.2,0.0,577.5,1.6,14.5,WSW,NNW,C,mm,km/h,mm
10932,2026-08-17,19:00:00,20.0,20.0,20.0,23.0,44.0,58.0,0.0,0.0,577.7,3.2,14.5,NW,W,C,mm,km/h,mm
10933,2026-08-17,19:15:00,20.0,20.0,20.0,23.0,45.0,57.0,0.0,0.0,577.9,1.6,11.3,WNW,NNW,C,mm,km/h,mm
10934,2026-08-17,19:30:00,20.0,20.0,20.0,23.0,45.0,57.0,0.0,0.0,578.0,3.2,16.1,W,WSW,C,mm,km/h,mm
10935,2026-08-17,19:45:00,19.0,20.0,19.0,23.0,45.0,59.0,0.0,0.0,578.2,0.0,6.4,WNW,W,C,mm,km/h,mm
10936,2026-08-17,20:00:00,19.0,19.0,19.0,23.0,45.0,62.0,0.0,0.0,578.4,0.0,4.8,SSW,WSW,C,mm,km/h,mm
10937,2026-08-17,20:15:00,19.0,19.0,19.0,23.0,46.0,63.0,0.0,0.0,578.7,0.0,6.4,S,WSW,C,mm,km/h,mm
10938,2026-08-17,20:30:00,19.0,19.0,19.0,23.0,46.0,63.0,0.0,0.0,579.0,0.0,6.4,S,W,C,mm,km/h,mm
10939,2026-08-17,20:45:00,18.0,19.0,18.0,23.0,46.0,65.0,0.0,0.0,579.0,1.6,9.7,WNW,WSW,C,mm,km/h,mm
10940,2026-08-17,21:00:00,18.0,18.0,18.0,23.0,46.0,66.0,0.0,0.0,579.2,1.6,8.0,S,SW,C,mm,km/h,mm
10941,2026-08-17,21:15:00,18.0,18.0,18.0,23.0,46.0,67.0,0.0,0.0,579.4,1.6,14.5,S,WSW,C,mm,km/h,mm
10942,2026-08-17,21:30:00,17.0,18.0,17.0,23.0,46.0,69.0,0.0,0.0,579.4,0.0,8.0,S,WSW,C,mm,km/h,mm
10943,2026-08-17,21:45:00,17.0,17.0,17.0,23.0,46.0,70.0,0.0,0.0,579.5,1.6,8.0,SW,SW,C,mm,km/h,mm
10944,2026-08-17,22:00:00,17.0,17.0,17.0,23.0,46.0,70.0,0.0,0.0,579.6,1.6,8.0,SSE,WSW,C,mm,km/h,mm
10945,2026-08-17,22:15:00,17.0,17.0,17.0,22.0,46.0,70.0,0.0,0.0,579.7,3.2,12.9,SSW,SW,C,mm,km/h,mm
10946,2026-08-17,22:30:00,16.0,17.0,16.0,22.0,46.0,72.0,0.0,0.0,579.7,1.6,8.0,SW,WSW,C,mm,km/h,mm
10947,2026-08-17,22:45:00,16.0,16.0,16.0,22.0,47.0,73.0,0.0,0.0,579.8,1.6,9.7,WSW,SSW,C,mm,km/h,mm
10948,2026-08-17,23:00:00,16.0,16.0,16.0,22.0,47.0,74.0,0.0,0.0,579.9,1.6,8.0,SSW,WSW,C,mm,km/h,mm
10949,2026-08-17,23:15:00,16.0,16.0,16.0,22.0,47.0,75.0,0.0,0.0,579.9,1.6,9.7,SSW,SSW,C,mm,km/h,mm
10950,2026-08-17,23:30:00,15.0,16.0,15.0,22.0,47.0,76.0,0.0,0.0,580.0,1.6,6.4,WSW,SW,C,mm,km/h,mm
10951,2026-08-17,23:45:00,15.0,15.0,15.0,22.0,47.0,76.0,0.0,0.0,579.9,1.6,11.3,SSE,SW,C,mm,km/h,mm
10952,2026-08-18,00:15:00,15.0,15.0,15.0,22.0,48.0,75.0,0.0,0.0,579.8,3.2,11.3,W,WSW,C,mm,km/h,mm
10953,2026-08-18,00:30:00,15.0,15.0,15.0,22.0,48.0,76.0,0.0,0.0,579.9,3.2,11.3,S,SW,C,mm,km/h,mm
10954,2026-08-18,00:45:00,15.0,15.0,15.0,22.0,48.0,77.0,0.0,0.0,579.9,3.2,12.9,SSE,SW,C,mm,km/h,mm
10955,2026-08-18,01:00:00,15.0,15.0,15.0,22.0,48.0,77.0,0.0,0.0,579.6,3.2,11.3,WSW,WSW,C,mm,km/h,mm
10956,2026-08-18,01:15:00,14.0,15.0,14.0,22.0,48.0,77.0,0.0,0.0,579.6,1.6,11.3,SSW,WSW,C,mm,km/h,mm
10957,2026-08-18,01:30:00,14.0,14.0,14.0,22.0,48.0,78.0,0.0,0.0,579.4,0.0,4.8,WSW,SW,C,mm,km/h,mm
10958,2026-08-18,01:45:00,14.0,14.0,14.0,22.0,48.0,78.0,0.0,0.0,579.3,0.0,4.8,WSW,WSW,C,mm,km/h,mm
10959,2026-08-18,02:00:00,14.0,14.0,14.0,22.0,48.0,79.0,0.0,0.0,579.3,1.6,6.4,SSW,WSW,C,mm,km/h,mm
10960,2026-08-18,02:15:00,14.0,14.0,14.0,22.0,48.0,80.0,0.0,0.0,579.4,0.0,4.8,SW,WSW,C,mm,km/h,mm
10961,2026-08-18,02:30:00,14.0,14.0,14.0,22.0,48.0,80.0,0.0,0.0,579.3,1.6,8.0,SSE,WSW,C,mm,km/h,mm
10962,2026-08-18,02:45:00,14.0,14.0,14.0,21.0,48.0,80.0,0.0,0.0,579.1,0.0,4.8,SSW,SSW,C,mm,km/h,mm
10963,2026-08-18,03:00:00,14.0,14.0,14.0,21.0,48.0,81.0,0.0,0.0,579.2,0.0,1.6,NNW,NNW,C,mm,km/h,mm
10964,2026-08-18,03:15:00,13.0,14.0,13.0,21.0,48.0,82.0,0.0,0.0,579.1,0.0,1.6,W,W,C,mm,km/h,mm
10965,2026-08-18,03:30:00,13.0,13.0,13.0,21.0,48.0,83.0,0.0,0.0,579.0,0.0,0.0,,,C,mm,km/h,mm
10966,2026-08-18,03:45:00,13.0,13.0,13.0,21.0,48.0,84.0,0.0,0.0,579.0,0.0,0.0,,,C,mm,km/h,mm
10967,2026-08-18,04:00:00,12.0,13.0,12.0,21.0,49.0,86.0,0.0,0.0,578.9,0.0,0.0,,,C,mm,km/h,mm
10968,2026-08-18,04:15:00,12.0,12.0,12.0,21.0,49.0,86.0,0.0,0.0,579.0,0.0,0.0,,,C,mm,km/h,mm
10969,2026-08-18,04:30:00,12.0,12.0,12.0,21.0,49.0,88.0,0.0,0.0,579.1,0.0,0.0,,,C,mm,km/h,mm
10970,2026-08-18,04:45:00,12.0,12.0,12.0,21.0,49.0,89.0,0.0,0.0,579.0,0.0,0.0,,,C,mm,km/h,mm
10971,2026-08-18,05:00:00,12.0,12.0,12.0,21.0,49.0,87.0,0.0,0.0,579.1,0.0,0.0,,,C,mm,km/h,mm
10972,2026-08-18,05:15:00,12.0,12.0,12.0,21.0,49.0,85.0,0.0,0.0,579.3,0.0,0.0,,,C,mm,km/h,mm
10973,2026-08-18,05:30:00,12.0,12.0,12.0,21.0,49.0,86.0,0.0,0.0,579.2,0.0,0.0,,,C,mm,km/h,mm
10974,2026-08-18,05:45:00,12.0,12.0,12.0,21.0,49.0,86.0,0.0,0.0,579.3,0.0,0.0,,,C,mm,km/h,mm
10975,2026-08-18,06:00:00,12.0,12.0,12.0,21.0,49.0,87.0,0.0,0.0,579.4,0.0,0.0,,,C,mm,km/h,mm
10976,2026-08-18,06:15:00,11.0,12.0,11.0,21.0,49.0,89.0,0.0,0.0,579.6,0.0,0.0,,,C,mm,km/h,mm
10977,2026-08-18,06:30:00,11.0,11.0,11.0,21.0,49.0,89.0,0.0,0.0,579.6,0.0,0.0,,,C,mm,km/h,mm
10978,2026-08-18,06:45:00,11.0,11.0,11.0,21.0,50.0,90.0,0.0,0.0,579.6,0.0,0.0,,,C,mm,km/h,mm
10979,2026-08-18,07:00:00,11.0,11.0,11.0,21.0,50.0,90.0,0.0,0.0,579.6,0.0,0.0,,,C,mm,km/h,mm
10980,2026-08-18,07:15:00,11.0,11.0,11.0,21.0,50.0,91.0,0.0,0.0,579.8,0.0,0.0,,,C,mm,km/h,mm
10981,2026-08-18,07:30:00,12.0,13.0,11.0,21.0,50.0,89.0,0.0,0.0,579.8,0.0,0.0,,,C,mm,km/h,mm
10982,2026-08-18,07:45:00,14.0,14.0,13.0,21.0,50.0,82.0,0.0,0.0,579.9,0.0,0.0,,,C,mm,km/h,mm
10983,2026-08-18,08:00:00,15.0,15.0,14.0,21.0,50.0,77.0,0.0,0.0,580.0,0.0,1.6,WNW,WNW,C,mm,km/h,mm
10984,2026-08-18,08:15:00,17.0,17.0,15.0,21.0,50.0,73.0,0.0,0.0,580.1,0.0,0.0,,,C,mm,km/h,mm
10985,2026-08-18,08:30:00,18.0,18.0,17.0,21.0,50.0,67.0,0.0,0.0,580.1,0.0,0.0,,,C,mm,km/h,mm
10986,2026-08-18,08:45:00,18.0,19.0,18.0,21.0,50.0,65.0,0.0,0.0,580.1,0.0,4.8,NNW,NNW,C,mm,km/h,mm
10987,2026-08-18,09:00:00,19.0,19.0,18.0,21.0,50.0,64.0,0.0,0.0,580.2,0.0,3.2,ENE,NE,C,mm,km/h,mm
10988,2026-08-18,09:15:00,19.0,19.0,18.0,21.0,50.0,65.0,0.0,0.0,580.2,0.0,4.8,E,E,C,mm,km/h,mm
10989,2026-08-18,09:30:00,19.0,20.0,19.0,21.0,50.0,66.0,0.0,0.0,580.2,1.6,4.8,ESE,E,C,mm,km/h,mm
10990,2026-08-18,09:45:00,19.0,19.0,19.0,21.0,50.0,65.0,0.0,0.0,580.3,1.6,4.8,E,E,C,mm,km/h,mm
10991,2026-08-18,10:00:00,20.0,20.0,19.0,22.0,50.0,62.0,0.0,0.0,580.2,1.6,6.4,W,WSW,C,mm,km/h,mm
10992,2026-08-18,10:15:00,21.0,21.0,20.0,22.0,49.0,59.0,0.0,0.0,580.0,0.0,4.8,WSW,NNW,C,mm,km/h,mm
10993,2026-08-18,10:30:00,22.0,22.0,21.0,22.0,49.0,56.0,0.0,0.0,580.1,1.6,8.0,S,W,C,mm,km/h,mm
10994,2026-08-18,10:45:00,22.0,22.0,22.0,22.0,49.0,55.0,0.0,0.0,580.2,1.6,6.4,W,WSW,C,mm,km/h,mm
10995,2026-08-18,11:00:00,23.0,23.0,22.0,22.0,49.0,53.0,0.0,0.0,580.1,1.6,6.4,SSW,S,C,mm,km/h,mm
10996,2026-08-18,11:15:00,24.0,24.0,23.0,22.0,49.0,48.0,0.0,0.0,580.0,0.0,6.4,N,NNW,C,mm,km/h,mm
10997,2026-08-18,11:30:00,23.0,24.0,23.0,22.0,49.0,50.0,0.0,0.0,579.9,0.0,6.4,NW,NNW,C,mm,km/h,mm
10998,2026-08-18,11:45:00,24.0,24.0,23.0,22.0,49.0,46.0,0.0,0.0,579.7,1.6,9.7,WNW,W,C,mm,km/h,mm
10999,2026-08-18,12:00:00,24.0,24.0,24.0,22.0,48.0,45.0,0.0,0.0,579.5,1.6,9.7,E,E,C,mm,km/h,mm
11000,2026-08-18,12:15:00,24.0,25.0,24.0,22.0,48.0,42.0,0.0,0.0,579.5,3.2,12.9,E,E,C,mm,km/h,mm
11001,2026-08-18,12:30:00,25.0,25.0,24.0,23.0,47.0,44.0,0.0,0.0,579.4,1.6,8.0,ESE,E,C,mm,km/h,mm
11002,2026-08-18,12:45:00,25.0,26.0,25.0,23.0,47.0,42.0,0.0,0.0,579.2,3.2,11.3,WNW,E,C,mm,km/h,mm
11003,2026-08-18,13:00:00,25.0,25.0,25.0,23.0,46.0,42.0,0.0,0.0,578.9,1.6,9.7,E,E,C,mm,km/h,mm
11004,2026-08-18,13:15:00,26.0,26.0,25.0,23.0,46.0,44.0,0.0,0.0,578.6,1.6,11.3,WNW,W,C,mm,km/h,mm
11005,2026-08-18,13:30:00,26.0,26.0,26.0,23.0,46.0,37.0,0.0,0.0,578.4,1.6,9.7,WNW,NW,C,mm,km/h,mm
11006,2026-08-18,13:45:00,26.0,26.0,26.0,23.0,46.0,39.0,0.0,0.0,578.1,1.6,9.7,ENE,WNW,C,mm,km/h,mm
11007,2026-08-18,14:00:00,26.0,26.0,26.0,23.0,45.0,40.0,0.0,0.0,577.9,3.2,19.3,E,E,C,mm,km/h,mm
11008,2026-08-18,14:15:00,26.0,27.0,26.0,23.0,45.0,38.0,0.0,0.0,577.6,1.6,9.7,NW,NNW,C,mm,km/h,mm
11009,2026-08-18,14:30:00,26.0,26.0,26.0,23.0,44.0,36.0,0.0,0.0,577.5,1.6,9.7,ESE,E,C,mm,km/h,mm
11010,2026-08-18,14:45:00,26.0,26.0,26.0,23.0,44.0,38.0,0.0,0.0,577.3,0.0,3.2,W,NNW,C,mm,km/h,mm
11011,2026-08-18,15:00:00,27.0,27.0,26.0,23.0,44.0,38.0,0.0,0.0,577.2,0.0,4.8,ENE,E,C,mm,km/h,mm
11012,2026-08-18,15:15:00,26.0,27.0,26.0,23.0,43.0,38.0,0.0,0.0,577.1,1.6,11.3,WNW,NW,C,mm,km/h,mm
11013,2026-08-18,15:30:00,26.0,26.0,26.0,23.0,43.0,40.0,0.0,0.0,577.0,0.0,6.4,ENE,ENE,C,mm,km/h,mm
11014,2026-08-18,15:45:00,26.0,26.0,26.0,23.0,43.0,41.0,0.0,0.0,576.9,0.0,4.8,E,E,C,mm,km/h,mm
11015,2026-08-18,16:00:00,25.0,26.0,25.0,23.0,43.0,46.0,0.0,0.0,576.8,0.0,6.4,WNW,E,C,mm,km/h,mm
11016,2026-08-18,16:15:00,24.0,25.0,24.0,23.0,44.0,44.0,0.0,0.0,576.7,1.6,8.0,W,NNW,C,mm,km/h,mm
11017,2026-08-18,16:30:00,25.0,25.0,24.0,23.0,44.0,41.0,0.0,0.0,576.6,3.2,9.7,W,W,C,mm,km/h,mm
11018,2026-08-18,16:45:00,26.0,26.0,25.0,23.0,44.0,39.0,0.0,0.0,576.4,0.0,3.2,NW,NW,C,mm,km/h,mm
11019,2026-08-18,17:00:00,26.0,27.0,26.0,23.0,44.0,39.0,0.0,0.0,576.4,1.6,8.0,SSW,WSW,C,mm,km/h,mm
11020,2026-08-18,17:15:00,26.0,27.0,26.0,23.0,44.0,39.0,0.0,0.0,576.4,1.6,8.0,W,WSW,C,mm,km/h,mm
11021,2026-08-18,17:30:00,25.0,26.0,25.0,23.0,44.0,42.0,0.0,0.0,576.4,3.2,11.3,WSW,W,C,mm,km/h,mm
11022,2026-08-18,17:45:00,25.0,25.0,25.0,23.0,45.0,42.0,0.0,0.0,576.4,0.0,3.2,WSW,W,C,mm,km/h,mm
11023,2026-08-18,18:00:00,23.0,25.0,23.0,23.0,45.0,54.0,0.0,0.0,576.8,4.8,16.1,NW,NNW,C,mm,km/h,mm
11024,2026-08-18,18:15:00,22.0,23.0,22.0,23.0,45.0,58.0,0.0,0.0,577.2,3.2,20.9,WNW,NNW,C,mm,km/h,mm
11025,2026-08-18,18:30:00,20.0,22.0,20.0,23.0,45.0,62.0,0.0,0.0,577.3,4.8,22.5,W,NW,C,mm,km/h,mm
11026,2026-08-18,18:45:00,20.0,20.0,20.0,23.0,46.0,64.0,0.0,0.0,577.5,4.8,22.5,WSW,NW,C,mm,km/h,mm
11027,2026-08-18,19:00:00,19.0,20.0,19.0,23.0,46.0,64.0,0.0,0.0,578.0,4.8,17.7,NW,W,C,mm,km/h,mm
11028,2026-08-18,19:15:00,19.0,19.0,19.0,22.0,47.0,64.0,0.0,0.0,578.1,1.6,9.7,NW,W,C,mm,km/h,mm
11029,2026-08-18,19:30:00,19.0,19.0,19.0,22.0,47.0,63.0,0.0,0.0,578.6,3.2,12.9,NW,WSW,C,mm,km/h,mm
11030,2026-08-18,19:45:00,19.0,19.0,19.0,22.0,47.0,66.0,0.0,0.0,579.0,1.6,11.3,WSW,SW,C,mm,km/h,mm
11031,2026-08-18,20:00:00,19.0,19.0,19.0,22.0,47.0,66.0,0.0,0.0,579.2,1.6,8.0,SW,WSW,C,mm,km/h,mm
11032,2026-08-18,20:15:00,19.0,19.0,19.0,22.0,47.0,67.0,0.0,0.0,579.4,1.6,9.7,W,WSW,C,mm,km/h,mm
11033,2026-08-18,20:30:00,18.0,19.0,18.0,22.0,48.0,66.0,0.0,0.0,579.7,0.0,3.2,NW,W,C,mm,km/h,mm
11034,2026-08-18,20:45:00,18.0,18.0,18.0,22.0,48.0,71.0,0.0,0.0,579.9,0.0,6.4,WSW,W,C,mm,km/h,mm
11035,2026-08-18,21:00:00,17.0,18.0,17.0,23.0,48.0,75.0,0.0,0.0,580.1,0.0,1.6,NW,NW,C,mm,km/h,mm
11036,2026-08-18,21:15:00,17.0,17.0,17.0,23.0,48.0,77.0,0.0,0.0,580.2,3.2,14.5,W,W,C,mm,km/h,mm
11037,2026-08-18,21:30:00,17.0,17.0,17.0,23.0,48.0,77.0,0.0,0.0,580.3,3.2,12.9,WSW,WSW,C,mm,km/h,mm
11038,2026-08-18,21:45:00,16.0,17.0,16.0,23.0,49.0,77.0,0.0,0.0,580.4,1.6,8.0,W,WSW,C,mm,km/h,mm
11039,2026-08-18,22:00:00,17.0,17.0,16.0,22.0,49.0,76.0,0.0,0.0,580.3,0.0,4.8,WSW,W,C,mm,km/h,mm
11040,2026-08-18,22:15:00,16.0,17.0,16.0,22.0,49.0,75.0,0.0,0.0,580.2,0.0,3.2,W,W,C,mm,km/h,mm
11041,2026-08-18,22:30:00,16.0,16.0,16.0,22.0,49.0,74.0,0.0,0.0,580.3,0.0,1.6,SW,SW,C,mm,km/h,mm
11042,2026-08-18,22:45:00,16.0,16.0,16.0,22.0,49.0,74.0,0.0,0.0,580.2,0.0,1.6,E,N,C,mm,km/h,mm
11043,2026-08-18,23:00:00,16.0,16.0,16.0,22.0,49.0,74.0,0.0,0.0,580.3,0.0,1.6,ENE,ENE,C,mm,km/h,mm
11044,2026-08-18,23:15:00,16.0,16.0,16.0,22.0,49.0,75.0,0.0,0.0,580.2,0.0,0.0,,,C,mm,km/h,mm
11045,2026-08-18,23:30:00,16.0,16.0,16.0,22.0,49.0,75.0,0.0,0.0,580.1,0.0,0.0,,,C,mm,km/h,mm
11046,2026-08-18,23:45:00,16.0,16.0,16.0,22.0,49.0,76.0,0.0,0.0,580.0,0.0,0.0,,,C,mm,km/h,mm
11047,2026-08-19,00:15:00,16.0,16.0,16.0,22.0,49.0,77.0,0.0,0.0,579.8,0.0,0.0,,,C,mm,km/h,mm
11048,2026-08-19,00:30:00,15.0,16.0,15.0,22.0,49.0,80.0,0.0,0.0,579.6,0.0,0.0,,,C,mm,km/h,mm
11049,2026-08-19,00:45:00,15.0,15.0,15.0,22.0,49.0,82.0,0.0,0.0,579.4,0.0,0.0,,,C,mm,km/h,mm
11050,2026-08-19,01:00:00,15.0,15.0,15.0,22.0,50.0,83.0,0.0,0.0,579.3,0.0,0.0,,,C,mm,km/h,mm
11051,2026-08-19,01:15:00,14.0,15.0,14.0,22.0,50.0,84.0,0.0,0.0,579.1,0.0,0.0,,,C,mm,km/h,mm
11052,2026-08-19,01:30:00,14.0,14.0,14.0,22.0,50.0,86.0,0.0,0.0,578.9,0.0,0.0,,,C,mm,km/h,mm
11053,2026-08-19,01:45:00,13.0,14.0,13.0,22.0,50.0,87.0,0.0,0.0,578.8,0.0,0.0,,,C,mm,km/h,mm
11054,2026-08-19,02:00:00,13.0,13.0,13.0,22.0,50.0,88.0,0.0,0.0,578.7,0.0,0.0,,,C,mm,km/h,mm
11055,2026-08-19,02:15:00,13.0,13.0,13.0,22.0,50.0,89.0,0.0,0.0,578.8,0.0,0.0,,,C,mm,km/h,mm
11056,2026-08-19,02:30:00,13.0,13.0,13.0,22.0,50.0,89.0,0.0,0.0,578.8,0.0,0.0,,,C,mm,km/h,mm
11057,2026-08-19,02:45:00,13.0,13.0,13.0,22.0,50.0,88.0,0.0,0.0,578.8,0.0,0.0,,,C,mm,km/h,mm
11058,2026-08-19,03:00:00,13.0,13.0,13.0,22.0,50.0,88.0,0.0,0.0,578.7,0.0,0.0,,,C,mm,km/h,mm
11059,2026-08-19,03:15:00,13.0,13.0,13.0,22.0,51.0,89.0,0.0,0.0,578.7,0.0,0.0,,,C,mm,km/h,mm
11060,2026-08-19,03:30:00,13.0,13.0,13.0,22.0,51.0,89.0,0.0,0.0,578.5,0.0,0.0,,,C,mm,km/h,mm
11061,2026-08-19,03:45:00,13.0,13.0,13.0,22.0,51.0,90.0,0.0,0.0,578.6,0.0,0.0,,,C,mm,km/h,mm
11062,2026-08-19,04:00:00,13.0,13.0,13.0,22.0,51.0,90.0,0.0,0.0,578.6,0.0,0.0,,,C,mm,km/h,mm
11063,2026-08-19,04:15:00,12.0,13.0,12.0,22.0,51.0,91.0,0.0,0.0,578.7,0.0,0.0,,,C,mm,km/h,mm
11064,2026-08-19,04:30:00,12.0,12.0,12.0,22.0,51.0,91.0,0.0,0.0,578.7,0.0,0.0,,,C,mm,km/h,mm
11065,2026-08-19,04:45:00,12.0,12.0,12.0,22.0,51.0,91.0,0.0,0.0,578.9,0.0,0.0,,,C,mm,km/h,mm
11066,2026-08-19,05:00:00,12.0,12.0,12.0,22.0,51.0,92.0,0.0,0.0,578.9,0.0,1.6,ENE,ENE,C,mm,km/h,mm
11067,2026-08-19,05:15:00,13.0,13.0,13.0,21.0,51.0,90.0,0.0,0.0,578.9,0.0,0.0,,,C,mm,km/h,mm
11068,2026-08-19,05:30:00,13.0,13.0,13.0,21.0,51.0,89.0,0.0,0.0,578.8,0.0,0.0,,,C,mm,km/h,mm
11069,2026-08-19,05:45:00,13.0,13.0,13.0,21.0,51.0,88.0,0.0,0.0,578.7,0.0,0.0,,,C,mm,km/h,mm
11070,2026-08-19,06:00:00,13.0,13.0,13.0,21.0,51.0,88.0,0.0,0.0,578.9,0.0,1.6,NE,NE,C,mm,km/h,mm
11071,2026-08-19,06:15:00,13.0,13.0,13.0,21.0,51.0,87.0,0.0,0.0,578.9,0.0,1.6,NNE,S,C,mm,km/h,mm
11072,2026-08-19,06:30:00,13.0,13.0,13.0,21.0,51.0,87.0,0.0,0.0,579.0,0.0,4.8,SW,SW,C,mm,km/h,mm
11073,2026-08-19,06:45:00,13.0,13.0,13.0,21.0,51.0,88.0,0.0,0.0,579.2,0.0,1.6,NNE,NNE,C,mm,km/h,mm
11074,2026-08-19,07:00:00,13.0,13.0,13.0,21.0,52.0,87.0,0.0,0.0,579.3,0.0,1.6,NNW,NW,C,mm,km/h,mm
11075,2026-08-19,07:15:00,14.0,14.0,13.0,22.0,51.0,86.0,0.0,0.0,579.5,0.0,3.2,WSW,W,C,mm,km/h,mm
11076,2026-08-19,07:30:00,14.0,14.0,14.0,22.0,51.0,86.0,0.0,0.0,579.5,0.0,4.8,SW,SW,C,mm,km/h,mm
11077,2026-08-19,07:45:00,15.0,15.0,14.0,22.0,51.0,84.0,0.0,0.0,579.6,0.0,3.2,WSW,SW,C,mm,km/h,mm
11078,2026-08-19,08:00:00,16.0,16.0,15.0,22.0,51.0,80.0,0.0,0.0,579.6,0.0,4.8,SSW,WNW,C,mm,km/h,mm
11079,2026-08-19,08:15:00,16.0,16.0,16.0,22.0,51.0,77.0,0.0,0.0,579.5,0.0,4.8,ENE,W,C,mm,km/h,mm
11080,2026-08-19,08:30:00,17.0,17.0,16.0,22.0,51.0,73.0,0.0,0.0,579.5,0.0,8.0,SSW,W,C,mm,km/h,mm
11081,2026-08-19,08:45:00,17.0,17.0,17.0,22.0,50.0,70.0,0.0,0.0,579.4,0.0,4.8,S,NE,C,mm,km/h,mm
11082,2026-08-19,09:00:00,18.0,18.0,17.0,22.0,50.0,67.0,0.0,0.0,579.3,1.6,11.3,WSW,SW,C,mm,km/h,mm
11083,2026-08-19,09:15:00,19.0,19.0,18.0,22.0,50.0,64.0,0.0,0.0,579.4,1.6,11.3,SW,WSW,C,mm,km/h,mm
11084,2026-08-19,09:30:00,19.0,20.0,19.0,22.0,49.0,62.0,0.0,0.0,579.2,3.2,19.3,WNW,SW,C,mm,km/h,mm
11085,2026-08-19,09:45:00,20.0,20.0,19.0,22.0,49.0,61.0,0.0,0.0,579.3,1.6,19.3,W,W,C,mm,km/h,mm
11086,2026-08-19,10:00:00,21.0,21.0,20.0,22.0,49.0,59.0,0.0,0.0,579.1,1.6,8.0,NNW,WSW,C,mm,km/h,mm
11087,2026-08-19,10:15:00,21.0,21.0,21.0,22.0,49.0,58.0,0.0,0.0,579.2,3.2,14.5,W,W,C,mm,km/h,mm
11088,2026-08-19,10:30:00,22.0,22.0,21.0,22.0,49.0,57.0,0.0,0.0,579.2,3.2,14.5,WSW,WSW,C,mm,km/h,mm
11089,2026-08-19,10:45:00,23.0,23.0,22.0,22.0,49.0,55.0,0.0,0.0,579.1,1.6,14.5,NW,WSW,C,mm,km/h,mm
11090,2026-08-19,11:00:00,23.0,23.0,23.0,22.0,49.0,54.0,0.0,0.0,579.2,1.6,9.7,WSW,W,C,mm,km/h,mm
11091,2026-08-19,11:15:00,23.0,23.0,23.0,22.0,49.0,52.0,0.0,0.0,579.1,1.6,17.7,ENE,E,C,mm,km/h,mm
11092,2026-08-19,11:30:00,24.0,24.0,23.0,22.0,49.0,48.0,0.0,0.0,579.0,0.0,6.4,W,NNW,C,mm,km/h,mm
11093,2026-08-19,11:45:00,25.0,25.0,24.0,22.0,49.0,44.0,0.0,0.0,578.9,0.0,8.0,SW,NNW,C,mm,km/h,mm
11094,2026-08-19,12:00:00,24.0,25.0,24.0,22.0,49.0,47.0,0.0,0.0,578.7,1.6,6.4,E,ENE,C,mm,km/h,mm
11095,2026-08-19,12:15:00,25.0,25.0,24.0,22.0,49.0,47.0,0.0,0.0,578.6,1.6,8.0,NNW,NW,C,mm,km/h,mm
11096,2026-08-19,12:30:00,25.0,25.0,25.0,22.0,49.0,47.0,0.0,0.0,578.2,1.6,9.7,WNW,E,C,mm,km/h,mm
11097,2026-08-19,12:45:00,26.0,26.0,25.0,22.0,49.0,43.0,0.0,0.0,578.0,1.6,12.9,W,NNW,C,mm,km/h,mm
11098,2026-08-19,13:00:00,26.0,26.0,26.0,22.0,49.0,42.0,0.0,0.0,577.7,1.6,9.7,WNW,SW,C,mm,km/h,mm
11099,2026-08-19,13:15:00,27.0,27.0,26.0,23.0,49.0,42.0,0.0,0.0,577.5,0.0,6.4,SE,NNW,C,mm,km/h,mm
11100,2026-08-19,13:30:00,27.0,27.0,27.0,23.0,48.0,43.0,0.0,0.0,577.1,1.6,9.7,ENE,W,C,mm,km/h,mm
11101,2026-08-19,13:45:00,26.0,27.0,26.0,23.0,48.0,42.0,0.0,0.0,577.0,1.6,12.9,NW,NNW,C,mm,km/h,mm
11102,2026-08-19,14:00:00,25.0,26.0,25.0,23.0,48.0,45.0,0.0,0.0,576.9,1.6,9.7,WSW,WSW,C,mm,km/h,mm
11103,2026-08-19,14:15:00,25.0,25.0,25.0,23.0,47.0,47.0,0.0,0.0,576.7,0.0,6.4,SW,W,C,mm,km/h,mm
11104,2026-08-19,14:30:00,25.0,25.0,25.0,23.0,47.0,48.0,0.0,0.0,576.4,3.2,9.7,WSW,W,C,mm,km/h,mm
11105,2026-08-19,14:45:00,25.0,25.0,24.0,23.0,47.0,47.0,0.0,0.0,576.3,1.6,11.3,WSW,WSW,C,mm,km/h,mm
11106,2026-08-19,15:00:00,25.0,25.0,25.0,23.0,47.0,47.0,0.0,0.0,576.1,3.2,11.3,SE,WSW,C,mm,km/h,mm
11107,2026-08-19,15:15:00,24.0,25.0,24.0,24.0,47.0,54.0,0.0,0.0,576.1,1.6,9.7,SW,SW,C,mm,km/h,mm
11108,2026-08-19,15:30:00,23.0,24.0,23.0,23.0,47.0,57.0,0.0,0.0,576.1,3.2,16.1,S,SW,C,mm,km/h,mm
11109,2026-08-19,15:45:00,22.0,23.0,22.0,23.0,47.0,60.0,0.0,0.0,576.3,0.0,4.8,SSW,SW,C,mm,km/h,mm
11110,2026-08-19,16:00:00,21.0,22.0,21.0,23.0,48.0,66.0,2.8,64.8,576.9,1.6,9.7,E,E,C,mm,km/h,mm
11111,2026-08-19,16:15:00,17.0,21.0,17.0,23.0,48.0,79.0,7.6,79.4,577.1,3.2,16.1,E,E,C,mm,km/h,mm
11112,2026-08-19,16:30:00,16.0,17.0,16.0,23.0,49.0,87.0,4.2,40.2,577.0,0.0,4.8,W,WSW,C,mm,km/h,mm
11113,2026-08-19,16:45:00,16.0,16.0,16.0,23.0,50.0,86.0,1.8,43.4,576.7,0.0,4.8,S,SW,C,mm,km/h,mm
11114,2026-08-19,17:00:00,16.0,16.0,16.0,23.0,50.0,87.0,0.2,1.8,576.4,0.0,3.2,SE,WSW,C,mm,km/h,mm
11115,2026-08-19,17:15:00,17.0,17.0,16.0,23.0,51.0,89.0,0.2,0.8,576.3,0.0,1.6,NW,NW,C,mm,km/h,mm
11116,2026-08-19,17:30:00,18.0,18.0,17.0,23.0,51.0,86.0,0.0,0.0,576.5,0.0,6.4,SW,SW,C,mm,km/h,mm
11117,2026-08-19,17:45:00,18.0,18.0,18.0,23.0,52.0,80.0,0.0,0.0,576.6,1.6,6.4,S,W,C,mm,km/h,mm
11118,2026-08-19,18:00:00,18.0,18.0,18.0,23.0,52.0,79.0,0.0,0.0,576.7,1.6,8.0,WSW,WSW,C,mm,km/h,mm
11119,2026-08-19,18:15:00,18.0,18.0,18.0,23.0,52.0,79.0,0.0,0.0,576.9,0.0,4.8,WNW,W,C,mm,km/h,mm
11120,2026-08-19,18:30:00,18.0,18.0,18.0,23.0,52.0,80.0,0.0,0.0,577.2,0.0,4.8,SW,W,C,mm,km/h,mm
11121,2026-08-19,18:45:00,17.0,18.0,17.0,23.0,53.0,87.0,0.0,0.0,577.4,0.0,1.6,ENE,ENE,C,mm,km/h,mm
11122,2026-08-19,19:00:00,17.0,17.0,17.0,23.0,53.0,87.0,0.0,0.0,577.5,0.0,1.6,ENE,ENE,C,mm,km/h,mm
11123,2026-08-19,19:15:00,17.0,17.0,17.0,22.0,53.0,86.0,0.0,0.0,577.6,1.6,6.4,ESE,E,C,mm,km/h,mm
11124,2026-08-19,19:30:00,17.0,17.0,17.0,22.0,53.0,88.0,0.2,0.0,577.7,1.6,8.0,E,E,C,mm,km/h,mm
11125,2026-08-19,19:45:00,16.0,17.0,16.0,22.0,54.0,88.0,0.0,0.0,577.9,0.0,6.4,SE,E,C,mm,km/h,mm
11126,2026-08-19,20:00:00,16.0,16.0,16.0,22.0,54.0,89.0,0.0,0.0,578.4,0.0,0.0,,,C,mm,km/h,mm
11127,2026-08-19,20:15:00,16.0,16.0,16.0,22.0,55.0,90.0,0.0,0.0,578.6,0.0,0.0,,,C,mm,km/h,mm
11128,2026-08-19,20:30:00,16.0,16.0,16.0,22.0,55.0,89.0,0.2,0.0,578.6,0.0,1.6,SE,SE,C,mm,km/h,mm
11129,2026-08-19,20:45:00,16.0,16.0,16.0,22.0,55.0,89.0,0.2,0.0,578.9,0.0,1.6,SSW,SSW,C,mm,km/h,mm
11130,2026-08-19,21:00:00,16.0,16.0,15.0,22.0,55.0,89.0,0.2,0.0,578.9,0.0,4.8,W,W,C,mm,km/h,mm
11131,2026-08-19,21:15:00,15.0,16.0,15.0,22.0,55.0,90.0,0.0,0.0,579.1,0.0,0.0,,,C,mm,km/h,mm
11132,2026-08-19,21:30:00,15.0,15.0,15.0,22.0,55.0,88.0,0.2,0.0,579.3,0.0,3.2,SW,WSW,C,mm,km/h,mm
11133,2026-08-19,21:45:00,15.0,15.0,15.0,22.0,55.0,89.0,0.0,0.0,579.3,0.0,0.0,,,C,mm,km/h,mm
11134,2026-08-19,22:00:00,15.0,15.0,15.0,22.0,55.0,90.0,0.0,0.0,579.4,0.0,3.2,WSW,WNW,C,mm,km/h,mm
11135,2026-08-19,22:15:00,15.0,15.0,15.0,22.0,55.0,90.0,0.0,0.0,579.4,0.0,1.6,WNW,W,C,mm,km/h,mm
11136,2026-08-19,22:30:00,15.0,15.0,15.0,22.0,55.0,89.0,0.0,0.0,579.5,0.0,3.2,W,WNW,C,mm,km/h,mm
11137,2026-08-19,22:45:00,15.0,15.0,15.0,22.0,55.0,90.0,0.0,0.0,579.4,0.0,0.0,,,C,mm,km/h,mm
11138,2026-08-19,23:00:00,15.0,15.0,15.0,22.0,55.0,89.0,0.0,0.0,579.4,0.0,3.2,SW,WSW,C,mm,km/h,mm
11139,2026-08-19,23:15:00,15.0,15.0,15.0,22.0,55.0,88.0,0.0,0.0,579.3,0.0,3.2,WSW,WSW,C,mm,km/h,mm
11140,2026-08-19,23:30:00,15.0,15.0,15.0,22.0,55.0,89.0,0.0,0.0,579.3,0.0,0.0,,,C,mm,km/h,mm
11141,2026-08-19,23:45:00,15.0,15.0,15.0,22.0,55.0,89.0,0.0,0.0,579.3,0.0,0.0,,,C,mm,km/h,mm
11142,2026-08-20,00:15:00,14.0,14.0,14.0,22.0,56.0,91.0,0.0,0.0,579.3,0.0,0.0,,,C,mm,km/h,mm
11143,2026-08-20,00:30:00,13.0,14.0,13.0,22.0,56.0,92.0,0.0,0.0,579.4,0.0,0.0,,,C,mm,km/h,mm
11144,2026-08-20,00:45:00,14.0,14.0,13.0,22.0,56.0,92.0,0.0,0.0,579.3,0.0,0.0,,,C,mm,km/h,mm
11145,2026-08-20,01:00:00,14.0,14.0,14.0,22.0,56.0,93.0,0.0,0.0,579.2,0.0,0.0,,,C,mm,km/h,mm
11146,2026-08-20,01:15:00,14.0,14.0,14.0,22.0,56.0,92.0,0.0,0.0,579.0,0.0,0.0,,,C,mm,km/h,mm
11147,2026-08-20,01:30:00,14.0,14.0,14.0,22.0,56.0,93.0,0.0,0.0,578.8,0.0,0.0,,,C,mm,km/h,mm
11148,2026-08-20,01:45:00,13.0,14.0,13.0,22.0,56.0,93.0,0.0,0.0,578.5,0.0,0.0,,,C,mm,km/h,mm
11149,2026-08-20,02:00:00,13.0,13.0,13.0,22.0,56.0,93.0,0.0,0.0,578.6,0.0,0.0,,,C,mm,km/h,mm
11150,2026-08-20,02:15:00,13.0,13.0,13.0,22.0,56.0,93.0,0.0,0.0,578.5,0.0,0.0,,,C,mm,km/h,mm
11151,2026-08-20,02:30:00,13.0,13.0,13.0,21.0,56.0,93.0,0.0,0.0,578.4,0.0,0.0,,,C,mm,km/h,mm
11152,2026-08-20,02:45:00,13.0,13.0,13.0,21.0,56.0,93.0,0.0,0.0,578.4,0.0,0.0,,,C,mm,km/h,mm
11153,2026-08-20,03:00:00,13.0,13.0,13.0,21.0,56.0,93.0,0.0,0.0,578.3,0.0,0.0,,,C,mm,km/h,mm
11154,2026-08-20,03:15:00,13.0,13.0,13.0,21.0,56.0,93.0,0.0,0.0,578.2,0.0,0.0,,,C,mm,km/h,mm
11155,2026-08-20,03:30:00,13.0,13.0,13.0,21.0,56.0,93.0,0.2,0.0,577.9,0.0,0.0,,,C,mm,km/h,mm
11156,2026-08-20,03:45:00,13.0,13.0,13.0,21.0,56.0,94.0,0.0,0.0,578.0,0.0,0.0,,,C,mm,km/h,mm
11157,2026-08-20,04:00:00,13.0,14.0,13.0,21.0,56.0,94.0,0.0,0.0,577.8,0.0,0.0,,,C,mm,km/h,mm
11158,2026-08-20,04:15:00,13.0,13.0,13.0,21.0,56.0,94.0,0.0,0.0,577.7,0.0,0.0,,,C,mm,km/h,mm
11159,2026-08-20,04:30:00,13.0,13.0,13.0,21.0,56.0,94.0,0.0,0.0,577.9,0.0,0.0,,,C,mm,km/h,mm
11160,2026-08-20,04:45:00,13.0,13.0,13.0,21.0,57.0,94.0,0.0,0.0,578.0,0.0,0.0,,,C,mm,km/h,mm
11161,2026-08-20,05:00:00,13.0,13.0,13.0,21.0,57.0,94.0,0.0,0.0,578.0,0.0,0.0,,,C,mm,km/h,mm
11162,2026-08-20,05:15:00,13.0,13.0,13.0,21.0,57.0,94.0,0.0,0.0,578.2,0.0,0.0,,,C,mm,km/h,mm
11163,2026-08-20,05:30:00,13.0,13.0,13.0,21.0,57.0,94.0,0.0,0.0,578.3,0.0,0.0,,,C,mm,km/h,mm
11164,2026-08-20,05:45:00,13.0,13.0,13.0,21.0,57.0,94.0,0.0,0.0,578.4,0.0,0.0,,,C,mm,km/h,mm
11165,2026-08-20,06:00:00,13.0,13.0,13.0,21.0,57.0,94.0,0.0,0.0,578.4,0.0,0.0,,,C,mm,km/h,mm
11166,2026-08-20,06:15:00,13.0,13.0,13.0,21.0,57.0,94.0,0.0,0.0,578.4,0.0,0.0,,,C,mm,km/h,mm
11167,2026-08-20,06:30:00,14.0,14.0,13.0,21.0,57.0,94.0,0.0,0.0,578.6,0.0,0.0,,,C,mm,km/h,mm
11168,2026-08-20,06:45:00,14.0,14.0,14.0,21.0,57.0,94.0,0.0,0.0,578.7,0.0,0.0,,,C,mm,km/h,mm
11169,2026-08-20,07:00:00,14.0,14.0,14.0,21.0,57.0,94.0,0.0,0.0,578.8,0.0,0.0,,,C,mm,km/h,mm
11170,2026-08-20,07:15:00,14.0,14.0,14.0,21.0,57.0,94.0,0.0,0.0,579.0,0.0,0.0,,,C,mm,km/h,mm
11171,2026-08-20,07:30:00,14.0,14.0,14.0,21.0,57.0,94.0,0.0,0.0,579.1,0.0,0.0,,,C,mm,km/h,mm
11172,2026-08-20,07:45:00,14.0,14.0,14.0,21.0,57.0,93.0,0.0,0.0,579.1,0.0,0.0,,,C,mm,km/h,mm
11173,2026-08-20,08:00:00,15.0,15.0,14.0,21.0,56.0,91.0,0.0,0.0,579.2,0.0,0.0,,,C,mm,km/h,mm
11174,2026-08-20,08:15:00,16.0,16.0,15.0,22.0,56.0,89.0,0.0,0.0,579.3,0.0,0.0,,,C,mm,km/h,mm
11175,2026-08-20,08:30:00,16.0,16.0,16.0,22.0,56.0,87.0,0.0,0.0,579.4,0.0,0.0,,,C,mm,km/h,mm
11176,2026-08-20,08:45:00,17.0,17.0,16.0,22.0,56.0,84.0,0.0,0.0,579.5,0.0,0.0,,,C,mm,km/h,mm
11177,2026-08-20,09:00:00,18.0,18.0,17.0,22.0,56.0,81.0,0.0,0.0,579.4,0.0,3.2,WSW,WNW,C,mm,km/h,mm
11178,2026-08-20,09:15:00,18.0,18.0,17.0,22.0,55.0,80.0,0.0,0.0,579.6,0.0,3.2,ENE,ENE,C,mm,km/h,mm
11179,2026-08-20,09:30:00,18.0,18.0,18.0,22.0,55.0,78.0,0.0,0.0,579.6,0.0,3.2,SW,WSW,C,mm,km/h,mm
11180,2026-08-20,09:45:00,19.0,19.0,18.0,22.0,55.0,72.0,0.0,0.0,579.8,0.0,6.4,WSW,WSW,C,mm,km/h,mm
11181,2026-08-20,10:00:00,19.0,19.0,19.0,22.0,55.0,70.0,0.0,0.0,579.9,0.0,8.0,SSW,W,C,mm,km/h,mm
11182,2026-08-20,10:15:00,19.0,19.0,19.0,22.0,55.0,70.0,0.0,0.0,580.1,0.0,3.2,NE,NE,C,mm,km/h,mm
11183,2026-08-20,10:30:00,20.0,20.0,19.0,22.0,54.0,68.0,0.0,0.0,580.0,0.0,3.2,WNW,WNW,C,mm,km/h,mm
11184,2026-08-20,10:45:00,20.0,20.0,20.0,22.0,55.0,68.0,0.0,0.0,579.9,0.0,1.6,WNW,NNW,C,mm,km/h,mm
11185,2026-08-20,11:00:00,21.0,21.0,20.0,22.0,55.0,64.0,0.0,0.0,579.7,0.0,6.4,SSW,SSW,C,mm,km/h,mm
11186,2026-08-20,11:15:00,21.0,21.0,21.0,22.0,55.0,65.0,0.0,0.0,579.6,0.0,3.2,SW,SW,C,mm,km/h,mm
11187,2026-08-20,11:30:00,21.0,21.0,21.0,22.0,54.0,63.0,0.0,0.0,579.6,0.0,0.0,,,C,mm,km/h,mm
11188,2026-08-20,11:45:00,22.0,22.0,21.0,22.0,54.0,62.0,0.0,0.0,579.5,0.0,8.0,WSW,WSW,C,mm,km/h,mm
11189,2026-08-20,12:00:00,21.0,22.0,21.0,22.0,54.0,62.0,0.0,0.0,579.3,0.0,4.8,E,E,C,mm,km/h,mm
11190,2026-08-20,12:15:00,23.0,23.0,21.0,22.0,54.0,61.0,0.0,0.0,579.1,1.6,11.3,SW,W,C,mm,km/h,mm
11191,2026-08-20,12:30:00,23.0,23.0,23.0,23.0,53.0,58.0,0.0,0.0,578.9,0.0,11.3,SSW,SW,C,mm,km/h,mm
11192,2026-08-20,12:45:00,23.0,23.0,23.0,23.0,53.0,58.0,0.0,0.0,578.5,1.6,9.7,S,E,C,mm,km/h,mm
11193,2026-08-20,13:00:00,23.0,24.0,23.0,23.0,53.0,55.0,0.0,0.0,578.4,1.6,9.7,SW,WSW,C,mm,km/h,mm
11194,2026-08-20,13:15:00,23.0,23.0,23.0,23.0,53.0,57.0,0.0,0.0,578.3,1.6,4.8,SW,W,C,mm,km/h,mm
11195,2026-08-20,13:30:00,23.0,24.0,23.0,23.0,53.0,56.0,0.0,0.0,578.0,0.0,4.8,ESE,ESE,C,mm,km/h,mm
11196,2026-08-20,13:45:00,25.0,25.0,23.0,23.0,53.0,52.0,0.0,0.0,577.8,0.0,6.4,SSW,W,C,mm,km/h,mm
11197,2026-08-20,14:00:00,25.0,26.0,25.0,23.0,52.0,50.0,0.0,0.0,577.6,1.6,11.3,SW,SW,C,mm,km/h,mm
11198,2026-08-20,14:15:00,25.0,26.0,25.0,23.0,52.0,51.0,0.0,0.0,577.4,0.0,3.2,NW,NW,C,mm,km/h,mm
11199,2026-08-20,14:30:00,24.0,25.0,24.0,23.0,52.0,53.0,0.0,0.0,577.2,0.0,9.7,SSE,ENE,C,mm,km/h,mm
11200,2026-08-20,14:45:00,25.0,25.0,24.0,23.0,51.0,51.0,0.0,0.0,577.0,0.0,4.8,W,W,C,mm,km/h,mm
11201,2026-08-20,15:00:00,25.0,25.0,25.0,23.0,51.0,50.0,0.0,0.0,576.7,0.0,4.8,E,E,C,mm,km/h,mm
11202,2026-08-20,15:15:00,26.0,26.0,25.0,23.0,51.0,50.0,0.0,0.0,576.6,0.0,6.4,E,E,C,mm,km/h,mm
11203,2026-08-20,15:30:00,26.0,26.0,26.0,23.0,51.0,49.0,0.0,0.0,576.4,0.0,4.8,ENE,E,C,mm,km/h,mm
11204,2026-08-20,15:45:00,25.0,26.0,25.0,23.0,51.0,49.0,0.0,0.0,576.4,0.0,8.0,WNW,WNW,C,mm,km/h,mm
11205,2026-08-20,16:00:00,26.0,26.0,25.0,23.0,51.0,49.0,0.0,0.0,576.4,0.0,1.6,W,W,C,mm,km/h,mm
11206,2026-08-20,16:15:00,23.0,26.0,23.0,23.0,52.0,59.0,0.0,0.0,576.4,3.2,14.5,WSW,NNW,C,mm,km/h,mm
11207,2026-08-20,16:30:00,21.0,23.0,21.0,23.0,52.0,68.0,0.0,0.0,576.5,4.8,14.5,SW,W,C,mm,km/h,mm
11208,2026-08-20,16:45:00,19.0,21.0,19.0,23.0,52.0,76.0,0.4,1.6,576.4,6.4,22.5,SW,W,C,mm,km/h,mm
11209,2026-08-20,17:00:00,19.0,19.0,19.0,23.0,52.0,78.0,0.0,0.8,576.8,3.2,16.1,SSE,W,C,mm,km/h,mm
11210,2026-08-20,17:15:00,18.0,19.0,18.0,23.0,53.0,79.0,0.0,0.0,577.5,1.6,12.9,SW,W,C,mm,km/h,mm
11211,2026-08-20,17:30:00,17.0,18.0,17.0,23.0,53.0,86.0,3.6,48.6,577.5,1.6,9.7,E,E,C,mm,km/h,mm
11212,2026-08-20,17:45:00,16.0,17.0,16.0,23.0,54.0,89.0,0.4,4.6,577.5,0.0,0.0,,,C,mm,km/h,mm
11213,2026-08-20,18:00:00,16.0,16.0,16.0,23.0,54.0,90.0,0.2,1.4,577.5,0.0,1.6,N,SSE,C,mm,km/h,mm
11214,2026-08-20,18:15:00,17.0,17.0,16.0,23.0,54.0,89.0,0.2,0.8,577.6,0.0,6.4,S,SSW,C,mm,km/h,mm
11215,2026-08-20,18:30:00,17.0,17.0,17.0,23.0,55.0,89.0,0.0,0.0,577.6,0.0,6.4,SW,SW,C,mm,km/h,mm
11216,2026-08-20,18:45:00,17.0,17.0,17.0,23.0,55.0,89.0,0.0,0.0,577.6,0.0,4.8,S,S,C,mm,km/h,mm
11217,2026-08-20,19:00:00,17.0,17.0,17.0,23.0,56.0,89.0,0.0,0.0,577.6,0.0,3.2,NE,NE,C,mm,km/h,mm
11218,2026-08-20,19:15:00,17.0,17.0,17.0,23.0,56.0,90.0,0.0,0.0,577.7,0.0,0.0,,,C,mm,km/h,mm
11219,2026-08-20,19:30:00,17.0,17.0,17.0,22.0,56.0,90.0,0.0,0.0,577.7,0.0,1.6,NNE,WSW,C,mm,km/h,mm
11220,2026-08-20,19:45:00,17.0,17.0,17.0,22.0,57.0,89.0,0.0,0.0,577.9,0.0,3.2,SW,SW,C,mm,km/h,mm
11221,2026-08-20,20:00:00,17.0,17.0,17.0,22.0,57.0,89.0,0.0,0.0,578.1,0.0,3.2,NE,NNE,C,mm,km/h,mm
11222,2026-08-20,20:15:00,17.0,17.0,17.0,22.0,57.0,88.0,0.0,0.0,578.4,0.0,1.6,NW,NW,C,mm,km/h,mm
11223,2026-08-20,20:30:00,17.0,17.0,17.0,22.0,57.0,87.0,0.0,0.0,578.7,0.0,4.8,S,SSW,C,mm,km/h,mm
11224,2026-08-20,20:45:00,17.0,17.0,17.0,22.0,57.0,87.0,0.0,0.0,578.8,0.0,3.2,SW,SW,C,mm,km/h,mm
11225,2026-08-20,21:00:00,17.0,17.0,17.0,22.0,57.0,85.0,0.0,0.0,578.9,0.0,3.2,WSW,WSW,C,mm,km/h,mm
11226,2026-08-20,21:15:00,17.0,17.0,17.0,22.0,57.0,85.0,0.0,0.0,579.1,0.0,3.2,SSW,WSW,C,mm,km/h,mm
11227,2026-08-20,21:30:00,17.0,17.0,17.0,22.0,57.0,86.0,0.0,0.0,579.3,0.0,3.2,SW,SW,C,mm,km/h,mm
11228,2026-08-20,21:45:00,17.0,17.0,17.0,22.0,57.0,85.0,0.0,0.0,579.4,0.0,1.6,NNE,NNE,C,mm,km/h,mm
11229,2026-08-20,22:00:00,17.0,17.0,17.0,22.0,57.0,85.0,0.0,0.0,579.4,0.0,1.6,SSW,SSW,C,mm,km/h,mm
11230,2026-08-20,22:15:00,17.0,17.0,17.0,22.0,57.0,85.0,0.0,0.0,579.5,0.0,4.8,SSW,SW,C,mm,km/h,mm
11231,2026-08-20,22:30:00,17.0,17.0,17.0,22.0,57.0,83.0,0.0,0.0,579.5,0.0,3.2,SSW,SSW,C,mm,km/h,mm
11232,2026-08-20,22:45:00,17.0,17.0,17.0,22.0,57.0,81.0,0.0,0.0,579.6,0.0,6.4,WSW,SW,C,mm,km/h,mm
11233,2026-08-20,23:00:00,17.0,17.0,17.0,22.0,57.0,81.0,0.0,0.0,579.7,0.0,4.8,S,SW,C,mm,km/h,mm
11234,2026-08-20,23:15:00,17.0,17.0,17.0,22.0,57.0,82.0,0.0,0.0,579.6,0.0,6.4,S,SW,C,mm,km/h,mm
11235,2026-08-20,23:30:00,17.0,17.0,17.0,22.0,57.0,82.0,0.0,0.0,579.7,0.0,3.2,WSW,SW,C,mm,km/h,mm
11236,2026-08-20,23:45:00,17.0,17.0,17.0,22.0,57.0,82.0,0.0,0.0,579.5,0.0,4.8,WSW,SW,C,mm,km/h,mm
11237,2026-08-21,00:15:00,16.0,17.0,16.0,22.0,56.0,83.0,0.0,0.0,579.5,0.0,6.4,S,WSW,C,mm,km/h,mm
11238,2026-08-21,00:30:00,16.0,16.0,16.0,22.0,56.0,83.0,0.0,0.0,579.3,1.6,6.4,SW,WSW,C,mm,km/h,mm
11239,2026-08-21,00:45:00,16.0,16.0,16.0,22.0,56.0,83.0,0.0,0.0,579.3,1.6,9.7,S,SW,C,mm,km/h,mm
11240,2026-08-21,01:00:00,16.0,16.0,16.0,22.0,56.0,82.0,0.0,0.0,579.3,1.6,9.7,S,WSW,C,mm,km/h,mm
11241,2026-08-21,01:15:00,16.0,16.0,16.0,22.0,56.0,81.0,0.0,0.0,579.2,1.6,6.4,W,W,C,mm,km/h,mm
11242,2026-08-21,01:30:00,16.0,16.0,16.0,22.0,56.0,81.0,0.0,0.0,579.1,0.0,8.0,W,WSW,C,mm,km/h,mm
11243,2026-08-21,01:45:00,16.0,16.0,16.0,22.0,55.0,81.0,0.0,0.0,579.2,0.0,1.6,WSW,WSW,C,mm,km/h,mm
11244,2026-08-21,02:00:00,16.0,16.0,16.0,22.0,55.0,81.0,0.0,0.0,579.1,0.0,0.0,,,C,mm,km/h,mm
11245,2026-08-21,02:15:00,15.0,16.0,15.0,22.0,55.0,81.0,0.0,0.0,579.1,0.0,1.6,WNW,WSW,C,mm,km/h,mm
11246,2026-08-21,02:30:00,16.0,16.0,15.0,22.0,55.0,80.0,0.0,0.0,579.1,0.0,3.2,SW,N,C,mm,km/h,mm
11247,2026-08-21,02:45:00,16.0,16.0,15.0,22.0,55.0,79.0,0.0,0.0,579.0,0.0,4.8,S,SSW,C,mm,km/h,mm
11248,2026-08-21,03:00:00,15.0,16.0,15.0,22.0,54.0,79.0,0.0,0.0,578.9,0.0,6.4,WSW,WSW,C,mm,km/h,mm
11249,2026-08-21,03:15:00,15.0,15.0,15.0,21.0,54.0,84.0,0.0,0.0,578.8,0.0,3.2,SW,SW,C,mm,km/h,mm
11250,2026-08-21,03:30:00,15.0,15.0,15.0,21.0,54.0,86.0,0.0,0.0,578.8,0.0,1.6,SSW,WSW,C,mm,km/h,mm
11251,2026-08-21,03:45:00,15.0,15.0,15.0,21.0,55.0,87.0,0.0,0.0,578.8,0.0,3.2,W,W,C,mm,km/h,mm
11252,2026-08-21,04:00:00,15.0,15.0,15.0,21.0,55.0,87.0,0.0,0.0,578.8,0.0,4.8,SSE,SSW,C,mm,km/h,mm
11253,2026-08-21,04:15:00,15.0,15.0,15.0,21.0,55.0,85.0,0.0,0.0,578.8,0.0,6.4,SW,SW,C,mm,km/h,mm
11254,2026-08-21,04:30:00,15.0,15.0,15.0,21.0,55.0,86.0,0.0,0.0,578.8,0.0,1.6,NNE,NNE,C,mm,km/h,mm
11255,2026-08-21,04:45:00,14.0,15.0,14.0,21.0,55.0,86.0,0.0,0.0,579.0,0.0,0.0,,,C,mm,km/h,mm
11256,2026-08-21,05:00:00,14.0,14.0,14.0,21.0,55.0,88.0,0.0,0.0,579.1,0.0,1.6,NE,NE,C,mm,km/h,mm
11257,2026-08-21,05:15:00,14.0,14.0,14.0,21.0,55.0,88.0,0.0,0.0,579.2,0.0,1.6,SSW,SSW,C,mm,km/h,mm
11258,2026-08-21,05:30:00,15.0,15.0,14.0,21.0,55.0,87.0,0.0,0.0,579.3,0.0,4.8,SW,SW,C,mm,km/h,mm
11259,2026-08-21,05:45:00,15.0,15.0,15.0,21.0,55.0,86.0,0.0,0.0,579.4,1.6,8.0,WSW,SW,C,mm,km/h,mm
11260,2026-08-21,06:00:00,15.0,15.0,15.0,21.0,55.0,86.0,0.0,0.0,579.5,1.6,6.4,S,SW,C,mm,km/h,mm
11261,2026-08-21,06:15:00,15.0,15.0,15.0,21.0,55.0,86.0,0.0,0.0,579.6,0.0,1.6,SW,SW,C,mm,km/h,mm
11262,2026-08-21,06:30:00,15.0,15.0,15.0,21.0,55.0,86.0,0.0,0.0,579.8,0.0,3.2,SW,SW,C,mm,km/h,mm
11263,2026-08-21,06:45:00,15.0,15.0,15.0,21.0,55.0,85.0,0.0,0.0,579.9,0.0,4.8,S,SW,C,mm,km/h,mm
11264,2026-08-21,07:00:00,15.0,15.0,15.0,21.0,55.0,84.0,0.0,0.0,579.9,0.0,4.8,WSW,WSW,C,mm,km/h,mm
11265,2026-08-21,07:15:00,15.0,15.0,15.0,21.0,55.0,83.0,0.0,0.0,580.1,1.6,6.4,S,SSW,C,mm,km/h,mm
11266,2026-08-21,07:30:00,16.0,16.0,15.0,21.0,55.0,80.0,0.0,0.0,580.2,1.6,6.4,WSW,WSW,C,mm,km/h,mm
11267,2026-08-21,07:45:00,16.0,16.0,16.0,22.0,54.0,80.0,0.0,0.0,580.2,0.0,3.2,SW,WSW,C,mm,km/h,mm
11268,2026-08-21,08:00:00,16.0,16.0,16.0,22.0,54.0,79.0,0.0,0.0,580.3,0.0,3.2,WSW,W,C,mm,km/h,mm
11269,2026-08-21,08:15:00,17.0,17.0,16.0,22.0,53.0,77.0,0.0,0.0,580.3,0.0,6.4,S,SW,C,mm,km/h,mm
11270,2026-08-21,08:30:00,17.0,17.0,17.0,22.0,53.0,75.0,0.0,0.0,580.3,0.0,4.8,WSW,WSW,C,mm,km/h,mm
11271,2026-08-21,08:45:00,18.0,18.0,17.0,22.0,53.0,72.0,0.0,0.0,580.3,0.0,4.8,WSW,WSW,C,mm,km/h,mm
11272,2026-08-21,09:00:00,18.0,18.0,18.0,22.0,52.0,70.0,0.0,0.0,580.3,1.6,6.4,WSW,W,C,mm,km/h,mm
11273,2026-08-21,09:15:00,18.0,18.0,18.0,22.0,52.0,71.0,0.0,0.0,580.3,0.0,4.8,WNW,W,C,mm,km/h,mm
11274,2026-08-21,09:30:00,18.0,18.0,18.0,22.0,52.0,68.0,0.0,0.0,580.4,0.0,1.6,NE,SW,C,mm,km/h,mm
11275,2026-08-21,09:45:00,20.0,20.0,18.0,22.0,52.0,66.0,0.0,0.0,580.6,0.0,1.6,SW,SW,C,mm,km/h,mm
11276,2026-08-21,10:00:00,20.0,20.0,20.0,22.0,52.0,64.0,0.0,0.0,580.6,0.0,3.2,NNW,NNW,C,mm,km/h,mm
11277,2026-08-21,10:15:00,20.0,20.0,20.0,22.0,52.0,64.0,0.0,0.0,580.4,0.0,1.6,E,E,C,mm,km/h,mm
11278,2026-08-21,10:30:00,21.0,21.0,20.0,22.0,52.0,63.0,0.0,0.0,580.4,0.0,3.2,ENE,E,C,mm,km/h,mm
11279,2026-08-21,10:45:00,21.0,21.0,21.0,22.0,52.0,60.0,0.0,0.0,580.4,1.6,8.0,WSW,W,C,mm,km/h,mm
11280,2026-08-21,11:00:00,22.0,22.0,21.0,22.0,52.0,60.0,0.0,0.0,580.3,1.6,8.0,SSW,WSW,C,mm,km/h,mm
11281,2026-08-21,11:15:00,22.0,22.0,22.0,22.0,52.0,58.0,0.0,0.0,580.2,0.0,6.4,W,W,C,mm,km/h,mm
11282,2026-08-21,11:30:00,23.0,23.0,22.0,22.0,52.0,56.0,0.0,0.0,580.0,0.0,3.2,ESE,ESE,C,mm,km/h,mm
11283,2026-08-21,11:45:00,23.0,23.0,23.0,23.0,52.0,59.0,0.0,0.0,579.8,0.0,6.4,SW,E,C,mm,km/h,mm
11284,2026-08-21,12:00:00,24.0,24.0,22.0,23.0,52.0,53.0,0.0,0.0,579.7,1.6,8.0,SW,W,C,mm,km/h,mm
11285,2026-08-21,12:15:00,24.0,24.0,24.0,23.0,52.0,53.0,0.0,0.0,579.6,1.6,12.9,SSW,WSW,C,mm,km/h,mm
11286,2026-08-21,12:30:00,24.0,24.0,24.0,23.0,52.0,53.0,0.0,0.0,579.6,1.6,12.9,SSW,WSW,C,mm,km/h,mm
11287,2026-08-21,12:45:00,24.0,24.0,24.0,23.0,51.0,53.0,0.0,0.0,579.3,1.6,8.0,SSW,N,C,mm,km/h,mm
11288,2026-08-21,13:00:00,25.0,25.0,24.0,23.0,51.0,49.0,0.0,0.0,579.2,1.6,9.7,S,WSW,C,mm,km/h,mm
11289,2026-08-21,13:15:00,24.0,25.0,24.0,23.0,51.0,51.0,0.0,0.0,578.9,0.0,6.4,WSW,E,C,mm,km/h,mm
11290,2026-08-21,13:30:00,24.0,25.0,24.0,23.0,51.0,50.0,0.0,0.0,578.8,1.6,8.0,SW,W,C,mm,km/h,mm
11291,2026-08-21,13:45:00,25.0,25.0,24.0,23.0,51.0,48.0,0.0,0.0,578.6,1.6,8.0,N,W,C,mm,km/h,mm
11292,2026-08-21,14:00:00,26.0,26.0,25.0,23.0,51.0,48.0,0.0,0.0,578.4,1.6,9.7,W,W,C,mm,km/h,mm
11293,2026-08-21,14:15:00,26.0,26.0,26.0,23.0,50.0,46.0,0.0,0.0,578.3,1.6,11.3,SW,WSW,C,mm,km/h,mm
11294,2026-08-21,14:30:00,26.0,26.0,26.0,23.0,49.0,44.0,0.0,0.0,578.1,1.6,9.7,SW,NNW,C,mm,km/h,mm
11295,2026-08-21,14:45:00,25.0,26.0,25.0,23.0,49.0,45.0,0.0,0.0,577.8,1.6,9.7,WNW,E,C,mm,km/h,mm
11296,2026-08-21,15:00:00,25.0,26.0,25.0,23.0,47.0,46.0,0.0,0.0,577.6,1.6,11.3,SW,SSW,C,mm,km/h,mm
11297,2026-08-21,15:15:00,25.0,25.0,25.0,23.0,47.0,46.0,0.0,0.0,577.5,1.6,11.3,E,W,C,mm,km/h,mm
11298,2026-08-21,15:30:00,25.0,25.0,25.0,23.0,48.0,47.0,0.0,0.0,577.3,0.0,1.6,E,E,C,mm,km/h,mm
11299,2026-08-21,15:45:00,24.0,25.0,24.0,23.0,48.0,52.0,0.0,0.0,577.3,0.0,1.6,NNW,NNW,C,mm,km/h,mm
11300,2026-08-21,16:00:00,23.0,24.0,23.0,24.0,48.0,52.0,0.0,0.0,577.1,0.0,3.2,ENE,E,C,mm,km/h,mm
11301,2026-08-21,16:15:00,22.0,23.0,22.0,23.0,48.0,56.0,0.0,0.0,577.2,1.6,4.8,E,E,C,mm,km/h,mm
11302,2026-08-21,16:30:00,21.0,22.0,21.0,23.0,49.0,64.0,0.0,0.0,577.3,3.2,8.0,E,E,C,mm,km/h,mm
11303,2026-08-21,16:45:00,20.0,21.0,20.0,23.0,49.0,63.0,0.0,0.0,577.3,3.2,17.7,E,E,C,mm,km/h,mm
11304,2026-08-21,17:00:00,20.0,20.0,20.0,23.0,49.0,65.0,0.0,0.0,577.4,1.6,17.7,ENE,E,C,mm,km/h,mm
11305,2026-08-21,17:15:00,20.0,20.0,20.0,23.0,50.0,65.0,0.0,0.0,577.9,1.6,6.4,SSE,E,C,mm,km/h,mm
11306,2026-08-21,17:30:00,18.0,20.0,18.0,23.0,50.0,75.0,0.4,4.4,577.9,1.6,8.0,ESE,E,C,mm,km/h,mm
11307,2026-08-21,17:45:00,17.0,18.0,17.0,23.0,50.0,81.0,0.2,1.8,578.0,0.0,4.8,E,E,C,mm,km/h,mm
11308,2026-08-21,18:00:00,17.0,17.0,17.0,23.0,51.0,80.0,0.0,0.0,577.6,0.0,4.8,S,ENE,C,mm,km/h,mm
11309,2026-08-21,18:15:00,17.0,17.0,17.0,23.0,52.0,82.0,0.0,0.0,577.6,0.0,3.2,WSW,NE,C,mm,km/h,mm
11310,2026-08-21,18:30:00,17.0,17.0,17.0,23.0,52.0,81.0,0.0,0.0,578.2,0.0,6.4,W,W,C,mm,km/h,mm
11311,2026-08-21,18:45:00,17.0,17.0,17.0,22.0,52.0,76.0,0.0,0.0,578.4,0.0,6.4,WSW,WSW,C,mm,km/h,mm
11312,2026-08-21,19:00:00,18.0,18.0,17.0,22.0,52.0,72.0,0.0,0.0,578.9,1.6,9.7,W,WSW,C,mm,km/h,mm
11313,2026-08-21,19:15:00,18.0,18.0,18.0,22.0,52.0,74.0,0.0,0.0,579.1,3.2,14.5,WSW,WSW,C,mm,km/h,mm
11314,2026-08-21,19:30:00,17.0,18.0,17.0,22.0,52.0,78.0,0.0,0.0,579.1,1.6,16.1,WNW,W,C,mm,km/h,mm
11315,2026-08-21,19:45:00,17.0,17.0,17.0,22.0,52.0,77.0,0.0,0.0,579.1,0.0,4.8,WSW,W,C,mm,km/h,mm
11316,2026-08-21,20:00:00,17.0,17.0,17.0,22.0,53.0,81.0,0.4,4.8,579.4,0.0,4.8,SSW,SW,C,mm,km/h,mm
11317,2026-08-21,20:15:00,16.0,17.0,16.0,22.0,53.0,88.0,0.6,4.8,579.5,0.0,6.4,SW,SSW,C,mm,km/h,mm
11318,2026-08-21,20:30:00,15.0,16.0,15.0,22.0,53.0,88.0,0.0,0.0,579.6,1.6,6.4,NE,NNE,C,mm,km/h,mm
11319,2026-08-21,20:45:00,15.0,15.0,15.0,22.0,54.0,88.0,0.2,0.0,579.8,1.6,6.4,SSW,SW,C,mm,km/h,mm
11320,2026-08-21,21:00:00,15.0,15.0,15.0,22.0,54.0,89.0,0.0,0.0,580.0,0.0,6.4,SW,WSW,C,mm,km/h,mm
11321,2026-08-21,21:15:00,15.0,15.0,15.0,22.0,54.0,88.0,0.0,0.0,580.5,0.0,8.0,S,SW,C,mm,km/h,mm
11322,2026-08-21,21:30:00,15.0,15.0,15.0,22.0,54.0,88.0,0.0,0.0,580.6,0.0,8.0,SSW,WSW,C,mm,km/h,mm
11323,2026-08-21,21:45:00,15.0,15.0,15.0,22.0,55.0,89.0,0.0,0.0,580.6,0.0,4.8,NE,ENE,C,mm,km/h,mm
11324,2026-08-21,22:00:00,15.0,15.0,15.0,22.0,55.0,90.0,0.0,0.0,580.7,0.0,1.6,SSE,SW,C,mm,km/h,mm
11325,2026-08-21,22:15:00,15.0,15.0,15.0,22.0,55.0,90.0,0.0,0.0,580.6,0.0,3.2,SW,SW,C,mm,km/h,mm
11326,2026-08-21,22:30:00,15.0,15.0,15.0,22.0,55.0,90.0,0.0,0.0,580.7,0.0,1.6,SW,SW,C,mm,km/h,mm
11327,2026-08-21,22:45:00,15.0,15.0,15.0,22.0,55.0,89.0,0.0,0.0,580.7,0.0,4.8,SSW,SW,C,mm,km/h,mm
11328,2026-08-21,23:00:00,15.0,15.0,15.0,22.0,55.0,88.0,0.0,0.0,580.7,0.0,0.0,,,C,mm,km/h,mm
11329,2026-08-21,23:15:00,15.0,15.0,15.0,22.0,55.0,87.0,0.0,0.0,580.7,0.0,1.6,S,S,C,mm,km/h,mm
11330,2026-08-21,23:30:00,15.0,15.0,15.0,22.0,55.0,87.0,0.0,0.0,580.7,0.0,0.0,,,C,mm,km/h,mm
11331,2026-08-21,23:45:00,15.0,15.0,15.0,22.0,55.0,88.0,0.0,0.0,580.6,0.0,0.0,,,C,mm,km/h,mm
11332,2026-08-22,00:15:00,15.0,15.0,15.0,22.0,56.0,89.0,0.0,0.0,580.4,0.0,0.0,,,C,mm,km/h,mm
11333,2026-08-22,00:30:00,15.0,15.0,15.0,22.0,56.0,88.0,0.0,0.0,580.2,0.0,0.0,,,C,mm,km/h,mm
11334,2026-08-22,00:45:00,15.0,15.0,15.0,22.0,56.0,88.0,0.0,0.0,580.1,0.0,1.6,WSW,SW,C,mm,km/h,mm
11335,2026-08-22,01:00:00,15.0,15.0,15.0,22.0,56.0,88.0,0.0,0.0,580.0,0.0,0.0,,,C,mm,km/h,mm
11336,2026-08-22,01:15:00,15.0,15.0,15.0,22.0,56.0,88.0,0.2,0.0,579.8,0.0,0.0,,,C,mm,km/h,mm
11337,2026-08-22,01:30:00,15.0,15.0,15.0,21.0,56.0,89.0,0.0,0.0,579.6,0.0,0.0,,,C,mm,km/h,mm
11338,2026-08-22,01:45:00,15.0,15.0,15.0,21.0,56.0,91.0,0.0,0.0,579.4,0.0,0.0,,,C,mm,km/h,mm
11339,2026-08-22,02:00:00,14.0,15.0,14.0,21.0,56.0,91.0,0.0,0.0,579.0,0.0,0.0,,,C,mm,km/h,mm
11340,2026-08-22,02:15:00,14.0,14.0,14.0,21.0,56.0,91.0,0.0,0.0,578.9,0.0,0.0,,,C,mm,km/h,mm
11341,2026-08-22,02:30:00,14.0,14.0,14.0,21.0,56.0,91.0,0.0,0.0,578.6,0.0,0.0,,,C,mm,km/h,mm
11342,2026-08-22,02:45:00,14.0,14.0,14.0,21.0,56.0,91.0,0.0,0.0,578.5,0.0,0.0,,,C,mm,km/h,mm
11343,2026-08-22,03:00:00,14.0,14.0,14.0,21.0,56.0,91.0,0.0,0.0,578.5,0.0,0.0,,,C,mm,km/h,mm
11344,2026-08-22,03:15:00,14.0,14.0,14.0,21.0,57.0,92.0,0.0,0.0,578.6,0.0,0.0,,,C,mm,km/h,mm
11345,2026-08-22,03:30:00,14.0,14.0,14.0,21.0,57.0,92.0,0.0,0.0,578.7,0.0,0.0,,,C,mm,km/h,mm
11346,2026-08-22,03:45:00,14.0,14.0,14.0,21.0,57.0,92.0,0.0,0.0,578.9,0.0,0.0,,,C,mm,km/h,mm
11347,2026-08-22,04:00:00,14.0,14.0,14.0,21.0,57.0,92.0,0.0,0.0,579.0,0.0,0.0,,,C,mm,km/h,mm
11348,2026-08-22,04:15:00,14.0,14.0,14.0,21.0,57.0,93.0,0.0,0.0,579.1,0.0,0.0,,,C,mm,km/h,mm
11349,2026-08-22,04:30:00,14.0,14.0,14.0,21.0,57.0,93.0,0.0,0.0,579.1,0.0,0.0,,,C,mm,km/h,mm
11350,2026-08-22,04:45:00,15.0,15.0,14.0,21.0,57.0,93.0,0.0,0.0,579.1,0.0,0.0,,,C,mm,km/h,mm
11351,2026-08-22,05:00:00,15.0,15.0,15.0,21.0,57.0,92.0,0.0,0.0,579.2,0.0,0.0,,,C,mm,km/h,mm
11352,2026-08-22,05:15:00,15.0,15.0,15.0,21.0,57.0,92.0,0.0,0.0,579.3,0.0,0.0,,,C,mm,km/h,mm
11353,2026-08-22,05:30:00,15.0,15.0,15.0,21.0,57.0,92.0,0.0,0.0,579.5,0.0,0.0,,,C,mm,km/h,mm
11354,2026-08-22,05:45:00,15.0,15.0,15.0,21.0,58.0,92.0,0.0,0.0,579.6,0.0,0.0,,,C,mm,km/h,mm
11355,2026-08-22,06:00:00,15.0,15.0,15.0,21.0,58.0,92.0,0.0,0.0,579.6,0.0,0.0,,,C,mm,km/h,mm
11356,2026-08-22,06:15:00,15.0,15.0,15.0,21.0,58.0,92.0,0.0,0.0,579.4,0.0,0.0,,,C,mm,km/h,mm
11357,2026-08-22,06:30:00,15.0,15.0,15.0,21.0,58.0,91.0,0.0,0.0,579.5,0.0,0.0,,,C,mm,km/h,mm
11358,2026-08-22,06:45:00,15.0,15.0,15.0,21.0,58.0,91.0,0.0,0.0,579.5,0.0,0.0,,,C,mm,km/h,mm
11359,2026-08-22,07:00:00,15.0,15.0,15.0,21.0,58.0,91.0,0.0,0.0,579.6,0.0,0.0,,,C,mm,km/h,mm
11360,2026-08-22,07:15:00,15.0,15.0,15.0,21.0,58.0,91.0,0.0,0.0,579.7,0.0,0.0,,,C,mm,km/h,mm
11361,2026-08-22,07:30:00,15.0,15.0,15.0,21.0,58.0,89.0,0.0,0.0,579.9,0.0,0.0,,,C,mm,km/h,mm
11362,2026-08-22,07:45:00,16.0,16.0,15.0,21.0,58.0,88.0,0.0,0.0,579.9,0.0,0.0,,,C,mm,km/h,mm
11363,2026-08-22,08:00:00,17.0,17.0,16.0,21.0,58.0,84.0,0.0,0.0,579.9,0.0,4.8,WSW,SW,C,mm,km/h,mm
11364,2026-08-22,08:15:00,18.0,18.0,17.0,21.0,58.0,79.0,0.0,0.0,580.0,0.0,3.2,W,WSW,C,mm,km/h,mm
11365,2026-08-22,08:30:00,19.0,19.0,18.0,21.0,58.0,75.0,0.0,0.0,580.1,0.0,6.4,WSW,WSW,C,mm,km/h,mm
11366,2026-08-22,08:45:00,20.0,20.0,19.0,21.0,58.0,73.0,0.0,0.0,580.1,0.0,4.8,S,S,C,mm,km/h,mm
11367,2026-08-22,09:00:00,20.0,20.0,19.0,21.0,58.0,72.0,0.0,0.0,580.1,0.0,1.6,NE,ENE,C,mm,km/h,mm
11368,2026-08-22,09:15:00,20.0,20.0,19.0,21.0,58.0,73.0,0.0,0.0,580.3,0.0,4.8,ENE,E,C,mm,km/h,mm
11369,2026-08-22,09:30:00,20.0,20.0,20.0,21.0,58.0,71.0,0.0,0.0,580.1,0.0,6.4,SSW,WSW,C,mm,km/h,mm
11370,2026-08-22,09:45:00,20.0,20.0,20.0,21.0,57.0,68.0,0.0,0.0,580.0,0.0,4.8,WNW,W,C,mm,km/h,mm
11371,2026-08-22,10:00:00,21.0,21.0,20.0,21.0,57.0,64.0,0.0,0.0,579.9,0.0,4.8,SW,WSW,C,mm,km/h,mm
11372,2026-08-22,10:15:00,22.0,22.0,21.0,21.0,57.0,65.0,0.0,0.0,579.8,0.0,4.8,NNW,E,C,mm,km/h,mm
11373,2026-08-22,10:30:00,21.0,22.0,21.0,21.0,57.0,61.0,0.0,0.0,579.9,0.0,4.8,ESE,ENE,C,mm,km/h,mm
11374,2026-08-22,10:45:00,22.0,22.0,21.0,21.0,57.0,61.0,0.0,0.0,579.9,0.0,3.2,ENE,ENE,C,mm,km/h,mm
11375,2026-08-22,11:00:00,23.0,23.0,22.0,21.0,57.0,57.0,0.0,0.0,579.9,0.0,4.8,WNW,WNW,C,mm,km/h,mm
11376,2026-08-22,11:15:00,23.0,24.0,23.0,21.0,57.0,60.0,0.0,0.0,579.8,0.0,3.2,ENE,ENE,C,mm,km/h,mm
11377,2026-08-22,11:30:00,24.0,24.0,23.0,21.0,57.0,56.0,0.0,0.0,579.8,0.0,3.2,WNW,WNW,C,mm,km/h,mm
11378,2026-08-22,11:45:00,24.0,24.0,23.0,21.0,57.0,56.0,0.0,0.0,579.6,0.0,3.2,NE,NNW,C,mm,km/h,mm
11379,2026-08-22,12:00:00,24.0,24.0,24.0,21.0,57.0,54.0,0.0,0.0,579.5,1.6,8.0,NW,NNW,C,mm,km/h,mm
11380,2026-08-22,12:15:00,24.0,24.0,24.0,21.0,56.0,57.0,0.0,0.0,579.2,0.0,6.4,NW,NNW,C,mm,km/h,mm
11381,2026-08-22,12:30:00,24.0,24.0,24.0,21.0,56.0,55.0,0.0,0.0,579.1,1.6,8.0,NW,NNW,C,mm,km/h,mm
11382,2026-08-22,12:45:00,24.0,24.0,24.0,21.0,56.0,53.0,0.0,0.0,578.8,1.6,8.0,W,W,C,mm,km/h,mm
11383,2026-08-22,13:00:00,23.0,24.0,23.0,21.0,56.0,58.0,0.0,0.0,578.5,1.6,8.0,NW,SW,C,mm,km/h,mm
11384,2026-08-22,13:15:00,23.0,23.0,23.0,21.0,56.0,55.0,0.0,0.0,578.4,0.0,4.8,WSW,NNW,C,mm,km/h,mm
11385,2026-08-22,13:30:00,24.0,24.0,23.0,21.0,56.0,58.0,0.0,0.0,578.3,0.0,4.8,WSW,WSW,C,mm,km/h,mm
11386,2026-08-22,13:45:00,25.0,25.0,24.0,21.0,56.0,52.0,0.0,0.0,578.1,0.0,4.8,E,ENE,C,mm,km/h,mm
11387,2026-08-22,14:00:00,25.0,25.0,24.0,21.0,56.0,51.0,0.0,0.0,577.8,0.0,3.2,E,E,C,mm,km/h,mm
11388,2026-08-22,14:15:00,24.0,25.0,24.0,21.0,56.0,57.0,0.0,0.0,577.7,0.0,6.4,ENE,ENE,C,mm,km/h,mm
11389,2026-08-22,14:30:00,24.0,24.0,24.0,21.0,56.0,52.0,0.0,0.0,577.4,0.0,3.2,WSW,NNW,C,mm,km/h,mm
11390,2026-08-22,14:45:00,24.0,25.0,24.0,21.0,56.0,53.0,0.0,0.0,577.3,0.0,1.6,N,E,C,mm,km/h,mm
11391,2026-08-22,15:00:00,22.0,24.0,22.0,22.0,56.0,59.0,0.0,0.0,577.5,4.8,16.1,SE,E,C,mm,km/h,mm
11392,2026-08-22,15:15:00,20.0,21.0,20.0,21.0,56.0,60.0,0.0,0.0,577.7,4.8,14.5,ENE,E,C,mm,km/h,mm
11393,2026-08-22,15:30:00,17.0,20.0,17.0,22.0,56.0,74.0,0.2,0.0,578.0,3.2,11.3,E,E,C,mm,km/h,mm
11394,2026-08-22,15:45:00,16.0,17.0,16.0,21.0,56.0,80.0,0.2,2.8,578.2,4.8,12.9,ESE,E,C,mm,km/h,mm
11395,2026-08-22,16:00:00,15.0,16.0,15.0,21.0,56.0,84.0,0.4,1.2,578.5,3.2,8.0,SE,E,C,mm,km/h,mm
11396,2026-08-22,16:15:00,15.0,15.0,15.0,21.0,56.0,84.0,0.0,0.0,579.0,0.0,4.8,SW,W,C,mm,km/h,mm
11397,2026-08-22,16:30:00,15.0,16.0,15.0,21.0,56.0,83.0,0.0,0.0,579.0,0.0,4.8,E,E,C,mm,km/h,mm
11398,2026-08-22,16:45:00,15.0,15.0,15.0,21.0,56.0,85.0,0.6,3.6,578.9,1.6,8.0,ESE,E,C,mm,km/h,mm
11399,2026-08-22,17:00:00,15.0,15.0,15.0,21.0,56.0,87.0,0.4,3.6,578.8,0.0,4.8,WNW,NNE,C,mm,km/h,mm
11400,2026-08-22,17:15:00,15.0,15.0,15.0,21.0,56.0,87.0,0.2,1.4,578.7,0.0,4.8,NE,E,C,mm,km/h,mm
11401,2026-08-22,17:30:00,15.0,15.0,15.0,21.0,56.0,87.0,0.0,0.0,578.8,0.0,3.2,ENE,ENE,C,mm,km/h,mm
11402,2026-08-22,17:45:00,15.0,15.0,15.0,21.0,56.0,87.0,0.2,0.0,578.9,1.6,6.4,W,NW,C,mm,km/h,mm
11403,2026-08-22,18:00:00,15.0,15.0,15.0,21.0,56.0,88.0,0.2,0.8,578.9,1.6,9.7,WNW,W,C,mm,km/h,mm
11404,2026-08-22,18:15:00,15.0,15.0,15.0,21.0,56.0,88.0,0.2,1.2,579.1,1.6,8.0,WNW,W,C,mm,km/h,mm
11405,2026-08-22,18:30:00,14.0,15.0,14.0,21.0,56.0,89.0,0.4,1.2,579.1,1.6,6.4,WSW,W,C,mm,km/h,mm
11406,2026-08-22,18:45:00,14.0,14.0,14.0,21.0,56.0,89.0,0.2,1.2,579.3,1.6,9.7,NW,W,C,mm,km/h,mm
11407,2026-08-22,19:00:00,14.0,14.0,14.0,21.0,56.0,89.0,0.2,1.2,579.5,1.6,8.0,W,WSW,C,mm,km/h,mm
11408,2026-08-22,19:15:00,14.0,14.0,14.0,21.0,56.0,89.0,0.2,0.8,579.3,1.6,8.0,WNW,W,C,mm,km/h,mm
11409,2026-08-22,19:30:00,14.0,14.0,14.0,21.0,56.0,87.0,0.0,0.0,579.2,3.2,11.3,NW,WSW,C,mm,km/h,mm
11410,2026-08-22,19:45:00,14.0,14.0,14.0,21.0,56.0,89.0,0.0,0.0,579.1,1.6,11.3,WNW,W,C,mm,km/h,mm
11411,2026-08-22,20:00:00,14.0,14.0,14.0,21.0,56.0,87.0,0.0,0.0,579.0,1.6,8.0,SW,SW,C,mm,km/h,mm
11412,2026-08-22,20:15:00,14.0,14.0,14.0,21.0,56.0,89.0,0.0,0.0,579.0,0.0,1.6,NNE,WSW,C,mm,km/h,mm
11413,2026-08-22,20:30:00,14.0,14.0,14.0,21.0,56.0,89.0,0.0,0.0,579.5,0.0,0.0,,,C,mm,km/h,mm
11414,2026-08-22,20:45:00,14.0,14.0,14.0,21.0,56.0,90.0,0.0,0.0,580.0,0.0,0.0,,,C,mm,km/h,mm
11415,2026-08-22,21:00:00,14.0,14.0,14.0,21.0,56.0,90.0,0.0,0.0,580.3,0.0,0.0,,,C,mm,km/h,mm
11416,2026-08-22,21:15:00,14.0,14.0,14.0,21.0,56.0,91.0,0.0,0.0,580.4,0.0,0.0,,,C,mm,km/h,mm
11417,2026-08-22,21:30:00,14.0,14.0,14.0,21.0,56.0,91.0,0.0,0.0,580.3,0.0,0.0,,,C,mm,km/h,mm
11418,2026-08-22,21:45:00,14.0,14.0,14.0,21.0,56.0,91.0,0.0,0.0,580.4,0.0,0.0,,,C,mm,km/h,mm
11419,2026-08-22,22:00:00,14.0,14.0,14.0,21.0,56.0,91.0,0.0,0.0,580.4,0.0,0.0,,,C,mm,km/h,mm
11420,2026-08-22,22:15:00,14.0,14.0,14.0,21.0,56.0,91.0,0.0,0.0,580.6,0.0,0.0,,,C,mm,km/h,mm
11421,2026-08-22,22:30:00,14.0,14.0,14.0,21.0,57.0,92.0,0.0,0.0,580.3,0.0,0.0,,,C,mm,km/h,mm
11422,2026-08-22,22:45:00,14.0,14.0,14.0,21.0,57.0,92.0,0.0,0.0,580.2,0.0,0.0,,,C,mm,km/h,mm
11423,2026-08-22,23:00:00,14.0,14.0,14.0,21.0,57.0,91.0,0.0,0.0,580.2,0.0,1.6,WSW,WSW,C,mm,km/h,mm
11424,2026-08-22,23:15:00,14.0,14.0,14.0,21.0,57.0,91.0,0.0,0.0,580.3,0.0,0.0,,,C,mm,km/h,mm
11425,2026-08-22,23:30:00,14.0,14.0,14.0,21.0,57.0,91.0,0.0,0.0,580.2,0.0,0.0,,,C,mm,km/h,mm
11426,2026-08-22,23:45:00,14.0,14.0,14.0,21.0,57.0,91.0,0.0,0.0,580.2,0.0,0.0,,,C,mm,km/h,mm
11427,2026-08-23,00:15:00,14.0,14.0,14.0,21.0,57.0,91.0,0.0,0.0,579.9,0.0,0.0,,,C,mm,km/h,mm
11428,2026-08-23,00:30:00,14.0,14.0,13.0,21.0,57.0,91.0,0.0,0.0,579.7,0.0,0.0,,,C,mm,km/h,mm
11429,2026-08-23,00:45:00,13.0,14.0,13.0,21.0,57.0,91.0,0.0,0.0,579.5,0.0,0.0,,,C,mm,km/h,mm
11430,2026-08-23,01:00:00,13.0,13.0,13.0,21.0,57.0,91.0,0.0,0.0,579.3,0.0,0.0,,,C,mm,km/h,mm
11431,2026-08-23,01:15:00,13.0,13.0,13.0,21.0,57.0,91.0,0.0,0.0,579.3,0.0,0.0,,,C,mm,km/h,mm
11432,2026-08-23,01:30:00,13.0,13.0,13.0,21.0,57.0,91.0,0.0,0.0,579.3,0.0,0.0,,,C,mm,km/h,mm
11433,2026-08-23,01:45:00,13.0,13.0,13.0,21.0,57.0,92.0,0.0,0.0,579.3,0.0,0.0,,,C,mm,km/h,mm
11434,2026-08-23,02:00:00,13.0,13.0,13.0,21.0,57.0,92.0,0.0,0.0,579.3,0.0,0.0,,,C,mm,km/h,mm
11435,2026-08-23,02:15:00,13.0,13.0,13.0,21.0,57.0,93.0,0.0,0.0,579.2,0.0,0.0,,,C,mm,km/h,mm
11436,2026-08-23,02:30:00,13.0,13.0,13.0,21.0,57.0,93.0,0.0,0.0,579.1,0.0,0.0,,,C,mm,km/h,mm
11437,2026-08-23,02:45:00,13.0,13.0,13.0,21.0,57.0,93.0,0.0,0.0,579.0,0.0,0.0,,,C,mm,km/h,mm
11438,2026-08-23,03:00:00,13.0,13.0,13.0,21.0,57.0,93.0,0.0,0.0,579.0,0.0,0.0,,,C,mm,km/h,mm
11439,2026-08-23,03:15:00,13.0,13.0,13.0,21.0,57.0,93.0,0.0,0.0,579.0,0.0,0.0,,,C,mm,km/h,mm
11440,2026-08-23,03:30:00,13.0,13.0,13.0,21.0,57.0,93.0,0.0,0.0,579.1,0.0,0.0,,,C,mm,km/h,mm
11441,2026-08-23,03:45:00,13.0,13.0,13.0,21.0,57.0,92.0,0.0,0.0,579.0,0.0,0.0,,,C,mm,km/h,mm
11442,2026-08-23,04:00:00,13.0,13.0,13.0,21.0,57.0,92.0,0.0,0.0,579.0,0.0,0.0,,,C,mm,km/h,mm
11443,2026-08-23,04:15:00,13.0,13.0,13.0,21.0,57.0,92.0,0.0,0.0,579.1,0.0,0.0,,,C,mm,km/h,mm
11444,2026-08-23,04:30:00,13.0,13.0,13.0,21.0,57.0,92.0,0.0,0.0,579.0,0.0,0.0,,,C,mm,km/h,mm
11445,2026-08-23,04:45:00,13.0,13.0,13.0,21.0,57.0,92.0,0.0,0.0,579.0,0.0,0.0,,,C,mm,km/h,mm
11446,2026-08-23,05:00:00,13.0,13.0,13.0,20.0,57.0,92.0,0.0,0.0,579.1,0.0,0.0,,,C,mm,km/h,mm
11447,2026-08-23,05:15:00,13.0,13.0,13.0,20.0,57.0,92.0,0.2,0.0,579.0,0.0,0.0,,,C,mm,km/h,mm
11448,2026-08-23,05:30:00,13.0,13.0,13.0,20.0,57.0,92.0,0.0,0.0,579.1,0.0,0.0,,,C,mm,km/h,mm
11449,2026-08-23,05:45:00,13.0,13.0,13.0,20.0,57.0,92.0,0.0,0.0,579.0,0.0,0.0,,,C,mm,km/h,mm
11450,2026-08-23,06:00:00,13.0,13.0,13.0,20.0,57.0,92.0,0.0,0.0,579.0,0.0,0.0,,,C,mm,km/h,mm
11451,2026-08-23,06:15:00,13.0,13.0,13.0,20.0,57.0,92.0,0.0,0.0,578.9,0.0,0.0,,,C,mm,km/h,mm
11452,2026-08-23,06:30:00,13.0,13.0,13.0,20.0,57.0,93.0,0.0,0.0,579.0,0.0,0.0,,,C,mm,km/h,mm
11453,2026-08-23,06:45:00,13.0,13.0,13.0,20.0,58.0,93.0,0.0,0.0,579.1,0.0,0.0,,,C,mm,km/h,mm
11454,2026-08-23,07:00:00,13.0,13.0,13.0,20.0,58.0,93.0,0.0,0.0,579.1,0.0,0.0,,,C,mm,km/h,mm
11455,2026-08-23,07:15:00,13.0,13.0,13.0,20.0,58.0,93.0,0.0,0.0,579.0,0.0,0.0,,,C,mm,km/h,mm
11456,2026-08-23,07:30:00,13.0,13.0,13.0,20.0,58.0,93.0,0.0,0.0,579.2,0.0,0.0,,,C,mm,km/h,mm
11457,2026-08-23,07:45:00,14.0,14.0,13.0,20.0,58.0,93.0,0.0,0.0,579.3,0.0,0.0,,,C,mm,km/h,mm
11458,2026-08-23,08:00:00,14.0,14.0,14.0,20.0,58.0,91.0,0.0,0.0,579.5,0.0,0.0,,,C,mm,km/h,mm
11459,2026-08-23,08:15:00,14.0,14.0,14.0,20.0,58.0,90.0,0.0,0.0,579.6,0.0,1.6,W,W,C,mm,km/h,mm
11460,2026-08-23,08:30:00,15.0,15.0,14.0,20.0,58.0,87.0,0.0,0.0,579.6,0.0,0.0,,,C,mm,km/h,mm
11461,2026-08-23,08:45:00,15.0,15.0,15.0,20.0,57.0,84.0,0.0,0.0,579.9,0.0,1.6,W,W,C,mm,km/h,mm
11462,2026-08-23,09:00:00,16.0,16.0,15.0,20.0,57.0,84.0,0.0,0.0,580.0,0.0,1.6,ENE,ENE,C,mm,km/h,mm
11463,2026-08-23,09:15:00,16.0,16.0,16.0,20.0,57.0,82.0,0.0,0.0,580.0,0.0,3.2,ENE,ENE,C,mm,km/h,mm
11464,2026-08-23,09:30:00,16.0,16.0,16.0,20.0,57.0,80.0,0.0,0.0,580.1,0.0,1.6,ENE,ENE,C,mm,km/h,mm
11465,2026-08-23,09:45:00,17.0,17.0,16.0,20.0,57.0,78.0,0.0,0.0,580.1,0.0,1.6,ENE,ENE,C,mm,km/h,mm
11466,2026-08-23,10:00:00,17.0,18.0,17.0,20.0,57.0,76.0,0.0,0.0,580.2,0.0,4.8,E,E,C,mm,km/h,mm
11467,2026-08-23,10:15:00,18.0,18.0,17.0,20.0,57.0,74.0,0.0,0.0,580.1,0.0,6.4,WNW,W,C,mm,km/h,mm
11468,2026-08-23,10:30:00,18.0,18.0,18.0,20.0,57.0,71.0,0.0,0.0,580.1,0.0,6.4,W,W,C,mm,km/h,mm
11469,2026-08-23,10:45:00,18.0,18.0,18.0,20.0,57.0,71.0,0.0,0.0,580.0,0.0,4.8,SW,N,C,mm,km/h,mm
11470,2026-08-23,11:00:00,18.0,18.0,18.0,20.0,57.0,72.0,0.0,0.0,580.0,0.0,3.2,WSW,W,C,mm,km/h,mm
11471,2026-08-23,11:15:00,18.0,18.0,18.0,20.0,57.0,73.0,0.0,0.0,580.1,1.6,6.4,NNW,W,C,mm,km/h,mm
11472,2026-08-23,11:30:00,18.0,18.0,18.0,20.0,57.0,73.0,0.0,0.0,580.0,1.6,6.4,WNW,W,C,mm,km/h,mm
11473,2026-08-23,11:45:00,18.0,18.0,18.0,20.0,57.0,71.0,0.0,0.0,579.9,1.6,8.0,SW,W,C,mm,km/h,mm
11474,2026-08-23,12:00:00,19.0,19.0,18.0,20.0,57.0,71.0,0.0,0.0,579.8,0.0,8.0,SSW,WSW,C,mm,km/h,mm
11475,2026-08-23,12:15:00,19.0,19.0,19.0,20.0,57.0,68.0,0.0,0.0,579.6,1.6,6.4,SSW,WNW,C,mm,km/h,mm
11476,2026-08-23,12:30:00,19.0,19.0,19.0,20.0,57.0,70.0,0.0,0.0,579.4,0.0,4.8,ENE,ENE,C,mm,km/h,mm
11477,2026-08-23,12:45:00,20.0,20.0,19.0,20.0,57.0,67.0,0.0,0.0,579.3,0.0,4.8,ENE,ENE,C,mm,km/h,mm
11478,2026-08-23,13:00:00,20.0,20.0,20.0,20.0,57.0,65.0,0.0,0.0,579.1,0.0,3.2,ENE,E,C,mm,km/h,mm
11479,2026-08-23,13:15:00,20.0,21.0,20.0,20.0,57.0,62.0,0.0,0.0,578.9,0.0,3.2,SSE,ENE,C,mm,km/h,mm
11480,2026-08-23,13:30:00,21.0,21.0,20.0,20.0,57.0,63.0,0.0,0.0,578.7,0.0,4.8,E,E,C,mm,km/h,mm
11481,2026-08-23,13:45:00,21.0,21.0,21.0,20.0,56.0,61.0,0.0,0.0,578.4,0.0,4.8,ENE,ENE,C,mm,km/h,mm
11482,2026-08-23,14:00:00,21.0,21.0,21.0,20.0,56.0,60.0,0.0,0.0,578.4,0.0,4.8,E,N,C,mm,km/h,mm
11483,2026-08-23,14:15:00,22.0,22.0,21.0,20.0,56.0,56.0,0.0,0.0,578.1,0.0,3.2,NNW,NW,C,mm,km/h,mm
11484,2026-08-23,14:30:00,22.0,22.0,22.0,21.0,56.0,56.0,0.0,0.0,577.8,0.0,3.2,NNW,NNW,C,mm,km/h,mm
11485,2026-08-23,14:45:00,23.0,23.0,22.0,21.0,56.0,54.0,0.0,0.0,577.6,0.0,3.2,W,NNW,C,mm,km/h,mm
11486,2026-08-23,15:00:00,22.0,23.0,22.0,21.0,56.0,59.0,0.0,0.0,577.4,1.6,9.7,W,W,C,mm,km/h,mm
11487,2026-08-23,15:15:00,22.0,22.0,22.0,21.0,56.0,57.0,0.0,0.0,577.3,0.0,4.8,W,W,C,mm,km/h,mm
11488,2026-08-23,15:30:00,23.0,23.0,22.0,21.0,56.0,57.0,0.0,0.0,577.1,0.0,3.2,W,W,C,mm,km/h,mm
11489,2026-08-23,15:45:00,23.0,23.0,23.0,21.0,56.0,57.0,0.0,0.0,577.1,1.6,9.7,W,W,C,mm,km/h,mm
11490,2026-08-23,16:00:00,22.0,23.0,22.0,21.0,56.0,58.0,0.0,0.0,577.0,1.6,11.3,SW,NNW,C,mm,km/h,mm
11491,2026-08-23,16:15:00,22.0,23.0,22.0,21.0,56.0,58.0,0.0,0.0,576.9,4.8,16.1,W,W,C,mm,km/h,mm
11492,2026-08-23,16:30:00,21.0,22.0,21.0,21.0,56.0,59.0,0.0,0.0,576.9,4.8,14.5,SW,W,C,mm,km/h,mm
11493,2026-08-23,16:45:00,21.0,21.0,21.0,21.0,56.0,57.0,0.0,0.0,576.9,8.0,19.3,W,W,C,mm,km/h,mm
11494,2026-08-23,17:00:00,20.0,21.0,20.0,21.0,56.0,61.0,0.0,0.0,576.9,4.8,19.3,WSW,W,C,mm,km/h,mm
11495,2026-08-23,17:15:00,20.0,21.0,20.0,21.0,56.0,61.0,0.0,0.0,577.0,3.2,12.9,NNW,W,C,mm,km/h,mm
11496,2026-08-23,17:30:00,20.0,20.0,20.0,21.0,56.0,59.0,0.0,0.0,577.1,1.6,12.9,WSW,WSW,C,mm,km/h,mm
11497,2026-08-23,17:45:00,20.0,20.0,20.0,21.0,55.0,60.0,0.0,0.0,577.3,1.6,6.4,WNW,W,C,mm,km/h,mm
11498,2026-08-23,18:00:00,19.0,20.0,19.0,21.0,55.0,62.0,0.0,0.0,577.3,3.2,12.9,S,WSW,C,mm,km/h,mm
11499,2026-08-23,18:15:00,19.0,19.0,19.0,21.0,55.0,63.0,0.0,0.0,577.6,3.2,11.3,WNW,W,C,mm,km/h,mm
11500,2026-08-23,18:30:00,18.0,19.0,18.0,21.0,55.0,64.0,0.0,0.0,577.8,3.2,9.7,WSW,W,C,mm,km/h,mm
11501,2026-08-23,18:45:00,18.0,18.0,18.0,21.0,54.0,64.0,0.0,0.0,578.0,4.8,14.5,WNW,W,C,mm,km/h,mm
11502,2026-08-23,19:00:00,18.0,18.0,18.0,21.0,54.0,65.0,0.0,0.0,578.1,3.2,16.1,W,W,C,mm,km/h,mm
11503,2026-08-23,19:15:00,18.0,18.0,18.0,21.0,54.0,68.0,0.0,0.0,578.3,3.2,11.3,WNW,W,C,mm,km/h,mm
11504,2026-08-23,19:30:00,17.0,18.0,17.0,21.0,54.0,72.0,0.0,0.0,578.5,1.6,11.3,S,WSW,C,mm,km/h,mm
11505,2026-08-23,19:45:00,16.0,17.0,16.0,21.0,54.0,74.0,0.0,0.0,578.6,3.2,14.5,SW,WSW,C,mm,km/h,mm
11506,2026-08-23,20:00:00,16.0,17.0,16.0,21.0,54.0,75.0,0.0,0.0,578.7,1.6,11.3,S,SW,C,mm,km/h,mm
11507,2026-08-23,20:15:00,16.0,16.0,16.0,21.0,54.0,81.0,0.0,0.0,578.8,1.6,11.3,SSE,WSW,C,mm,km/h,mm
11508,2026-08-23,20:30:00,15.0,16.0,15.0,21.0,54.0,83.0,0.0,0.0,579.2,1.6,11.3,SSE,SW,C,mm,km/h,mm
11509,2026-08-23,20:45:00,15.0,15.0,15.0,21.0,54.0,86.0,0.2,0.0,579.4,0.0,1.6,N,W,C,mm,km/h,mm
11510,2026-08-23,21:00:00,15.0,15.0,15.0,21.0,55.0,88.0,0.4,1.2,579.5,0.0,1.6,NNW,E,C,mm,km/h,mm
11511,2026-08-23,21:15:00,14.0,15.0,14.0,21.0,55.0,89.0,0.4,2.4,579.6,0.0,1.6,N,SW,C,mm,km/h,mm
11512,2026-08-23,21:30:00,14.0,14.0,14.0,21.0,55.0,90.0,0.2,1.8,579.7,0.0,4.8,WSW,W,C,mm,km/h,mm
11513,2026-08-23,21:45:00,14.0,14.0,14.0,21.0,56.0,90.0,0.2,1.0,579.6,0.0,3.2,WSW,W,C,mm,km/h,mm
11514,2026-08-23,22:00:00,14.0,14.0,14.0,21.0,56.0,90.0,0.2,1.0,579.8,0.0,3.2,WSW,W,C,mm,km/h,mm
11515,2026-08-23,22:15:00,14.0,14.0,14.0,21.0,56.0,90.0,0.2,0.8,579.8,0.0,3.2,SSW,W,C,mm,km/h,mm
11516,2026-08-23,22:30:00,14.0,14.0,14.0,21.0,56.0,90.0,0.0,0.0,579.9,0.0,1.6,N,NNW,C,mm,km/h,mm
11517,2026-08-23,22:45:00,14.0,14.0,14.0,21.0,56.0,90.0,0.0,0.0,579.9,0.0,0.0,,,C,mm,km/h,mm
11518,2026-08-23,23:00:00,14.0,14.0,14.0,21.0,56.0,90.0,0.0,0.0,580.0,0.0,1.6,NW,SW,C,mm,km/h,mm
11519,2026-08-23,23:15:00,14.0,14.0,14.0,21.0,56.0,90.0,0.0,0.0,580.0,0.0,1.6,SW,SW,C,mm,km/h,mm
11520,2026-08-23,23:30:00,14.0,14.0,14.0,21.0,56.0,90.0,0.0,0.0,579.9,0.0,1.6,ENE,SSW,C,mm,km/h,mm
11521,2026-08-23,23:45:00,14.0,14.0,14.0,21.0,56.0,89.0,0.0,0.0,579.9,0.0,6.4,S,SW,C,mm,km/h,mm
11522,2026-08-24,00:15:00,14.0,14.0,14.0,21.0,56.0,88.0,0.0,0.0,579.7,1.6,11.3,W,SSW,C,mm,km/h,mm
11523,2026-08-24,00:30:00,14.0,14.0,14.0,21.0,56.0,88.0,0.0,0.0,579.7,1.6,8.0,NW,WSW,C,mm,km/h,mm
11524,2026-08-24,00:45:00,14.0,14.0,14.0,20.0,56.0,88.0,0.0,0.0,579.5,1.6,8.0,W,WSW,C,mm,km/h,mm
11525,2026-08-24,01:00:00,14.0,14.0,14.0,20.0,56.0,88.0,0.0,0.0,579.4,1.6,6.4,WNW,W,C,mm,km/h,mm
11526,2026-08-24,01:15:00,14.0,14.0,14.0,20.0,56.0,88.0,0.0,0.0,579.4,3.2,11.3,NW,WSW,C,mm,km/h,mm
11527,2026-08-24,01:30:00,14.0,14.0,14.0,20.0,56.0,89.0,0.0,0.0,579.4,0.0,8.0,S,SW,C,mm,km/h,mm
11528,2026-08-24,01:45:00,13.0,14.0,13.0,20.0,56.0,90.0,0.2,0.0,579.3,0.0,6.4,SW,SW,C,mm,km/h,mm
11529,2026-08-24,02:00:00,13.0,13.0,13.0,20.0,56.0,90.0,0.0,0.0,579.3,0.0,3.2,WSW,WSW,C,mm,km/h,mm
11530,2026-08-24,02:15:00,13.0,13.0,13.0,20.0,56.0,91.0,0.4,1.6,579.1,0.0,4.8,WSW,W,C,mm,km/h,mm
11531,2026-08-24,02:30:00,13.0,13.0,13.0,20.0,56.0,91.0,0.4,1.6,579.0,0.0,1.6,NE,NE,C,mm,km/h,mm
11532,2026-08-24,02:45:00,13.0,13.0,13.0,20.0,56.0,92.0,1.0,6.2,579.1,0.0,3.2,SW,NE,C,mm,km/h,mm
11533,2026-08-24,03:00:00,13.0,13.0,13.0,20.0,56.0,92.0,0.8,6.2,579.0,0.0,1.6,W,WSW,C,mm,km/h,mm
11534,2026-08-24,03:15:00,13.0,13.0,13.0,20.0,56.0,92.0,0.6,3.0,579.0,0.0,3.2,ENE,ENE,C,mm,km/h,mm
11535,2026-08-24,03:30:00,13.0,13.0,13.0,20.0,57.0,92.0,0.4,2.0,578.9,0.0,6.4,S,WSW,C,mm,km/h,mm
11536,2026-08-24,03:45:00,13.0,13.0,13.0,20.0,57.0,92.0,1.0,5.4,578.8,1.6,4.8,SSW,SSW,C,mm,km/h,mm
11537,2026-08-24,04:00:00,13.0,13.0,13.0,20.0,57.0,92.0,0.2,3.4,578.9,0.0,3.2,WSW,WSW,C,mm,km/h,mm
11538,2026-08-24,04:15:00,13.0,13.0,13.0,20.0,57.0,92.0,0.2,1.4,579.0,0.0,4.8,SSW,SSW,C,mm,km/h,mm
11539,2026-08-24,04:30:00,13.0,13.0,13.0,20.0,57.0,92.0,0.2,0.8,578.9,1.6,6.4,SW,SW,C,mm,km/h,mm
11540,2026-08-24,04:45:00,13.0,13.0,12.0,20.0,57.0,92.0,0.0,0.0,578.9,0.0,3.2,W,SSW,C,mm,km/h,mm
11541,2026-08-24,05:00:00,13.0,13.0,13.0,20.0,57.0,92.0,0.0,0.0,578.9,0.0,3.2,SW,SW,C,mm,km/h,mm
11542,2026-08-24,05:15:00,13.0,13.0,13.0,20.0,57.0,92.0,0.0,0.0,579.0,0.0,1.6,SSW,SSW,C,mm,km/h,mm
11543,2026-08-24,05:30:00,13.0,13.0,13.0,20.0,57.0,92.0,0.0,0.0,579.0,0.0,1.6,SSW,WSW,C,mm,km/h,mm
11544,2026-08-24,05:45:00,13.0,13.0,13.0,20.0,57.0,92.0,0.2,0.0,579.0,0.0,3.2,SW,SW,C,mm,km/h,mm
11545,2026-08-24,06:00:00,13.0,13.0,13.0,20.0,57.0,92.0,0.0,0.0,579.1,0.0,0.0,,,C,mm,km/h,mm
11546,2026-08-24,06:15:00,13.0,13.0,13.0,20.0,57.0,92.0,0.0,0.0,579.1,0.0,3.2,SSW,SSW,C,mm,km/h,mm
11547,2026-08-24,06:30:00,13.0,13.0,13.0,20.0,57.0,92.0,0.0,0.0,579.0,0.0,0.0,,,C,mm,km/h,mm
11548,2026-08-24,06:45:00,13.0,13.0,13.0,20.0,57.0,92.0,0.0,0.0,579.1,0.0,1.6,SW,SW,C,mm,km/h,mm
11549,2026-08-24,07:00:00,13.0,13.0,13.0,20.0,56.0,92.0,0.2,0.0,579.1,0.0,0.0,,,C,mm,km/h,mm
11550,2026-08-24,07:15:00,13.0,13.0,13.0,20.0,56.0,92.0,0.0,0.0,579.3,0.0,1.6,NNW,NNW,C,mm,km/h,mm
11551,2026-08-24,07:30:00,13.0,13.0,13.0,21.0,56.0,92.0,0.0,0.0,579.3,0.0,1.6,NNW,NNW,C,mm,km/h,mm
11552,2026-08-24,07:45:00,13.0,13.0,13.0,21.0,56.0,92.0,0.0,0.0,579.4,0.0,1.6,NNW,NNW,C,mm,km/h,mm
11553,2026-08-24,08:00:00,13.0,13.0,13.0,21.0,56.0,92.0,0.0,0.0,579.5,0.0,0.0,,,C,mm,km/h,mm
11554,2026-08-24,08:15:00,14.0,14.0,13.0,21.0,56.0,92.0,0.0,0.0,579.5,0.0,0.0,,,C,mm,km/h,mm
11555,2026-08-24,08:30:00,14.0,14.0,14.0,21.0,56.0,92.0,0.0,0.0,579.6,0.0,0.0,,,C,mm,km/h,mm
11556,2026-08-24,08:45:00,14.0,14.0,14.0,21.0,56.0,92.0,0.0,0.0,579.5,0.0,0.0,,,C,mm,km/h,mm
11557,2026-08-24,09:00:00,14.0,14.0,14.0,21.0,56.0,91.0,0.0,0.0,579.4,0.0,0.0,,,C,mm,km/h,mm
11558,2026-08-24,09:15:00,15.0,15.0,14.0,21.0,56.0,89.0,0.0,0.0,579.4,0.0,3.2,W,W,C,mm,km/h,mm
11559,2026-08-24,09:30:00,15.0,15.0,15.0,21.0,56.0,87.0,0.0,0.0,579.6,0.0,0.0,,,C,mm,km/h,mm
11560,2026-08-24,09:45:00,15.0,15.0,15.0,21.0,56.0,88.0,0.0,0.0,579.5,0.0,0.0,,,C,mm,km/h,mm
11561,2026-08-24,10:00:00,15.0,15.0,15.0,21.0,56.0,88.0,0.0,0.0,579.5,0.0,0.0,,,C,mm,km/h,mm
11562,2026-08-24,10:15:00,16.0,16.0,15.0,21.0,56.0,86.0,0.0,0.0,579.5,0.0,1.6,N,N,C,mm,km/h,mm
11563,2026-08-24,10:30:00,17.0,17.0,16.0,21.0,56.0,83.0,0.0,0.0,579.4,0.0,1.6,ENE,ENE,C,mm,km/h,mm
11564,2026-08-24,10:45:00,16.0,17.0,16.0,21.0,56.0,83.0,0.0,0.0,579.5,0.0,1.6,ENE,ENE,C,mm,km/h,mm
11565,2026-08-24,11:00:00,17.0,17.0,16.0,21.0,56.0,80.0,0.0,0.0,579.3,0.0,0.0,,,C,mm,km/h,mm
11566,2026-08-24,11:15:00,18.0,18.0,17.0,21.0,56.0,73.0,0.0,0.0,579.3,0.0,0.0,,,C,mm,km/h,mm
11567,2026-08-24,11:30:00,18.0,18.0,18.0,21.0,56.0,75.0,0.0,0.0,579.2,0.0,3.2,NNW,NNW,C,mm,km/h,mm
11568,2026-08-24,11:45:00,18.0,18.0,18.0,22.0,56.0,75.0,0.0,0.0,579.2,0.0,1.6,NE,NE,C,mm,km/h,mm
11569,2026-08-24,12:00:00,18.0,18.0,18.0,22.0,55.0,75.0,0.0,0.0,579.2,0.0,1.6,NE,ENE,C,mm,km/h,mm
11570,2026-08-24,12:15:00,19.0,19.0,18.0,22.0,55.0,73.0,0.0,0.0,579.1,0.0,0.0,,,C,mm,km/h,mm
11571,2026-08-24,12:30:00,19.0,19.0,19.0,22.0,55.0,71.0,0.0,0.0,578.9,0.0,1.6,E,N,C,mm,km/h,mm
11572,2026-08-24,12:45:00,20.0,20.0,20.0,22.0,55.0,66.0,0.0,0.0,578.7,0.0,3.2,NNW,NNW,C,mm,km/h,mm
11573,2026-08-24,13:00:00,20.0,20.0,20.0,22.0,55.0,68.0,0.0,0.0,578.5,0.0,3.2,SE,SE,C,mm,km/h,mm
11574,2026-08-24,13:15:00,21.0,21.0,20.0,22.0,55.0,62.0,0.0,0.0,578.5,0.0,6.4,NW,NW,C,mm,km/h,mm
11575,2026-08-24,13:30:00,21.0,22.0,21.0,22.0,55.0,62.0,0.0,0.0,578.3,1.6,6.4,E,E,C,mm,km/h,mm
11576,2026-08-24,13:45:00,22.0,22.0,21.0,22.0,56.0,61.0,0.0,0.0,578.2,1.6,6.4,E,E,C,mm,km/h,mm
11577,2026-08-24,14:00:00,22.0,22.0,22.0,22.0,55.0,59.0,0.0,0.0,577.9,1.6,8.0,WNW,E,C,mm,km/h,mm
11578,2026-08-24,14:15:00,22.0,22.0,22.0,22.0,55.0,60.0,0.0,0.0,577.7,0.0,6.4,E,E,C,mm,km/h,mm
11579,2026-08-24,14:30:00,22.0,22.0,22.0,22.0,55.0,63.0,0.0,0.0,577.5,0.0,4.8,ENE,ESE,C,mm,km/h,mm
11580,2026-08-24,14:45:00,21.0,22.0,21.0,22.0,56.0,63.0,0.0,0.0,577.4,0.0,4.8,NW,NW,C,mm,km/h,mm
11581,2026-08-24,15:00:00,21.0,21.0,21.0,22.0,55.0,66.0,0.0,0.0,577.3,1.6,4.8,WNW,NNW,C,mm,km/h,mm
11582,2026-08-24,15:15:00,21.0,21.0,21.0,22.0,55.0,67.0,0.0,0.0,577.2,0.0,3.2,NNW,E,C,mm,km/h,mm
11583,2026-08-24,15:30:00,21.0,21.0,20.0,22.0,55.0,65.0,0.0,0.0,577.2,0.0,9.7,NW,NNW,C,mm,km/h,mm
11584,2026-08-24,15:45:00,21.0,21.0,20.0,22.0,55.0,64.0,0.0,0.0,577.2,0.0,4.8,NW,NNW,C,mm,km/h,mm
11585,2026-08-24,16:00:00,20.0,21.0,20.0,22.0,55.0,64.0,0.0,0.0,577.2,0.0,6.4,ENE,ESE,C,mm,km/h,mm
11586,2026-08-24,16:15:00,20.0,20.0,20.0,22.0,55.0,65.0,0.0,0.0,577.1,0.0,3.2,SE,E,C,mm,km/h,mm
11587,2026-08-24,16:30:00,20.0,20.0,20.0,22.0,55.0,65.0,0.0,0.0,577.3,0.0,3.2,E,NNE,C,mm,km/h,mm
11588,2026-08-24,16:45:00,20.0,20.0,20.0,22.0,55.0,66.0,0.0,0.0,577.2,0.0,0.0,,,C,mm,km/h,mm
11589,2026-08-24,17:00:00,20.0,20.0,20.0,22.0,55.0,71.0,0.0,0.0,577.3,0.0,3.2,NNW,WNW,C,mm,km/h,mm
11590,2026-08-24,17:15:00,20.0,20.0,20.0,22.0,55.0,73.0,0.0,0.0,577.3,0.0,1.6,WNW,NW,C,mm,km/h,mm
11591,2026-08-24,17:30:00,19.0,20.0,19.0,21.0,55.0,72.0,0.0,0.0,577.5,0.0,4.8,W,N,C,mm,km/h,mm
11592,2026-08-24,17:45:00,19.0,19.0,19.0,21.0,55.0,72.0,0.0,0.0,577.5,0.0,0.0,,,C,mm,km/h,mm
11593,2026-08-24,18:00:00,19.0,19.0,19.0,21.0,55.0,75.0,0.0,0.0,577.6,0.0,1.6,N,E,C,mm,km/h,mm
11594,2026-08-24,18:15:00,19.0,19.0,19.0,21.0,56.0,74.0,0.0,0.0,577.5,0.0,0.0,,,C,mm,km/h,mm
11595,2026-08-24,18:30:00,18.0,19.0,18.0,21.0,56.0,76.0,0.0,0.0,577.8,0.0,0.0,,,C,mm,km/h,mm
11596,2026-08-24,18:45:00,18.0,18.0,18.0,21.0,56.0,77.0,0.0,0.0,577.9,0.0,0.0,,,C,mm,km/h,mm
11597,2026-08-24,19:00:00,18.0,18.0,18.0,21.0,56.0,79.0,0.0,0.0,578.1,0.0,1.6,ENE,ENE,C,mm,km/h,mm
11598,2026-08-24,19:15:00,17.0,18.0,17.0,21.0,56.0,79.0,0.0,0.0,578.3,0.0,1.6,ESE,ENE,C,mm,km/h,mm
11599,2026-08-24,19:30:00,17.0,18.0,17.0,21.0,56.0,79.0,0.0,0.0,578.4,0.0,1.6,ENE,ENE,C,mm,km/h,mm
11600,2026-08-24,19:45:00,17.0,17.0,17.0,21.0,56.0,79.0,0.0,0.0,578.5,0.0,1.6,E,NW,C,mm,km/h,mm
11601,2026-08-24,20:00:00,17.0,17.0,17.0,21.0,56.0,79.0,0.0,0.0,578.5,0.0,0.0,,,C,mm,km/h,mm
11602,2026-08-24,20:15:00,17.0,17.0,17.0,21.0,57.0,80.0,0.0,0.0,578.8,0.0,0.0,,,C,mm,km/h,mm
11603,2026-08-24,20:30:00,17.0,17.0,17.0,21.0,57.0,80.0,0.0,0.0,579.0,0.0,1.6,SSW,SW,C,mm,km/h,mm
11604,2026-08-24,20:45:00,17.0,17.0,17.0,21.0,57.0,81.0,0.0,0.0,579.1,0.0,3.2,W,W,C,mm,km/h,mm
11605,2026-08-24,21:00:00,17.0,17.0,17.0,21.0,57.0,83.0,0.0,0.0,579.1,0.0,0.0,,,C,mm,km/h,mm
11606,2026-08-24,21:15:00,17.0,17.0,17.0,21.0,57.0,82.0,0.0,0.0,579.2,0.0,1.6,W,W,C,mm,km/h,mm
11607,2026-08-24,21:30:00,17.0,17.0,17.0,21.0,57.0,81.0,0.0,0.0,579.5,0.0,3.2,WSW,WNW,C,mm,km/h,mm
11608,2026-08-24,21:45:00,16.0,17.0,16.0,21.0,57.0,82.0,0.0,0.0,579.5,0.0,0.0,,,C,mm,km/h,mm
11609,2026-08-24,22:00:00,16.0,16.0,16.0,21.0,57.0,82.0,0.0,0.0,579.6,0.0,0.0,,,C,mm,km/h,mm
11610,2026-08-24,22:15:00,16.0,16.0,16.0,21.0,57.0,83.0,0.0,0.0,579.6,0.0,0.0,,,C,mm,km/h,mm
11611,2026-08-24,22:30:00,16.0,16.0,16.0,21.0,57.0,84.0,0.0,0.0,579.8,0.0,0.0,,,C,mm,km/h,mm
11612,2026-08-24,22:45:00,16.0,16.0,16.0,21.0,57.0,85.0,0.0,0.0,579.9,0.0,0.0,,,C,mm,km/h,mm
11613,2026-08-24,23:00:00,16.0,16.0,16.0,21.0,57.0,86.0,0.0,0.0,580.0,0.0,1.6,WSW,WSW,C,mm,km/h,mm
11614,2026-08-24,23:15:00,15.0,16.0,15.0,21.0,57.0,87.0,0.0,0.0,579.9,0.0,0.0,,,C,mm,km/h,mm
11615,2026-08-24,23:30:00,15.0,15.0,15.0,21.0,57.0,88.0,0.0,0.0,579.9,0.0,1.6,WSW,WSW,C,mm,km/h,mm
11616,2026-08-24,23:45:00,15.0,15.0,15.0,21.0,57.0,88.0,0.0,0.0,579.9,0.0,1.6,NNE,NE,C,mm,km/h,mm
11617,2026-08-25,00:15:00,15.0,15.0,15.0,21.0,58.0,89.0,0.0,0.0,579.8,0.0,6.4,NNE,SW,C,mm,km/h,mm
11618,2026-08-25,00:30:00,15.0,15.0,15.0,21.0,58.0,90.0,0.0,0.0,579.7,0.0,3.2,SW,SW,C,mm,km/h,mm
11619,2026-08-25,00:45:00,15.0,15.0,15.0,21.0,58.0,90.0,0.0,0.0,579.5,0.0,1.6,SW,WSW,C,mm,km/h,mm
11620,2026-08-25,01:00:00,15.0,15.0,15.0,21.0,58.0,90.0,0.0,0.0,579.4,0.0,0.0,,,C,mm,km/h,mm
11621,2026-08-25,01:15:00,15.0,15.0,15.0,21.0,58.0,91.0,0.0,0.0,579.3,0.0,1.6,SW,SW,C,mm,km/h,mm
11622,2026-08-25,01:30:00,15.0,15.0,15.0,21.0,58.0,91.0,0.2,0.0,579.2,0.0,1.6,NW,NW,C,mm,km/h,mm
11623,2026-08-25,01:45:00,15.0,15.0,15.0,21.0,58.0,91.0,0.0,0.0,579.2,0.0,1.6,N,N,C,mm,km/h,mm
11624,2026-08-25,02:00:00,15.0,15.0,15.0,21.0,58.0,91.0,0.0,0.0,579.2,0.0,0.0,,,C,mm,km/h,mm
11625,2026-08-25,02:15:00,15.0,15.0,15.0,21.0,59.0,91.0,0.0,0.0,579.2,0.0,0.0,,,C,mm,km/h,mm
11626,2026-08-25,02:30:00,15.0,15.0,14.0,21.0,59.0,91.0,0.0,0.0,579.1,0.0,1.6,NW,NW,C,mm,km/h,mm
11627,2026-08-25,02:45:00,14.0,15.0,14.0,21.0,59.0,91.0,0.0,0.0,579.1,0.0,0.0,,,C,mm,km/h,mm
11628,2026-08-25,03:00:00,14.0,15.0,14.0,21.0,59.0,92.0,0.0,0.0,579.0,0.0,0.0,,,C,mm,km/h,mm
11629,2026-08-25,03:15:00,14.0,15.0,14.0,21.0,59.0,92.0,0.2,0.0,579.0,0.0,0.0,,,C,mm,km/h,mm
11630,2026-08-25,03:30:00,14.0,15.0,14.0,21.0,59.0,92.0,0.2,1.2,579.0,0.0,0.0,,,C,mm,km/h,mm
11631,2026-08-25,03:45:00,14.0,14.0,14.0,21.0,59.0,92.0,0.2,1.2,579.0,0.0,0.0,,,C,mm,km/h,mm
11632,2026-08-25,04:00:00,14.0,14.0,14.0,21.0,59.0,92.0,0.0,0.0,578.9,0.0,0.0,,,C,mm,km/h,mm
11633,2026-08-25,04:15:00,14.0,14.0,14.0,21.0,59.0,92.0,0.0,0.0,578.8,0.0,1.6,NE,NNE,C,mm,km/h,mm
11634,2026-08-25,04:30:00,14.0,14.0,14.0,21.0,59.0,92.0,0.0,0.0,578.8,0.0,0.0,,,C,mm,km/h,mm
11635,2026-08-25,04:45:00,14.0,14.0,14.0,21.0,59.0,92.0,0.0,0.0,578.8,0.0,0.0,,,C,mm,km/h,mm
11636,2026-08-25,05:00:00,14.0,14.0,14.0,21.0,59.0,92.0,0.0,0.0,578.8,0.0,0.0,,,C,mm,km/h,mm
11637,2026-08-25,05:15:00,14.0,14.0,14.0,21.0,59.0,93.0,0.0,0.0,578.8,0.0,0.0,,,C,mm,km/h,mm
11638,2026-08-25,05:30:00,14.0,14.0,14.0,21.0,59.0,93.0,0.0,0.0,578.8,0.0,1.6,N,N,C,mm,km/h,mm
11639,2026-08-25,05:45:00,14.0,14.0,14.0,21.0,59.0,92.0,0.0,0.0,579.0,0.0,1.6,WNW,WNW,C,mm,km/h,mm
11640,2026-08-25,06:00:00,14.0,14.0,14.0,21.0,59.0,92.0,0.0,0.0,579.0,0.0,0.0,,,C,mm,km/h,mm
11641,2026-08-25,06:15:00,14.0,14.0,14.0,21.0,59.0,92.0,0.0,0.0,579.2,0.0,1.6,NNW,NNW,C,mm,km/h,mm
11642,2026-08-25,06:30:00,14.0,14.0,14.0,21.0,59.0,92.0,0.0,0.0,579.3,0.0,0.0,,,C,mm,km/h,mm
11643,2026-08-25,06:45:00,14.0,14.0,14.0,21.0,59.0,92.0,0.0,0.0,579.3,0.0,0.0,,,C,mm,km/h,mm
11644,2026-08-25,07:00:00,14.0,14.0,14.0,21.0,59.0,92.0,0.0,0.0,579.3,0.0,0.0,,,C,mm,km/h,mm
11645,2026-08-25,07:15:00,14.0,14.0,14.0,21.0,59.0,91.0,0.0,0.0,579.4,0.0,1.6,NNW,W,C,mm,km/h,mm
11646,2026-08-25,07:30:00,15.0,15.0,14.0,21.0,59.0,91.0,0.0,0.0,579.5,0.0,3.2,WSW,WSW,C,mm,km/h,mm
11647,2026-08-25,07:45:00,15.0,15.0,15.0,21.0,59.0,91.0,0.0,0.0,579.7,0.0,1.6,WNW,WNW,C,mm,km/h,mm
11648,2026-08-25,08:00:00,15.0,15.0,15.0,21.0,59.0,90.0,0.0,0.0,579.8,0.0,0.0,,,C,mm,km/h,mm
11649,2026-08-25,08:15:00,15.0,15.0,15.0,21.0,60.0,89.0,0.0,0.0,579.8,0.0,0.0,,,C,mm,km/h,mm
11650,2026-08-25,08:30:00,15.0,15.0,15.0,21.0,59.0,90.0,0.0,0.0,579.9,0.0,0.0,,,C,mm,km/h,mm
11651,2026-08-25,08:45:00,16.0,16.0,15.0,21.0,61.0,90.0,0.0,0.0,579.9,0.0,0.0,,,C,mm,km/h,mm
11652,2026-08-25,09:00:00,16.0,16.0,15.0,21.0,61.0,89.0,0.0,0.0,580.0,0.0,0.0,,,C,mm,km/h,mm
11653,2026-08-25,09:15:00,16.0,16.0,16.0,21.0,60.0,87.0,0.0,0.0,580.0,0.0,0.0,,,C,mm,km/h,mm
11654,2026-08-25,09:30:00,16.0,16.0,16.0,21.0,59.0,87.0,0.0,0.0,580.0,0.0,0.0,,,C,mm,km/h,mm
11655,2026-08-25,09:45:00,17.0,17.0,16.0,22.0,59.0,86.0,0.0,0.0,580.2,0.0,0.0,,,C,mm,km/h,mm
11656,2026-08-25,10:00:00,17.0,17.0,17.0,22.0,58.0,84.0,0.0,0.0,580.2,0.0,0.0,,,C,mm,km/h,mm
11657,2026-08-25,10:15:00,17.0,17.0,17.0,22.0,58.0,81.0,0.0,0.0,580.3,0.0,1.6,NNW,,C,mm,km/h,mm
11658,2026-08-25,10:30:00,18.0,18.0,17.0,22.0,58.0,80.0,0.0,0.0,580.3,0.0,0.0,,,C,mm,km/h,mm
11659,2026-08-25,10:45:00,18.0,18.0,18.0,22.0,58.0,78.0,0.0,0.0,580.2,0.0,0.0,,,C,mm,km/h,mm
11660,2026-08-25,11:00:00,18.0,18.0,18.0,22.0,58.0,77.0,0.0,0.0,580.0,0.0,3.2,WSW,WSW,C,mm,km/h,mm
11661,2026-08-25,11:15:00,19.0,19.0,18.0,22.0,58.0,72.0,0.0,0.0,580.0,0.0,1.6,NNE,NNE,C,mm,km/h,mm
11662,2026-08-25,11:30:00,18.0,19.0,18.0,22.0,57.0,74.0,0.0,0.0,579.9,0.0,6.4,ENE,E,C,mm,km/h,mm
11663,2026-08-25,11:45:00,19.0,19.0,18.0,21.0,57.0,72.0,0.0,0.0,579.7,0.0,4.8,SW,SW,C,mm,km/h,mm
11664,2026-08-25,12:00:00,19.0,19.0,19.0,22.0,57.0,72.0,0.0,0.0,579.4,0.0,3.2,SSW,SW,C,mm,km/h,mm
11665,2026-08-25,12:15:00,19.0,19.0,19.0,22.0,57.0,74.0,0.0,0.0,579.2,0.0,4.8,E,ENE,C,mm,km/h,mm
11666,2026-08-25,12:30:00,20.0,20.0,19.0,22.0,57.0,70.0,0.0,0.0,579.1,0.0,3.2,NE,NE,C,mm,km/h,mm
11667,2026-08-25,12:45:00,20.0,20.0,20.0,22.0,57.0,68.0,0.0,0.0,578.9,0.0,8.0,SSE,NNW,C,mm,km/h,mm
11668,2026-08-25,13:00:00,20.0,21.0,20.0,22.0,56.0,68.0,0.0,0.0,578.8,1.6,6.4,WNW,ENE,C,mm,km/h,mm
11669,2026-08-25,13:15:00,21.0,21.0,20.0,22.0,57.0,66.0,0.0,0.0,578.7,0.0,4.8,ENE,E,C,mm,km/h,mm
11670,2026-08-25,13:30:00,21.0,21.0,21.0,22.0,56.0,66.0,0.0,0.0,578.5,1.6,9.7,E,E,C,mm,km/h,mm
11671,2026-08-25,13:45:00,21.0,21.0,21.0,22.0,56.0,64.0,0.0,0.0,578.4,1.6,6.4,W,W,C,mm,km/h,mm
11672,2026-08-25,14:00:00,21.0,21.0,21.0,22.0,56.0,63.0,0.0,0.0,578.3,0.0,6.4,WSW,NE,C,mm,km/h,mm
11673,2026-08-25,14:15:00,22.0,22.0,21.0,22.0,56.0,59.0,0.0,0.0,577.9,1.6,8.0,WSW,WSW,C,mm,km/h,mm
11674,2026-08-25,14:30:00,22.0,22.0,22.0,22.0,56.0,56.0,0.0,0.0,577.8,1.6,11.3,WSW,SW,C,mm,km/h,mm
11675,2026-08-25,14:45:00,24.0,24.0,22.0,22.0,55.0,49.0,0.0,0.0,577.6,3.2,11.3,SSW,WSW,C,mm,km/h,mm
11676,2026-08-25,15:00:00,24.0,24.0,23.0,22.0,55.0,51.0,0.0,0.0,577.5,1.6,14.5,WSW,WSW,C,mm,km/h,mm
11677,2026-08-25,15:15:00,23.0,24.0,23.0,22.0,55.0,53.0,0.0,0.0,577.3,1.6,11.3,WSW,WSW,C,mm,km/h,mm
11678,2026-08-25,15:30:00,23.0,23.0,23.0,22.0,55.0,53.0,0.0,0.0,577.3,1.6,8.0,SW,W,C,mm,km/h,mm
11679,2026-08-25,15:45:00,22.0,23.0,22.0,22.0,55.0,58.0,0.0,0.0,577.1,4.8,9.7,WSW,W,C,mm,km/h,mm
11680,2026-08-25,16:00:00,22.0,22.0,22.0,22.0,55.0,60.0,0.0,0.0,577.0,6.4,19.3,SW,W,C,mm,km/h,mm
11681,2026-08-25,16:15:00,22.0,22.0,22.0,22.0,55.0,62.0,0.0,0.0,577.0,4.8,16.1,WNW,W,C,mm,km/h,mm
11682,2026-08-25,16:30:00,21.0,22.0,21.0,22.0,55.0,61.0,0.0,0.0,577.0,4.8,14.5,SW,W,C,mm,km/h,mm
11683,2026-08-25,16:45:00,21.0,21.0,21.0,22.0,55.0,61.0,0.0,0.0,577.1,4.8,19.3,SW,W,C,mm,km/h,mm
11684,2026-08-25,17:00:00,21.0,21.0,21.0,22.0,55.0,61.0,0.0,0.0,577.2,4.8,16.1,NW,WSW,C,mm,km/h,mm
11685,2026-08-25,17:15:00,20.0,21.0,20.0,22.0,55.0,61.0,0.0,0.0,577.2,3.2,9.7,W,W,C,mm,km/h,mm
11686,2026-08-25,17:30:00,20.0,20.0,20.0,22.0,55.0,62.0,0.0,0.0,577.4,3.2,11.3,WSW,W,C,mm,km/h,mm
11687,2026-08-25,17:45:00,20.0,20.0,20.0,22.0,55.0,64.0,0.0,0.0,577.7,1.6,12.9,SSW,WSW,C,mm,km/h,mm
11688,2026-08-25,18:00:00,20.0,20.0,20.0,22.0,55.0,65.0,0.0,0.0,577.7,1.6,8.0,WSW,W,C,mm,km/h,mm
11689,2026-08-25,18:15:00,20.0,20.0,20.0,22.0,55.0,66.0,0.0,0.0,577.7,1.6,8.0,SSW,SW,C,mm,km/h,mm
11690,2026-08-25,18:30:00,20.0,20.0,20.0,22.0,55.0,67.0,0.0,0.0,577.7,1.6,6.4,WSW,WSW,C,mm,km/h,mm
11691,2026-08-25,18:45:00,20.0,20.0,20.0,22.0,55.0,68.0,0.0,0.0,577.8,1.6,9.7,SSW,SW,C,mm,km/h,mm
11692,2026-08-25,19:00:00,20.0,20.0,20.0,22.0,56.0,68.0,0.0,0.0,577.8,1.6,9.7,SW,WSW,C,mm,km/h,mm
11693,2026-08-25,19:15:00,19.0,20.0,19.0,21.0,56.0,67.0,0.0,0.0,578.0,3.2,14.5,WSW,W,C,mm,km/h,mm
11694,2026-08-25,19:30:00,19.0,19.0,19.0,21.0,56.0,69.0,0.0,0.0,578.3,1.6,11.3,W,W,C,mm,km/h,mm
11695,2026-08-25,19:45:00,19.0,19.0,19.0,21.0,56.0,70.0,0.0,0.0,578.4,0.0,4.8,WSW,W,C,mm,km/h,mm
11696,2026-08-25,20:00:00,18.0,19.0,18.0,21.0,56.0,67.0,0.0,0.0,578.6,0.0,3.2,WSW,WSW,C,mm,km/h,mm
11697,2026-08-25,20:15:00,18.0,19.0,18.0,21.0,56.0,67.0,0.0,0.0,578.7,0.0,3.2,SSW,W,C,mm,km/h,mm
11698,2026-08-25,20:30:00,18.0,18.0,18.0,21.0,56.0,67.0,0.0,0.0,578.7,0.0,3.2,WSW,W,C,mm,km/h,mm
11699,2026-08-25,20:45:00,18.0,18.0,18.0,21.0,56.0,67.0,0.0,0.0,578.7,0.0,6.4,W,W,C,mm,km/h,mm
11700,2026-08-25,21:00:00,18.0,18.0,18.0,21.0,56.0,70.0,0.0,0.0,578.9,0.0,6.4,SSW,SW,C,mm,km/h,mm
11701,2026-08-25,21:15:00,18.0,18.0,18.0,21.0,56.0,71.0,0.0,0.0,579.0,1.6,8.0,WSW,SW,C,mm,km/h,mm
11702,2026-08-25,21:30:00,18.0,18.0,18.0,21.0,56.0,72.0,0.0,0.0,579.3,3.2,9.7,WSW,WSW,C,mm,km/h,mm
11703,2026-08-25,21:45:00,18.0,18.0,18.0,21.0,56.0,75.0,0.0,0.0,579.3,3.2,9.7,W,WSW,C,mm,km/h,mm
11704,2026-08-25,22:00:00,18.0,18.0,18.0,21.0,56.0,76.0,0.0,0.0,579.3,1.6,9.7,W,W,C,mm,km/h,mm
11705,2026-08-25,22:15:00,18.0,18.0,18.0,21.0,56.0,77.0,0.0,0.0,579.3,0.0,4.8,SSW,WSW,C,mm,km/h,mm
11706,2026-08-25,22:30:00,17.0,18.0,17.0,21.0,56.0,77.0,0.0,0.0,579.3,1.6,6.4,NW,WSW,C,mm,km/h,mm
11707,2026-08-25,22:45:00,17.0,17.0,17.0,21.0,56.0,78.0,0.0,0.0,579.3,0.0,8.0,SSW,W,C,mm,km/h,mm
11708,2026-08-25,23:00:00,17.0,17.0,17.0,21.0,56.0,79.0,0.0,0.0,579.4,0.0,4.8,SSW,WSW,C,mm,km/h,mm
11709,2026-08-25,23:15:00,17.0,17.0,17.0,21.0,56.0,80.0,0.0,0.0,579.4,0.0,6.4,W,SW,C,mm,km/h,mm
11710,2026-08-25,23:30:00,16.0,17.0,16.0,21.0,56.0,81.0,0.0,0.0,579.4,0.0,4.8,WSW,SW,C,mm,km/h,mm
11711,2026-08-25,23:45:00,16.0,16.0,16.0,21.0,56.0,82.0,0.0,0.0,579.5,0.0,6.4,S,SSW,C,mm,km/h,mm
11712,2026-08-26,00:15:00,16.0,16.0,16.0,21.0,56.0,83.0,0.0,0.0,579.3,0.0,3.2,WSW,SW,C,mm,km/h,mm
11713,2026-08-26,00:30:00,16.0,16.0,15.0,21.0,57.0,83.0,0.0,0.0,579.1,0.0,1.6,WSW,WSW,C,mm,km/h,mm
11714,2026-08-26,00:45:00,15.0,15.0,15.0,21.0,57.0,84.0,0.0,0.0,579.2,0.0,3.2,WSW,WSW,C,mm,km/h,mm
11715,2026-08-26,01:00:00,15.0,15.0,15.0,21.0,57.0,84.0,0.0,0.0,579.1,0.0,3.2,WSW,SW,C,mm,km/h,mm
11716,2026-08-26,01:15:00,15.0,15.0,15.0,21.0,57.0,85.0,0.0,0.0,579.1,0.0,1.6,SW,SW,C,mm,km/h,mm
11717,2026-08-26,01:30:00,15.0,15.0,15.0,21.0,57.0,85.0,0.0,0.0,578.9,0.0,0.0,,,C,mm,km/h,mm
11718,2026-08-26,01:45:00,14.0,15.0,14.0,21.0,56.0,85.0,0.0,0.0,578.9,0.0,0.0,,,C,mm,km/h,mm
11719,2026-08-26,02:00:00,14.0,14.0,14.0,21.0,56.0,85.0,0.0,0.0,578.8,0.0,1.6,SW,SW,C,mm,km/h,mm
11720,2026-08-26,02:15:00,14.0,14.0,14.0,21.0,56.0,85.0,0.0,0.0,578.7,0.0,1.6,WSW,SW,C,mm,km/h,mm
11721,2026-08-26,02:30:00,14.0,14.0,14.0,21.0,56.0,86.0,0.0,0.0,578.6,0.0,1.6,SW,SW,C,mm,km/h,mm
11722,2026-08-26,02:45:00,14.0,14.0,14.0,21.0,56.0,86.0,0.0,0.0,578.6,0.0,1.6,WSW,SW,C,mm,km/h,mm
11723,2026-08-26,03:00:00,14.0,14.0,14.0,21.0,56.0,87.0,0.0,0.0,578.5,0.0,0.0,,,C,mm,km/h,mm
11724,2026-08-26,03:15:00,14.0,14.0,14.0,21.0,56.0,87.0,0.0,0.0,578.5,0.0,0.0,,,C,mm,km/h,mm
11725,2026-08-26,03:30:00,13.0,14.0,13.0,21.0,56.0,88.0,0.0,0.0,578.4,0.0,0.0,,,C,mm,km/h,mm
11726,2026-08-26,03:45:00,13.0,13.0,13.0,21.0,56.0,89.0,0.0,0.0,578.4,0.0,0.0,,,C,mm,km/h,mm
11727,2026-08-26,04:00:00,13.0,13.0,13.0,21.0,56.0,90.0,0.0,0.0,578.4,0.0,0.0,,,C,mm,km/h,mm
11728,2026-08-26,04:15:00,13.0,13.0,13.0,21.0,56.0,90.0,0.0,0.0,578.4,0.0,0.0,,,C,mm,km/h,mm
11729,2026-08-26,04:30:00,13.0,13.0,13.0,21.0,56.0,90.0,0.0,0.0,578.4,0.0,0.0,,,C,mm,km/h,mm
11730,2026-08-26,04:45:00,13.0,13.0,13.0,21.0,56.0,90.0,0.0,0.0,578.3,0.0,0.0,,,C,mm,km/h,mm
11731,2026-08-26,05:00:00,13.0,13.0,13.0,21.0,56.0,89.0,0.0,0.0,578.2,0.0,0.0,,,C,mm,km/h,mm
11732,2026-08-26,05:15:00,13.0,13.0,13.0,21.0,56.0,89.0,0.0,0.0,578.3,0.0,0.0,,,C,mm,km/h,mm
11733,2026-08-26,05:30:00,12.0,13.0,12.0,21.0,56.0,90.0,0.0,0.0,578.3,0.0,0.0,,,C,mm,km/h,mm
11734,2026-08-26,05:45:00,12.0,12.0,12.0,21.0,56.0,91.0,0.0,0.0,578.3,0.0,0.0,,,C,mm,km/h,mm
11735,2026-08-26,06:00:00,12.0,12.0,12.0,21.0,56.0,91.0,0.0,0.0,578.3,0.0,0.0,,,C,mm,km/h,mm
11736,2026-08-26,06:15:00,12.0,12.0,12.0,20.0,56.0,92.0,0.0,0.0,578.3,0.0,0.0,,,C,mm,km/h,mm
11737,2026-08-26,06:30:00,12.0,12.0,12.0,21.0,56.0,92.0,0.0,0.0,578.3,0.0,0.0,,,C,mm,km/h,mm
11738,2026-08-26,06:45:00,13.0,13.0,12.0,21.0,56.0,93.0,0.0,0.0,578.4,0.0,0.0,,,C,mm,km/h,mm
11739,2026-08-26,07:00:00,13.0,13.0,13.0,21.0,57.0,91.0,0.0,0.0,578.5,0.0,0.0,,,C,mm,km/h,mm
11740,2026-08-26,07:15:00,13.0,13.0,13.0,21.0,56.0,88.0,0.0,0.0,578.7,0.0,3.2,WSW,WSW,C,mm,km/h,mm
11741,2026-08-26,07:30:00,13.0,13.0,13.0,21.0,56.0,87.0,0.0,0.0,578.8,0.0,1.6,N,ENE,C,mm,km/h,mm
11742,2026-08-26,07:45:00,14.0,14.0,13.0,21.0,55.0,86.0,0.0,0.0,579.0,0.0,6.4,W,WSW,C,mm,km/h,mm
11743,2026-08-26,08:00:00,14.0,15.0,14.0,21.0,55.0,84.0,0.0,0.0,579.0,0.0,4.8,SW,SSW,C,mm,km/h,mm
11744,2026-08-26,08:15:00,15.0,15.0,14.0,21.0,55.0,83.0,0.0,0.0,579.4,1.6,8.0,SW,WSW,C,mm,km/h,mm
11745,2026-08-26,08:30:00,15.0,15.0,15.0,21.0,55.0,81.0,0.0,0.0,579.4,1.6,4.8,S,WSW,C,mm,km/h,mm
11746,2026-08-26,08:45:00,16.0,16.0,15.0,21.0,55.0,79.0,0.0,0.0,579.4,1.6,6.4,W,W,C,mm,km/h,mm
11747,2026-08-26,09:00:00,17.0,17.0,16.0,21.0,55.0,76.0,0.0,0.0,579.2,1.6,8.0,W,WSW,C,mm,km/h,mm
11748,2026-08-26,09:15:00,18.0,18.0,17.0,21.0,55.0,73.0,0.0,0.0,579.3,1.6,8.0,SSW,W,C,mm,km/h,mm
11749,2026-08-26,09:30:00,18.0,18.0,18.0,21.0,55.0,71.0,0.0,0.0,579.4,0.0,3.2,E,SSW,C,mm,km/h,mm
11750,2026-08-26,09:45:00,20.0,20.0,18.0,21.0,55.0,68.0,0.0,0.0,579.5,0.0,4.8,E,E,C,mm,km/h,mm
11751,2026-08-26,10:00:00,20.0,20.0,19.0,22.0,54.0,67.0,0.0,0.0,579.4,1.6,8.0,NW,NW,C,mm,km/h,mm
11752,2026-08-26,10:15:00,20.0,20.0,20.0,22.0,54.0,68.0,0.0,0.0,579.3,0.0,3.2,NE,W,C,mm,km/h,mm
11753,2026-08-26,10:30:00,20.0,20.0,20.0,22.0,54.0,66.0,0.0,0.0,579.4,0.0,4.8,E,E,C,mm,km/h,mm
11754,2026-08-26,10:45:00,20.0,20.0,20.0,22.0,54.0,66.0,0.0,0.0,579.3,0.0,8.0,E,ESE,C,mm,km/h,mm
11755,2026-08-26,11:00:00,21.0,21.0,19.0,22.0,54.0,65.0,0.0,0.0,579.3,1.6,6.4,ESE,NW,C,mm,km/h,mm
11756,2026-08-26,11:15:00,21.0,21.0,21.0,21.0,54.0,62.0,0.0,0.0,579.1,0.0,4.8,ESE,E,C,mm,km/h,mm
11757,2026-08-26,11:30:00,22.0,22.0,21.0,21.0,54.0,61.0,0.0,0.0,579.0,0.0,3.2,N,ENE,C,mm,km/h,mm
11758,2026-08-26,11:45:00,23.0,23.0,22.0,21.0,55.0,58.0,0.0,0.0,578.9,1.6,4.8,NNW,NNW,C,mm,km/h,mm
11759,2026-08-26,12:00:00,23.0,23.0,22.0,22.0,54.0,58.0,0.0,0.0,578.8,0.0,6.4,E,ENE,C,mm,km/h,mm
11760,2026-08-26,12:15:00,23.0,23.0,23.0,22.0,55.0,55.0,0.0,0.0,578.7,1.6,12.9,SW,W,C,mm,km/h,mm
11761,2026-08-26,12:30:00,23.0,23.0,23.0,22.0,55.0,54.0,0.0,0.0,578.4,1.6,9.7,SW,WSW,C,mm,km/h,mm
11762,2026-08-26,12:45:00,24.0,24.0,23.0,22.0,55.0,55.0,0.0,0.0,578.4,0.0,4.8,SSE,E,C,mm,km/h,mm
11763,2026-08-26,13:00:00,24.0,24.0,23.0,22.0,55.0,53.0,0.0,0.0,578.2,1.6,4.8,SE,NNW,C,mm,km/h,mm
11764,2026-08-26,13:15:00,25.0,25.0,24.0,22.0,55.0,52.0,0.0,0.0,578.0,1.6,8.0,SW,W,C,mm,km/h,mm
11765,2026-08-26,13:30:00,25.0,25.0,24.0,22.0,55.0,51.0,0.0,0.0,577.7,1.6,9.7,NW,NNW,C,mm,km/h,mm
11766,2026-08-26,13:45:00,25.0,25.0,25.0,22.0,55.0,51.0,0.0,0.0,577.3,1.6,6.4,NNW,NNW,C,mm,km/h,mm
11767,2026-08-26,14:00:00,26.0,26.0,25.0,22.0,55.0,44.0,0.0,0.0,577.2,1.6,16.1,WSW,SW,C,mm,km/h,mm
11768,2026-08-26,14:15:00,27.0,27.0,26.0,23.0,54.0,40.0,0.0,0.0,577.0,3.2,12.9,SSW,W,C,mm,km/h,mm
11769,2026-08-26,14:30:00,27.0,27.0,27.0,23.0,54.0,40.0,0.0,0.0,576.7,1.6,12.9,WNW,NNW,C,mm,km/h,mm
11770,2026-08-26,14:45:00,27.0,27.0,27.0,23.0,54.0,39.0,0.0,0.0,576.4,1.6,8.0,WSW,ENE,C,mm,km/h,mm
11771,2026-08-26,15:00:00,28.0,28.0,27.0,23.0,53.0,33.0,0.0,0.0,576.0,0.0,6.4,NW,NNW,C,mm,km/h,mm
11772,2026-08-26,15:15:00,27.0,28.0,27.0,23.0,53.0,36.0,0.0,0.0,575.9,0.0,6.4,ESE,ESE,C,mm,km/h,mm
11773,2026-08-26,15:30:00,26.0,27.0,26.0,23.0,53.0,36.0,0.0,0.0,575.8,1.6,9.7,NNW,W,C,mm,km/h,mm
11774,2026-08-26,15:45:00,27.0,27.0,26.0,23.0,52.0,40.0,0.0,0.0,575.7,3.2,12.9,SW,WSW,C,mm,km/h,mm
11775,2026-08-26,16:00:00,25.0,27.0,25.0,23.0,52.0,42.0,0.0,0.0,575.7,6.4,16.1,WSW,WSW,C,mm,km/h,mm
11776,2026-08-26,16:15:00,26.0,26.0,25.0,23.0,52.0,43.0,0.0,0.0,575.7,4.8,19.3,W,W,C,mm,km/h,mm
11777,2026-08-26,16:30:00,25.0,26.0,25.0,23.0,52.0,42.0,0.0,0.0,575.6,3.2,11.3,W,NNW,C,mm,km/h,mm
11778,2026-08-26,16:45:00,25.0,25.0,25.0,23.0,52.0,43.0,0.0,0.0,575.5,3.2,11.3,W,WNW,C,mm,km/h,mm
11779,2026-08-26,17:00:00,24.0,25.0,24.0,23.0,52.0,41.0,0.0,0.0,575.6,4.8,17.7,SW,WSW,C,mm,km/h,mm
11780,2026-08-26,17:15:00,24.0,24.0,24.0,22.0,51.0,43.0,0.0,0.0,575.7,3.2,14.5,SW,NW,C,mm,km/h,mm
11781,2026-08-26,17:30:00,24.0,24.0,24.0,22.0,51.0,44.0,0.0,0.0,575.8,1.6,17.7,WNW,NNW,C,mm,km/h,mm
11782,2026-08-26,17:45:00,23.0,24.0,23.0,22.0,51.0,46.0,0.0,0.0,575.8,3.2,14.5,N,NNW,C,mm,km/h,mm
11783,2026-08-26,18:00:00,23.0,23.0,23.0,22.0,50.0,48.0,0.0,0.0,575.9,3.2,17.7,NNW,NNW,C,mm,km/h,mm
11784,2026-08-26,18:15:00,22.0,23.0,22.0,22.0,51.0,49.0,0.0,0.0,576.2,3.2,12.9,WSW,NNW,C,mm,km/h,mm
11785,2026-08-26,18:30:00,22.0,22.0,22.0,22.0,50.0,52.0,0.0,0.0,576.4,1.6,16.1,W,NW,C,mm,km/h,mm
11786,2026-08-26,18:45:00,21.0,22.0,21.0,22.0,50.0,54.0,0.0,0.0,576.5,1.6,12.9,NW,NW,C,mm,km/h,mm
11787,2026-08-26,19:00:00,20.0,21.0,20.0,22.0,50.0,58.0,0.0,0.0,576.7,1.6,9.7,W,W,C,mm,km/h,mm
11788,2026-08-26,19:15:00,20.0,20.0,20.0,22.0,50.0,59.0,0.0,0.0,576.9,0.0,9.7,NNW,WSW,C,mm,km/h,mm
11789,2026-08-26,19:30:00,20.0,20.0,20.0,22.0,50.0,60.0,0.0,0.0,577.2,1.6,14.5,N,W,C,mm,km/h,mm
11790,2026-08-26,19:45:00,19.0,20.0,19.0,22.0,51.0,61.0,0.0,0.0,577.4,1.6,17.7,W,W,C,mm,km/h,mm
11791,2026-08-26,20:00:00,19.0,19.0,19.0,22.0,51.0,61.0,0.0,0.0,577.5,4.8,12.9,SSW,W,C,mm,km/h,mm
11792,2026-08-26,20:15:00,19.0,19.0,19.0,22.0,51.0,62.0,0.0,0.0,577.7,4.8,17.7,NNW,W,C,mm,km/h,mm
11793,2026-08-26,20:30:00,19.0,19.0,19.0,22.0,51.0,63.0,0.0,0.0,578.0,4.8,12.9,W,WSW,C,mm,km/h,mm
11794,2026-08-26,20:45:00,18.0,19.0,18.0,22.0,51.0,64.0,0.0,0.0,578.3,1.6,11.3,W,W,C,mm,km/h,mm
11795,2026-08-26,21:00:00,18.0,18.0,18.0,22.0,51.0,67.0,0.0,0.0,578.3,1.6,9.7,W,SW,C,mm,km/h,mm
11796,2026-08-26,21:15:00,18.0,18.0,18.0,22.0,51.0,70.0,0.0,0.0,578.2,1.6,8.0,S,SW,C,mm,km/h,mm
11797,2026-08-26,21:30:00,17.0,18.0,17.0,22.0,51.0,71.0,0.0,0.0,578.4,1.6,9.7,SSE,SW,C,mm,km/h,mm
11798,2026-08-26,21:45:00,17.0,17.0,17.0,22.0,51.0,71.0,0.0,0.0,578.7,1.6,9.7,SW,WSW,C,mm,km/h,mm
11799,2026-08-26,22:00:00,17.0,17.0,17.0,22.0,51.0,71.0,0.0,0.0,578.9,1.6,8.0,NE,WSW,C,mm,km/h,mm
11800,2026-08-26,22:15:00,17.0,17.0,17.0,22.0,51.0,73.0,0.0,0.0,579.0,3.2,11.3,WNW,WSW,C,mm,km/h,mm
11801,2026-08-26,22:30:00,17.0,17.0,17.0,22.0,51.0,74.0,0.0,0.0,579.2,1.6,12.9,W,WSW,C,mm,km/h,mm
11802,2026-08-26,22:45:00,16.0,17.0,16.0,22.0,51.0,75.0,0.0,0.0,579.3,1.6,11.3,NW,WSW,C,mm,km/h,mm
11803,2026-08-26,23:00:00,16.0,16.0,16.0,22.0,51.0,75.0,0.0,0.0,579.4,1.6,8.0,WSW,WSW,C,mm,km/h,mm
11804,2026-08-26,23:15:00,16.0,16.0,16.0,22.0,51.0,73.0,0.0,0.0,579.5,3.2,11.3,SW,W,C,mm,km/h,mm
11805,2026-08-26,23:30:00,16.0,16.0,16.0,22.0,51.0,74.0,0.0,0.0,579.5,3.2,9.7,WNW,WSW,C,mm,km/h,mm
11806,2026-08-26,23:45:00,16.0,16.0,16.0,22.0,51.0,74.0,0.0,0.0,579.6,1.6,8.0,W,WSW,C,mm,km/h,mm
11807,2026-08-27,00:15:00,16.0,16.0,16.0,22.0,51.0,75.0,0.0,0.0,579.4,0.0,4.8,WSW,SW,C,mm,km/h,mm
11808,2026-08-27,00:30:00,16.0,16.0,16.0,22.0,51.0,76.0,0.0,0.0,579.2,0.0,4.8,SW,SW,C,mm,km/h,mm
11809,2026-08-27,00:45:00,16.0,16.0,16.0,22.0,51.0,78.0,0.0,0.0,579.1,0.0,4.8,WSW,WSW,C,mm,km/h,mm
11810,2026-08-27,01:00:00,15.0,16.0,15.0,22.0,51.0,78.0,0.0,0.0,579.0,0.0,3.2,S,SW,C,mm,km/h,mm
11811,2026-08-27,01:15:00,15.0,15.0,15.0,22.0,51.0,79.0,0.0,0.0,578.9,0.0,4.8,SSW,W,C,mm,km/h,mm
11812,2026-08-27,01:30:00,15.0,15.0,15.0,22.0,51.0,80.0,0.0,0.0,578.7,0.0,3.2,SSW,W,C,mm,km/h,mm
11813,2026-08-27,01:45:00,15.0,15.0,15.0,22.0,52.0,81.0,0.0,0.0,578.7,0.0,3.2,W,SW,C,mm,km/h,mm
11814,2026-08-27,02:00:00,15.0,15.0,15.0,21.0,52.0,82.0,0.0,0.0,578.5,0.0,1.6,SW,SW,C,mm,km/h,mm
11815,2026-08-27,02:15:00,14.0,15.0,14.0,21.0,52.0,83.0,0.0,0.0,578.5,0.0,0.0,,,C,mm,km/h,mm
11816,2026-08-27,02:30:00,14.0,14.0,14.0,21.0,52.0,83.0,0.0,0.0,578.4,0.0,0.0,,,C,mm,km/h,mm
11817,2026-08-27,02:45:00,13.0,14.0,13.0,21.0,52.0,85.0,0.0,0.0,578.4,0.0,0.0,,,C,mm,km/h,mm
11818,2026-08-27,03:00:00,13.0,13.0,13.0,21.0,52.0,87.0,0.0,0.0,578.4,0.0,0.0,,,C,mm,km/h,mm
11819,2026-08-27,03:15:00,13.0,13.0,13.0,21.0,52.0,88.0,0.0,0.0,578.3,0.0,0.0,,,C,mm,km/h,mm
11820,2026-08-27,03:30:00,13.0,13.0,13.0,21.0,52.0,87.0,0.0,0.0,578.3,0.0,0.0,,,C,mm,km/h,mm
11821,2026-08-27,03:45:00,12.0,13.0,12.0,21.0,52.0,88.0,0.0,0.0,578.2,0.0,0.0,,,C,mm,km/h,mm
11822,2026-08-27,04:00:00,12.0,12.0,12.0,21.0,53.0,89.0,0.0,0.0,578.2,0.0,0.0,,,C,mm,km/h,mm
11823,2026-08-27,04:15:00,12.0,12.0,12.0,21.0,53.0,90.0,0.0,0.0,578.2,0.0,0.0,,,C,mm,km/h,mm
11824,2026-08-27,04:30:00,12.0,12.0,12.0,21.0,53.0,91.0,0.0,0.0,578.2,0.0,0.0,,,C,mm,km/h,mm
11825,2026-08-27,04:45:00,12.0,12.0,12.0,21.0,53.0,91.0,0.0,0.0,578.2,0.0,0.0,,,C,mm,km/h,mm
11826,2026-08-27,05:00:00,12.0,12.0,12.0,21.0,53.0,92.0,0.0,0.0,578.3,0.0,0.0,,,C,mm,km/h,mm
11827,2026-08-27,05:15:00,12.0,12.0,12.0,21.0,53.0,92.0,0.0,0.0,578.4,0.0,0.0,,,C,mm,km/h,mm
11828,2026-08-27,05:30:00,12.0,12.0,12.0,21.0,53.0,92.0,0.0,0.0,578.3,0.0,0.0,,,C,mm,km/h,mm
11829,2026-08-27,05:45:00,12.0,12.0,12.0,21.0,53.0,91.0,0.0,0.0,578.4,0.0,0.0,,,C,mm,km/h,mm
11830,2026-08-27,06:00:00,13.0,13.0,12.0,21.0,53.0,90.0,0.0,0.0,578.3,0.0,0.0,,,C,mm,km/h,mm
11831,2026-08-27,06:15:00,13.0,13.0,13.0,21.0,53.0,90.0,0.0,0.0,578.5,0.0,0.0,,,C,mm,km/h,mm
11832,2026-08-27,06:30:00,13.0,13.0,13.0,21.0,54.0,89.0,0.0,0.0,578.4,0.0,3.2,SW,SW,C,mm,km/h,mm
11833,2026-08-27,06:45:00,13.0,13.0,13.0,21.0,53.0,88.0,0.0,0.0,578.5,0.0,6.4,S,W,C,mm,km/h,mm
11834,2026-08-27,07:00:00,14.0,14.0,13.0,21.0,53.0,88.0,0.0,0.0,578.6,0.0,4.8,SSE,W,C,mm,km/h,mm
11835,2026-08-27,07:15:00,14.0,14.0,14.0,21.0,53.0,87.0,0.0,0.0,578.6,0.0,6.4,SW,SW,C,mm,km/h,mm
11836,2026-08-27,07:30:00,15.0,15.0,14.0,22.0,53.0,86.0,0.0,0.0,578.7,0.0,6.4,S,SW,C,mm,km/h,mm
11837,2026-08-27,07:45:00,15.0,15.0,15.0,22.0,53.0,83.0,0.0,0.0,578.8,0.0,4.8,W,W,C,mm,km/h,mm
11838,2026-08-27,08:00:00,16.0,16.0,15.0,22.0,53.0,81.0,0.0,0.0,578.8,0.0,3.2,SW,SW,C,mm,km/h,mm
11839,2026-08-27,08:15:00,16.0,16.0,16.0,22.0,52.0,79.0,0.0,0.0,578.9,0.0,0.0,,,C,mm,km/h,mm
11840,2026-08-27,08:30:00,16.0,16.0,16.0,22.0,53.0,78.0,0.0,0.0,579.0,0.0,1.6,N,N,C,mm,km/h,mm
11841,2026-08-27,08:45:00,17.0,17.0,16.0,22.0,52.0,76.0,0.0,0.0,579.1,0.0,1.6,N,N,C,mm,km/h,mm
11842,2026-08-27,09:00:00,17.0,17.0,17.0,22.0,52.0,74.0,0.0,0.0,579.2,0.0,1.6,NNE,NNE,C,mm,km/h,mm
11843,2026-08-27,09:15:00,17.0,17.0,17.0,22.0,52.0,75.0,0.0,0.0,579.2,0.0,0.0,,,C,mm,km/h,mm
11844,2026-08-27,09:30:00,18.0,18.0,17.0,22.0,52.0,72.0,0.0,0.0,579.3,0.0,1.6,NNE,WSW,C,mm,km/h,mm
11845,2026-08-27,09:45:00,18.0,18.0,18.0,22.0,52.0,73.0,0.0,0.0,579.3,0.0,3.2,E,ENE,C,mm,km/h,mm
11846,2026-08-27,10:00:00,19.0,19.0,18.0,22.0,52.0,69.0,0.0,0.0,579.3,0.0,3.2,ENE,ENE,C,mm,km/h,mm
11847,2026-08-27,10:15:00,19.0,19.0,19.0,22.0,52.0,70.0,0.0,0.0,579.3,0.0,8.0,ESE,E,C,mm,km/h,mm
11848,2026-08-27,10:30:00,21.0,21.0,19.0,22.0,52.0,62.0,0.0,0.0,579.1,0.0,8.0,W,WNW,C,mm,km/h,mm
11849,2026-08-27,10:45:00,22.0,22.0,21.0,22.0,52.0,59.0,0.0,0.0,579.0,1.6,9.7,WNW,WSW,C,mm,km/h,mm
11850,2026-08-27,11:00:00,22.0,22.0,21.0,22.0,52.0,57.0,0.0,0.0,579.0,1.6,8.0,S,W,C,mm,km/h,mm
11851,2026-08-27,11:15:00,22.0,22.0,22.0,22.0,52.0,58.0,0.0,0.0,578.7,1.6,6.4,WSW,WSW,C,mm,km/h,mm
11852,2026-08-27,11:30:00,23.0,23.0,22.0,22.0,52.0,57.0,0.0,0.0,578.5,0.0,6.4,WSW,NNW,C,mm,km/h,mm
11853,2026-08-27,11:45:00,22.0,23.0,22.0,22.0,52.0,58.0,0.0,0.0,578.4,1.6,8.0,SSE,E,C,mm,km/h,mm
11854,2026-08-27,12:00:00,23.0,23.0,22.0,22.0,52.0,55.0,0.0,0.0,578.3,0.0,4.8,E,E,C,mm,km/h,mm
11855,2026-08-27,12:15:00,23.0,23.0,23.0,23.0,52.0,56.0,0.0,0.0,578.1,1.6,8.0,WSW,WSW,C,mm,km/h,mm
11856,2026-08-27,12:30:00,23.0,23.0,23.0,23.0,52.0,54.0,0.0,0.0,578.0,1.6,9.7,WNW,W,C,mm,km/h,mm
11857,2026-08-27,12:45:00,24.0,24.0,23.0,23.0,51.0,52.0,0.0,0.0,577.9,1.6,6.4,W,NW,C,mm,km/h,mm
11858,2026-08-27,13:00:00,24.0,24.0,24.0,23.0,51.0,50.0,0.0,0.0,577.8,0.0,9.7,WSW,WSW,C,mm,km/h,mm
11859,2026-08-27,13:15:00,24.0,24.0,24.0,23.0,51.0,51.0,0.0,0.0,577.7,1.6,8.0,WSW,ENE,C,mm,km/h,mm
11860,2026-08-27,13:30:00,25.0,25.0,24.0,23.0,51.0,44.0,0.0,0.0,577.5,0.0,6.4,WNW,NNW,C,mm,km/h,mm
11861,2026-08-27,13:45:00,25.0,25.0,24.0,23.0,51.0,46.0,0.0,0.0,577.3,0.0,6.4,SSW,S,C,mm,km/h,mm
11862,2026-08-27,14:00:00,24.0,25.0,24.0,23.0,51.0,45.0,0.0,0.0,577.3,1.6,8.0,WNW,W,C,mm,km/h,mm
11863,2026-08-27,14:15:00,25.0,25.0,24.0,23.0,51.0,45.0,0.0,0.0,577.0,1.6,9.7,SW,W,C,mm,km/h,mm
11864,2026-08-27,14:30:00,25.0,25.0,25.0,23.0,51.0,45.0,0.0,0.0,576.8,0.0,4.8,NE,ENE,C,mm,km/h,mm
11865,2026-08-27,14:45:00,25.0,26.0,25.0,23.0,51.0,45.0,0.0,0.0,576.7,0.0,6.4,SW,WNW,C,mm,km/h,mm
11866,2026-08-27,15:00:00,25.0,26.0,25.0,23.0,51.0,45.0,0.0,0.0,576.4,0.0,4.8,ENE,ENE,C,mm,km/h,mm
11867,2026-08-27,15:15:00,26.0,26.0,25.0,23.0,51.0,44.0,0.0,0.0,576.2,0.0,4.8,SW,W,C,mm,km/h,mm
11868,2026-08-27,15:30:00,26.0,26.0,25.0,23.0,51.0,44.0,0.0,0.0,576.1,0.0,1.6,SW,NNW,C,mm,km/h,mm
11869,2026-08-27,15:45:00,26.0,26.0,25.0,23.0,50.0,45.0,0.0,0.0,575.8,0.0,3.2,NNW,NNW,C,mm,km/h,mm
11870,2026-08-27,16:00:00,25.0,26.0,25.0,23.0,50.0,43.0,0.0,0.0,575.7,1.6,8.0,WSW,W,C,mm,km/h,mm
11871,2026-08-27,16:15:00,25.0,25.0,25.0,23.0,50.0,47.0,0.0,0.0,575.7,1.6,8.0,N,N,C,mm,km/h,mm
11872,2026-08-27,16:30:00,24.0,25.0,24.0,23.0,50.0,48.0,0.0,0.0,575.6,3.2,12.9,W,W,C,mm,km/h,mm
11873,2026-08-27,16:45:00,24.0,24.0,24.0,23.0,50.0,51.0,0.0,0.0,575.7,3.2,11.3,W,W,C,mm,km/h,mm
11874,2026-08-27,17:00:00,24.0,24.0,24.0,23.0,50.0,51.0,0.0,0.0,575.7,3.2,12.9,WNW,W,C,mm,km/h,mm
11875,2026-08-27,17:15:00,23.0,24.0,23.0,23.0,50.0,49.0,0.0,0.0,575.6,4.8,17.7,W,W,C,mm,km/h,mm
11876,2026-08-27,17:30:00,23.0,23.0,23.0,23.0,50.0,53.0,0.0,0.0,575.5,4.8,12.9,W,W,C,mm,km/h,mm
11877,2026-08-27,17:45:00,22.0,23.0,22.0,23.0,50.0,56.0,0.0,0.0,575.5,3.2,16.1,WSW,WSW,C,mm,km/h,mm
11878,2026-08-27,18:00:00,21.0,22.0,21.0,23.0,50.0,59.0,0.0,0.0,576.0,1.6,12.9,W,W,C,mm,km/h,mm
11879,2026-08-27,18:15:00,21.0,21.0,21.0,23.0,51.0,62.0,0.0,0.0,576.0,3.2,16.1,WSW,WSW,C,mm,km/h,mm
11880,2026-08-27,18:30:00,21.0,21.0,21.0,23.0,51.0,63.0,0.0,0.0,575.9,4.8,17.7,WNW,W,C,mm,km/h,mm
11881,2026-08-27,18:45:00,20.0,21.0,20.0,23.0,51.0,64.0,0.0,0.0,575.9,4.8,19.3,W,WSW,C,mm,km/h,mm
11882,2026-08-27,19:00:00,20.0,20.0,20.0,23.0,51.0,64.0,0.0,0.0,576.1,6.4,16.1,W,W,C,mm,km/h,mm
11883,2026-08-27,19:15:00,20.0,20.0,20.0,23.0,51.0,64.0,0.0,0.0,576.5,4.8,16.1,W,W,C,mm,km/h,mm
11884,2026-08-27,19:30:00,19.0,20.0,19.0,23.0,51.0,64.0,0.0,0.0,576.6,3.2,12.9,WSW,WSW,C,mm,km/h,mm
11885,2026-08-27,19:45:00,19.0,19.0,19.0,22.0,51.0,64.0,0.0,0.0,576.8,1.6,11.3,WSW,W,C,mm,km/h,mm
11886,2026-08-27,20:00:00,19.0,19.0,19.0,22.0,51.0,66.0,0.0,0.0,577.0,1.6,9.7,SW,W,C,mm,km/h,mm
11887,2026-08-27,20:15:00,19.0,19.0,19.0,22.0,51.0,66.0,0.0,0.0,577.3,1.6,12.9,W,W,C,mm,km/h,mm
11888,2026-08-27,20:30:00,19.0,19.0,19.0,22.0,51.0,67.0,0.0,0.0,577.5,1.6,8.0,W,SSW,C,mm,km/h,mm
11889,2026-08-27,20:45:00,18.0,19.0,18.0,22.0,51.0,67.0,0.0,0.0,577.8,1.6,11.3,WSW,W,C,mm,km/h,mm
11890,2026-08-27,21:00:00,18.0,18.0,18.0,22.0,51.0,68.0,0.0,0.0,578.1,0.0,6.4,WSW,WSW,C,mm,km/h,mm
11891,2026-08-27,21:15:00,18.0,18.0,18.0,22.0,51.0,69.0,0.0,0.0,578.5,0.0,1.6,SSW,NE,C,mm,km/h,mm
11892,2026-08-27,21:30:00,18.0,18.0,18.0,22.0,51.0,70.0,0.0,0.0,578.5,0.0,8.0,SW,WNW,C,mm,km/h,mm
11893,2026-08-27,21:45:00,18.0,18.0,18.0,22.0,51.0,70.0,0.0,0.0,578.7,0.0,4.8,SSW,SW,C,mm,km/h,mm
11894,2026-08-27,22:00:00,18.0,18.0,18.0,22.0,51.0,71.0,0.0,0.0,578.7,0.0,4.8,W,W,C,mm,km/h,mm
11895,2026-08-27,22:15:00,17.0,18.0,17.0,22.0,51.0,71.0,0.0,0.0,578.9,0.0,6.4,SSW,SSW,C,mm,km/h,mm
11896,2026-08-27,22:30:00,17.0,17.0,17.0,22.0,51.0,72.0,0.0,0.0,578.9,1.6,8.0,SW,SW,C,mm,km/h,mm
11897,2026-08-27,22:45:00,17.0,17.0,17.0,22.0,51.0,72.0,0.0,0.0,578.9,3.2,11.3,SE,SW,C,mm,km/h,mm
11898,2026-08-27,23:00:00,17.0,17.0,17.0,22.0,51.0,72.0,0.0,0.0,579.0,1.6,6.4,SW,WSW,C,mm,km/h,mm
11899,2026-08-27,23:15:00,17.0,17.0,17.0,22.0,51.0,72.0,0.0,0.0,579.0,1.6,9.7,SSW,SW,C,mm,km/h,mm
11900,2026-08-27,23:30:00,17.0,17.0,17.0,22.0,51.0,72.0,0.0,0.0,579.0,1.6,12.9,SW,SW,C,mm,km/h,mm
11901,2026-08-27,23:45:00,17.0,17.0,17.0,22.0,51.0,74.0,0.0,0.0,579.2,1.6,8.0,SW,WSW,C,mm,km/h,mm
11902,2026-08-28,00:15:00,17.0,17.0,17.0,22.0,51.0,74.0,0.0,0.0,579.1,1.6,6.4,W,WSW,C,mm,km/h,mm
11903,2026-08-28,00:30:00,17.0,17.0,17.0,22.0,51.0,75.0,0.0,0.0,578.8,1.6,9.7,WNW,W,C,mm,km/h,mm
11904,2026-08-28,00:45:00,17.0,17.0,17.0,22.0,51.0,76.0,0.0,0.0,578.7,0.0,4.8,SSW,W,C,mm,km/h,mm
11905,2026-08-28,01:00:00,16.0,17.0,16.0,22.0,51.0,77.0,0.0,0.0,578.5,1.6,6.4,S,WSW,C,mm,km/h,mm
11906,2026-08-28,01:15:00,16.0,16.0,16.0,22.0,51.0,76.0,0.0,0.0,578.5,1.6,6.4,WNW,WSW,C,mm,km/h,mm
11907,2026-08-28,01:30:00,16.0,16.0,16.0,22.0,51.0,77.0,0.0,0.0,578.4,0.0,4.8,SSW,WSW,C,mm,km/h,mm
11908,2026-08-28,01:45:00,16.0,16.0,16.0,22.0,52.0,77.0,0.0,0.0,578.3,0.0,3.2,W,W,C,mm,km/h,mm
11909,2026-08-28,02:00:00,16.0,16.0,16.0,22.0,52.0,78.0,0.0,0.0,578.3,0.0,0.0,,,C,mm,km/h,mm
11910,2026-08-28,02:15:00,16.0,16.0,16.0,22.0,52.0,79.0,0.0,0.0,578.3,0.0,4.8,SW,SW,C,mm,km/h,mm
11911,2026-08-28,02:30:00,15.0,16.0,15.0,22.0,52.0,80.0,0.0,0.0,578.2,0.0,3.2,SW,SW,C,mm,km/h,mm
11912,2026-08-28,02:45:00,15.0,15.0,15.0,22.0,52.0,80.0,0.0,0.0,578.2,0.0,3.2,SW,SW,C,mm,km/h,mm
11913,2026-08-28,03:00:00,15.0,15.0,15.0,22.0,52.0,81.0,0.0,0.0,578.1,0.0,0.0,,,C,mm,km/h,mm
11914,2026-08-28,03:15:00,15.0,15.0,15.0,22.0,52.0,83.0,0.0,0.0,578.2,0.0,0.0,,,C,mm,km/h,mm
11915,2026-08-28,03:30:00,15.0,15.0,15.0,22.0,52.0,84.0,0.0,0.0,578.2,0.0,3.2,SW,SW,C,mm,km/h,mm
11916,2026-08-28,03:45:00,15.0,15.0,15.0,22.0,52.0,84.0,0.0,0.0,578.3,0.0,6.4,SSE,NNE,C,mm,km/h,mm
11917,2026-08-28,04:00:00,15.0,15.0,15.0,22.0,52.0,84.0,0.0,0.0,578.3,0.0,4.8,SW,SSW,C,mm,km/h,mm
11918,2026-08-28,04:15:00,15.0,15.0,15.0,22.0,52.0,84.0,0.0,0.0,578.3,0.0,3.2,WNW,NNE,C,mm,km/h,mm
11919,2026-08-28,04:30:00,14.0,15.0,14.0,22.0,52.0,85.0,0.0,0.0,578.2,0.0,1.6,WNW,SW,C,mm,km/h,mm
11920,2026-08-28,04:45:00,14.0,14.0,14.0,22.0,52.0,86.0,0.0,0.0,578.3,0.0,1.6,SW,SW,C,mm,km/h,mm
11921,2026-08-28,05:00:00,14.0,14.0,14.0,21.0,53.0,86.0,0.0,0.0,578.3,0.0,0.0,,,C,mm,km/h,mm
11922,2026-08-28,05:15:00,14.0,14.0,14.0,21.0,53.0,87.0,0.0,0.0,578.4,0.0,0.0,,,C,mm,km/h,mm
11923,2026-08-28,05:30:00,14.0,14.0,14.0,21.0,53.0,87.0,0.0,0.0,578.4,0.0,3.2,S,S,C,mm,km/h,mm
11924,2026-08-28,05:45:00,14.0,14.0,14.0,21.0,53.0,86.0,0.0,0.0,578.3,0.0,3.2,SW,SW,C,mm,km/h,mm
11925,2026-08-28,06:00:00,14.0,14.0,14.0,21.0,53.0,86.0,0.0,0.0,578.5,0.0,0.0,,,C,mm,km/h,mm
11926,2026-08-28,06:15:00,14.0,14.0,14.0,21.0,53.0,86.0,0.0,0.0,578.6,0.0,1.6,WSW,SW,C,mm,km/h,mm
11927,2026-08-28,06:30:00,14.0,14.0,14.0,22.0,53.0,86.0,0.0,0.0,578.6,0.0,1.6,SW,SW,C,mm,km/h,mm
11928,2026-08-28,06:45:00,14.0,14.0,14.0,22.0,53.0,86.0,0.0,0.0,578.7,0.0,3.2,SW,WSW,C,mm,km/h,mm
11929,2026-08-28,07:00:00,15.0,15.0,14.0,22.0,53.0,85.0,0.0,0.0,578.9,0.0,1.6,N,WNW,C,mm,km/h,mm
11930,2026-08-28,07:15:00,15.0,15.0,14.0,22.0,53.0,84.0,0.0,0.0,579.0,0.0,3.2,SW,SW,C,mm,km/h,mm
11931,2026-08-28,07:30:00,15.0,15.0,15.0,22.0,53.0,83.0,0.0,0.0,579.0,0.0,4.8,SW,WSW,C,mm,km/h,mm
11932,2026-08-28,07:45:00,16.0,16.0,15.0,22.0,52.0,81.0,0.0,0.0,579.1,0.0,4.8,SSW,SSW,C,mm,km/h,mm
11933,2026-08-28,08:00:00,16.0,16.0,16.0,22.0,52.0,79.0,0.0,0.0,579.3,0.0,6.4,S,SW,C,mm,km/h,mm
11934,2026-08-28,08:15:00,17.0,17.0,16.0,22.0,52.0,79.0,0.0,0.0,579.3,0.0,4.8,SSW,WSW,C,mm,km/h,mm
11935,2026-08-28,08:30:00,18.0,18.0,17.0,22.0,52.0,75.0,0.0,0.0,579.3,0.0,8.0,S,W,C,mm,km/h,mm
11936,2026-08-28,08:45:00,17.0,18.0,17.0,22.0,52.0,75.0,0.0,0.0,579.5,0.0,3.2,WSW,WSW,C,mm,km/h,mm
11937,2026-08-28,09:00:00,18.0,18.0,17.0,22.0,52.0,74.0,0.0,0.0,579.6,0.0,3.2,SSW,W,C,mm,km/h,mm
11938,2026-08-28,09:15:00,18.0,18.0,18.0,22.0,52.0,75.0,0.0,0.0,579.7,0.0,4.8,SW,NNW,C,mm,km/h,mm
11939,2026-08-28,09:30:00,20.0,20.0,18.0,22.0,52.0,69.0,0.0,0.0,579.8,0.0,4.8,SW,SW,C,mm,km/h,mm
11940,2026-08-28,09:45:00,19.0,20.0,19.0,22.0,51.0,68.0,0.0,0.0,579.7,0.0,3.2,WSW,WSW,C,mm,km/h,mm
11941,2026-08-28,10:00:00,20.0,20.0,19.0,22.0,51.0,68.0,0.0,0.0,579.7,0.0,1.6,NE,NE,C,mm,km/h,mm
11942,2026-08-28,10:15:00,22.0,22.0,20.0,22.0,52.0,65.0,0.0,0.0,579.7,0.0,4.8,W,W,C,mm,km/h,mm
11943,2026-08-28,10:30:00,21.0,22.0,21.0,23.0,52.0,64.0,0.0,0.0,579.6,0.0,4.8,NNE,N,C,mm,km/h,mm
11944,2026-08-28,10:45:00,22.0,22.0,21.0,23.0,52.0,61.0,0.0,0.0,579.6,1.6,8.0,WSW,WSW,C,mm,km/h,mm
11945,2026-08-28,11:00:00,23.0,23.0,22.0,23.0,52.0,56.0,0.0,0.0,579.5,1.6,6.4,W,W,C,mm,km/h,mm
11946,2026-08-28,11:15:00,23.0,23.0,23.0,23.0,51.0,55.0,0.0,0.0,579.3,1.6,6.4,SW,NNW,C,mm,km/h,mm
11947,2026-08-28,11:30:00,23.0,23.0,22.0,23.0,51.0,55.0,0.0,0.0,579.2,1.6,8.0,NW,NW,C,mm,km/h,mm
11948,2026-08-28,11:45:00,23.0,24.0,23.0,23.0,51.0,54.0,0.0,0.0,579.0,0.0,4.8,ENE,ESE,C,mm,km/h,mm
11949,2026-08-28,12:00:00,23.0,23.0,23.0,22.0,51.0,55.0,0.0,0.0,578.8,0.0,6.4,WNW,WNW,C,mm,km/h,mm
11950,2026-08-28,12:15:00,24.0,24.0,23.0,22.0,51.0,50.0,0.0,0.0,578.7,1.6,9.7,WNW,WNW,C,mm,km/h,mm
11951,2026-08-28,12:30:00,25.0,25.0,24.0,22.0,52.0,52.0,0.0,0.0,578.5,1.6,8.0,SSE,NNW,C,mm,km/h,mm
11952,2026-08-28,12:45:00,25.0,25.0,25.0,22.0,52.0,48.0,0.0,0.0,578.2,1.6,9.7,NW,NNW,C,mm,km/h,mm
11953,2026-08-28,13:00:00,24.0,25.0,24.0,22.0,52.0,49.0,0.0,0.0,578.1,1.6,8.0,E,E,C,mm,km/h,mm
11954,2026-08-28,13:15:00,24.0,25.0,24.0,22.0,52.0,50.0,0.0,0.0,577.9,1.6,6.4,E,E,C,mm,km/h,mm
11955,2026-08-28,13:30:00,25.0,26.0,24.0,22.0,52.0,47.0,0.0,0.0,577.8,0.0,6.4,WSW,N,C,mm,km/h,mm
11956,2026-08-28,13:45:00,25.0,25.0,25.0,22.0,52.0,48.0,0.0,0.0,577.6,1.6,6.4,ESE,E,C,mm,km/h,mm
11957,2026-08-28,14:00:00,26.0,26.0,25.0,22.0,52.0,43.0,0.0,0.0,577.3,0.0,8.0,NW,W,C,mm,km/h,mm
11958,2026-08-28,14:15:00,27.0,27.0,26.0,22.0,52.0,40.0,0.0,0.0,577.1,0.0,6.4,E,WSW,C,mm,km/h,mm
11959,2026-08-28,14:30:00,27.0,27.0,27.0,22.0,52.0,40.0,0.0,0.0,576.8,1.6,8.0,NW,NNW,C,mm,km/h,mm
11960,2026-08-28,14:45:00,27.0,27.0,26.0,22.0,51.0,43.0,0.0,0.0,576.4,1.6,6.4,E,E,C,mm,km/h,mm
11961,2026-08-28,15:00:00,27.0,27.0,27.0,23.0,50.0,40.0,0.0,0.0,576.2,1.6,8.0,WSW,E,C,mm,km/h,mm
11962,2026-08-28,15:15:00,27.0,28.0,27.0,23.0,50.0,40.0,0.0,0.0,575.9,1.6,6.4,WSW,W,C,mm,km/h,mm
11963,2026-08-28,15:30:00,26.0,27.0,26.0,23.0,50.0,42.0,0.0,0.0,575.8,1.6,9.7,WSW,WSW,C,mm,km/h,mm
11964,2026-08-28,15:45:00,24.0,26.0,24.0,23.0,50.0,52.0,0.0,0.0,576.0,6.4,19.3,NW,W,C,mm,km/h,mm
11965,2026-08-28,16:00:00,22.0,24.0,22.0,23.0,50.0,52.0,0.0,0.0,576.2,6.4,19.3,WNW,NNW,C,mm,km/h,mm
11966,2026-08-28,16:15:00,22.0,22.0,22.0,22.0,51.0,51.0,0.0,0.0,575.9,4.8,14.5,WSW,W,C,mm,km/h,mm
11967,2026-08-28,16:30:00,22.0,22.0,22.0,22.0,51.0,54.0,0.0,0.0,575.8,6.4,20.9,WSW,WSW,C,mm,km/h,mm
11968,2026-08-28,16:45:00,22.0,22.0,22.0,22.0,51.0,53.0,0.0,0.0,576.1,1.6,11.3,W,WSW,C,mm,km/h,mm
11969,2026-08-28,17:00:00,22.0,22.0,22.0,23.0,50.0,53.0,0.0,0.0,576.1,0.0,8.0,SSW,W,C,mm,km/h,mm
11970,2026-08-28,17:15:00,22.0,22.0,22.0,23.0,50.0,54.0,0.0,0.0,576.1,1.6,11.3,SE,W,C,mm,km/h,mm
11971,2026-08-28,17:30:00,22.0,22.0,22.0,23.0,50.0,52.0,0.0,0.0,576.1,3.2,14.5,SW,WSW,C,mm,km/h,mm
11972,2026-08-28,17:45:00,22.0,22.0,21.0,23.0,50.0,52.0,0.0,0.0,576.4,1.6,9.7,WSW,WSW,C,mm,km/h,mm
11973,2026-08-28,18:00:00,21.0,22.0,21.0,23.0,50.0,59.0,0.0,0.0,577.0,1.6,11.3,ENE,E,C,mm,km/h,mm
11974,2026-08-28,18:15:00,18.0,21.0,18.0,23.0,50.0,77.0,0.8,13.2,577.4,1.6,9.7,WNW,NNW,C,mm,km/h,mm
11975,2026-08-28,18:30:00,17.0,18.0,17.0,23.0,51.0,82.0,1.2,9.8,577.5,0.0,1.6,NNW,NNW,C,mm,km/h,mm
11976,2026-08-28,18:45:00,16.0,17.0,16.0,23.0,51.0,84.0,0.6,3.8,577.5,0.0,6.4,W,W,C,mm,km/h,mm
11977,2026-08-28,19:00:00,16.0,16.0,16.0,23.0,51.0,86.0,0.2,2.6,577.8,0.0,4.8,SW,SW,C,mm,km/h,mm
11978,2026-08-28,19:15:00,16.0,16.0,16.0,23.0,52.0,86.0,0.4,1.2,577.9,0.0,1.6,NNE,NNE,C,mm,km/h,mm
11979,2026-08-28,19:30:00,16.0,16.0,16.0,22.0,52.0,88.0,0.0,0.0,578.1,0.0,1.6,NNE,W,C,mm,km/h,mm
11980,2026-08-28,19:45:00,16.0,16.0,16.0,22.0,52.0,89.0,0.4,1.4,578.5,0.0,3.2,SSW,SSW,C,mm,km/h,mm
11981,2026-08-28,20:00:00,15.0,16.0,15.0,22.0,53.0,89.0,0.6,5.0,578.8,0.0,0.0,,,C,mm,km/h,mm
11982,2026-08-28,20:15:00,15.0,15.0,15.0,22.0,53.0,89.0,0.2,2.8,579.0,0.0,1.6,ENE,ENE,C,mm,km/h,mm
11983,2026-08-28,20:30:00,15.0,15.0,15.0,22.0,53.0,89.0,0.4,1.4,579.2,0.0,0.0,,,C,mm,km/h,mm
11984,2026-08-28,20:45:00,15.0,15.0,15.0,22.0,53.0,90.0,2.8,44.2,579.5,0.0,3.2,NE,NE,C,mm,km/h,mm
11985,2026-08-28,21:00:00,15.0,15.0,15.0,22.0,54.0,91.0,7.8,65.4,580.0,0.0,3.2,ENE,ENE,C,mm,km/h,mm
11986,2026-08-28,21:15:00,15.0,15.0,15.0,22.0,54.0,92.0,2.0,21.8,580.0,0.0,0.0,,,C,mm,km/h,mm
11987,2026-08-28,21:30:00,15.0,15.0,15.0,22.0,54.0,92.0,0.8,4.0,579.9,0.0,0.0,,,C,mm,km/h,mm
11988,2026-08-28,21:45:00,15.0,15.0,15.0,22.0,55.0,92.0,0.4,2.2,579.9,0.0,0.0,,,C,mm,km/h,mm
11989,2026-08-28,22:00:00,14.0,15.0,14.0,22.0,55.0,92.0,0.2,1.6,580.1,0.0,0.0,,,C,mm,km/h,mm
11990,2026-08-28,22:15:00,14.0,14.0,14.0,22.0,55.0,92.0,0.4,1.4,580.0,0.0,0.0,,,C,mm,km/h,mm
11991,2026-08-28,22:30:00,14.0,14.0,14.0,22.0,55.0,92.0,0.0,0.8,580.0,0.0,3.2,ENE,ENE,C,mm,km/h,mm
11992,2026-08-28,22:45:00,14.0,14.0,14.0,22.0,55.0,92.0,0.0,0.0,580.3,0.0,0.0,,,C,mm,km/h,mm
11993,2026-08-28,23:00:00,13.0,14.0,13.0,22.0,55.0,93.0,0.2,0.0,580.3,0.0,0.0,,,C,mm,km/h,mm
11994,2026-08-28,23:15:00,13.0,13.0,13.0,22.0,55.0,93.0,0.0,0.0,580.2,0.0,0.0,,,C,mm,km/h,mm
11995,2026-08-28,23:30:00,14.0,14.0,13.0,22.0,55.0,93.0,0.0,0.0,580.4,0.0,0.0,,,C,mm,km/h,mm
11996,2026-08-28,23:45:00,14.0,14.0,14.0,22.0,55.0,93.0,0.0,0.0,580.1,0.0,0.0,,,C,mm,km/h,mm
11997,2026-08-29,00:15:00,14.0,14.0,14.0,22.0,55.0,93.0,0.0,0.0,580.0,0.0,0.0,,,C,mm,km/h,mm
11998,2026-08-29,00:30:00,14.0,14.0,14.0,22.0,55.0,93.0,0.0,0.0,580.0,0.0,0.0,,,C,mm,km/h,mm
11999,2026-08-29,00:45:00,14.0,14.0,14.0,22.0,55.0,94.0,0.0,0.0,579.8,0.0,0.0,,,C,mm,km/h,mm
12000,2026-08-29,01:00:00,14.0,14.0,14.0,22.0,55.0,94.0,0.0,0.0,579.6,0.0,0.0,,,C,mm,km/h,mm
12001,2026-08-29,01:15:00,14.0,14.0,14.0,22.0,55.0,93.0,0.0,0.0,579.6,0.0,0.0,,,C,mm,km/h,mm
12002,2026-08-29,01:30:00,14.0,14.0,14.0,22.0,56.0,94.0,0.0,0.0,579.5,0.0,0.0,,,C,mm,km/h,mm
12003,2026-08-29,01:45:00,14.0,14.0,14.0,22.0,56.0,94.0,0.0,0.0,579.3,0.0,0.0,,,C,mm,km/h,mm
12004,2026-08-29,02:00:00,14.0,14.0,14.0,22.0,56.0,94.0,0.0,0.0,579.4,0.0,0.0,,,C,mm,km/h,mm
12005,2026-08-29,02:15:00,14.0,14.0,14.0,22.0,56.0,94.0,0.0,0.0,579.2,0.0,0.0,,,C,mm,km/h,mm
12006,2026-08-29,02:30:00,14.0,14.0,14.0,22.0,56.0,94.0,0.0,0.0,579.0,0.0,0.0,,,C,mm,km/h,mm
12007,2026-08-29,02:45:00,14.0,14.0,14.0,22.0,56.0,94.0,0.0,0.0,578.9,0.0,0.0,,,C,mm,km/h,mm
12008,2026-08-29,03:00:00,13.0,14.0,13.0,21.0,56.0,94.0,0.0,0.0,578.7,0.0,0.0,,,C,mm,km/h,mm
12009,2026-08-29,03:15:00,13.0,13.0,13.0,21.0,56.0,94.0,0.0,0.0,578.6,0.0,0.0,,,C,mm,km/h,mm
12010,2026-08-29,03:30:00,14.0,14.0,13.0,21.0,56.0,94.0,0.0,0.0,578.6,0.0,0.0,,,C,mm,km/h,mm
12011,2026-08-29,03:45:00,13.0,13.0,13.0,21.0,56.0,94.0,0.0,0.0,578.6,0.0,0.0,,,C,mm,km/h,mm
12012,2026-08-29,04:00:00,13.0,13.0,13.0,21.0,56.0,95.0,0.0,0.0,578.7,0.0,0.0,,,C,mm,km/h,mm
12013,2026-08-29,04:15:00,13.0,13.0,13.0,21.0,57.0,94.0,0.0,0.0,578.6,0.0,0.0,,,C,mm,km/h,mm
12014,2026-08-29,04:30:00,13.0,13.0,13.0,21.0,57.0,95.0,0.0,0.0,578.7,0.0,0.0,,,C,mm,km/h,mm
12015,2026-08-29,04:45:00,13.0,13.0,13.0,21.0,57.0,95.0,0.0,0.0,578.7,0.0,0.0,,,C,mm,km/h,mm
12016,2026-08-29,05:00:00,13.0,13.0,13.0,21.0,57.0,94.0,0.0,0.0,578.8,0.0,0.0,,,C,mm,km/h,mm
12017,2026-08-29,05:15:00,13.0,13.0,13.0,21.0,57.0,94.0,0.0,0.0,579.1,0.0,0.0,,,C,mm,km/h,mm
12018,2026-08-29,05:30:00,13.0,13.0,13.0,21.0,57.0,95.0,0.0,0.0,579.2,0.0,0.0,,,C,mm,km/h,mm
12019,2026-08-29,05:45:00,13.0,13.0,13.0,21.0,57.0,95.0,0.0,0.0,579.2,0.0,0.0,,,C,mm,km/h,mm
12020,2026-08-29,06:00:00,13.0,13.0,13.0,21.0,57.0,95.0,0.0,0.0,579.3,0.0,0.0,,,C,mm,km/h,mm
12021,2026-08-29,06:15:00,13.0,13.0,13.0,21.0,57.0,95.0,0.0,0.0,579.3,0.0,0.0,,,C,mm,km/h,mm
12022,2026-08-29,06:30:00,13.0,13.0,13.0,21.0,57.0,95.0,0.0,0.0,579.5,0.0,0.0,,,C,mm,km/h,mm
12023,2026-08-29,06:45:00,13.0,13.0,13.0,21.0,57.0,95.0,0.0,0.0,579.5,0.0,0.0,,,C,mm,km/h,mm
12024,2026-08-29,07:00:00,13.0,13.0,13.0,21.0,57.0,95.0,0.0,0.0,579.4,0.0,0.0,,,C,mm,km/h,mm
12025,2026-08-29,07:15:00,14.0,14.0,13.0,21.0,57.0,95.0,0.0,0.0,579.5,0.0,0.0,,,C,mm,km/h,mm
12026,2026-08-29,07:30:00,14.0,14.0,14.0,21.0,57.0,96.0,0.0,0.0,579.7,0.0,0.0,,,C,mm,km/h,mm
12027,2026-08-29,07:45:00,14.0,14.0,14.0,21.0,57.0,95.0,0.0,0.0,579.8,0.0,0.0,,,C,mm,km/h,mm
12028,2026-08-29,08:00:00,14.0,14.0,14.0,21.0,57.0,95.0,0.0,0.0,579.9,0.0,0.0,,,C,mm,km/h,mm
12029,2026-08-29,08:15:00,15.0,15.0,14.0,21.0,57.0,95.0,0.0,0.0,580.0,0.0,0.0,,,C,mm,km/h,mm
12030,2026-08-29,08:30:00,15.0,15.0,15.0,21.0,57.0,92.0,0.0,0.0,580.0,0.0,1.6,ESE,E,C,mm,km/h,mm
12031,2026-08-29,08:45:00,16.0,16.0,15.0,21.0,57.0,89.0,0.0,0.0,580.0,0.0,0.0,,,C,mm,km/h,mm
12032,2026-08-29,09:00:00,17.0,17.0,16.0,21.0,57.0,86.0,0.0,0.0,580.1,0.0,3.2,SW,SW,C,mm,km/h,mm
12033,2026-08-29,09:15:00,18.0,18.0,17.0,21.0,57.0,81.0,0.0,0.0,580.1,0.0,4.8,SSE,SSE,C,mm,km/h,mm
12034,2026-08-29,09:30:00,19.0,19.0,18.0,21.0,57.0,78.0,0.0,0.0,580.1,0.0,4.8,SSE,NNW,C,mm,km/h,mm
12035,2026-08-29,09:45:00,19.0,19.0,19.0,21.0,57.0,73.0,0.0,0.0,580.1,0.0,6.4,E,ENE,C,mm,km/h,mm
12036,2026-08-29,10:00:00,20.0,20.0,19.0,21.0,57.0,73.0,0.0,0.0,579.9,0.0,3.2,E,E,C,mm,km/h,mm
12037,2026-08-29,10:15:00,20.0,21.0,20.0,21.0,57.0,66.0,0.0,0.0,579.9,0.0,6.4,E,ENE,C,mm,km/h,mm
12038,2026-08-29,10:30:00,21.0,21.0,20.0,21.0,57.0,64.0,0.0,0.0,579.9,0.0,3.2,E,E,C,mm,km/h,mm
12039,2026-08-29,10:45:00,22.0,22.0,21.0,21.0,57.0,63.0,0.0,0.0,579.8,0.0,4.8,ESE,E,C,mm,km/h,mm
12040,2026-08-29,11:00:00,21.0,22.0,21.0,21.0,57.0,63.0,0.0,0.0,579.8,0.0,6.4,ENE,ENE,C,mm,km/h,mm
12041,2026-08-29,11:15:00,22.0,22.0,21.0,21.0,57.0,61.0,0.0,0.0,579.7,0.0,4.8,SE,ENE,C,mm,km/h,mm
12042,2026-08-29,11:30:00,22.0,22.0,21.0,21.0,57.0,60.0,0.0,0.0,579.5,1.6,8.0,E,E,C,mm,km/h,mm
12043,2026-08-29,11:45:00,22.0,22.0,22.0,21.0,57.0,58.0,0.0,0.0,579.5,1.6,6.4,E,ENE,C,mm,km/h,mm
12044,2026-08-29,12:00:00,22.0,22.0,22.0,21.0,57.0,59.0,0.0,0.0,579.4,1.6,6.4,E,E,C,mm,km/h,mm
12045,2026-08-29,12:15:00,22.0,22.0,22.0,21.0,56.0,55.0,0.0,0.0,579.2,1.6,8.0,ESE,E,C,mm,km/h,mm
12046,2026-08-29,12:30:00,23.0,23.0,22.0,21.0,56.0,52.0,0.0,0.0,579.1,1.6,6.4,E,E,C,mm,km/h,mm
12047,2026-08-29,12:45:00,24.0,24.0,23.0,21.0,56.0,51.0,0.0,0.0,578.9,1.6,4.8,NW,NW,C,mm,km/h,mm
12048,2026-08-29,13:00:00,24.0,24.0,24.0,21.0,56.0,49.0,0.0,0.0,578.7,1.6,8.0,NW,NNW,C,mm,km/h,mm
12049,2026-08-29,13:15:00,25.0,25.0,24.0,21.0,56.0,47.0,0.0,0.0,578.6,1.6,6.4,NW,NNW,C,mm,km/h,mm
12050,2026-08-29,13:30:00,25.0,25.0,25.0,21.0,55.0,48.0,0.0,0.0,578.4,1.6,6.4,E,NNW,C,mm,km/h,mm
12051,2026-08-29,13:45:00,24.0,25.0,24.0,21.0,55.0,48.0,0.0,0.0,578.2,0.0,4.8,ENE,E,C,mm,km/h,mm
12052,2026-08-29,14:00:00,24.0,25.0,24.0,21.0,55.0,48.0,0.0,0.0,577.9,1.6,8.0,NW,NNW,C,mm,km/h,mm
12053,2026-08-29,14:15:00,24.0,25.0,24.0,21.0,55.0,48.0,0.0,0.0,577.7,0.0,6.4,NW,NNW,C,mm,km/h,mm
12054,2026-08-29,14:30:00,24.0,24.0,24.0,21.0,55.0,46.0,0.0,0.0,577.6,0.0,4.8,ENE,NNW,C,mm,km/h,mm
12055,2026-08-29,14:45:00,25.0,25.0,24.0,21.0,55.0,47.0,0.0,0.0,577.4,0.0,1.6,NNW,NNW,C,mm,km/h,mm
12056,2026-08-29,15:00:00,25.0,25.0,25.0,21.0,55.0,47.0,0.0,0.0,577.3,0.0,1.6,NW,ENE,C,mm,km/h,mm
12057,2026-08-29,15:15:00,25.0,25.0,25.0,21.0,54.0,47.0,0.0,0.0,577.2,0.0,4.8,NNW,N,C,mm,km/h,mm
12058,2026-08-29,15:30:00,25.0,25.0,25.0,21.0,54.0,47.0,0.0,0.0,577.1,0.0,4.8,NW,NW,C,mm,km/h,mm
12059,2026-08-29,15:45:00,25.0,25.0,25.0,22.0,54.0,46.0,0.0,0.0,577.0,0.0,4.8,NW,NW,C,mm,km/h,mm
12060,2026-08-29,16:00:00,24.0,25.0,24.0,22.0,54.0,45.0,0.0,0.0,576.6,0.0,3.2,WSW,N,C,mm,km/h,mm
12061,2026-08-29,16:15:00,24.0,24.0,24.0,22.0,54.0,47.0,0.0,0.0,576.5,0.0,3.2,NNE,NNE,C,mm,km/h,mm
12062,2026-08-29,16:30:00,24.0,24.0,23.0,22.0,54.0,52.0,0.0,0.0,576.4,0.0,1.6,NE,NE,C,mm,km/h,mm
12063,2026-08-29,16:45:00,23.0,24.0,23.0,22.0,54.0,50.0,0.0,0.0,576.4,0.0,1.6,ENE,ENE,C,mm,km/h,mm
12064,2026-08-29,17:00:00,23.0,23.0,23.0,22.0,54.0,53.0,0.0,0.0,576.4,0.0,3.2,NE,ENE,C,mm,km/h,mm
12065,2026-08-29,17:15:00,22.0,23.0,22.0,22.0,53.0,59.0,0.0,0.0,576.5,0.0,3.2,NNW,NNW,C,mm,km/h,mm
12066,2026-08-29,17:30:00,21.0,22.0,21.0,22.0,53.0,58.0,0.0,0.0,576.5,0.0,3.2,NNW,NNW,C,mm,km/h,mm
12067,2026-08-29,17:45:00,21.0,21.0,21.0,22.0,53.0,63.0,0.0,0.0,576.6,0.0,3.2,NNE,NNE,C,mm,km/h,mm
12068,2026-08-29,18:00:00,21.0,21.0,21.0,22.0,53.0,62.0,0.0,0.0,576.8,0.0,6.4,NNW,NNW,C,mm,km/h,mm
12069,2026-08-29,18:15:00,20.0,21.0,20.0,22.0,53.0,63.0,0.0,0.0,576.8,0.0,3.2,NNE,NNE,C,mm,km/h,mm
12070,2026-08-29,18:30:00,20.0,20.0,20.0,22.0,53.0,63.0,0.0,0.0,576.8,0.0,4.8,NNW,NNW,C,mm,km/h,mm
12071,2026-08-29,18:45:00,19.0,20.0,19.0,22.0,53.0,66.0,0.0,0.0,576.9,0.0,0.0,,,C,mm,km/h,mm
12072,2026-08-29,19:00:00,19.0,19.0,19.0,22.0,53.0,65.0,0.0,0.0,577.2,0.0,1.6,E,SSE,C,mm,km/h,mm
12073,2026-08-29,19:15:00,19.0,19.0,19.0,22.0,53.0,67.0,0.0,0.0,577.6,0.0,0.0,,,C,mm,km/h,mm
12074,2026-08-29,19:30:00,18.0,19.0,18.0,22.0,54.0,68.0,0.0,0.0,577.8,0.0,0.0,,,C,mm,km/h,mm
12075,2026-08-29,19:45:00,18.0,18.0,18.0,22.0,54.0,71.0,0.0,0.0,578.0,0.0,1.6,SSE,SSE,C,mm,km/h,mm
12076,2026-08-29,20:00:00,18.0,18.0,18.0,22.0,54.0,74.0,0.0,0.0,578.1,0.0,1.6,ENE,SSE,C,mm,km/h,mm
12077,2026-08-29,20:15:00,18.0,18.0,18.0,22.0,54.0,77.0,0.0,0.0,578.3,0.0,6.4,WSW,NE,C,mm,km/h,mm
12078,2026-08-29,20:30:00,17.0,18.0,17.0,22.0,54.0,78.0,0.0,0.0,578.5,1.6,8.0,SSW,SW,C,mm,km/h,mm
12079,2026-08-29,20:45:00,17.0,17.0,17.0,22.0,54.0,79.0,0.0,0.0,578.7,0.0,4.8,SW,SW,C,mm,km/h,mm
12080,2026-08-29,21:00:00,17.0,17.0,17.0,22.0,55.0,78.0,0.0,0.0,578.9,1.6,8.0,WSW,W,C,mm,km/h,mm
12081,2026-08-29,21:15:00,17.0,17.0,17.0,22.0,55.0,78.0,0.0,0.0,579.1,1.6,8.0,WSW,SW,C,mm,km/h,mm
12082,2026-08-29,21:30:00,17.0,17.0,17.0,22.0,55.0,78.0,0.0,0.0,579.5,3.2,14.5,W,WSW,C,mm,km/h,mm
12083,2026-08-29,21:45:00,17.0,17.0,17.0,22.0,55.0,77.0,0.0,0.0,579.6,1.6,11.3,WNW,WSW,C,mm,km/h,mm
12084,2026-08-29,22:00:00,17.0,17.0,17.0,22.0,55.0,76.0,0.0,0.0,579.7,1.6,8.0,SW,WSW,C,mm,km/h,mm
12085,2026-08-29,22:15:00,17.0,17.0,17.0,22.0,55.0,76.0,0.0,0.0,579.9,1.6,9.7,SSW,WSW,C,mm,km/h,mm
12086,2026-08-29,22:30:00,17.0,17.0,17.0,22.0,55.0,77.0,0.0,0.0,579.9,1.6,9.7,SW,SW,C,mm,km/h,mm
12087,2026-08-29,22:45:00,17.0,17.0,16.0,22.0,54.0,78.0,0.0,0.0,580.1,1.6,9.7,SW,SW,C,mm,km/h,mm
12088,2026-08-29,23:00:00,16.0,17.0,16.0,22.0,54.0,78.0,0.0,0.0,580.0,1.6,6.4,WSW,W,C,mm,km/h,mm
12089,2026-08-29,23:15:00,16.0,16.0,16.0,21.0,54.0,79.0,0.0,0.0,580.0,1.6,8.0,S,SW,C,mm,km/h,mm
12090,2026-08-29,23:30:00,16.0,16.0,16.0,21.0,54.0,79.0,0.0,0.0,580.0,0.0,8.0,SSW,WSW,C,mm,km/h,mm
12091,2026-08-29,23:45:00,16.0,16.0,16.0,21.0,54.0,80.0,0.0,0.0,580.0,0.0,4.8,S,WSW,C,mm,km/h,mm
12092,2026-08-30,00:15:00,15.0,16.0,15.0,21.0,54.0,82.0,0.0,0.0,579.8,0.0,3.2,SW,SW,C,mm,km/h,mm
12093,2026-08-30,00:30:00,15.0,15.0,15.0,21.0,54.0,83.0,0.0,0.0,579.7,0.0,3.2,WSW,W,C,mm,km/h,mm
12094,2026-08-30,00:45:00,15.0,15.0,15.0,21.0,54.0,84.0,0.0,0.0,579.7,0.0,1.6,WSW,WSW,C,mm,km/h,mm
12095,2026-08-30,01:00:00,15.0,15.0,15.0,21.0,54.0,85.0,0.0,0.0,579.7,0.0,0.0,,,C,mm,km/h,mm
12096,2026-08-30,01:15:00,15.0,15.0,15.0,21.0,55.0,85.0,0.0,0.0,579.6,0.0,0.0,,,C,mm,km/h,mm
12097,2026-08-30,01:30:00,15.0,15.0,14.0,21.0,55.0,86.0,0.0,0.0,579.4,0.0,0.0,,,C,mm,km/h,mm
12098,2026-08-30,01:45:00,15.0,15.0,15.0,21.0,55.0,85.0,0.0,0.0,579.3,0.0,3.2,WSW,WSW,C,mm,km/h,mm
12099,2026-08-30,02:00:00,15.0,15.0,15.0,21.0,55.0,86.0,0.0,0.0,579.1,0.0,0.0,,,C,mm,km/h,mm
12100,2026-08-30,02:15:00,15.0,15.0,15.0,21.0,55.0,86.0,0.0,0.0,579.1,0.0,0.0,,,C,mm,km/h,mm
12101,2026-08-30,02:30:00,14.0,15.0,14.0,21.0,55.0,87.0,0.0,0.0,578.9,0.0,0.0,,,C,mm,km/h,mm
12102,2026-08-30,02:45:00,14.0,14.0,14.0,21.0,55.0,88.0,0.0,0.0,578.6,0.0,0.0,,,C,mm,km/h,mm
12103,2026-08-30,03:00:00,15.0,15.0,14.0,21.0,55.0,86.0,0.0,0.0,578.5,0.0,0.0,,,C,mm,km/h,mm
12104,2026-08-30,03:15:00,14.0,15.0,14.0,21.0,55.0,87.0,0.0,0.0,578.5,0.0,0.0,,,C,mm,km/h,mm
12105,2026-08-30,03:30:00,14.0,14.0,14.0,21.0,55.0,88.0,0.0,0.0,578.4,0.0,0.0,,,C,mm,km/h,mm
12106,2026-08-30,03:45:00,14.0,14.0,14.0,21.0,55.0,88.0,0.0,0.0,578.5,0.0,0.0,,,C,mm,km/h,mm
12107,2026-08-30,04:00:00,13.0,14.0,13.0,21.0,55.0,89.0,0.0,0.0,578.4,0.0,0.0,,,C,mm,km/h,mm
12108,2026-08-30,04:15:00,13.0,13.0,13.0,21.0,55.0,89.0,0.0,0.0,578.4,0.0,0.0,,,C,mm,km/h,mm
12109,2026-08-30,04:30:00,13.0,13.0,13.0,21.0,55.0,90.0,0.0,0.0,578.3,0.0,0.0,,,C,mm,km/h,mm
12110,2026-08-30,04:45:00,13.0,13.0,13.0,21.0,55.0,91.0,0.0,0.0,578.4,0.0,0.0,,,C,mm,km/h,mm
12111,2026-08-30,05:00:00,13.0,13.0,13.0,21.0,55.0,90.0,0.0,0.0,578.5,0.0,0.0,,,C,mm,km/h,mm
12112,2026-08-30,05:15:00,13.0,13.0,13.0,21.0,55.0,91.0,0.0,0.0,578.5,0.0,0.0,,,C,mm,km/h,mm
12113,2026-08-30,05:30:00,12.0,13.0,12.0,21.0,55.0,92.0,0.0,0.0,578.8,0.0,0.0,,,C,mm,km/h,mm
12114,2026-08-30,05:45:00,12.0,13.0,12.0,21.0,55.0,92.0,0.0,0.0,578.9,0.0,0.0,,,C,mm,km/h,mm
12115,2026-08-30,06:00:00,13.0,13.0,12.0,21.0,55.0,93.0,0.0,0.0,579.0,0.0,0.0,,,C,mm,km/h,mm
12116,2026-08-30,06:15:00,13.0,13.0,13.0,21.0,56.0,93.0,0.0,0.0,579.0,0.0,0.0,,,C,mm,km/h,mm
12117,2026-08-30,06:30:00,13.0,13.0,13.0,21.0,56.0,92.0,0.0,0.0,579.0,0.0,0.0,,,C,mm,km/h,mm
12118,2026-08-30,06:45:00,13.0,13.0,13.0,21.0,56.0,92.0,0.0,0.0,579.1,0.0,0.0,,,C,mm,km/h,mm
12119,2026-08-30,07:00:00,13.0,13.0,13.0,21.0,56.0,92.0,0.0,0.0,579.1,0.0,0.0,,,C,mm,km/h,mm
12120,2026-08-30,07:15:00,13.0,13.0,13.0,21.0,56.0,92.0,0.0,0.0,579.4,0.0,0.0,,,C,mm,km/h,mm
12121,2026-08-30,07:30:00,13.0,13.0,13.0,21.0,56.0,92.0,0.0,0.0,579.3,0.0,0.0,,,C,mm,km/h,mm
12122,2026-08-30,07:45:00,14.0,14.0,13.0,21.0,56.0,91.0,0.0,0.0,579.4,0.0,0.0,,,C,mm,km/h,mm
12123,2026-08-30,08:00:00,15.0,15.0,14.0,21.0,56.0,90.0,0.0,0.0,579.4,0.0,0.0,,,C,mm,km/h,mm
12124,2026-08-30,08:15:00,17.0,17.0,15.0,21.0,56.0,82.0,0.0,0.0,579.4,0.0,3.2,W,W,C,mm,km/h,mm
12125,2026-08-30,08:30:00,17.0,17.0,17.0,21.0,56.0,78.0,0.0,0.0,579.6,0.0,1.6,NNE,NNE,C,mm,km/h,mm
12126,2026-08-30,08:45:00,17.0,17.0,17.0,21.0,56.0,76.0,0.0,0.0,579.7,0.0,0.0,,,C,mm,km/h,mm
12127,2026-08-30,09:00:00,19.0,19.0,17.0,21.0,56.0,73.0,0.0,0.0,579.8,0.0,0.0,,,C,mm,km/h,mm
12128,2026-08-30,09:15:00,20.0,20.0,19.0,21.0,56.0,64.0,0.0,0.0,579.8,0.0,1.6,NE,ENE,C,mm,km/h,mm
12129,2026-08-30,09:30:00,20.0,20.0,19.0,21.0,56.0,66.0,0.0,0.0,579.6,0.0,1.6,ENE,ENE,C,mm,km/h,mm
12130,2026-08-30,09:45:00,20.0,20.0,19.0,21.0,56.0,63.0,0.0,0.0,579.6,0.0,1.6,NNE,ENE,C,mm,km/h,mm
12131,2026-08-30,10:00:00,21.0,21.0,20.0,21.0,55.0,56.0,0.0,0.0,579.5,0.0,4.8,NNW,W,C,mm,km/h,mm
12132,2026-08-30,10:15:00,23.0,23.0,21.0,21.0,55.0,53.0,0.0,0.0,579.4,0.0,3.2,W,WSW,C,mm,km/h,mm
12133,2026-08-30,10:30:00,22.0,22.0,22.0,21.0,55.0,56.0,0.0,0.0,579.3,0.0,4.8,ENE,ENE,C,mm,km/h,mm
12134,2026-08-30,10:45:00,23.0,23.0,22.0,21.0,55.0,50.0,0.0,0.0,579.2,0.0,4.8,WNW,WNW,C,mm,km/h,mm
12135,2026-08-30,11:00:00,22.0,23.0,22.0,21.0,55.0,49.0,0.0,0.0,579.0,1.6,8.0,WSW,E,C,mm,km/h,mm
12136,2026-08-30,11:15:00,23.0,23.0,22.0,21.0,55.0,53.0,0.0,0.0,578.8,0.0,4.8,NNW,ENE,C,mm,km/h,mm
12137,2026-08-30,11:30:00,24.0,24.0,23.0,21.0,54.0,45.0,0.0,0.0,578.7,1.6,8.0,NW,NNW,C,mm,km/h,mm
12138,2026-08-30,11:45:00,24.0,24.0,24.0,21.0,54.0,43.0,0.0,0.0,578.5,1.6,8.0,NW,NNW,C,mm,km/h,mm
12139,2026-08-30,12:00:00,24.0,24.0,24.0,21.0,54.0,42.0,0.0,0.0,578.4,1.6,4.8,SE,ENE,C,mm,km/h,mm
12140,2026-08-30,12:15:00,25.0,25.0,24.0,21.0,53.0,41.0,0.0,0.0,578.3,1.6,6.4,ENE,NW,C,mm,km/h,mm
12141,2026-08-30,12:30:00,25.0,25.0,25.0,21.0,53.0,40.0,0.0,0.0,578.1,0.0,8.0,ESE,ENE,C,mm,km/h,mm
12142,2026-08-30,12:45:00,25.0,25.0,25.0,21.0,53.0,39.0,0.0,0.0,578.0,0.0,4.8,ENE,NNW,C,mm,km/h,mm
12143,2026-08-30,13:00:00,26.0,26.0,25.0,21.0,53.0,37.0,0.0,0.0,577.8,1.6,6.4,NNE,NNE,C,mm,km/h,mm
12144,2026-08-30,13:15:00,26.0,26.0,26.0,21.0,53.0,38.0,0.0,0.0,577.7,1.6,9.7,NW,E,C,mm,km/h,mm
12145,2026-08-30,13:30:00,26.0,26.0,25.0,21.0,52.0,37.0,0.0,0.0,577.5,1.6,6.4,SE,E,C,mm,km/h,mm
12146,2026-08-30,13:45:00,26.0,26.0,26.0,21.0,52.0,32.0,0.0,0.0,577.3,1.6,8.0,WNW,E,C,mm,km/h,mm
12147,2026-08-30,14:00:00,27.0,27.0,26.0,21.0,52.0,33.0,0.0,0.0,577.1,1.6,8.0,ESE,ENE,C,mm,km/h,mm
12148,2026-08-30,14:15:00,27.0,27.0,26.0,21.0,51.0,33.0,0.0,0.0,577.0,1.6,6.4,NNW,ESE,C,mm,km/h,mm
12149,2026-08-30,14:30:00,28.0,28.0,27.0,21.0,51.0,31.0,0.0,0.0,576.7,1.6,9.7,NW,NW,C,mm,km/h,mm
12150,2026-08-30,14:45:00,27.0,28.0,27.0,21.0,50.0,32.0,0.0,0.0,576.4,1.6,8.0,W,E,C,mm,km/h,mm
12151,2026-08-30,15:00:00,28.0,28.0,27.0,21.0,50.0,33.0,0.0,0.0,576.1,1.6,9.7,SE,E,C,mm,km/h,mm
12152,2026-08-30,15:15:00,27.0,28.0,27.0,21.0,50.0,32.0,0.0,0.0,575.9,1.6,14.5,ESE,ESE,C,mm,km/h,mm
12153,2026-08-30,15:30:00,27.0,28.0,27.0,21.0,49.0,34.0,0.0,0.0,575.9,1.6,6.4,NW,ENE,C,mm,km/h,mm
12154,2026-08-30,15:45:00,25.0,27.0,25.0,21.0,49.0,40.0,0.0,0.0,575.8,1.6,8.0,ENE,E,C,mm,km/h,mm
12155,2026-08-30,16:00:00,24.0,25.0,24.0,21.0,49.0,44.0,0.0,0.0,575.8,3.2,11.3,E,E,C,mm,km/h,mm
12156,2026-08-30,16:15:00,24.0,24.0,24.0,22.0,49.0,46.0,0.0,0.0,575.8,4.8,12.9,E,E,C,mm,km/h,mm
12157,2026-08-30,16:30:00,24.0,24.0,24.0,22.0,49.0,45.0,0.0,0.0,575.8,4.8,16.1,E,E,C,mm,km/h,mm
12158,2026-08-30,16:45:00,24.0,24.0,24.0,22.0,48.0,46.0,0.0,0.0,575.7,3.2,8.0,E,E,C,mm,km/h,mm
12159,2026-08-30,17:00:00,24.0,24.0,24.0,22.0,48.0,45.0,0.0,0.0,575.5,1.6,9.7,SE,E,C,mm,km/h,mm
12160,2026-08-30,17:15:00,23.0,24.0,23.0,22.0,48.0,45.0,0.0,0.0,575.5,1.6,6.4,E,E,C,mm,km/h,mm
12161,2026-08-30,17:30:00,23.0,23.0,23.0,22.0,48.0,45.0,0.0,0.0,575.6,1.6,8.0,E,E,C,mm,km/h,mm
12162,2026-08-30,17:45:00,23.0,23.0,23.0,22.0,48.0,44.0,0.0,0.0,575.6,1.6,4.8,E,E,C,mm,km/h,mm
12163,2026-08-30,18:00:00,23.0,23.0,23.0,22.0,48.0,42.0,0.0,0.0,575.7,0.0,6.4,E,E,C,mm,km/h,mm
12164,2026-08-30,18:15:00,23.0,23.0,23.0,22.0,48.0,43.0,0.0,0.0,575.9,0.0,0.0,,,C,mm,km/h,mm
12165,2026-08-30,18:30:00,22.0,23.0,22.0,22.0,48.0,45.0,0.0,0.0,576.1,0.0,3.2,WNW,WNW,C,mm,km/h,mm
12166,2026-08-30,18:45:00,22.0,22.0,22.0,22.0,48.0,51.0,0.0,0.0,576.2,1.6,12.9,SSW,W,C,mm,km/h,mm
12167,2026-08-30,19:00:00,21.0,22.0,21.0,22.0,48.0,54.0,0.0,0.0,576.4,0.0,6.4,WNW,W,C,mm,km/h,mm
12168,2026-08-30,19:15:00,21.0,21.0,21.0,22.0,49.0,56.0,0.0,0.0,576.7,1.6,16.1,WSW,W,C,mm,km/h,mm
12169,2026-08-30,19:30:00,20.0,21.0,20.0,22.0,49.0,57.0,0.0,0.0,576.7,0.0,4.8,WSW,WSW,C,mm,km/h,mm
12170,2026-08-30,19:45:00,20.0,20.0,20.0,22.0,49.0,58.0,0.0,0.0,577.1,0.0,12.9,S,WSW,C,mm,km/h,mm
12171,2026-08-30,20:00:00,19.0,20.0,19.0,22.0,49.0,62.0,0.0,0.0,577.4,3.2,12.9,SSE,SW,C,mm,km/h,mm
12172,2026-08-30,20:15:00,18.0,19.0,18.0,22.0,49.0,65.0,0.0,0.0,577.7,1.6,9.7,SW,SW,C,mm,km/h,mm
12173,2026-08-30,20:30:00,18.0,18.0,18.0,22.0,49.0,67.0,0.0,0.0,578.0,4.8,14.5,SW,WSW,C,mm,km/h,mm
12174,2026-08-30,20:45:00,18.0,18.0,18.0,22.0,49.0,68.0,0.0,0.0,578.3,3.2,12.9,SSW,SW,C,mm,km/h,mm
12175,2026-08-30,21:00:00,18.0,18.0,18.0,22.0,50.0,68.0,0.0,0.0,578.5,3.2,11.3,W,WSW,C,mm,km/h,mm
12176,2026-08-30,21:15:00,18.0,18.0,18.0,22.0,50.0,67.0,0.0,0.0,578.7,1.6,6.4,WSW,WSW,C,mm,km/h,mm
12177,2026-08-30,21:30:00,18.0,18.0,18.0,22.0,50.0,69.0,0.0,0.0,578.9,1.6,6.4,W,WSW,C,mm,km/h,mm
12178,2026-08-30,21:45:00,18.0,18.0,18.0,22.0,50.0,70.0,0.0,0.0,578.9,0.0,4.8,SW,SW,C,mm,km/h,mm
12179,2026-08-30,22:00:00,18.0,18.0,18.0,22.0,50.0,71.0,0.0,0.0,578.7,0.0,4.8,SW,WSW,C,mm,km/h,mm
12180,2026-08-30,22:15:00,17.0,18.0,17.0,22.0,50.0,72.0,0.0,0.0,578.7,1.6,6.4,SW,SW,C,mm,km/h,mm
12181,2026-08-30,22:30:00,17.0,17.0,17.0,22.0,50.0,73.0,0.0,0.0,578.9,0.0,4.8,SW,W,C,mm,km/h,mm
12182,2026-08-30,22:45:00,17.0,17.0,17.0,22.0,51.0,74.0,0.0,0.0,578.9,0.0,1.6,W,W,C,mm,km/h,mm
12183,2026-08-30,23:00:00,17.0,17.0,17.0,22.0,51.0,74.0,0.0,0.0,579.0,0.0,0.0,,,C,mm,km/h,mm
12184,2026-08-30,23:15:00,17.0,17.0,17.0,22.0,51.0,74.0,0.0,0.0,578.9,0.0,1.6,W,W,C,mm,km/h,mm
12185,2026-08-30,23:30:00,17.0,17.0,17.0,22.0,51.0,75.0,0.0,0.0,579.0,0.0,1.6,WSW,WSW,C,mm,km/h,mm
12186,2026-08-30,23:45:00,17.0,17.0,17.0,22.0,51.0,76.0,0.0,0.0,579.1,0.0,3.2,S,SW,C,mm,km/h,mm
