id,fecha,hora,velocidad_kmh,rafaga_kmh,direccion,direccion_rafaga
6772,2026-07-01,00:15:00,0.0,0.0,,
6773,2026-07-01,00:30:00,0.0,0.0,,
6774,2026-07-01,00:45:00,0.0,0.0,,
6775,2026-07-01,01:00:00,0.0,0.0,,
6776,2026-07-01,01:15:00,0.0,0.0,,
6777,2026-07-01,01:30:00,0.0,0.0,,
6778,2026-07-01,01:45:00,0.0,0.0,,
6779,2026-07-01,02:00:00,0.0,0.0,,
6780,2026-07-01,02:15:00,0.0,0.0,,
6781,2026-07-01,02:30:00,0.0,0.0,,
6782,2026-07-01,02:45:00,0.0,0.0,,
6783,2026-07-01,03:00:00,0.0,0.0,,
6784,2026-07-01,03:15:00,0.0,0.0,,
6785,2026-07-01,03:30:00,0.0,0.0,,
6786,2026-07-01,03:45:00,0.0,0.0,,
6787,2026-07-01,04:00:00,0.0,0.0,,
6788,2026-07-01,04:15:00,0.0,0.0,,
6789,2026-07-01,04:30:00,0.0,0.0,,
6790,2026-07-01,04:45:00,0.0,0.0,,
6791,2026-07-01,05:00:00,0.0,0.0,,
6792,2026-07-01,05:15:00,0.0,1.6,N,N
6793,2026-07-01,05:30:00,0.0,0.0,,
6794,2026-07-01,05:45:00,0.0,1.6,N,N
6795,2026-07-01,06:00:00,0.0,1.6,NNW,NNW
6796,2026-07-01,06:15:00,0.0,1.6,NE,NNE
6797,2026-07-01,06:30:00,0.0,3.2,ESE,ESE
6798,2026-07-01,06:45:00,0.0,0.0,,
6799,2026-07-01,07:00:00,0.0,1.6,SE,SE
6800,2026-07-01,07:15:00,0.0,1.6,E,E
6801,2026-07-01,07:30:00,0.0,3.2,SSE,SSE
6802,2026-07-01,07:45:00,0.0,6.4,SSE,SSE
6803,2026-07-01,08:00:00,0.0,4.8,NE,NE
6804,2026-07-01,08:15:00,0.0,6.4,NW,NE
6805,2026-07-01,08:30:00,1.6,6.4,NNE,NNE
6806,2026-07-01,08:45:00,0.0,6.4,NNE,NW
6807,2026-07-01,09:00:00,0.0,6.4,WNW,NNW
6808,2026-07-01,09:15:00,0.0,4.8,NNW,NE
6809,2026-07-01,09:30:00,0.0,6.4,NNE,NNE
6810,2026-07-01,09:45:00,1.6,8.0,NNW,NE
6811,2026-07-01,10:00:00,1.6,8.0,NNW,NW
6812,2026-07-01,10:15:00,1.6,6.4,S,SE
6813,2026-07-01,10:30:00,0.0,8.0,NNE,NNE
6814,2026-07-01,10:45:00,0.0,4.8,SW,NW
6815,2026-07-01,11:00:00,3.2,16.1,NW,SSE
6816,2026-07-01,11:15:00,4.8,14.5,SSE,SSE
6817,2026-07-01,11:30:00,1.6,8.0,ESE,SE
6818,2026-07-01,11:45:00,4.8,19.3,W,NW
6819,2026-07-01,12:00:00,3.2,11.3,NW,NNW
6820,2026-07-01,12:15:00,3.2,14.5,ENE,NNE
6821,2026-07-01,12:30:00,3.2,16.1,NNE,NE
6822,2026-07-01,12:45:00,1.6,8.0,NNE,NE
6823,2026-07-01,13:00:00,0.0,3.2,ENE,SE
6824,2026-07-01,13:15:00,0.0,1.6,ESE,ESE
6825,2026-07-01,13:30:00,0.0,3.2,SSE,SSE
6826,2026-07-01,13:45:00,0.0,0.0,,
6827,2026-07-01,14:00:00,0.0,1.6,SSE,SSE
6828,2026-07-01,14:15:00,0.0,0.0,,
6829,2026-07-01,14:30:00,0.0,0.0,,
6830,2026-07-01,14:45:00,0.0,4.8,SSE,SSE
6831,2026-07-01,15:00:00,0.0,0.0,,
6832,2026-07-01,15:15:00,0.0,0.0,,
6833,2026-07-01,15:30:00,0.0,0.0,,
6834,2026-07-01,15:45:00,0.0,0.0,,
6835,2026-07-01,16:00:00,0.0,0.0,,
6836,2026-07-01,16:15:00,0.0,0.0,,
6837,2026-07-01,16:30:00,0.0,0.0,,
6838,2026-07-01,16:45:00,0.0,0.0,,
6839,2026-07-01,17:00:00,0.0,0.0,,
6840,2026-07-01,17:15:00,0.0,0.0,,
6841,2026-07-01,17:30:00,0.0,1.6,WSW,W
6842,2026-07-01,17:45:00,0.0,3.2,WNW,WNW
6843,2026-07-01,18:00:00,0.0,0.0,,
6844,2026-07-01,18:15:00,0.0,4.8,WSW,NW
6845,2026-07-01,18:30:00,1.6,8.0,WSW,NW
6846,2026-07-01,18:45:00,0.0,6.4,NW,W
6847,2026-07-01,19:00:00,0.0,4.8,ESE,WNW
6848,2026-07-01,19:15:00,0.0,4.8,NW,W
6849,2026-07-01,19:30:00,0.0,1.6,WNW,WNW
6850,2026-07-01,19:45:00,0.0,1.6,SSE,SSE
6851,2026-07-01,20:00:00,0.0,0.0,,
6852,2026-07-01,20:15:00,0.0,1.6,NNW,NNW
6853,2026-07-01,20:30:00,0.0,0.0,,
6854,2026-07-01,20:45:00,0.0,0.0,,
6855,2026-07-01,21:00:00,0.0,3.2,NNW,NNW
6856,2026-07-01,21:15:00,0.0,3.2,NW,NW
6857,2026-07-01,21:30:00,0.0,0.0,,
6858,2026-07-01,21:45:00,0.0,0.0,,
6859,2026-07-01,22:00:00,0.0,0.0,,
6860,2026-07-01,22:15:00,0.0,0.0,,
6861,2026-07-01,22:30:00,0.0,0.0,,
6862,2026-07-01,22:45:00,0.0,0.0,,
6863,2026-07-01,23:00:00,0.0,0.0,,
6864,2026-07-01,23:15:00,0.0,0.0,,
6865,2026-07-01,23:30:00,0.0,0.0,,
6866,2026-07-01,23:45:00,0.0,0.0,,
6867,2026-07-02,00:15:00,0.0,0.0,,
6868,2026-07-02,00:30:00,0.0,0.0,,
6869,2026-07-02,00:45:00,0.0,0.0,,
6870,2026-07-02,01:00:00,0.0,0.0,,
6871,2026-07-02,01:15:00,0.0,0.0,,
6872,2026-07-02,01:30:00,0.0,0.0,,
6873,2026-07-02,01:45:00,0.0,3.2,NW,NW
6874,2026-07-02,02:00:00,0.0,3.2,NNW,NNW
6875,2026-07-02,02:15:00,0.0,3.2,NNW,NNW
6876,2026-07-02,02:30:00,0.0,0.0,,
6877,2026-07-02,02:45:00,0.0,1.6,SSW,SSW
6878,2026-07-02,03:00:00,0.0,1.6,SE,SE
6879,2026-07-02,03:15:00,0.0,4.8,SW,WNW
6880,2026-07-02,03:30:00,0.0,0.0,,
6881,2026-07-02,03:45:00,0.0,1.6,ESE,ESE
6882,2026-07-02,04:00:00,0.0,1.6,NE,NE
6883,2026-07-02,04:15:00,0.0,3.2,NNE,NNE
6884,2026-07-02,04:30:00,0.0,0.0,,
6885,2026-07-02,04:45:00,0.0,0.0,,
6886,2026-07-02,05:00:00,0.0,1.6,NE,NE
6887,2026-07-02,05:15:00,0.0,1.6,ESE,SSE
6888,2026-07-02,05:30:00,0.0,1.6,SSE,SSE
6889,2026-07-02,05:45:00,0.0,3.2,ENE,ENE
6890,2026-07-02,06:00:00,0.0,3.2,SE,SSE
6891,2026-07-02,06:15:00,0.0,1.6,ENE,NE
6892,2026-07-02,06:30:00,1.6,6.4,NW,NW
6893,2026-07-02,06:45:00,0.0,3.2,SE,SE
6894,2026-07-02,07:00:00,0.0,3.2,SE,WNW
6895,2026-07-02,07:15:00,0.0,3.2,ESE,ESE
6896,2026-07-02,07:30:00,0.0,4.8,SSE,SE
6897,2026-07-02,07:45:00,0.0,6.4,SE,SE
6898,2026-07-02,08:00:00,1.6,8.0,NNW,NW
6899,2026-07-02,08:15:00,0.0,4.8,SW,S
6900,2026-07-02,08:30:00,1.6,6.4,SW,S
6901,2026-07-02,08:45:00,1.6,4.8,SE,SSE
6902,2026-07-02,09:00:00,1.6,6.4,N,SSE
6903,2026-07-02,09:15:00,0.0,3.2,SE,SSE
6904,2026-07-02,09:30:00,0.0,4.8,SSE,SE
6905,2026-07-02,09:45:00,1.6,8.0,SSE,SSE
6906,2026-07-02,10:00:00,3.2,14.5,SSE,SSE
6907,2026-07-02,10:15:00,3.2,8.0,SE,SSE
6908,2026-07-02,10:30:00,1.6,6.4,SSE,SSE
6909,2026-07-02,10:45:00,1.6,12.9,SSE,SSE
6910,2026-07-02,11:00:00,1.6,8.0,WNW,NW
6911,2026-07-02,11:15:00,3.2,8.0,NW,NW
6912,2026-07-02,11:30:00,0.0,6.4,WSW,WNW
6913,2026-07-02,11:45:00,0.0,3.2,SE,SE
6914,2026-07-02,12:00:00,0.0,6.4,NW,NW
6915,2026-07-02,12:15:00,0.0,1.6,NNW,NE
6916,2026-07-02,12:30:00,0.0,1.6,NE,NE
6917,2026-07-02,12:45:00,0.0,0.0,,
6918,2026-07-02,13:00:00,0.0,0.0,,
6919,2026-07-02,13:15:00,0.0,0.0,,
6920,2026-07-02,13:30:00,0.0,4.8,NW,NNW
6921,2026-07-02,13:45:00,0.0,0.0,,
6922,2026-07-02,14:00:00,0.0,0.0,,
6923,2026-07-02,14:15:00,0.0,0.0,,
6924,2026-07-02,14:30:00,0.0,0.0,,
6925,2026-07-02,14:45:00,0.0,0.0,,
6926,2026-07-02,15:00:00,0.0,0.0,,
6927,2026-07-02,15:15:00,0.0,1.6,NNE,SW
6928,2026-07-02,15:30:00,0.0,0.0,,
6929,2026-07-02,15:45:00,0.0,0.0,,
6930,2026-07-02,16:00:00,0.0,1.6,NE,E
6931,2026-07-02,16:15:00,0.0,0.0,,
6932,2026-07-02,16:30:00,0.0,3.2,NE,NE
6933,2026-07-02,16:45:00,0.0,1.6,NE,NE
6934,2026-07-02,17:00:00,0.0,4.8,NNE,NNE
6935,2026-07-02,17:15:00,0.0,6.4,ESE,NE
6936,2026-07-02,17:30:00,0.0,9.7,E,NNE
6937,2026-07-02,17:45:00,0.0,4.8,N,NNE
6938,2026-07-02,18:00:00,0.0,1.6,NNE,NNE
6939,2026-07-02,18:15:00,0.0,1.6,ENE,ENE
6940,2026-07-02,18:30:00,0.0,0.0,,
6941,2026-07-02,18:45:00,0.0,0.0,,
6942,2026-07-02,19:00:00,0.0,0.0,,
6943,2026-07-02,19:15:00,0.0,1.6,E,E
6944,2026-07-02,19:30:00,0.0,3.2,W,SE
6945,2026-07-02,19:45:00,0.0,4.8,NW,NW
6946,2026-07-02,20:00:00,0.0,4.8,NW,WNW
6947,2026-07-02,20:15:00,0.0,4.8,NW,W
6948,2026-07-02,20:30:00,0.0,8.0,NE,WNW
6949,2026-07-02,20:45:00,0.0,6.4,WNW,ESE
6950,2026-07-02,21:00:00,0.0,4.8,NW,WNW
6951,2026-07-02,21:15:00,0.0,6.4,W,NW
6952,2026-07-02,21:30:00,0.0,4.8,WSW,WNW
6953,2026-07-02,21:45:00,0.0,3.2,ESE,E
6954,2026-07-02,22:00:00,0.0,4.8,WNW,NW
6955,2026-07-02,22:15:00,0.0,6.4,NNW,NW
6956,2026-07-02,22:30:00,0.0,3.2,W,WSW
6957,2026-07-02,22:45:00,0.0,1.6,NW,NW
6958,2026-07-02,23:00:00,0.0,0.0,,
6959,2026-07-02,23:15:00,0.0,0.0,,
6960,2026-07-02,23:30:00,0.0,0.0,,
6961,2026-07-02,23:45:00,0.0,0.0,,
6962,2026-07-04,00:15:00,0.0,3.2,ENE,ENE
6963,2026-07-04,00:30:00,0.0,4.8,SW,SW
6964,2026-07-04,00:45:00,0.0,4.8,SW,SW
6965,2026-07-04,01:00:00,0.0,4.8,WSW,WSW
6966,2026-07-04,01:15:00,0.0,3.2,SSW,W
6967,2026-07-04,01:30:00,0.0,3.2,W,W
6968,2026-07-04,01:45:00,0.0,3.2,WSW,WSW
6969,2026-07-04,02:00:00,0.0,0.0,,
6970,2026-07-04,02:15:00,0.0,3.2,WSW,WSW
6971,2026-07-04,02:30:00,0.0,1.6,ESE,ESE
6972,2026-07-04,02:45:00,0.0,1.6,W,W
6973,2026-07-04,03:00:00,0.0,1.6,ENE,SSW
6974,2026-07-04,03:15:00,0.0,0.0,,
6975,2026-07-04,03:30:00,0.0,0.0,,
6976,2026-07-04,03:45:00,0.0,0.0,,
6977,2026-07-04,04:00:00,0.0,0.0,,
6978,2026-07-04,04:15:00,0.0,1.6,SSW,SSW
6979,2026-07-04,04:30:00,0.0,0.0,,
6980,2026-07-04,04:45:00,0.0,0.0,,
6981,2026-07-04,05:00:00,0.0,0.0,,
6982,2026-07-04,05:15:00,0.0,0.0,,
6983,2026-07-04,05:30:00,0.0,1.6,NE,NNE
6984,2026-07-04,05:45:00,0.0,1.6,ENE,ENE
6985,2026-07-04,06:00:00,0.0,0.0,,
6986,2026-07-04,06:15:00,0.0,0.0,,
6987,2026-07-04,06:30:00,0.0,0.0,,
6988,2026-07-04,06:45:00,0.0,3.2,SSW,SW
6989,2026-07-04,07:00:00,0.0,3.2,SSW,SSW
6990,2026-07-04,07:15:00,0.0,0.0,,
6991,2026-07-04,07:30:00,0.0,0.0,,
6992,2026-07-04,07:45:00,0.0,3.2,WSW,WSW
6993,2026-07-04,08:00:00,0.0,3.2,SSW,SSW
6994,2026-07-04,08:15:00,0.0,6.4,SW,SSW
6995,2026-07-04,08:30:00,0.0,1.6,N,SE
6996,2026-07-04,08:45:00,0.0,0.0,,
6997,2026-07-04,09:00:00,0.0,1.6,E,SW
6998,2026-07-04,09:15:00,0.0,0.0,,
6999,2026-07-04,09:30:00,0.0,0.0,,
7000,2026-07-04,09:45:00,0.0,0.0,,
7001,2026-07-04,10:00:00,0.0,0.0,,
7002,2026-07-04,10:15:00,0.0,3.2,NNW,NNW
7003,2026-07-04,10:30:00,0.0,6.4,E,ENE
7004,2026-07-04,10:45:00,0.0,3.2,NE,ENE
7005,2026-07-04,11:00:00,0.0,3.2,SW,ENE
7006,2026-07-04,11:15:00,0.0,4.8,NNW,NNW
7007,2026-07-04,11:30:00,1.6,6.4,NW,E
7008,2026-07-04,11:45:00,1.6,6.4,WNW,NNW
7009,2026-07-04,12:00:00,0.0,6.4,W,NW
7010,2026-07-04,12:15:00,1.6,6.4,NW,NW
7011,2026-07-04,12:30:00,0.0,8.0,WNW,NW
7012,2026-07-04,12:45:00,1.6,9.7,WSW,WSW
7013,2026-07-04,13:00:00,1.6,8.0,S,NNW
7014,2026-07-04,13:15:00,1.6,6.4,WSW,WNW
7015,2026-07-04,13:30:00,1.6,9.7,E,E
7016,2026-07-04,13:45:00,1.6,6.4,ENE,E
7017,2026-07-04,14:00:00,0.0,4.8,SSE,E
7018,2026-07-04,14:15:00,1.6,6.4,W,NNW
7019,2026-07-04,14:30:00,0.0,6.4,E,E
7020,2026-07-04,14:45:00,1.6,4.8,NW,W
7021,2026-07-04,15:00:00,1.6,8.0,NW,NW
7022,2026-07-04,15:15:00,3.2,12.9,S,W
7023,2026-07-04,15:30:00,4.8,14.5,W,WSW
7024,2026-07-04,15:45:00,3.2,11.3,S,NNW
7025,2026-07-04,16:00:00,4.8,11.3,SW,WSW
7026,2026-07-04,16:15:00,4.8,12.9,W,W
7027,2026-07-04,16:30:00,4.8,12.9,W,W
7028,2026-07-04,16:45:00,3.2,12.9,E,E
7029,2026-07-04,17:00:00,6.4,22.5,ESE,E
7030,2026-07-04,17:15:00,3.2,12.9,ESE,E
7031,2026-07-04,17:30:00,1.6,8.0,ESE,E
7032,2026-07-04,17:45:00,1.6,11.3,W,W
7033,2026-07-04,18:00:00,4.8,20.9,WSW,WSW
7034,2026-07-04,18:15:00,3.2,16.1,WNW,W
7035,2026-07-04,18:30:00,1.6,11.3,WSW,WSW
7036,2026-07-04,18:45:00,0.0,1.6,E,E
7037,2026-07-04,19:00:00,0.0,1.6,E,E
7038,2026-07-04,19:15:00,0.0,0.0,,
7039,2026-07-04,19:30:00,0.0,0.0,,
7040,2026-07-04,19:45:00,0.0,0.0,,
7041,2026-07-04,20:00:00,0.0,1.6,NNE,NNE
7042,2026-07-04,20:15:00,0.0,1.6,NW,WNW
7043,2026-07-04,20:30:00,0.0,1.6,NW,NW
7044,2026-07-04,20:45:00,0.0,0.0,,
7045,2026-07-04,21:00:00,0.0,0.0,,
7046,2026-07-04,21:15:00,0.0,0.0,,
7047,2026-07-04,21:30:00,0.0,0.0,,
7048,2026-07-04,21:45:00,0.0,0.0,,
7049,2026-07-04,22:00:00,0.0,0.0,,
7050,2026-07-04,22:15:00,0.0,0.0,,
7051,2026-07-04,22:30:00,0.0,0.0,,
7052,2026-07-04,22:45:00,0.0,0.0,,
7053,2026-07-04,23:00:00,0.0,0.0,,
7054,2026-07-04,23:15:00,0.0,0.0,,
7055,2026-07-04,23:30:00,0.0,0.0,,
7056,2026-07-04,23:45:00,0.0,1.6,NW,NW
7057,2026-07-05,00:15:00,0.0,1.6,W,W
7058,2026-07-05,00:30:00,0.0,0.0,,
7059,2026-07-05,00:45:00,0.0,0.0,,
7060,2026-07-05,01:00:00,0.0,0.0,,
7061,2026-07-05,01:15:00,0.0,0.0,,
7062,2026-07-05,01:30:00,0.0,0.0,,
7063,2026-07-05,01:45:00,0.0,0.0,,
7064,2026-07-05,02:00:00,0.0,0.0,,
7065,2026-07-05,02:15:00,0.0,0.0,,
7066,2026-07-05,02:30:00,0.0,0.0,,
7067,2026-07-05,02:45:00,0.0,0.0,,
7068,2026-07-05,03:00:00,0.0,0.0,,
7069,2026-07-05,03:15:00,0.0,0.0,,
7070,2026-07-05,03:30:00,0.0,0.0,,
7071,2026-07-05,03:45:00,0.0,0.0,,
7072,2026-07-05,04:00:00,0.0,0.0,,
7073,2026-07-05,04:15:00,0.0,0.0,,
7074,2026-07-05,04:30:00,0.0,0.0,,
7075,2026-07-05,04:45:00,0.0,0.0,,
7076,2026-07-05,05:00:00,0.0,0.0,,
7077,2026-07-05,05:15:00,0.0,0.0,,
7078,2026-07-05,05:30:00,0.0,0.0,,
7079,2026-07-05,05:45:00,0.0,0.0,,
7080,2026-07-05,06:00:00,0.0,0.0,,
7081,2026-07-05,06:15:00,0.0,0.0,,
7082,2026-07-05,06:30:00,0.0,0.0,,
7083,2026-07-05,06:45:00,0.0,0.0,,
7084,2026-07-05,07:00:00,0.0,0.0,,
7085,2026-07-05,07:15:00,0.0,0.0,,
7086,2026-07-05,07:30:00,0.0,0.0,,
7087,2026-07-05,07:45:00,0.0,0.0,,
7088,2026-07-05,08:00:00,0.0,0.0,,
7089,2026-07-05,08:15:00,0.0,0.0,,
7090,2026-07-05,08:30:00,0.0,0.0,,
7091,2026-07-05,08:45:00,0.0,0.0,,
7092,2026-07-05,09:00:00,0.0,3.2,NE,NE
7093,2026-07-05,09:15:00,0.0,3.2,NNE,NE
7094,2026-07-05,09:30:00,0.0,0.0,,
7095,2026-07-05,09:45:00,0.0,0.0,,
7096,2026-07-05,10:00:00,0.0,3.2,NNW,NNW
7097,2026-07-05,10:15:00,0.0,4.8,NW,NNW
7098,2026-07-05,10:30:00,0.0,4.8,WNW,NW
7099,2026-07-05,10:45:00,0.0,8.0,SSW,WSW
7100,2026-07-05,11:00:00,0.0,8.0,S,SW
7101,2026-07-05,11:15:00,0.0,3.2,N,NNW
7102,2026-07-05,11:30:00,0.0,8.0,NW,W
7103,2026-07-05,11:45:00,0.0,4.8,WSW,WSW
7104,2026-07-05,12:00:00,0.0,8.0,NNW,NNW
7105,2026-07-05,12:15:00,0.0,3.2,NW,NNW
7106,2026-07-05,12:30:00,1.6,9.7,W,WNW
7107,2026-07-05,12:45:00,1.6,8.0,NW,NW
7108,2026-07-05,13:00:00,0.0,4.8,NW,NNW
7109,2026-07-05,13:15:00,1.6,8.0,SSE,SW
7110,2026-07-05,13:30:00,0.0,4.8,SSE,NW
7111,2026-07-05,13:45:00,0.0,0.0,,
7112,2026-07-05,14:00:00,0.0,4.8,NE,ENE
7113,2026-07-05,14:15:00,0.0,1.6,NNE,NNE
7114,2026-07-05,14:30:00,1.6,6.4,E,E
7115,2026-07-05,14:45:00,0.0,6.4,E,ESE
7116,2026-07-05,15:00:00,0.0,8.0,ESE,E
7117,2026-07-05,15:15:00,1.6,11.3,SW,E
7118,2026-07-05,15:30:00,1.6,6.4,E,E
7119,2026-07-05,15:45:00,3.2,9.7,ENE,E
7120,2026-07-05,16:00:00,0.0,6.4,E,ENE
7121,2026-07-05,16:15:00,4.8,16.1,WNW,NW
7122,2026-07-05,16:30:00,1.6,9.7,NNW,NNW
7123,2026-07-05,16:45:00,0.0,6.4,NNW,NNW
7124,2026-07-05,17:00:00,0.0,1.6,NW,NNW
7125,2026-07-05,17:15:00,0.0,3.2,N,ENE
7126,2026-07-05,17:30:00,0.0,3.2,ENE,ENE
7127,2026-07-05,17:45:00,0.0,3.2,E,E
7128,2026-07-05,18:00:00,0.0,6.4,E,E
7129,2026-07-05,18:15:00,0.0,0.0,,
7130,2026-07-05,18:30:00,0.0,0.0,,
7131,2026-07-05,18:45:00,0.0,1.6,E,E
7132,2026-07-05,19:00:00,0.0,0.0,,
7133,2026-07-05,19:15:00,0.0,3.2,WSW,WSW
7134,2026-07-05,19:30:00,0.0,0.0,,
7135,2026-07-05,19:45:00,0.0,0.0,,
7136,2026-07-05,20:00:00,0.0,0.0,,
7137,2026-07-05,20:15:00,0.0,0.0,,
7138,2026-07-05,20:30:00,0.0,0.0,,
7139,2026-07-05,20:45:00,0.0,0.0,,
7140,2026-07-05,21:00:00,0.0,0.0,,
7141,2026-07-05,21:15:00,0.0,0.0,,
7142,2026-07-05,21:30:00,0.0,0.0,,
7143,2026-07-05,21:45:00,0.0,0.0,,
7144,2026-07-05,22:00:00,0.0,0.0,,
7145,2026-07-05,22:15:00,0.0,0.0,,
7146,2026-07-05,22:30:00,0.0,0.0,,
7147,2026-07-05,22:45:00,0.0,0.0,,
7148,2026-07-05,23:00:00,0.0,0.0,,
7149,2026-07-05,23:15:00,0.0,0.0,,
7150,2026-07-05,23:30:00,0.0,0.0,,
7151,2026-07-05,23:45:00,0.0,0.0,,
7152,2026-07-06,00:15:00,0.0,0.0,,
7153,2026-07-06,00:30:00,0.0,0.0,,
7154,2026-07-06,00:45:00,0.0,0.0,,
7155,2026-07-06,01:00:00,0.0,0.0,,
7156,2026-07-06,01:15:00,0.0,0.0,,
7157,2026-07-06,01:30:00,0.0,0.0,,
7158,2026-07-06,01:45:00,0.0,0.0,,
7159,2026-07-06,02:00:00,0.0,1.6,SW,ENE
7160,2026-07-06,02:15:00,0.0,1.6,ESE,ESE
7161,2026-07-06,02:30:00,0.0,0.0,,
7162,2026-07-06,02:45:00,0.0,0.0,,
7163,2026-07-06,03:00:00,0.0,0.0,,
7164,2026-07-06,03:15:00,0.0,0.0,,
7165,2026-07-06,03:30:00,0.0,0.0,,
7166,2026-07-06,03:45:00,0.0,0.0,,
7167,2026-07-06,04:00:00,0.0,0.0,,
7168,2026-07-06,04:15:00,0.0,0.0,,
7169,2026-07-06,04:30:00,0.0,0.0,,
7170,2026-07-06,04:45:00,0.0,0.0,,
7171,2026-07-06,05:00:00,0.0,0.0,,
7172,2026-07-06,05:15:00,0.0,0.0,,
7173,2026-07-06,05:30:00,0.0,0.0,,
7174,2026-07-06,05:45:00,0.0,0.0,,
7175,2026-07-06,06:00:00,0.0,0.0,,
7176,2026-07-06,06:15:00,0.0,0.0,,
7177,2026-07-06,06:30:00,0.0,0.0,,
7178,2026-07-06,06:45:00,0.0,0.0,,
7179,2026-07-06,07:00:00,0.0,3.2,W,W
7180,2026-07-06,07:15:00,0.0,1.6,W,WNW
7181,2026-07-06,07:30:00,0.0,0.0,,
7182,2026-07-06,07:45:00,0.0,0.0,,
7183,2026-07-06,08:00:00,0.0,1.6,W,W
7184,2026-07-06,08:15:00,0.0,0.0,,
7185,2026-07-06,08:30:00,0.0,0.0,,
7186,2026-07-06,08:45:00,0.0,1.6,NNE,WNW
7187,2026-07-06,09:00:00,0.0,1.6,N,WSW
7188,2026-07-06,09:15:00,0.0,3.2,WSW,WSW
7189,2026-07-06,09:30:00,0.0,0.0,,
7190,2026-07-06,09:45:00,0.0,0.0,,
7191,2026-07-06,10:00:00,0.0,1.6,NE,W
7192,2026-07-06,10:15:00,1.6,6.4,WSW,W
7193,2026-07-06,10:30:00,0.0,3.2,NE,NW
7194,2026-07-06,10:45:00,0.0,6.4,E,E
7195,2026-07-06,11:00:00,0.0,6.4,ESE,ENE
7196,2026-07-06,11:15:00,1.6,4.8,E,E
7197,2026-07-06,11:30:00,1.6,9.7,WNW,NNW
7198,2026-07-06,11:45:00,0.0,4.8,SE,E
7199,2026-07-06,12:00:00,1.6,6.4,E,E
7200,2026-07-06,12:15:00,1.6,6.4,E,E
7201,2026-07-06,12:30:00,1.6,6.4,SSW,NNW
7202,2026-07-06,12:45:00,1.6,6.4,NW,NW
7203,2026-07-06,13:00:00,1.6,8.0,WSW,WSW
7204,2026-07-06,13:15:00,0.0,9.7,W,W
7205,2026-07-06,13:30:00,1.6,11.3,WNW,NW
7206,2026-07-06,13:45:00,1.6,8.0,N,NW
7207,2026-07-06,14:00:00,1.6,12.9,W,WSW
7208,2026-07-06,14:15:00,1.6,12.9,SW,WSW
7209,2026-07-06,14:30:00,0.0,4.8,SW,W
7210,2026-07-06,14:45:00,1.6,9.7,WSW,WSW
7211,2026-07-06,15:00:00,0.0,4.8,NNW,NNW
7212,2026-07-06,15:15:00,1.6,6.4,W,WSW
7213,2026-07-06,15:30:00,1.6,8.0,NW,E
7214,2026-07-06,15:45:00,0.0,9.7,SSE,NNW
7215,2026-07-06,16:00:00,0.0,1.6,WNW,NW
7216,2026-07-06,16:15:00,1.6,9.7,NNW,NNW
7217,2026-07-06,16:30:00,1.6,12.9,W,W
7218,2026-07-06,16:45:00,1.6,9.7,SW,NW
7219,2026-07-06,17:00:00,1.6,11.3,NW,W
7220,2026-07-06,17:15:00,3.2,9.7,WNW,NNW
7221,2026-07-06,17:30:00,3.2,9.7,WSW,WNW
7222,2026-07-06,17:45:00,3.2,11.3,NW,WSW
7223,2026-07-06,18:00:00,1.6,11.3,ESE,E
7224,2026-07-06,18:15:00,0.0,4.8,WNW,ESE
7225,2026-07-06,18:30:00,0.0,4.8,E,ESE
7226,2026-07-06,18:45:00,0.0,0.0,,
7227,2026-07-06,19:00:00,0.0,0.0,,
7228,2026-07-06,19:15:00,0.0,4.8,ENE,ENE
7229,2026-07-06,19:30:00,0.0,6.4,E,E
7230,2026-07-06,19:45:00,0.0,1.6,E,NE
7231,2026-07-06,20:00:00,0.0,1.6,ENE,ENE
7232,2026-07-06,20:15:00,0.0,1.6,ENE,ENE
7233,2026-07-06,20:30:00,0.0,0.0,,
7234,2026-07-06,20:45:00,0.0,1.6,NNW,NNW
7235,2026-07-06,21:00:00,0.0,0.0,,
7236,2026-07-06,21:15:00,0.0,0.0,,
7237,2026-07-06,21:30:00,0.0,0.0,,
7238,2026-07-06,21:45:00,0.0,0.0,,
7239,2026-07-06,22:00:00,0.0,0.0,,
7240,2026-07-06,22:15:00,0.0,0.0,,
7241,2026-07-06,22:30:00,0.0,0.0,,
7242,2026-07-06,22:45:00,0.0,0.0,,
7243,2026-07-06,23:00:00,0.0,0.0,,
7244,2026-07-06,23:15:00,0.0,1.6,NW,NW
7245,2026-07-06,23:30:00,0.0,1.6,NNW,NNE
7246,2026-07-06,23:45:00,0.0,3.2,WSW,SW
7247,2026-07-07,00:15:00,0.0,6.4,SSW,SW
7248,2026-07-07,00:30:00,0.0,3.2,SSW,SSW
7249,2026-07-07,00:45:00,0.0,0.0,,
7250,2026-07-07,01:00:00,0.0,0.0,,
7251,2026-07-07,01:15:00,0.0,3.2,NW,NE
7252,2026-07-07,01:30:00,0.0,3.2,SSW,SSW
7253,2026-07-07,01:45:00,0.0,4.8,WSW,WSW
7254,2026-07-07,02:00:00,0.0,3.2,WSW,WSW
7255,2026-07-07,02:15:00,0.0,4.8,WSW,W
7256,2026-07-07,02:30:00,0.0,1.6,W,W
7257,2026-07-07,02:45:00,0.0,3.2,W,W
7258,2026-07-07,03:00:00,0.0,3.2,W,W
7259,2026-07-07,03:15:00,0.0,1.6,SW,SW
7260,2026-07-07,03:30:00,0.0,3.2,WSW,WSW
7261,2026-07-07,03:45:00,0.0,0.0,,
7262,2026-07-07,04:00:00,0.0,3.2,WSW,WSW
7263,2026-07-07,04:15:00,0.0,1.6,NNW,NW
7264,2026-07-07,04:30:00,0.0,4.8,SSW,W
7265,2026-07-07,04:45:00,0.0,3.2,W,W
7266,2026-07-07,05:00:00,0.0,0.0,,
7267,2026-07-07,05:15:00,0.0,4.8,WSW,WNW
7268,2026-07-07,05:30:00,1.6,8.0,WSW,WSW
7269,2026-07-07,05:45:00,0.0,4.8,W,W
7270,2026-07-07,06:00:00,0.0,0.0,,
7271,2026-07-07,06:15:00,0.0,0.0,,
7272,2026-07-07,06:30:00,0.0,0.0,,
7273,2026-07-07,06:45:00,0.0,0.0,,
7274,2026-07-07,07:00:00,0.0,0.0,,
7275,2026-07-07,07:15:00,0.0,0.0,,
7276,2026-07-07,07:30:00,0.0,0.0,,
7277,2026-07-07,07:45:00,0.0,0.0,,
7278,2026-07-07,08:00:00,0.0,0.0,,
7279,2026-07-07,08:15:00,0.0,0.0,,
7280,2026-07-07,08:30:00,1.6,6.4,W,W
7281,2026-07-07,08:45:00,0.0,4.8,WSW,WSW
7282,2026-07-07,09:00:00,1.6,6.4,W,W
7283,2026-07-07,09:15:00,0.0,6.4,WSW,WSW
7284,2026-07-07,09:30:00,0.0,8.0,NW,W
7285,2026-07-07,09:45:00,1.6,6.4,WSW,NNW
7286,2026-07-07,10:00:00,0.0,4.8,NNW,NNW
7287,2026-07-07,10:15:00,0.0,4.8,NW,NW
7288,2026-07-07,10:30:00,0.0,3.2,S,WSW
7289,2026-07-07,10:45:00,1.6,12.9,SW,SW
7290,2026-07-07,11:00:00,3.2,11.3,WSW,WSW
7291,2026-07-07,11:15:00,0.0,6.4,E,ESE
7292,2026-07-07,11:30:00,1.6,6.4,NW,NNW
7293,2026-07-07,11:45:00,1.6,6.4,NW,NNW
7294,2026-07-07,12:00:00,1.6,8.0,SW,NNW
7295,2026-07-07,12:15:00,1.6,11.3,WNW,NW
7296,2026-07-07,12:30:00,1.6,9.7,NW,E
7297,2026-07-07,12:45:00,1.6,8.0,WSW,WSW
7298,2026-07-07,13:00:00,1.6,8.0,NW,NNW
7299,2026-07-07,13:15:00,1.6,9.7,SW,WSW
7300,2026-07-07,13:30:00,1.6,8.0,W,WSW
7301,2026-07-07,13:45:00,1.6,16.1,NNW,NW
7302,2026-07-07,14:00:00,1.6,9.7,WNW,NW
7303,2026-07-07,14:15:00,1.6,9.7,WSW,WSW
7304,2026-07-07,14:30:00,3.2,9.7,WSW,NW
7305,2026-07-07,14:45:00,1.6,9.7,W,NNW
7306,2026-07-07,15:00:00,1.6,11.3,WNW,NNW
7307,2026-07-07,15:15:00,0.0,4.8,E,E
7308,2026-07-07,15:30:00,1.6,11.3,SSW,W
7309,2026-07-07,15:45:00,3.2,14.5,W,NW
7310,2026-07-07,16:00:00,4.8,17.7,NW,NNW
7311,2026-07-07,16:15:00,4.8,16.1,WNW,NNW
7312,2026-07-07,16:30:00,3.2,14.5,W,W
7313,2026-07-07,16:45:00,3.2,12.9,WSW,NNW
7314,2026-07-07,17:00:00,1.6,14.5,SW,NNW
7315,2026-07-07,17:15:00,0.0,6.4,NNW,NNW
7316,2026-07-07,17:30:00,1.6,8.0,N,NW
7317,2026-07-07,17:45:00,1.6,12.9,WNW,W
7318,2026-07-07,18:00:00,1.6,11.3,WNW,WSW
7319,2026-07-07,18:15:00,3.2,11.3,NNW,NW
7320,2026-07-07,18:30:00,3.2,12.9,NNW,NNW
7321,2026-07-07,18:45:00,3.2,8.0,NW,NW
7322,2026-07-07,19:00:00,3.2,17.7,NW,NNW
7323,2026-07-07,19:15:00,1.6,12.9,WSW,NNW
7324,2026-07-07,19:30:00,1.6,8.0,NW,NNW
7325,2026-07-07,19:45:00,1.6,8.0,NW,NNW
7326,2026-07-07,20:00:00,1.6,8.0,N,N
7327,2026-07-07,20:15:00,1.6,8.0,WSW,W
7328,2026-07-07,20:30:00,1.6,9.7,WNW,W
7329,2026-07-07,20:45:00,0.0,6.4,WSW,WNW
7330,2026-07-07,21:00:00,0.0,4.8,ENE,ENE
7331,2026-07-07,21:15:00,0.0,3.2,SW,E
7332,2026-07-07,21:30:00,1.6,8.0,SW,WSW
7333,2026-07-07,21:45:00,3.2,12.9,S,SW
7334,2026-07-07,22:00:00,1.6,6.4,WSW,SW
7335,2026-07-07,22:15:00,1.6,8.0,S,SW
7336,2026-07-07,22:30:00,1.6,12.9,S,SW
7337,2026-07-07,22:45:00,1.6,9.7,SSW,WSW
7338,2026-07-07,23:00:00,1.6,8.0,SSW,SW
7339,2026-07-07,23:15:00,1.6,9.7,WSW,SW
7340,2026-07-07,23:30:00,0.0,4.8,SSW,SW
7341,2026-07-07,23:45:00,1.6,8.0,W,SW
7342,2026-07-08,00:15:00,0.0,4.8,SSW,SW
7343,2026-07-08,00:30:00,0.0,3.2,SW,SW
7344,2026-07-08,00:45:00,0.0,1.6,SW,SW
7345,2026-07-08,01:00:00,0.0,4.8,W,W
7346,2026-07-08,01:15:00,0.0,4.8,SSW,SSW
7347,2026-07-08,01:30:00,0.0,8.0,SW,WSW
7348,2026-07-08,01:45:00,0.0,1.6,SW,SW
7349,2026-07-08,02:00:00,0.0,0.0,,
7350,2026-07-08,02:15:00,0.0,1.6,WSW,WSW
7351,2026-07-08,02:30:00,0.0,1.6,NNW,WSW
7352,2026-07-08,02:45:00,0.0,3.2,W,W
7353,2026-07-08,03:00:00,1.6,6.4,WSW,W
7354,2026-07-08,03:15:00,1.6,8.0,NW,W
7355,2026-07-08,03:30:00,0.0,4.8,WSW,W
7356,2026-07-08,03:45:00,1.6,6.4,WSW,SW
7357,2026-07-08,04:00:00,1.6,8.0,SSW,SW
7358,2026-07-08,04:15:00,1.6,9.7,S,SW
7359,2026-07-08,04:30:00,1.6,8.0,SSE,SSW
7360,2026-07-08,04:45:00,0.0,6.4,E,NE
7361,2026-07-08,05:00:00,1.6,8.0,SW,WSW
7362,2026-07-08,05:15:00,1.6,4.8,SSW,WSW
7363,2026-07-08,05:30:00,0.0,8.0,WSW,SW
7364,2026-07-08,05:45:00,1.6,6.4,SW,WSW
7365,2026-07-08,06:00:00,1.6,6.4,SW,SW
7366,2026-07-08,06:15:00,1.6,9.7,S,SW
7367,2026-07-08,06:30:00,0.0,6.4,SW,SSW
7368,2026-07-08,06:45:00,0.0,4.8,WSW,W
7369,2026-07-08,07:00:00,0.0,6.4,SSW,WSW
7370,2026-07-08,07:15:00,1.6,8.0,WSW,W
7371,2026-07-08,07:30:00,0.0,4.8,WSW,WSW
7372,2026-07-08,07:45:00,0.0,4.8,SSW,SW
7373,2026-07-08,08:00:00,0.0,3.2,W,W
7374,2026-07-08,08:15:00,0.0,6.4,SW,WSW
7375,2026-07-08,08:30:00,0.0,6.4,W,WSW
7376,2026-07-08,08:45:00,0.0,8.0,SSW,NW
7377,2026-07-08,09:00:00,0.0,4.8,E,E
7378,2026-07-08,09:15:00,0.0,1.6,SSW,WSW
7379,2026-07-08,09:30:00,0.0,3.2,ESE,E
7380,2026-07-08,09:45:00,0.0,3.2,W,W
7381,2026-07-08,10:00:00,0.0,4.8,SSW,SSW
7382,2026-07-08,10:15:00,0.0,4.8,SW,SW
7383,2026-07-08,10:30:00,1.6,3.2,ENE,E
7384,2026-07-08,10:45:00,1.6,8.0,ESE,E
7385,2026-07-08,11:00:00,1.6,8.0,NW,NW
7386,2026-07-08,11:15:00,1.6,8.0,NW,NW
7387,2026-07-08,11:30:00,1.6,6.4,SE,E
7388,2026-07-08,11:45:00,1.6,9.7,WNW,NNW
7389,2026-07-08,12:00:00,1.6,8.0,WNW,W
7390,2026-07-08,12:15:00,1.6,8.0,SSW,SW
7391,2026-07-08,12:30:00,1.6,8.0,E,E
7392,2026-07-08,12:45:00,0.0,4.8,W,W
7393,2026-07-08,13:00:00,1.6,9.7,SSE,WSW
7394,2026-07-08,13:15:00,1.6,6.4,WSW,WSW
7395,2026-07-08,13:30:00,1.6,6.4,W,NNW
7396,2026-07-08,13:45:00,0.0,8.0,N,NNW
7397,2026-07-08,14:00:00,0.0,4.8,W,ENE
7398,2026-07-08,14:15:00,1.6,9.7,NW,NW
7399,2026-07-08,14:30:00,1.6,8.0,SW,WSW
7400,2026-07-08,14:45:00,1.6,6.4,W,NNW
7401,2026-07-08,15:00:00,0.0,3.2,NNW,NNW
7402,2026-07-08,15:15:00,0.0,3.2,WNW,SW
7403,2026-07-08,15:30:00,0.0,6.4,ENE,N
7404,2026-07-08,15:45:00,1.6,6.4,WNW,N
7405,2026-07-08,16:00:00,1.6,12.9,W,W
7406,2026-07-08,16:15:00,4.8,16.1,SW,W
7407,2026-07-08,16:30:00,3.2,12.9,WSW,NNW
7408,2026-07-08,16:45:00,6.4,16.1,SW,W
7409,2026-07-08,17:00:00,4.8,16.1,WNW,WSW
7410,2026-07-08,17:15:00,4.8,14.5,WNW,W
7411,2026-07-08,17:30:00,6.4,20.9,WSW,W
7412,2026-07-08,17:45:00,4.8,12.9,WSW,W
7413,2026-07-08,18:00:00,1.6,9.7,W,NW
7414,2026-07-08,18:15:00,1.6,8.0,ENE,E
7415,2026-07-08,18:30:00,1.6,6.4,N,E
7416,2026-07-08,18:45:00,1.6,12.9,NW,NW
7417,2026-07-08,19:00:00,0.0,8.0,SSW,ESE
7418,2026-07-08,19:15:00,3.2,9.7,E,E
7419,2026-07-08,19:30:00,3.2,9.7,SSE,E
7420,2026-07-08,19:45:00,1.6,9.7,E,E
7421,2026-07-08,20:00:00,0.0,4.8,E,E
7422,2026-07-08,20:15:00,3.2,9.7,E,E
7423,2026-07-08,20:30:00,1.6,8.0,E,E
7424,2026-07-08,20:45:00,0.0,3.2,SE,E
7425,2026-07-08,21:00:00,0.0,0.0,,
7426,2026-07-08,21:15:00,0.0,0.0,,
7427,2026-07-08,21:30:00,0.0,0.0,,
7428,2026-07-08,21:45:00,0.0,0.0,,
7429,2026-07-08,22:00:00,0.0,0.0,,
7430,2026-07-08,22:15:00,0.0,0.0,,
7431,2026-07-08,22:30:00,0.0,0.0,,
7432,2026-07-08,22:45:00,0.0,0.0,,
7433,2026-07-08,23:00:00,0.0,0.0,,
7434,2026-07-08,23:15:00,0.0,0.0,,
7435,2026-07-08,23:30:00,0.0,0.0,,
7436,2026-07-08,23:45:00,0.0,0.0,,
7437,2026-07-09,00:15:00,0.0,0.0,,
7438,2026-07-09,00:30:00,0.0,0.0,,
7439,2026-07-09,00:45:00,0.0,0.0,,
7440,2026-07-09,01:00:00,0.0,0.0,,
7441,2026-07-09,01:15:00,0.0,0.0,,
7442,2026-07-09,01:30:00,0.0,0.0,,
7443,2026-07-09,01:45:00,0.0,0.0,,
7444,2026-07-09,02:00:00,0.0,0.0,,
7445,2026-07-09,02:15:00,0.0,0.0,,
7446,2026-07-09,02:30:00,0.0,0.0,,
7447,2026-07-09,02:45:00,0.0,0.0,,
7448,2026-07-09,03:00:00,0.0,0.0,,
7449,2026-07-09,03:15:00,0.0,0.0,,
7450,2026-07-09,03:30:00,0.0,0.0,,
7451,2026-07-09,03:45:00,0.0,0.0,,
7452,2026-07-09,04:00:00,0.0,0.0,,
7453,2026-07-09,04:15:00,0.0,0.0,,
7454,2026-07-09,04:30:00,0.0,0.0,,
7455,2026-07-09,04:45:00,0.0,0.0,,
7456,2026-07-09,05:00:00,0.0,0.0,,
7457,2026-07-09,05:15:00,0.0,0.0,,
7458,2026-07-09,05:30:00,0.0,0.0,,
7459,2026-07-09,05:45:00,0.0,0.0,,
7460,2026-07-09,06:00:00,0.0,0.0,,
7461,2026-07-09,06:15:00,0.0,0.0,,
7462,2026-07-09,06:30:00,0.0,0.0,,
7463,2026-07-09,06:45:00,0.0,0.0,,
7464,2026-07-09,07:00:00,0.0,0.0,,
7465,2026-07-09,07:15:00,0.0,0.0,,
7466,2026-07-09,07:30:00,0.0,0.0,,
7467,2026-07-09,07:45:00,0.0,0.0,,
7468,2026-07-09,08:00:00,0.0,0.0,,
7469,2026-07-09,08:15:00,0.0,0.0,,
7470,2026-07-09,08:30:00,0.0,1.6,NE,WSW
7471,2026-07-09,08:45:00,0.0,6.4,WNW,W
7472,2026-07-09,09:00:00,0.0,6.4,WNW,NW
7473,2026-07-09,09:15:00,0.0,6.4,S,E
7474,2026-07-09,09:30:00,0.0,4.8,E,E
7475,2026-07-09,09:45:00,1.6,6.4,ENE,ENE
7476,2026-07-09,10:00:00,0.0,6.4,ESE,ENE
7477,2026-07-09,10:15:00,1.6,8.0,E,E
7478,2026-07-09,10:30:00,3.2,9.7,NE,E
7479,2026-07-09,10:45:00,1.6,6.4,E,ENE
7480,2026-07-09,11:00:00,0.0,4.8,ENE,NNW
7481,2026-07-09,11:15:00,0.0,6.4,S,SW
7482,2026-07-09,11:30:00,1.6,6.4,E,E
7483,2026-07-09,11:45:00,1.6,6.4,E,ENE
7484,2026-07-09,12:00:00,0.0,6.4,E,ENE
7485,2026-07-09,12:15:00,3.2,16.1,ESE,E
7486,2026-07-09,12:30:00,1.6,6.4,E,E
7487,2026-07-09,12:45:00,3.2,9.7,E,E
7488,2026-07-09,13:00:00,0.0,4.8,N,ENE
7489,2026-07-09,13:15:00,1.6,8.0,SW,E
7490,2026-07-09,13:30:00,1.6,8.0,SSE,E
7491,2026-07-09,13:45:00,0.0,6.4,SW,SW
7492,2026-07-09,14:00:00,0.0,8.0,E,ENE
7493,2026-07-09,14:15:00,0.0,6.4,SSE,ENE
7494,2026-07-09,14:30:00,1.6,8.0,W,NW
7495,2026-07-09,14:45:00,1.6,6.4,E,E
7496,2026-07-09,15:00:00,3.2,14.5,E,E
7497,2026-07-09,15:15:00,6.4,11.3,E,E
7498,2026-07-09,15:30:00,1.6,8.0,E,E
7499,2026-07-09,15:45:00,0.0,3.2,E,E
7500,2026-07-09,16:00:00,1.6,6.4,E,E
7501,2026-07-09,16:15:00,1.6,9.7,ENE,E
7502,2026-07-09,16:30:00,0.0,4.8,SSE,E
7503,2026-07-09,16:45:00,1.6,6.4,NE,E
7504,2026-07-09,17:00:00,0.0,3.2,E,E
7505,2026-07-09,17:15:00,0.0,3.2,ENE,SW
7506,2026-07-09,17:30:00,1.6,9.7,W,W
7507,2026-07-09,17:45:00,1.6,8.0,WSW,W
7508,2026-07-09,18:00:00,1.6,9.7,WNW,WNW
7509,2026-07-09,18:15:00,3.2,14.5,WSW,W
7510,2026-07-09,18:30:00,3.2,14.5,WNW,WSW
7511,2026-07-09,18:45:00,6.4,20.9,WNW,WSW
7512,2026-07-09,19:00:00,4.8,16.1,WSW,W
7513,2026-07-09,19:15:00,3.2,11.3,S,W
7514,2026-07-09,19:30:00,4.8,14.5,WSW,WSW
7515,2026-07-09,19:45:00,3.2,12.9,WSW,WSW
7516,2026-07-09,20:00:00,3.2,9.7,SSW,SW
7517,2026-07-09,20:15:00,3.2,9.7,SSW,SW
7518,2026-07-09,20:30:00,1.6,9.7,SW,WSW
7519,2026-07-09,20:45:00,0.0,4.8,WSW,WSW
7520,2026-07-09,21:00:00,0.0,4.8,WSW,SSW
7521,2026-07-09,21:15:00,0.0,3.2,WSW,WSW
7522,2026-07-09,21:30:00,0.0,1.6,SW,SW
7523,2026-07-09,21:45:00,0.0,1.6,SW,NE
7524,2026-07-09,22:00:00,0.0,3.2,E,WSW
7525,2026-07-09,22:15:00,0.0,3.2,WSW,WSW
7526,2026-07-09,22:30:00,0.0,0.0,,
7527,2026-07-09,22:45:00,0.0,0.0,,
7528,2026-07-09,23:00:00,0.0,0.0,,
7529,2026-07-09,23:15:00,0.0,0.0,,
7530,2026-07-09,23:30:00,0.0,0.0,,
7531,2026-07-09,23:45:00,0.0,0.0,,
7532,2026-07-10,00:15:00,0.0,0.0,,
7533,2026-07-10,00:30:00,0.0,0.0,,
7534,2026-07-10,00:45:00,0.0,0.0,,
7535,2026-07-10,01:00:00,0.0,0.0,,
7536,2026-07-10,01:15:00,0.0,0.0,,
7537,2026-07-10,01:30:00,0.0,0.0,,
7538,2026-07-10,01:45:00,0.0,0.0,,
7539,2026-07-10,02:00:00,0.0,0.0,,
7540,2026-07-10,02:15:00,0.0,0.0,,
7541,2026-07-10,02:30:00,0.0,0.0,,
7542,2026-07-10,02:45:00,0.0,0.0,,
7543,2026-07-10,03:00:00,0.0,0.0,,
7544,2026-07-10,03:15:00,0.0,0.0,,
7545,2026-07-10,03:30:00,0.0,0.0,,
7546,2026-07-10,03:45:00,0.0,0.0,,
7547,2026-07-10,04:00:00,0.0,0.0,,
7548,2026-07-10,04:15:00,0.0,0.0,,
7549,2026-07-10,04:30:00,0.0,0.0,,
7550,2026-07-10,04:45:00,0.0,0.0,,
7551,2026-07-10,05:00:00,0.0,0.0,,
7552,2026-07-10,05:15:00,0.0,0.0,,
7553,2026-07-10,05:30:00,0.0,0.0,,
7554,2026-07-10,05:45:00,0.0,0.0,,
7555,2026-07-10,06:00:00,0.0,0.0,,
7556,2026-07-10,06:15:00,0.0,0.0,,
7557,2026-07-10,06:30:00,0.0,0.0,,
7558,2026-07-10,06:45:00,0.0,0.0,,
7559,2026-07-10,07:00:00,0.0,0.0,,
7560,2026-07-10,07:15:00,0.0,0.0,,
7561,2026-07-10,07:30:00,0.0,0.0,,
7562,2026-07-10,07:45:00,0.0,0.0,,
7563,2026-07-10,08:00:00,0.0,0.0,,
7564,2026-07-10,08:15:00,0.0,0.0,,
7565,2026-07-10,08:30:00,0.0,3.2,SSW,SSW
7566,2026-07-10,08:45:00,0.0,1.6,NNE,NNE
7567,2026-07-10,09:00:00,0.0,4.8,E,ENE
7568,2026-07-10,09:15:00,0.0,4.8,E,E
7569,2026-07-10,09:30:00,0.0,1.6,NE,W
7570,2026-07-10,09:45:00,0.0,3.2,NE,NE
7571,2026-07-10,10:00:00,0.0,6.4,NW,NW
7572,2026-07-10,10:15:00,1.6,6.4,NW,E
7573,2026-07-10,10:30:00,0.0,6.4,E,WSW
7574,2026-07-10,10:45:00,0.0,4.8,ENE,NE
7575,2026-07-10,11:00:00,0.0,3.2,ENE,WSW
7576,2026-07-10,11:15:00,0.0,4.8,ENE,SW
7577,2026-07-10,11:30:00,1.6,4.8,E,ENE
7578,2026-07-10,11:45:00,1.6,6.4,E,E
7579,2026-07-10,12:00:00,1.6,4.8,WSW,WSW
7580,2026-07-10,12:15:00,0.0,3.2,SW,E
7581,2026-07-10,12:30:00,0.0,6.4,ENE,ENE
7582,2026-07-10,12:45:00,0.0,4.8,NW,NNW
7583,2026-07-10,13:00:00,1.6,11.3,WSW,NW
7584,2026-07-10,13:15:00,1.6,8.0,NW,NNW
7585,2026-07-10,13:30:00,1.6,8.0,NW,W
7586,2026-07-10,13:45:00,1.6,8.0,WNW,E
7587,2026-07-10,14:00:00,1.6,8.0,SW,SW
7588,2026-07-10,14:15:00,1.6,12.9,W,NNW
7589,2026-07-10,14:30:00,1.6,9.7,NW,NNW
7590,2026-07-10,14:45:00,1.6,6.4,E,NNW
7591,2026-07-10,15:00:00,1.6,6.4,NNW,NNW
7592,2026-07-10,15:15:00,3.2,9.7,WSW,NW
7593,2026-07-10,15:30:00,1.6,11.3,NW,NNW
7594,2026-07-10,15:45:00,3.2,11.3,NNW,NNW
7595,2026-07-10,16:00:00,4.8,22.5,N,NW
7596,2026-07-10,16:15:00,6.4,25.7,NNW,NW
7597,2026-07-10,16:30:00,8.0,24.1,WSW,W
7598,2026-07-10,16:45:00,8.0,20.9,WNW,W
7599,2026-07-10,17:00:00,8.0,17.7,WNW,W
7600,2026-07-10,17:15:00,9.7,22.5,WNW,WSW
7601,2026-07-10,17:30:00,4.8,14.5,WSW,WSW
7602,2026-07-10,17:45:00,3.2,17.7,WNW,NNE
7603,2026-07-10,18:00:00,1.6,9.7,S,SW
7604,2026-07-10,18:15:00,1.6,14.5,S,SSW
7605,2026-07-10,18:30:00,0.0,4.8,WSW,WSW
7606,2026-07-10,18:45:00,1.6,9.7,WNW,W
7607,2026-07-10,19:00:00,1.6,8.0,WSW,WSW
7608,2026-07-10,19:15:00,0.0,3.2,WSW,W
7609,2026-07-10,19:30:00,0.0,4.8,ENE,ENE
7610,2026-07-10,19:45:00,0.0,1.6,E,E
7611,2026-07-10,20:00:00,0.0,1.6,NE,NE
7612,2026-07-10,20:15:00,0.0,3.2,NE,NE
7613,2026-07-10,20:30:00,0.0,1.6,ENE,ENE
7614,2026-07-10,20:45:00,0.0,3.2,SSW,SW
7615,2026-07-10,21:00:00,0.0,0.0,,
7616,2026-07-10,21:15:00,0.0,1.6,ENE,ENE
7617,2026-07-10,21:30:00,0.0,3.2,E,E
7618,2026-07-10,21:45:00,0.0,0.0,,
7619,2026-07-10,22:00:00,0.0,0.0,,
7620,2026-07-10,22:15:00,0.0,1.6,NE,NE
7621,2026-07-10,22:30:00,0.0,0.0,,
7622,2026-07-10,22:45:00,0.0,1.6,N,WNW
7623,2026-07-10,23:00:00,0.0,0.0,,
7624,2026-07-10,23:15:00,0.0,0.0,,
7625,2026-07-10,23:30:00,0.0,3.2,SSW,SSW
7626,2026-07-10,23:45:00,0.0,0.0,,
7627,2026-07-11,00:15:00,0.0,1.6,NNW,NNW
7628,2026-07-11,00:30:00,0.0,3.2,W,WNW
7629,2026-07-11,00:45:00,0.0,1.6,W,W
7630,2026-07-11,01:00:00,0.0,0.0,,
7631,2026-07-11,01:15:00,0.0,1.6,WSW,WSW
7632,2026-07-11,01:30:00,0.0,1.6,NW,NW
7633,2026-07-11,01:45:00,0.0,1.6,NW,NW
7634,2026-07-11,02:00:00,0.0,0.0,,
7635,2026-07-11,02:15:00,0.0,0.0,,
7636,2026-07-11,02:30:00,0.0,0.0,,
7637,2026-07-11,02:45:00,0.0,0.0,,
7638,2026-07-11,03:00:00,0.0,0.0,,
7639,2026-07-11,03:15:00,0.0,0.0,,
7640,2026-07-11,03:30:00,0.0,0.0,,
7641,2026-07-11,03:45:00,0.0,1.6,NNW,NNW
7642,2026-07-11,04:00:00,0.0,0.0,,
7643,2026-07-11,04:15:00,0.0,4.8,SSW,SSW
7644,2026-07-11,04:30:00,0.0,3.2,SW,SW
7645,2026-07-11,04:45:00,0.0,4.8,WSW,SSW
7646,2026-07-11,05:00:00,0.0,4.8,SW,SW
7647,2026-07-11,05:15:00,0.0,6.4,SSW,SSW
7648,2026-07-11,05:30:00,0.0,4.8,SSW,W
7649,2026-07-11,05:45:00,0.0,3.2,WSW,SW
7650,2026-07-11,06:00:00,0.0,3.2,W,W
7651,2026-07-11,06:15:00,0.0,1.6,W,W
7652,2026-07-11,06:30:00,0.0,4.8,WSW,SW
7653,2026-07-11,06:45:00,0.0,6.4,WSW,S
7654,2026-07-11,07:00:00,0.0,4.8,SW,SSW
7655,2026-07-11,07:15:00,0.0,4.8,WSW,WSW
7656,2026-07-11,07:30:00,0.0,4.8,WSW,W
7657,2026-07-11,07:45:00,0.0,3.2,WSW,WSW
7658,2026-07-11,08:00:00,0.0,3.2,NW,NW
7659,2026-07-11,08:15:00,0.0,1.6,W,NNE
7660,2026-07-11,08:30:00,0.0,0.0,,
7661,2026-07-11,08:45:00,0.0,1.6,NW,NW
7662,2026-07-11,09:00:00,0.0,1.6,NNW,ESE
7663,2026-07-11,09:15:00,0.0,4.8,NW,NW
7664,2026-07-11,09:30:00,1.6,11.3,WSW,WSW
7665,2026-07-11,09:45:00,1.6,9.7,SSW,WSW
7666,2026-07-11,10:00:00,3.2,11.3,SW,WSW
7667,2026-07-11,10:15:00,3.2,14.5,WNW,WSW
7668,2026-07-11,10:30:00,3.2,9.7,SW,WSW
7669,2026-07-11,10:45:00,1.6,11.3,WSW,W
7670,2026-07-11,11:00:00,1.6,9.7,SW,W
7671,2026-07-11,11:15:00,1.6,6.4,NNE,NNW
7672,2026-07-11,11:30:00,1.6,14.5,SE,SW
7673,2026-07-11,11:45:00,3.2,14.5,SSW,WSW
7674,2026-07-11,12:00:00,1.6,14.5,W,WSW
7675,2026-07-11,12:15:00,1.6,12.9,WSW,NNW
7676,2026-07-11,12:30:00,1.6,8.0,SW,N
7677,2026-07-11,12:45:00,1.6,9.7,SSW,WSW
7678,2026-07-11,13:00:00,1.6,12.9,SW,W
7679,2026-07-11,13:15:00,1.6,9.7,SSW,NW
7680,2026-07-11,13:30:00,3.2,14.5,WSW,W
7681,2026-07-11,13:45:00,3.2,16.1,NW,W
7682,2026-07-11,14:00:00,1.6,4.8,NW,NNW
7683,2026-07-11,14:15:00,1.6,11.3,SSW,W
7684,2026-07-11,14:30:00,3.2,14.5,SW,WSW
7685,2026-07-11,14:45:00,1.6,9.7,W,NNW
7686,2026-07-11,15:00:00,3.2,19.3,WNW,NNW
7687,2026-07-11,15:15:00,4.8,16.1,N,NNW
7688,2026-07-11,15:30:00,1.6,11.3,NW,NNW
7689,2026-07-11,15:45:00,1.6,9.7,SW,NW
7690,2026-07-11,16:00:00,3.2,16.1,WSW,WSW
7691,2026-07-11,16:15:00,3.2,14.5,SW,WSW
7692,2026-07-11,16:30:00,3.2,12.9,W,W
7693,2026-07-11,16:45:00,3.2,9.7,W,W
7694,2026-07-11,17:00:00,3.2,12.9,S,SW
7695,2026-07-11,17:15:00,3.2,14.5,WSW,WSW
7696,2026-07-11,17:30:00,3.2,9.7,NW,WSW
7697,2026-07-11,17:45:00,3.2,11.3,WNW,WSW
7698,2026-07-11,18:00:00,3.2,14.5,W,SW
7699,2026-07-11,18:15:00,1.6,8.0,SSW,WSW
7700,2026-07-11,18:30:00,0.0,3.2,W,E
7701,2026-07-11,18:45:00,0.0,4.8,E,E
7702,2026-07-11,19:00:00,1.6,9.7,ENE,E
7703,2026-07-11,19:15:00,1.6,6.4,SE,E
7704,2026-07-11,19:30:00,1.6,9.7,E,E
7705,2026-07-11,19:45:00,0.0,1.6,NE,NE
7706,2026-07-11,20:00:00,0.0,3.2,SW,SW
7707,2026-07-11,20:15:00,0.0,0.0,,
7708,2026-07-11,20:30:00,0.0,0.0,,
7709,2026-07-11,20:45:00,0.0,1.6,NE,NE
7710,2026-07-11,21:00:00,0.0,1.6,N,W
7711,2026-07-11,21:15:00,0.0,1.6,NNE,NNE
7712,2026-07-11,21:30:00,0.0,0.0,,
7713,2026-07-11,21:45:00,0.0,0.0,,
7714,2026-07-11,22:00:00,0.0,0.0,,
7715,2026-07-11,22:15:00,0.0,0.0,,
7716,2026-07-11,22:30:00,0.0,1.6,NW,NW
7717,2026-07-11,22:45:00,0.0,0.0,,
7718,2026-07-11,23:00:00,0.0,0.0,,
7719,2026-07-11,23:15:00,0.0,3.2,SSE,SSW
7720,2026-07-11,23:30:00,0.0,1.6,SSW,WNW
7721,2026-07-11,23:45:00,0.0,3.2,W,WNW
7722,2026-07-12,00:15:00,0.0,1.6,WNW,WNW
7723,2026-07-12,00:30:00,0.0,1.6,NE,NE
7724,2026-07-12,00:45:00,0.0,3.2,SSW,SSW
7725,2026-07-12,01:00:00,0.0,4.8,SSE,SW
7726,2026-07-12,01:15:00,0.0,6.4,SSW,WSW
7727,2026-07-12,01:30:00,0.0,6.4,SSW,WSW
7728,2026-07-12,01:45:00,1.6,6.4,SW,SW
7729,2026-07-12,02:00:00,1.6,8.0,WSW,W
7730,2026-07-12,02:15:00,1.6,8.0,WSW,WSW
7731,2026-07-12,02:30:00,0.0,4.8,W,SW
7732,2026-07-12,02:45:00,0.0,4.8,WSW,WSW
7733,2026-07-12,03:00:00,0.0,0.0,,
7734,2026-07-12,03:15:00,0.0,1.6,NNE,ENE
7735,2026-07-12,03:30:00,0.0,1.6,ENE,ENE
7736,2026-07-12,03:45:00,0.0,3.2,S,SE
7737,2026-07-12,04:00:00,0.0,3.2,WNW,WSW
7738,2026-07-12,04:15:00,1.6,8.0,W,W
7739,2026-07-12,04:30:00,0.0,4.8,SW,SW
7740,2026-07-12,04:45:00,0.0,3.2,SW,SW
7741,2026-07-12,05:00:00,0.0,4.8,W,WSW
7742,2026-07-12,05:15:00,0.0,3.2,WSW,SSW
7743,2026-07-12,05:30:00,0.0,3.2,SSW,W
7744,2026-07-12,05:45:00,0.0,3.2,WSW,W
7745,2026-07-12,06:00:00,0.0,1.6,WNW,WNW
7746,2026-07-12,06:15:00,0.0,3.2,SW,SW
7747,2026-07-12,06:30:00,0.0,0.0,,
7748,2026-07-12,06:45:00,0.0,3.2,WSW,WSW
7749,2026-07-12,07:00:00,0.0,3.2,SW,SW
7750,2026-07-12,07:15:00,0.0,3.2,W,SSW
7751,2026-07-12,07:30:00,1.6,6.4,N,W
7752,2026-07-12,07:45:00,1.6,6.4,S,WSW
7753,2026-07-12,08:00:00,1.6,8.0,WSW,SW
7754,2026-07-12,08:15:00,1.6,6.4,SW,W
7755,2026-07-12,08:30:00,0.0,1.6,N,N
7756,2026-07-12,08:45:00,0.0,3.2,ENE,ENE
7757,2026-07-12,09:00:00,0.0,4.8,WSW,WSW
7758,2026-07-12,09:15:00,0.0,6.4,WSW,WSW
7759,2026-07-12,09:30:00,1.6,4.8,WSW,E
7760,2026-07-12,09:45:00,1.6,6.4,E,E
7761,2026-07-12,10:00:00,1.6,6.4,E,E
7762,2026-07-12,10:15:00,1.6,9.7,SW,WSW
7763,2026-07-12,10:30:00,1.6,6.4,SSW,WNW
7764,2026-07-12,10:45:00,0.0,3.2,NE,NE
7765,2026-07-12,11:00:00,1.6,4.8,E,E
7766,2026-07-12,11:15:00,1.6,6.4,NW,NNW
7767,2026-07-12,11:30:00,1.6,6.4,NW,NW
7768,2026-07-12,11:45:00,3.2,17.7,W,W
7769,2026-07-12,12:00:00,3.2,9.7,WSW,E
7770,2026-07-12,12:15:00,1.6,9.7,NNW,NW
7771,2026-07-12,12:30:00,1.6,11.3,WNW,NNW
7772,2026-07-12,12:45:00,1.6,9.7,SSE,NW
7773,2026-07-12,13:00:00,1.6,8.0,WNW,NW
7774,2026-07-12,13:15:00,1.6,11.3,WNW,W
7775,2026-07-12,13:30:00,1.6,11.3,SSW,SW
7776,2026-07-12,13:45:00,1.6,11.3,S,SW
7777,2026-07-12,14:00:00,1.6,9.7,N,NW
7778,2026-07-12,14:15:00,1.6,4.8,SSW,NNW
7779,2026-07-12,14:30:00,3.2,11.3,WSW,WSW
7780,2026-07-12,14:45:00,3.2,14.5,SSW,W
7781,2026-07-12,15:00:00,4.8,14.5,WSW,W
7782,2026-07-12,15:15:00,4.8,16.1,W,W
7783,2026-07-12,15:30:00,6.4,16.1,SW,WSW
7784,2026-07-12,15:45:00,4.8,17.7,WNW,NNW
7785,2026-07-12,16:00:00,4.8,20.9,WSW,W
7786,2026-07-12,16:15:00,3.2,16.1,WNW,NW
7787,2026-07-12,16:30:00,1.6,12.9,WNW,ENE
7788,2026-07-12,16:45:00,1.6,6.4,NNW,NW
7789,2026-07-12,17:00:00,1.6,11.3,NW,NNW
7790,2026-07-12,17:15:00,3.2,12.9,W,W
7791,2026-07-12,17:30:00,0.0,0.0,,
7792,2026-07-12,17:45:00,0.0,0.0,,
7793,2026-07-12,18:00:00,0.0,1.6,NNE,NNE
7794,2026-07-12,18:15:00,0.0,0.0,,
7795,2026-07-12,18:30:00,0.0,6.4,SW,WSW
7796,2026-07-12,18:45:00,0.0,0.0,,
7797,2026-07-12,19:00:00,0.0,0.0,,
7798,2026-07-12,19:15:00,0.0,0.0,,
7799,2026-07-12,19:30:00,0.0,3.2,E,E
7800,2026-07-12,19:45:00,0.0,0.0,,
7801,2026-07-12,20:00:00,0.0,0.0,,
7802,2026-07-12,20:15:00,0.0,0.0,,
7803,2026-07-12,20:30:00,0.0,0.0,,
7804,2026-07-12,20:45:00,0.0,0.0,,
7805,2026-07-12,21:00:00,0.0,0.0,,
7806,2026-07-12,21:15:00,0.0,0.0,,
7807,2026-07-12,21:30:00,0.0,0.0,,
7808,2026-07-12,21:45:00,0.0,0.0,,
7809,2026-07-12,22:00:00,0.0,0.0,,
7810,2026-07-12,22:15:00,0.0,0.0,,
7811,2026-07-12,22:30:00,0.0,0.0,,
7812,2026-07-12,22:45:00,0.0,1.6,SSW,SSW
7813,2026-07-12,23:00:00,0.0,1.6,SSW,SSW
7814,2026-07-12,23:15:00,0.0,0.0,,
7815,2026-07-12,23:30:00,0.0,1.6,SSW,SSW
7816,2026-07-12,23:45:00,0.0,0.0,,
7817,2026-07-13,00:15:00,0.0,1.6,SSW,SSW
7818,2026-07-13,00:30:00,0.0,0.0,,
7819,2026-07-13,00:45:00,0.0,1.6,SSW,SSW
7820,2026-07-13,01:00:00,0.0,3.2,SW,SW
7821,2026-07-13,01:15:00,0.0,0.0,,
7822,2026-07-13,01:30:00,0.0,3.2,WSW,WSW
7823,2026-07-13,01:45:00,0.0,3.2,SW,SSW
7824,2026-07-13,02:00:00,0.0,1.6,SSW,SW
7825,2026-07-13,02:15:00,0.0,4.8,WSW,W
7826,2026-07-13,02:30:00,0.0,4.8,W,W
7827,2026-07-13,02:45:00,0.0,1.6,WSW,WSW
7828,2026-07-13,03:00:00,0.0,0.0,,
7829,2026-07-13,03:15:00,0.0,3.2,W,W
7830,2026-07-13,03:30:00,0.0,1.6,WSW,SW
7831,2026-07-13,03:45:00,0.0,4.8,SSW,SW
7832,2026-07-13,04:00:00,0.0,0.0,,
7833,2026-07-13,04:15:00,0.0,0.0,,
7834,2026-07-13,04:30:00,0.0,0.0,,
7835,2026-07-13,04:45:00,0.0,0.0,,
7836,2026-07-13,05:00:00,0.0,0.0,,
7837,2026-07-13,05:15:00,0.0,3.2,SW,SW
7838,2026-07-13,05:30:00,0.0,1.6,SW,SW
7839,2026-07-13,05:45:00,0.0,1.6,W,W
7840,2026-07-13,06:00:00,0.0,0.0,,
7841,2026-07-13,06:15:00,0.0,0.0,,
7842,2026-07-13,06:30:00,0.0,3.2,WNW,WNW
7843,2026-07-13,06:45:00,0.0,1.6,N,SW
7844,2026-07-13,07:00:00,0.0,0.0,,
7845,2026-07-13,07:15:00,0.0,0.0,,
7846,2026-07-13,07:30:00,0.0,0.0,,
7847,2026-07-13,07:45:00,0.0,1.6,WSW,WSW
7848,2026-07-13,08:00:00,0.0,1.6,NW,NNW
7849,2026-07-13,08:15:00,0.0,6.4,WSW,WSW
7850,2026-07-13,08:30:00,0.0,8.0,WSW,W
7851,2026-07-13,08:45:00,1.6,6.4,WSW,SW
7852,2026-07-13,09:00:00,0.0,4.8,SW,SW
7853,2026-07-13,09:15:00,1.6,4.8,SSW,NE
7854,2026-07-13,09:30:00,1.6,8.0,WSW,SW
7855,2026-07-13,09:45:00,1.6,9.7,SW,SW
7856,2026-07-13,10:00:00,3.2,9.7,SSW,WSW
7857,2026-07-13,10:15:00,3.2,14.5,WNW,SW
7858,2026-07-13,10:30:00,3.2,12.9,WSW,WSW
7859,2026-07-13,10:45:00,1.6,8.0,SW,WSW
7860,2026-07-13,11:00:00,3.2,9.7,SW,SW
7861,2026-07-13,11:15:00,1.6,9.7,W,WSW
7862,2026-07-13,11:30:00,3.2,11.3,WSW,W
7863,2026-07-13,11:45:00,3.2,12.9,W,WSW
7864,2026-07-13,12:00:00,1.6,9.7,NW,NNW
7865,2026-07-13,12:15:00,3.2,11.3,WSW,WSW
7866,2026-07-13,12:30:00,1.6,6.4,W,SW
7867,2026-07-13,12:45:00,1.6,8.0,SSE,W
7868,2026-07-13,13:00:00,1.6,8.0,W,WSW
7869,2026-07-13,13:15:00,0.0,4.8,W,W
7870,2026-07-13,13:30:00,0.0,3.2,NNW,NNW
7871,2026-07-13,13:45:00,1.6,9.7,S,W
7872,2026-07-13,14:00:00,3.2,8.0,W,W
7873,2026-07-13,14:15:00,3.2,8.0,WNW,WSW
7874,2026-07-13,14:30:00,1.6,9.7,W,W
7875,2026-07-13,14:45:00,0.0,4.8,WSW,ENE
7876,2026-07-13,15:00:00,1.6,11.3,SSW,WSW
7877,2026-07-13,15:15:00,6.4,14.5,SW,W
7878,2026-07-13,15:30:00,6.4,14.5,SSE,WSW
7879,2026-07-13,15:45:00,6.4,17.7,SW,SW
7880,2026-07-13,16:00:00,6.4,19.3,W,SW
7881,2026-07-13,16:15:00,4.8,14.5,NNE,SW
7882,2026-07-13,16:30:00,4.8,14.5,WNW,SW
7883,2026-07-13,16:45:00,3.2,11.3,WNW,WSW
7884,2026-07-13,17:00:00,4.8,12.9,WNW,W
7885,2026-07-13,17:15:00,6.4,19.3,WNW,WSW
7886,2026-07-13,17:30:00,4.8,14.5,WSW,SW
7887,2026-07-13,17:45:00,3.2,9.7,ESE,E
7888,2026-07-13,18:00:00,3.2,9.7,E,E
7889,2026-07-13,18:15:00,1.6,9.7,ESE,E
7890,2026-07-13,18:30:00,0.0,4.8,W,WSW
7891,2026-07-13,18:45:00,1.6,6.4,W,W
7892,2026-07-13,19:00:00,0.0,4.8,S,SSW
7893,2026-07-13,19:15:00,0.0,4.8,SW,SSW
7894,2026-07-13,19:30:00,0.0,3.2,NE,SW
7895,2026-07-13,19:45:00,0.0,4.8,E,E
7896,2026-07-13,20:00:00,0.0,4.8,ENE,ENE
7897,2026-07-13,20:15:00,0.0,4.8,E,E
7898,2026-07-13,20:30:00,0.0,3.2,NE,NE
7899,2026-07-13,20:45:00,0.0,1.6,SSW,SW
7900,2026-07-13,21:00:00,0.0,4.8,SW,SW
7901,2026-07-13,21:15:00,0.0,3.2,SW,SW
7902,2026-07-13,21:30:00,0.0,6.4,SW,SW
7903,2026-07-13,21:45:00,0.0,1.6,W,E
7904,2026-07-13,22:00:00,0.0,0.0,,
7905,2026-07-13,22:15:00,0.0,3.2,WSW,WSW
7906,2026-07-13,22:30:00,0.0,0.0,,
7907,2026-07-13,22:45:00,0.0,1.6,W,W
7908,2026-07-13,23:00:00,0.0,4.8,S,W
7909,2026-07-13,23:15:00,0.0,3.2,WSW,WSW
7910,2026-07-13,23:30:00,0.0,1.6,S,NNE
7911,2026-07-13,23:45:00,0.0,1.6,W,W
7912,2026-07-14,00:15:00,0.0,6.4,SW,WSW
7913,2026-07-14,00:30:00,0.0,4.8,SW,SW
7914,2026-07-14,00:45:00,0.0,8.0,SSW,WSW
7915,2026-07-14,01:00:00,0.0,3.2,W,W
7916,2026-07-14,01:15:00,0.0,4.8,SSW,SW
7917,2026-07-14,01:30:00,0.0,6.4,S,SW
7918,2026-07-14,01:45:00,0.0,8.0,SW,SW
7919,2026-07-14,02:00:00,0.0,4.8,W,W
7920,2026-07-14,02:15:00,0.0,4.8,SSW,SSW
7921,2026-07-14,02:30:00,0.0,3.2,WSW,SSW
7922,2026-07-14,02:45:00,0.0,0.0,,
7923,2026-07-14,03:00:00,0.0,0.0,,
7924,2026-07-14,03:15:00,0.0,1.6,SSW,N
7925,2026-07-14,03:30:00,0.0,1.6,WNW,W
7926,2026-07-14,03:45:00,0.0,3.2,SW,WSW
7927,2026-07-14,04:00:00,0.0,1.6,WNW,W
7928,2026-07-14,04:15:00,0.0,0.0,,
7929,2026-07-14,04:30:00,0.0,0.0,,
7930,2026-07-14,04:45:00,0.0,3.2,ENE,SW
7931,2026-07-14,05:00:00,0.0,4.8,SSW,S
7932,2026-07-14,05:15:00,0.0,4.8,WSW,S
7933,2026-07-14,05:30:00,0.0,4.8,SW,SW
7934,2026-07-14,05:45:00,0.0,8.0,SSW,SW
7935,2026-07-14,06:00:00,0.0,3.2,SE,NNW
7936,2026-07-14,06:15:00,0.0,3.2,SSW,SSW
7937,2026-07-14,06:30:00,0.0,4.8,WSW,WSW
7938,2026-07-14,06:45:00,0.0,4.8,WSW,W
7939,2026-07-14,07:00:00,0.0,3.2,WSW,W
7940,2026-07-14,07:15:00,0.0,4.8,WSW,W
7941,2026-07-14,07:30:00,0.0,3.2,WSW,WSW
7942,2026-07-14,07:45:00,0.0,3.2,W,WSW
7943,2026-07-14,08:00:00,0.0,1.6,W,W
7944,2026-07-14,08:15:00,0.0,3.2,W,W
7945,2026-07-14,08:30:00,0.0,3.2,WSW,WSW
7946,2026-07-14,08:45:00,0.0,4.8,SW,WSW
7947,2026-07-14,09:00:00,0.0,1.6,WSW,SW
7948,2026-07-14,09:15:00,0.0,4.8,NNW,E
7949,2026-07-14,09:30:00,1.6,8.0,NW,NW
7950,2026-07-14,09:45:00,1.6,6.4,ENE,NW
7951,2026-07-14,10:00:00,0.0,4.8,NW,WNW
7952,2026-07-14,10:15:00,0.0,3.2,ENE,E
7953,2026-07-14,10:30:00,0.0,4.8,NNW,E
7954,2026-07-14,10:45:00,0.0,4.8,NW,NW
7955,2026-07-14,11:00:00,3.2,11.3,ESE,E
7956,2026-07-14,11:15:00,0.0,3.2,ENE,ENE
7957,2026-07-14,11:30:00,0.0,4.8,ENE,E
7958,2026-07-14,11:45:00,1.6,4.8,E,E
7959,2026-07-14,12:00:00,0.0,4.8,ENE,E
7960,2026-07-14,12:15:00,1.6,8.0,NW,E
7961,2026-07-14,12:30:00,1.6,8.0,E,ENE
7962,2026-07-14,12:45:00,3.2,12.9,NW,E
7963,2026-07-14,13:00:00,1.6,9.7,ESE,E
7964,2026-07-14,13:15:00,0.0,8.0,ENE,ENE
7965,2026-07-14,13:30:00,3.2,12.9,NW,NW
7966,2026-07-14,13:45:00,1.6,8.0,NW,NW
7967,2026-07-14,14:00:00,1.6,9.7,WNW,WSW
7968,2026-07-14,14:15:00,1.6,11.3,W,NNW
7969,2026-07-14,14:30:00,3.2,12.9,WNW,NNW
7970,2026-07-14,14:45:00,0.0,6.4,NW,NNW
7971,2026-07-14,15:00:00,1.6,6.4,SW,E
7972,2026-07-14,15:15:00,0.0,9.7,WNW,E
7973,2026-07-14,15:30:00,1.6,4.8,ENE,NNW
7974,2026-07-14,15:45:00,1.6,9.7,WNW,E
7975,2026-07-14,16:00:00,1.6,8.0,WNW,NNW
7976,2026-07-14,16:15:00,1.6,9.7,WNW,NNW
7977,2026-07-14,16:30:00,1.6,6.4,WSW,SW
7978,2026-07-14,16:45:00,0.0,4.8,W,WSW
7979,2026-07-14,17:00:00,0.0,3.2,ENE,ENE
7980,2026-07-14,17:15:00,0.0,4.8,NW,NNW
7981,2026-07-14,17:30:00,3.2,14.5,WNW,W
7982,2026-07-14,17:45:00,1.6,16.1,NW,WSW
7983,2026-07-14,18:00:00,0.0,16.1,WNW,NW
7984,2026-07-14,18:15:00,0.0,1.6,NNW,NW
7985,2026-07-14,18:30:00,0.0,6.4,WNW,E
7986,2026-07-14,18:45:00,0.0,0.0,,
7987,2026-07-14,19:00:00,0.0,0.0,,
7988,2026-07-14,19:15:00,0.0,6.4,W,W
7989,2026-07-14,19:30:00,1.6,9.7,WSW,NNW
7990,2026-07-14,19:45:00,3.2,16.1,NW,NW
7991,2026-07-14,20:00:00,0.0,6.4,WSW,NW
7992,2026-07-14,20:15:00,0.0,6.4,NNW,NNW
7993,2026-07-14,20:30:00,0.0,8.0,NNW,NNW
7994,2026-07-14,20:45:00,0.0,8.0,W,NW
7995,2026-07-14,21:00:00,0.0,6.4,NW,WNW
7996,2026-07-14,21:15:00,0.0,3.2,SSW,NW
7997,2026-07-14,21:30:00,0.0,3.2,SW,SW
7998,2026-07-14,21:45:00,0.0,6.4,S,S
7999,2026-07-14,22:00:00,0.0,3.2,WSW,WSW
8000,2026-07-14,22:15:00,0.0,8.0,W,W
8001,2026-07-14,22:30:00,1.6,9.7,WSW,W
8002,2026-07-14,22:45:00,0.0,3.2,SW,SW
8003,2026-07-14,23:00:00,0.0,4.8,SSW,SW
8004,2026-07-14,23:15:00,1.6,4.8,WNW,WSW
8005,2026-07-14,23:30:00,0.0,6.4,SW,WSW
8006,2026-07-14,23:45:00,1.6,6.4,SW,SW
8007,2026-07-15,00:15:00,1.6,4.8,SSW,WSW
8008,2026-07-15,00:30:00,1.6,11.3,WSW,WSW
8009,2026-07-15,00:45:00,1.6,9.7,SW,WSW
8010,2026-07-15,01:00:00,0.0,4.8,SW,SSW
8011,2026-07-15,01:15:00,0.0,4.8,SSE,WSW
8012,2026-07-15,01:30:00,1.6,6.4,WNW,SW
8013,2026-07-15,01:45:00,1.6,6.4,S,WSW
8014,2026-07-15,02:00:00,1.6,9.7,WSW,SW
8015,2026-07-15,02:15:00,1.6,8.0,WSW,W
8016,2026-07-15,02:30:00,1.6,6.4,SW,SW
8017,2026-07-15,02:45:00,1.6,6.4,W,WSW
8018,2026-07-15,03:00:00,1.6,8.0,S,SSW
8019,2026-07-15,03:15:00,0.0,6.4,WNW,SW
8020,2026-07-15,03:30:00,0.0,4.8,SSW,SSW
8021,2026-07-15,03:45:00,0.0,0.0,,
8022,2026-07-15,04:00:00,0.0,0.0,,
8023,2026-07-15,04:15:00,0.0,1.6,SSW,SSW
8024,2026-07-15,04:30:00,0.0,1.6,SSE,SSE
8025,2026-07-15,04:45:00,0.0,1.6,NNW,WNW
8026,2026-07-15,05:00:00,0.0,1.6,WSW,WSW
8027,2026-07-15,05:15:00,0.0,0.0,,
8028,2026-07-15,05:30:00,0.0,1.6,WSW,WSW
8029,2026-07-15,05:45:00,0.0,4.8,SSW,SW
8030,2026-07-15,06:00:00,0.0,6.4,WSW,WSW
8031,2026-07-15,06:15:00,0.0,3.2,WSW,WSW
8032,2026-07-15,06:30:00,0.0,0.0,,
8033,2026-07-15,06:45:00,0.0,0.0,,
8034,2026-07-15,07:00:00,0.0,0.0,,
8035,2026-07-15,07:15:00,0.0,0.0,,
8036,2026-07-15,07:30:00,0.0,1.6,WSW,WSW
8037,2026-07-15,07:45:00,0.0,1.6,NNE,NNE
8038,2026-07-15,08:00:00,0.0,0.0,,
8039,2026-07-15,08:15:00,0.0,0.0,,
8040,2026-07-15,08:30:00,0.0,1.6,NNE,NNE
8041,2026-07-15,08:45:00,0.0,0.0,,
8042,2026-07-15,09:00:00,0.0,4.8,WSW,NW
8043,2026-07-15,09:15:00,0.0,6.4,WSW,WSW
8044,2026-07-15,09:30:00,0.0,6.4,WSW,ENE
8045,2026-07-15,09:45:00,3.2,9.7,WNW,W
8046,2026-07-15,10:00:00,3.2,11.3,SW,WSW
8047,2026-07-15,10:15:00,1.6,6.4,W,WSW
8048,2026-07-15,10:30:00,1.6,8.0,WSW,NNW
8049,2026-07-15,10:45:00,1.6,8.0,W,SW
8050,2026-07-15,11:00:00,1.6,8.0,NW,NNW
8051,2026-07-15,11:15:00,0.0,3.2,ENE,E
8052,2026-07-15,11:30:00,0.0,4.8,NE,E
8053,2026-07-15,11:45:00,1.6,9.7,ESE,E
8054,2026-07-15,12:00:00,1.6,6.4,WNW,E
8055,2026-07-15,12:15:00,1.6,6.4,SW,NNW
8056,2026-07-15,12:30:00,0.0,8.0,SW,NNW
8057,2026-07-15,12:45:00,3.2,9.7,E,E
8058,2026-07-15,13:00:00,1.6,9.7,SSW,NNW
8059,2026-07-15,13:15:00,0.0,9.7,NW,NNW
8060,2026-07-15,13:30:00,1.6,9.7,SW,W
8061,2026-07-15,13:45:00,1.6,14.5,NW,W
8062,2026-07-15,14:00:00,1.6,8.0,E,E
8063,2026-07-15,14:15:00,0.0,9.7,WNW,NNW
8064,2026-07-15,14:30:00,1.6,8.0,NNE,NNW
8065,2026-07-15,14:45:00,1.6,12.9,WNW,W
8066,2026-07-15,15:00:00,1.6,14.5,NE,WNW
8067,2026-07-15,15:15:00,1.6,8.0,NNW,NNW
8068,2026-07-15,15:30:00,1.6,20.9,SW,NNW
8069,2026-07-15,15:45:00,3.2,17.7,W,W
8070,2026-07-15,16:00:00,4.8,19.3,WNW,W
8071,2026-07-15,16:15:00,9.7,22.5,WNW,W
8072,2026-07-15,16:30:00,8.0,20.9,W,W
8073,2026-07-15,16:45:00,4.8,17.7,WSW,W
8074,2026-07-15,17:00:00,4.8,19.3,W,WSW
8075,2026-07-15,17:15:00,1.6,11.3,SW,NNW
8076,2026-07-15,17:30:00,1.6,8.0,NNE,WSW
8077,2026-07-15,17:45:00,3.2,14.5,WSW,WSW
8078,2026-07-15,18:00:00,3.2,9.7,WSW,W
8079,2026-07-15,18:15:00,1.6,14.5,SW,W
8080,2026-07-15,18:30:00,1.6,9.7,WNW,WSW
8081,2026-07-15,18:45:00,1.6,9.7,SW,W
8082,2026-07-15,19:00:00,1.6,9.7,SW,W
8083,2026-07-15,19:15:00,0.0,4.8,W,NW
8084,2026-07-15,19:30:00,1.6,9.7,SW,W
8085,2026-07-15,19:45:00,1.6,8.0,W,W
8086,2026-07-15,20:00:00,1.6,8.0,WSW,W
8087,2026-07-15,20:15:00,0.0,6.4,WSW,WSW
8088,2026-07-15,20:30:00,0.0,6.4,W,WSW
8089,2026-07-15,20:45:00,0.0,3.2,SW,WNW
8090,2026-07-15,21:00:00,0.0,1.6,NNE,W
8091,2026-07-15,21:15:00,0.0,1.6,W,W
8092,2026-07-15,21:30:00,0.0,0.0,,
8093,2026-07-15,21:45:00,0.0,1.6,NNE,WNW
8094,2026-07-15,22:00:00,0.0,1.6,WNW,WNW
8095,2026-07-15,22:15:00,0.0,3.2,NNW,NNW
8096,2026-07-15,22:30:00,0.0,3.2,E,E
8097,2026-07-15,22:45:00,0.0,0.0,,
8098,2026-07-15,23:00:00,0.0,1.6,NE,W
8099,2026-07-15,23:15:00,0.0,3.2,SW,SW
8100,2026-07-15,23:30:00,1.6,8.0,W,WSW
8101,2026-07-15,23:45:00,1.6,8.0,S,SW
8102,2026-07-16,00:15:00,1.6,8.0,SW,W
8103,2026-07-16,00:30:00,0.0,6.4,SW,WSW
8104,2026-07-16,00:45:00,0.0,6.4,WSW,W
8105,2026-07-16,01:00:00,0.0,6.4,SW,W
8106,2026-07-16,01:15:00,1.6,6.4,SW,WSW
8107,2026-07-16,01:30:00,0.0,3.2,WSW,WSW
8108,2026-07-16,01:45:00,0.0,4.8,W,WSW
8109,2026-07-16,02:00:00,0.0,0.0,,
8110,2026-07-16,02:15:00,0.0,0.0,,
8111,2026-07-16,02:30:00,0.0,4.8,S,W
8112,2026-07-16,02:45:00,0.0,9.7,WSW,WSW
8113,2026-07-16,03:00:00,1.6,11.3,S,SW
8114,2026-07-16,03:15:00,1.6,11.3,S,WSW
8115,2026-07-16,03:30:00,0.0,3.2,SW,W
8116,2026-07-16,03:45:00,0.0,1.6,SE,SW
8117,2026-07-16,04:00:00,1.6,6.4,WSW,SW
8118,2026-07-16,04:15:00,0.0,6.4,WNW,W
8119,2026-07-16,04:30:00,0.0,3.2,WSW,SSW
8120,2026-07-16,04:45:00,0.0,1.6,SW,SW
8121,2026-07-16,05:00:00,0.0,3.2,S,WSW
8122,2026-07-16,05:15:00,0.0,4.8,SSW,SW
8123,2026-07-16,05:30:00,0.0,8.0,WSW,WSW
8124,2026-07-16,05:45:00,0.0,6.4,W,SW
8125,2026-07-16,06:00:00,0.0,3.2,SW,SSE
8126,2026-07-16,06:15:00,1.6,8.0,SW,SSW
8127,2026-07-16,06:30:00,0.0,1.6,SW,SW
8128,2026-07-16,06:45:00,0.0,1.6,WSW,W
8129,2026-07-16,07:00:00,0.0,1.6,WNW,W
8130,2026-07-16,07:15:00,0.0,1.6,NW,NNW
8131,2026-07-16,07:30:00,0.0,3.2,NNE,NNE
8132,2026-07-16,07:45:00,0.0,3.2,ENE,NNW
8133,2026-07-16,08:00:00,0.0,1.6,NNE,NNE
8134,2026-07-16,08:15:00,0.0,1.6,NE,NE
8135,2026-07-16,08:30:00,0.0,6.4,E,E
8136,2026-07-16,08:45:00,1.6,6.4,E,E
8137,2026-07-16,09:00:00,1.6,8.0,NE,NE
8138,2026-07-16,09:15:00,1.6,8.0,SW,WSW
8139,2026-07-16,09:30:00,3.2,11.3,W,WSW
8140,2026-07-16,09:45:00,1.6,12.9,WSW,W
8141,2026-07-16,10:00:00,1.6,9.7,SSW,SW
8142,2026-07-16,10:15:00,1.6,11.3,NW,WSW
8143,2026-07-16,10:30:00,1.6,8.0,WSW,S
8144,2026-07-16,10:45:00,1.6,9.7,SW,W
8145,2026-07-16,11:00:00,1.6,8.0,NW,WSW
8146,2026-07-16,11:15:00,1.6,9.7,WSW,WSW
8147,2026-07-16,11:30:00,1.6,6.4,SW,SW
8148,2026-07-16,11:45:00,1.6,9.7,NW,E
8149,2026-07-16,12:00:00,1.6,8.0,ESE,E
8150,2026-07-16,12:15:00,1.6,9.7,NW,E
8151,2026-07-16,12:30:00,1.6,8.0,NNW,NNW
8152,2026-07-16,12:45:00,1.6,6.4,WNW,NNW
8153,2026-07-16,13:00:00,3.2,9.7,E,E
8154,2026-07-16,13:15:00,3.2,14.5,S,E
8155,2026-07-16,13:30:00,4.8,19.3,S,WSW
8156,2026-07-16,13:45:00,3.2,16.1,S,WSW
8157,2026-07-16,14:00:00,4.8,14.5,WSW,WSW
8158,2026-07-16,14:15:00,3.2,14.5,SW,WSW
8159,2026-07-16,14:30:00,3.2,11.3,W,WSW
8160,2026-07-16,14:45:00,3.2,12.9,S,W
8161,2026-07-16,15:00:00,1.6,9.7,N,NNW
8162,2026-07-16,15:15:00,4.8,22.5,W,W
8163,2026-07-16,15:30:00,6.4,17.7,W,NW
8164,2026-07-16,15:45:00,4.8,19.3,W,NNW
8165,2026-07-16,16:00:00,8.0,25.7,WNW,W
8166,2026-07-16,16:15:00,9.7,20.9,W,WSW
8167,2026-07-16,16:30:00,6.4,19.3,WSW,W
8168,2026-07-16,16:45:00,3.2,12.9,W,WNW
8169,2026-07-16,17:00:00,3.2,9.7,NW,NNW
8170,2026-07-16,17:15:00,1.6,12.9,W,WSW
8171,2026-07-16,17:30:00,3.2,16.1,NW,NNW
8172,2026-07-16,17:45:00,1.6,6.4,NW,E
8173,2026-07-16,18:00:00,0.0,11.3,NNW,NNE
8174,2026-07-16,18:15:00,1.6,12.9,W,NW
8175,2026-07-16,18:30:00,1.6,11.3,N,NNW
8176,2026-07-16,18:45:00,3.2,12.9,NW,NNW
8177,2026-07-16,19:00:00,1.6,16.1,W,NNW
8178,2026-07-16,19:15:00,3.2,12.9,N,NNW
8179,2026-07-16,19:30:00,1.6,12.9,W,NNW
8180,2026-07-16,19:45:00,0.0,8.0,NNW,W
8181,2026-07-16,20:00:00,1.6,12.9,NW,WSW
8182,2026-07-16,20:15:00,1.6,11.3,WNW,W
8183,2026-07-16,20:30:00,1.6,8.0,WNW,W
8184,2026-07-16,20:45:00,1.6,9.7,WSW,WSW
8185,2026-07-16,21:00:00,0.0,8.0,WNW,WSW
8186,2026-07-16,21:15:00,0.0,4.8,SSW,WSW
8187,2026-07-16,21:30:00,0.0,4.8,SW,SW
8188,2026-07-16,21:45:00,0.0,3.2,WSW,WSW
8189,2026-07-16,22:00:00,0.0,6.4,SSW,SW
8190,2026-07-16,22:15:00,0.0,3.2,WSW,WSW
8191,2026-07-16,22:30:00,0.0,4.8,SW,SSW
8192,2026-07-16,22:45:00,0.0,6.4,SSW,SW
8193,2026-07-16,23:00:00,1.6,9.7,SSE,SW
8194,2026-07-16,23:15:00,0.0,6.4,SSW,SW
8195,2026-07-16,23:30:00,1.6,8.0,SW,WSW
8196,2026-07-16,23:45:00,3.2,12.9,W,WSW
8197,2026-07-17,00:15:00,3.2,11.3,WNW,W
8198,2026-07-17,00:30:00,1.6,6.4,W,W
8199,2026-07-17,00:45:00,0.0,6.4,W,W
8200,2026-07-17,01:00:00,0.0,6.4,SSW,WSW
8201,2026-07-17,01:15:00,1.6,8.0,SW,SW
8202,2026-07-17,01:30:00,1.6,8.0,SW,WSW
8203,2026-07-17,01:45:00,1.6,9.7,WSW,WSW
8204,2026-07-17,02:00:00,0.0,4.8,NNW,SW
8205,2026-07-17,02:15:00,0.0,6.4,SW,SSW
8206,2026-07-17,02:30:00,1.6,4.8,SSW,SW
8207,2026-07-17,02:45:00,1.6,4.8,SW,W
8208,2026-07-17,03:00:00,0.0,6.4,W,W
8209,2026-07-17,03:15:00,0.0,4.8,WSW,WSW
8210,2026-07-17,03:30:00,0.0,3.2,SW,WSW
8211,2026-07-17,03:45:00,0.0,6.4,S,SW
8212,2026-07-17,04:00:00,0.0,6.4,S,SW
8213,2026-07-17,04:15:00,0.0,3.2,W,W
8214,2026-07-17,04:30:00,1.6,6.4,S,SW
8215,2026-07-17,04:45:00,1.6,8.0,S,SW
8216,2026-07-17,05:00:00,0.0,1.6,SW,N
8217,2026-07-17,05:15:00,0.0,1.6,NW,W
8218,2026-07-17,05:30:00,0.0,8.0,SSW,W
8219,2026-07-17,05:45:00,0.0,4.8,SSW,SSW
8220,2026-07-17,06:00:00,0.0,4.8,SSW,WSW
8221,2026-07-17,06:15:00,0.0,8.0,SW,WSW
8222,2026-07-17,06:30:00,0.0,4.8,W,W
8223,2026-07-17,06:45:00,0.0,0.0,,
8224,2026-07-17,07:00:00,0.0,0.0,,
8225,2026-07-17,07:15:00,0.0,0.0,,
8226,2026-07-17,07:30:00,0.0,1.6,W,W
8227,2026-07-17,07:45:00,0.0,0.0,,
8228,2026-07-17,08:00:00,0.0,1.6,W,W
8229,2026-07-17,08:15:00,0.0,1.6,ENE,ENE
8230,2026-07-17,08:30:00,0.0,3.2,SW,SW
8231,2026-07-17,08:45:00,0.0,3.2,WNW,WNW
8232,2026-07-17,09:00:00,0.0,4.8,SW,WSW
8233,2026-07-17,09:15:00,1.6,6.4,E,E
8234,2026-07-17,09:30:00,1.6,4.8,E,E
8235,2026-07-17,09:45:00,0.0,1.6,SW,SW
8236,2026-07-17,10:00:00,0.0,4.8,SSW,NE
8237,2026-07-17,10:15:00,0.0,1.6,S,W
8238,2026-07-17,10:30:00,1.6,6.4,NW,NNW
8239,2026-07-17,10:45:00,0.0,4.8,NNW,E
8240,2026-07-17,11:00:00,0.0,4.8,WSW,WSW
8241,2026-07-17,11:15:00,0.0,6.4,WSW,WSW
8242,2026-07-17,11:30:00,0.0,6.4,E,E
8243,2026-07-17,11:45:00,1.6,8.0,E,W
8244,2026-07-17,12:00:00,1.6,9.7,W,NNW
8245,2026-07-17,12:15:00,1.6,8.0,SSW,NW
8246,2026-07-17,12:30:00,1.6,4.8,SSW,NNW
8247,2026-07-17,12:45:00,1.6,6.4,WNW,E
8248,2026-07-17,13:00:00,0.0,1.6,ESE,ESE
8249,2026-07-17,13:15:00,0.0,3.2,SSE,ESE
8250,2026-07-17,13:30:00,0.0,1.6,NNE,NNE
8251,2026-07-17,13:45:00,0.0,4.8,NNW,NNW
8252,2026-07-17,14:00:00,0.0,6.4,WSW,WSW
8253,2026-07-17,14:15:00,0.0,6.4,SSE,SSW
8254,2026-07-17,14:30:00,0.0,6.4,NNW,NNW
8255,2026-07-17,14:45:00,0.0,3.2,NNW,NNW
8256,2026-07-17,15:00:00,0.0,1.6,N,ENE
8257,2026-07-17,15:15:00,0.0,4.8,SE,E
8258,2026-07-17,15:30:00,0.0,6.4,ESE,W
8259,2026-07-17,15:45:00,0.0,1.6,E,E
8260,2026-07-17,16:00:00,3.2,16.1,WNW,W
8261,2026-07-17,16:15:00,1.6,12.9,W,NNW
8262,2026-07-17,16:30:00,3.2,14.5,SW,WSW
8263,2026-07-17,16:45:00,1.6,8.0,SW,W
8264,2026-07-17,17:00:00,3.2,14.5,WNW,W
8265,2026-07-17,17:15:00,3.2,17.7,WSW,W
8266,2026-07-17,17:30:00,1.6,9.7,WSW,WSW
8267,2026-07-17,17:45:00,0.0,8.0,W,WSW
8268,2026-07-17,18:00:00,1.6,11.3,WSW,WSW
8269,2026-07-17,18:15:00,1.6,9.7,NW,NNW
8270,2026-07-17,18:30:00,1.6,11.3,W,WSW
8271,2026-07-17,18:45:00,3.2,14.5,SW,NW
8272,2026-07-17,19:00:00,3.2,12.9,WNW,WSW
8273,2026-07-17,19:15:00,4.8,19.3,SSW,WSW
8274,2026-07-17,19:30:00,3.2,17.7,WSW,WSW
8275,2026-07-17,19:45:00,1.6,6.4,WNW,W
8276,2026-07-17,20:00:00,1.6,6.4,SW,W
8277,2026-07-17,20:15:00,1.6,9.7,SSW,W
8278,2026-07-17,20:30:00,1.6,8.0,W,W
8279,2026-07-17,20:45:00,1.6,8.0,SSE,WSW
8280,2026-07-17,21:00:00,1.6,6.4,W,WSW
8281,2026-07-17,21:15:00,1.6,9.7,SSW,SW
8282,2026-07-17,21:30:00,0.0,4.8,SSW,SW
8283,2026-07-17,21:45:00,0.0,4.8,SSW,SW
8284,2026-07-17,22:00:00,0.0,4.8,W,WSW
8285,2026-07-17,22:15:00,1.6,8.0,W,WSW
8286,2026-07-17,22:30:00,0.0,9.7,SSW,ENE
8287,2026-07-17,22:45:00,0.0,4.8,SSW,W
8288,2026-07-17,23:00:00,0.0,3.2,WSW,WSW
8289,2026-07-17,23:15:00,0.0,0.0,,
8290,2026-07-17,23:30:00,0.0,1.6,W,W
8291,2026-07-17,23:45:00,0.0,1.6,W,W
8292,2026-07-20,00:15:00,0.0,4.8,W,WNW
8293,2026-07-20,00:30:00,0.0,1.6,WNW,WNW
8294,2026-07-20,00:45:00,0.0,0.0,,
8295,2026-07-20,01:00:00,0.0,0.0,,
8296,2026-07-20,01:15:00,0.0,0.0,,
8297,2026-07-20,01:30:00,0.0,0.0,,
8298,2026-07-20,01:45:00,0.0,0.0,,
8299,2026-07-20,02:00:00,0.0,0.0,,
8300,2026-07-20,02:15:00,0.0,0.0,,
8301,2026-07-20,02:30:00,0.0,0.0,,
8302,2026-07-20,02:45:00,0.0,0.0,,
8303,2026-07-20,03:00:00,0.0,0.0,,
8304,2026-07-20,03:15:00,0.0,0.0,,
8305,2026-07-20,03:30:00,0.0,0.0,,
8306,2026-07-20,03:45:00,0.0,0.0,,
8307,2026-07-20,04:00:00,0.0,0.0,,
8308,2026-07-20,04:15:00,0.0,0.0,,
8309,2026-07-20,04:30:00,0.0,0.0,,
8310,2026-07-20,04:45:00,0.0,0.0,,
8311,2026-07-20,05:00:00,0.0,0.0,,
8312,2026-07-20,05:15:00,0.0,0.0,,
8313,2026-07-20,05:30:00,0.0,0.0,,
8314,2026-07-20,05:45:00,0.0,0.0,,
8315,2026-07-20,06:00:00,0.0,0.0,,
8316,2026-07-20,06:15:00,0.0,0.0,,
8317,2026-07-20,06:30:00,0.0,0.0,,
8318,2026-07-20,06:45:00,0.0,0.0,,
8319,2026-07-20,07:00:00,0.0,0.0,,
8320,2026-07-20,07:15:00,0.0,0.0,,
8321,2026-07-20,07:30:00,0.0,0.0,,
8322,2026-07-20,07:45:00,0.0,0.0,,
8323,2026-07-20,08:00:00,0.0,0.0,,
8324,2026-07-20,08:15:00,0.0,0.0,,
8325,2026-07-20,08:30:00,0.0,1.6,N,N
8326,2026-07-20,08:45:00,0.0,1.6,ENE,NE
8327,2026-07-20,09:00:00,0.0,3.2,E,E
8328,2026-07-20,09:15:00,0.0,1.6,ESE,E
8329,2026-07-20,09:30:00,0.0,3.2,E,NE
8330,2026-07-20,09:45:00,0.0,4.8,ENE,NE
8331,2026-07-20,10:00:00,0.0,8.0,W,W
8332,2026-07-20,10:15:00,0.0,4.8,NNW,NW
8333,2026-07-20,10:30:00,0.0,6.4,NW,ENE
8334,2026-07-20,10:45:00,1.6,6.4,NW,NW
8335,2026-07-20,11:00:00,0.0,4.8,NNW,W
8336,2026-07-20,11:15:00,0.0,6.4,WSW,SW
8337,2026-07-20,11:30:00,1.6,6.4,NNW,NW
8338,2026-07-20,11:45:00,1.6,4.8,NNW,NNW
8339,2026-07-20,12:00:00,1.6,9.7,WSW,NNE
8340,2026-07-20,12:15:00,0.0,4.8,ENE,NW
8341,2026-07-20,12:30:00,1.6,8.0,NNW,W
8342,2026-07-20,12:45:00,1.6,8.0,NE,WSW
8343,2026-07-20,13:00:00,1.6,9.7,WSW,SW
8344,2026-07-20,13:15:00,3.2,17.7,NW,W
8345,2026-07-20,13:30:00,3.2,17.7,NNW,W
8346,2026-07-20,13:45:00,3.2,14.5,NNW,W
8347,2026-07-20,14:00:00,1.6,9.7,NNW,SSW
8348,2026-07-20,14:15:00,3.2,12.9,WSW,WNW
8349,2026-07-20,14:30:00,1.6,8.0,SW,SSW
8350,2026-07-20,14:45:00,3.2,14.5,W,SW
8351,2026-07-20,15:00:00,1.6,11.3,E,SW
8352,2026-07-20,15:15:00,1.6,9.7,SSW,SW
8353,2026-07-20,15:30:00,3.2,17.7,WSW,W
8354,2026-07-20,15:45:00,4.8,22.5,W,ESE
8355,2026-07-20,16:00:00,6.4,17.7,WSW,NNW
8356,2026-07-20,16:15:00,4.8,19.3,WSW,WSW
8357,2026-07-20,16:30:00,6.4,27.4,NNW,W
8358,2026-07-20,16:45:00,6.4,22.5,NNW,SW
8359,2026-07-20,17:00:00,1.6,9.7,E,N
8360,2026-07-20,17:15:00,3.2,11.3,E,ESE
8361,2026-07-20,17:30:00,0.0,6.4,E,ESE
8362,2026-07-20,17:45:00,1.6,11.3,E,ESE
8363,2026-07-20,18:00:00,4.8,14.5,E,ENE
8364,2026-07-20,18:15:00,1.6,11.3,E,ESE
8365,2026-07-20,18:30:00,1.6,9.7,E,ENE
8366,2026-07-20,18:45:00,0.0,4.8,E,E
8367,2026-07-20,19:00:00,0.0,4.8,NNE,SW
8368,2026-07-20,19:15:00,0.0,1.6,W,W
8369,2026-07-20,19:30:00,0.0,1.6,W,NNW
8370,2026-07-20,19:45:00,0.0,0.0,,
8371,2026-07-20,20:00:00,0.0,1.6,WNW,WNW
8372,2026-07-20,20:15:00,0.0,3.2,W,W
8373,2026-07-20,20:30:00,0.0,0.0,,
8374,2026-07-20,20:45:00,0.0,0.0,,
8375,2026-07-20,21:00:00,0.0,1.6,NNW,NNW
8376,2026-07-20,21:15:00,0.0,0.0,,
8377,2026-07-20,21:30:00,0.0,0.0,,
8378,2026-07-20,21:45:00,0.0,0.0,,
8379,2026-07-20,22:00:00,0.0,0.0,,
8380,2026-07-20,22:15:00,0.0,0.0,,
8381,2026-07-20,22:30:00,0.0,0.0,,
8382,2026-07-20,22:45:00,0.0,0.0,,
8383,2026-07-20,23:00:00,0.0,0.0,,
8384,2026-07-20,23:15:00,0.0,0.0,,
8385,2026-07-20,23:30:00,0.0,0.0,,
8386,2026-07-20,23:45:00,0.0,0.0,,
8387,2026-07-21,00:15:00,0.0,0.0,,
8388,2026-07-21,00:30:00,0.0,0.0,,
8389,2026-07-21,00:45:00,0.0,0.0,,
8390,2026-07-21,01:00:00,0.0,0.0,,
8391,2026-07-21,01:15:00,0.0,0.0,,
8392,2026-07-21,01:30:00,0.0,0.0,,
8393,2026-07-21,01:45:00,0.0,0.0,,
8394,2026-07-21,02:00:00,0.0,0.0,,
8395,2026-07-21,02:15:00,0.0,0.0,,
8396,2026-07-21,02:30:00,0.0,0.0,,
8397,2026-07-21,02:45:00,0.0,0.0,,
8398,2026-07-21,03:00:00,0.0,0.0,,
8399,2026-07-21,03:15:00,0.0,0.0,,
8400,2026-07-21,03:30:00,0.0,0.0,,
8401,2026-07-21,03:45:00,0.0,0.0,,
8402,2026-07-21,04:00:00,0.0,0.0,,
8403,2026-07-21,04:15:00,0.0,0.0,,
8404,2026-07-21,04:30:00,0.0,0.0,,
8405,2026-07-21,04:45:00,0.0,0.0,,
8406,2026-07-21,05:00:00,0.0,0.0,,
8407,2026-07-21,05:15:00,0.0,0.0,,
8408,2026-07-21,05:30:00,0.0,0.0,,
8409,2026-07-21,05:45:00,0.0,0.0,,
8410,2026-07-21,06:00:00,0.0,0.0,,
8411,2026-07-21,06:15:00,0.0,0.0,,
8412,2026-07-21,06:30:00,0.0,0.0,,
8413,2026-07-21,06:45:00,0.0,0.0,,
8414,2026-07-21,07:00:00,0.0,0.0,,
8415,2026-07-21,07:15:00,0.0,0.0,,
8416,2026-07-21,07:30:00,0.0,0.0,,
8417,2026-07-21,07:45:00,0.0,0.0,,
8418,2026-07-21,08:00:00,0.0,0.0,,
8419,2026-07-21,08:15:00,0.0,1.6,ENE,ENE
8420,2026-07-21,08:30:00,0.0,0.0,,
8421,2026-07-21,08:45:00,0.0,3.2,WSW,SW
8422,2026-07-21,09:00:00,0.0,1.6,N,N
8423,2026-07-21,09:15:00,0.0,3.2,WSW,WSW
8424,2026-07-21,09:30:00,1.6,9.7,W,W
8425,2026-07-21,09:45:00,0.0,1.6,ESE,S
8426,2026-07-21,10:00:00,0.0,6.4,E,WSW
8427,2026-07-21,10:15:00,1.6,8.0,W,WSW
8428,2026-07-21,10:30:00,0.0,8.0,WSW,SW
8429,2026-07-21,10:45:00,1.6,8.0,W,W
8430,2026-07-21,11:00:00,1.6,16.1,WSW,WSW
8431,2026-07-21,11:15:00,3.2,16.1,W,W
8432,2026-07-21,11:30:00,3.2,12.9,WSW,WSW
8433,2026-07-21,11:45:00,3.2,12.9,WSW,W
8434,2026-07-21,12:00:00,1.6,12.9,WSW,WNW
8435,2026-07-21,12:15:00,3.2,12.9,W,W
8436,2026-07-21,12:30:00,3.2,12.9,SW,S
8437,2026-07-21,12:45:00,4.8,20.9,W,W
8438,2026-07-21,13:00:00,4.8,20.9,WSW,W
8439,2026-07-21,13:15:00,6.4,16.1,WSW,NW
8440,2026-07-21,13:30:00,3.2,12.9,WSW,W
8441,2026-07-21,13:45:00,4.8,14.5,WSW,WSW
8442,2026-07-21,14:00:00,4.8,12.9,W,NW
8443,2026-07-21,14:15:00,6.4,17.7,WSW,W
8444,2026-07-21,14:30:00,3.2,11.3,W,WSW
8445,2026-07-21,14:45:00,6.4,16.1,W,SW
8446,2026-07-21,15:00:00,4.8,22.5,WSW,NW
8447,2026-07-21,15:15:00,6.4,20.9,W,SW
8448,2026-07-21,15:30:00,6.4,25.7,W,WSW
8449,2026-07-21,15:45:00,4.8,19.3,WSW,WSW
8450,2026-07-21,16:00:00,4.8,19.3,WSW,WSW
8451,2026-07-21,16:15:00,4.8,24.1,WSW,N
8452,2026-07-21,16:30:00,8.0,24.1,WSW,WNW
8453,2026-07-21,16:45:00,3.2,16.1,NW,W
8454,2026-07-21,17:00:00,4.8,19.3,W,SW
8455,2026-07-21,17:15:00,8.0,24.1,WSW,S
8456,2026-07-21,17:30:00,6.4,16.1,W,S
8457,2026-07-21,17:45:00,4.8,17.7,NW,W
8458,2026-07-21,18:00:00,3.2,12.9,NNW,NW
8459,2026-07-21,18:15:00,3.2,16.1,NW,WSW
8460,2026-07-21,18:30:00,3.2,14.5,W,WNW
8461,2026-07-21,18:45:00,3.2,9.7,NNW,NNW
8462,2026-07-21,19:00:00,0.0,6.4,NW,W
8463,2026-07-21,19:15:00,1.6,20.9,NNW,WNW
8464,2026-07-21,19:30:00,1.6,14.5,NNW,SW
8465,2026-07-21,19:45:00,0.0,4.8,W,NNW
8466,2026-07-21,20:00:00,1.6,9.7,WSW,SW
8467,2026-07-21,20:15:00,0.0,6.4,W,WNW
8468,2026-07-21,20:30:00,0.0,6.4,WNW,W
8469,2026-07-21,20:45:00,0.0,6.4,W,WSW
8470,2026-07-21,21:00:00,1.6,8.0,WSW,WSW
8471,2026-07-21,21:15:00,1.6,8.0,W,NW
8472,2026-07-21,21:30:00,0.0,4.8,W,WSW
8473,2026-07-21,21:45:00,1.6,8.0,WSW,S
8474,2026-07-21,22:00:00,1.6,8.0,W,WNW
8475,2026-07-21,22:15:00,1.6,6.4,WSW,NW
8476,2026-07-21,22:30:00,0.0,4.8,W,W
8477,2026-07-21,22:45:00,1.6,9.7,WSW,WSW
8478,2026-07-21,23:00:00,1.6,8.0,WSW,S
8479,2026-07-21,23:15:00,1.6,12.9,WSW,W
8480,2026-07-21,23:30:00,3.2,9.7,WSW,WSW
8481,2026-07-21,23:45:00,3.2,9.7,WSW,WNW
8482,2026-07-22,00:15:00,1.6,8.0,WSW,SSW
8483,2026-07-22,00:30:00,1.6,9.7,W,WSW
8484,2026-07-22,00:45:00,1.6,8.0,WSW,W
8485,2026-07-22,01:00:00,1.6,8.0,WSW,W
8486,2026-07-22,01:15:00,0.0,4.8,SW,SW
8487,2026-07-22,01:30:00,0.0,6.4,W,W
8488,2026-07-22,01:45:00,0.0,6.4,W,WSW
8489,2026-07-22,02:00:00,0.0,3.2,WNW,SSW
8490,2026-07-22,02:15:00,0.0,6.4,W,WSW
8491,2026-07-22,02:30:00,0.0,4.8,WSW,W
8492,2026-07-22,02:45:00,0.0,4.8,SW,SW
8493,2026-07-22,03:00:00,0.0,0.0,,
8494,2026-07-22,03:15:00,0.0,1.6,W,W
8495,2026-07-22,03:30:00,0.0,1.6,W,W
8496,2026-07-22,03:45:00,0.0,1.6,W,W
8497,2026-07-22,04:00:00,0.0,1.6,N,N
8498,2026-07-22,04:15:00,0.0,1.6,ENE,ENE
8499,2026-07-22,04:30:00,0.0,0.0,,
8500,2026-07-22,04:45:00,0.0,0.0,,
8501,2026-07-22,05:00:00,0.0,0.0,,
8502,2026-07-22,05:15:00,0.0,0.0,,
8503,2026-07-22,05:30:00,0.0,0.0,,
8504,2026-07-22,05:45:00,0.0,0.0,,
8505,2026-07-22,06:00:00,0.0,0.0,,
8506,2026-07-22,06:15:00,0.0,0.0,,
8507,2026-07-22,06:30:00,0.0,0.0,,
8508,2026-07-22,06:45:00,0.0,0.0,,
8509,2026-07-22,07:00:00,0.0,0.0,,
8510,2026-07-22,07:15:00,0.0,0.0,,
8511,2026-07-22,07:30:00,0.0,3.2,W,W
8512,2026-07-22,07:45:00,0.0,1.6,WNW,NW
8513,2026-07-22,08:00:00,0.0,6.4,WSW,WSW
8514,2026-07-22,08:15:00,0.0,4.8,WSW,W
8515,2026-07-22,08:30:00,0.0,1.6,WSW,WSW
8516,2026-07-22,08:45:00,1.6,8.0,ENE,SSW
8517,2026-07-22,09:00:00,1.6,8.0,W,WSW
8518,2026-07-22,09:15:00,0.0,6.4,W,SSW
8519,2026-07-22,09:30:00,0.0,4.8,W,WNW
8520,2026-07-22,09:45:00,1.6,8.0,WSW,WSW
8521,2026-07-22,10:00:00,1.6,11.3,SSW,S
8522,2026-07-22,10:15:00,1.6,8.0,NNW,NW
8523,2026-07-22,10:30:00,1.6,6.4,W,NNW
8524,2026-07-22,10:45:00,1.6,9.7,NNW,NW
8525,2026-07-22,11:00:00,0.0,4.8,E,NE
8526,2026-07-22,11:15:00,1.6,6.4,ENE,E
8527,2026-07-22,11:30:00,1.6,8.0,E,E
8528,2026-07-22,11:45:00,1.6,6.4,E,SE
8529,2026-07-22,12:00:00,0.0,6.4,E,ESE
8530,2026-07-22,12:15:00,1.6,6.4,E,ESE
8531,2026-07-22,12:30:00,3.2,9.7,E,W
8532,2026-07-22,12:45:00,1.6,11.3,NNW,WSW
8533,2026-07-22,13:00:00,1.6,8.0,W,NW
8534,2026-07-22,13:15:00,0.0,4.8,NNW,SSW
8535,2026-07-22,13:30:00,1.6,8.0,E,E
8536,2026-07-22,13:45:00,1.6,8.0,WSW,NW
8537,2026-07-22,14:00:00,1.6,8.0,WSW,SW
8538,2026-07-22,14:15:00,1.6,14.5,E,S
8539,2026-07-22,14:30:00,1.6,9.7,WSW,WNW
8540,2026-07-22,14:45:00,3.2,9.7,W,W
8541,2026-07-22,15:00:00,1.6,8.0,E,E
8542,2026-07-22,15:15:00,3.2,9.7,ESE,S
8543,2026-07-22,15:30:00,1.6,9.7,E,E
8544,2026-07-22,15:45:00,0.0,6.4,NNW,NNW
8545,2026-07-22,16:00:00,1.6,6.4,NNW,NW
8546,2026-07-22,16:15:00,1.6,6.4,NNW,NNW
8547,2026-07-22,16:30:00,1.6,6.4,NNW,NW
8548,2026-07-22,16:45:00,1.6,11.3,NNW,N
8549,2026-07-22,17:00:00,3.2,12.9,W,W
8550,2026-07-22,17:15:00,6.4,24.1,W,WNW
8551,2026-07-22,17:30:00,8.0,22.5,WSW,SW
8552,2026-07-22,17:45:00,8.0,24.1,WSW,WNW
8553,2026-07-22,18:00:00,4.8,19.3,NW,NW
8554,2026-07-22,18:15:00,0.0,9.7,NNW,N
8555,2026-07-22,18:30:00,1.6,14.5,NNW,NNW
8556,2026-07-22,18:45:00,3.2,17.7,NNW,NW
8557,2026-07-22,19:00:00,1.6,11.3,NNW,NW
8558,2026-07-22,19:15:00,0.0,4.8,NW,NW
8559,2026-07-22,19:30:00,4.8,17.7,WSW,SSW
8560,2026-07-22,19:45:00,4.8,19.3,W,WSW
8561,2026-07-22,20:00:00,0.0,4.8,W,WSW
8562,2026-07-22,20:15:00,0.0,0.0,,
8563,2026-07-22,20:30:00,0.0,3.2,NW,WNW
8564,2026-07-22,20:45:00,0.0,4.8,W,W
8565,2026-07-22,21:00:00,0.0,3.2,W,W
8566,2026-07-22,21:15:00,0.0,0.0,,
8567,2026-07-22,21:30:00,0.0,0.0,,
8568,2026-07-22,21:45:00,0.0,3.2,SW,WSW
8569,2026-07-22,22:00:00,1.6,6.4,SSW,S
8570,2026-07-22,22:15:00,0.0,3.2,WSW,NW
8571,2026-07-22,22:30:00,0.0,1.6,WSW,WSW
8572,2026-07-22,22:45:00,0.0,3.2,SSW,SSW
8573,2026-07-22,23:00:00,0.0,0.0,,
8574,2026-07-22,23:15:00,0.0,3.2,SSW,SSW
8575,2026-07-22,23:30:00,0.0,1.6,NW,SSW
8576,2026-07-22,23:45:00,0.0,1.6,W,W
8577,2026-07-23,00:15:00,0.0,0.0,,
8578,2026-07-23,00:30:00,0.0,0.0,,
8579,2026-07-23,00:45:00,0.0,0.0,,
8580,2026-07-23,01:00:00,0.0,0.0,,
8581,2026-07-23,01:15:00,0.0,0.0,,
8582,2026-07-23,01:30:00,0.0,0.0,,
8583,2026-07-23,01:45:00,0.0,0.0,,
8584,2026-07-23,02:00:00,0.0,0.0,,
8585,2026-07-23,02:15:00,0.0,0.0,,
8586,2026-07-23,02:30:00,0.0,0.0,,
8587,2026-07-23,02:45:00,0.0,0.0,,
8588,2026-07-23,03:00:00,0.0,0.0,,
8589,2026-07-23,03:15:00,0.0,0.0,,
8590,2026-07-23,03:30:00,0.0,1.6,W,W
8591,2026-07-23,03:45:00,0.0,0.0,,
8592,2026-07-23,04:00:00,0.0,0.0,,
8593,2026-07-23,04:15:00,0.0,0.0,,
8594,2026-07-23,04:30:00,0.0,0.0,,
8595,2026-07-23,04:45:00,0.0,0.0,,
8596,2026-07-23,05:00:00,0.0,0.0,,
8597,2026-07-23,05:15:00,0.0,1.6,W,W
8598,2026-07-23,05:30:00,0.0,0.0,,
8599,2026-07-23,05:45:00,0.0,0.0,,
8600,2026-07-23,06:00:00,0.0,0.0,,
8601,2026-07-23,06:15:00,0.0,0.0,,
8602,2026-07-23,06:30:00,0.0,0.0,,
8603,2026-07-23,06:45:00,0.0,1.6,W,W
8604,2026-07-23,07:00:00,0.0,0.0,,
8605,2026-07-23,07:15:00,0.0,0.0,,
8606,2026-07-23,07:30:00,0.0,0.0,,
8607,2026-07-23,07:45:00,0.0,0.0,,
8608,2026-07-23,08:00:00,0.0,4.8,SW,SW
8609,2026-07-23,08:15:00,0.0,4.8,WSW,WSW
8610,2026-07-23,08:30:00,0.0,1.6,WNW,WSW
8611,2026-07-23,08:45:00,1.6,4.8,W,W
8612,2026-07-23,09:00:00,1.6,4.8,W,WSW
8613,2026-07-23,09:15:00,0.0,3.2,N,N
8614,2026-07-23,09:30:00,0.0,4.8,SSW,SW
8615,2026-07-23,09:45:00,1.6,6.4,WSW,WSW
8616,2026-07-23,10:00:00,0.0,6.4,E,E
8617,2026-07-23,10:15:00,0.0,8.0,WSW,SW
8618,2026-07-23,10:30:00,0.0,4.8,WSW,SW
8619,2026-07-23,10:45:00,0.0,6.4,NNW,NNW
8620,2026-07-23,11:00:00,1.6,8.0,NNW,NW
8621,2026-07-23,11:15:00,1.6,6.4,ENE,NW
8622,2026-07-23,11:30:00,0.0,8.0,WSW,WSW
8623,2026-07-23,11:45:00,1.6,11.3,E,WSW
8624,2026-07-23,12:00:00,1.6,6.4,ESE,E
8625,2026-07-23,12:15:00,1.6,8.0,E,E
8626,2026-07-23,12:30:00,1.6,6.4,E,E
8627,2026-07-23,12:45:00,1.6,9.7,WSW,WSW
8628,2026-07-23,13:00:00,1.6,11.3,W,WSW
8629,2026-07-23,13:15:00,1.6,11.3,NNW,WSW
8630,2026-07-23,13:30:00,3.2,14.5,NNW,NW
8631,2026-07-23,13:45:00,0.0,4.8,SSW,NNW
8632,2026-07-23,14:00:00,1.6,8.0,NNW,NNE
8633,2026-07-23,14:15:00,1.6,11.3,NW,NW
8634,2026-07-23,14:30:00,1.6,8.0,ESE,WNW
8635,2026-07-23,14:45:00,1.6,11.3,WSW,SW
8636,2026-07-23,15:00:00,3.2,12.9,W,W
8637,2026-07-23,15:15:00,4.8,19.3,W,WSW
8638,2026-07-23,15:30:00,4.8,16.1,WSW,WNW
8639,2026-07-23,15:45:00,4.8,22.5,WSW,SSW
8640,2026-07-23,16:00:00,4.8,12.9,WSW,WNW
8641,2026-07-23,16:15:00,6.4,20.9,WSW,WNW
8642,2026-07-23,16:30:00,8.0,22.5,W,SSW
8643,2026-07-23,16:45:00,4.8,19.3,NNW,SSW
8644,2026-07-23,17:00:00,6.4,19.3,W,WSW
8645,2026-07-23,17:15:00,4.8,20.9,NW,WSW
8646,2026-07-23,17:30:00,6.4,25.7,W,WSW
8647,2026-07-23,17:45:00,4.8,16.1,NNW,W
8648,2026-07-23,18:00:00,3.2,17.7,NW,WNW
8649,2026-07-23,18:15:00,3.2,17.7,NNW,W
8650,2026-07-23,18:30:00,3.2,11.3,W,WSW
8651,2026-07-23,18:45:00,1.6,11.3,NNW,NW
8652,2026-07-23,19:00:00,0.0,6.4,W,NW
8653,2026-07-23,19:15:00,1.6,11.3,WSW,WNW
8654,2026-07-23,19:30:00,3.2,11.3,W,NNW
8655,2026-07-23,19:45:00,1.6,9.7,WNW,WSW
8656,2026-07-23,20:00:00,3.2,12.9,W,WSW
8657,2026-07-23,20:15:00,4.8,19.3,W,W
8658,2026-07-23,20:30:00,3.2,16.1,WSW,WSW
8659,2026-07-23,20:45:00,4.8,14.5,WSW,SW
8660,2026-07-23,21:00:00,1.6,9.7,W,SW
8661,2026-07-23,21:15:00,0.0,6.4,W,SSE
8662,2026-07-23,21:30:00,0.0,6.4,W,WSW
8663,2026-07-23,21:45:00,1.6,6.4,WSW,W
8664,2026-07-23,22:00:00,3.2,9.7,WSW,WSW
8665,2026-07-23,22:15:00,3.2,12.9,WSW,SSW
8666,2026-07-23,22:30:00,1.6,9.7,SW,SW
8667,2026-07-23,22:45:00,1.6,12.9,WSW,S
8668,2026-07-23,23:00:00,1.6,9.7,SW,SSW
8669,2026-07-23,23:15:00,1.6,6.4,W,SSE
8670,2026-07-23,23:30:00,1.6,6.4,W,SSW
8671,2026-07-23,23:45:00,0.0,6.4,WSW,SW
8672,2026-07-24,00:15:00,1.6,6.4,W,SSW
8673,2026-07-24,00:30:00,1.6,8.0,SW,S
8674,2026-07-24,00:45:00,0.0,6.4,WSW,SW
8675,2026-07-24,01:00:00,0.0,4.8,SSW,S
8676,2026-07-24,01:15:00,1.6,9.7,W,W
8677,2026-07-24,01:30:00,0.0,9.7,WSW,WNW
8678,2026-07-24,01:45:00,1.6,6.4,WSW,SSW
8679,2026-07-24,02:00:00,0.0,8.0,SSW,SSW
8680,2026-07-24,02:15:00,0.0,3.2,SSW,WSW
8681,2026-07-24,02:30:00,0.0,1.6,SW,SW
8682,2026-07-24,02:45:00,0.0,0.0,,
8683,2026-07-24,03:00:00,0.0,0.0,,
8684,2026-07-24,03:15:00,0.0,0.0,,
8685,2026-07-24,03:30:00,0.0,0.0,,
8686,2026-07-24,03:45:00,0.0,0.0,,
8687,2026-07-24,04:00:00,0.0,0.0,,
8688,2026-07-24,04:15:00,0.0,0.0,,
8689,2026-07-24,04:30:00,0.0,0.0,,
8690,2026-07-24,04:45:00,0.0,0.0,,
8691,2026-07-24,05:00:00,0.0,0.0,,
8692,2026-07-24,05:15:00,0.0,0.0,,
8693,2026-07-24,05:30:00,0.0,0.0,,
8694,2026-07-24,05:45:00,0.0,0.0,,
8695,2026-07-24,06:00:00,0.0,0.0,,
8696,2026-07-24,06:15:00,0.0,0.0,,
8697,2026-07-24,06:30:00,0.0,0.0,,
8698,2026-07-24,06:45:00,0.0,0.0,,
8699,2026-07-24,07:00:00,0.0,0.0,,
8700,2026-07-24,07:15:00,0.0,3.2,WNW,W
8701,2026-07-24,07:30:00,0.0,3.2,W,W
8702,2026-07-24,07:45:00,0.0,0.0,,
8703,2026-07-24,08:00:00,0.0,0.0,,
8704,2026-07-24,08:15:00,0.0,1.6,W,W
8705,2026-07-24,08:30:00,0.0,1.6,W,W
8706,2026-07-24,08:45:00,0.0,1.6,WNW,WNW
8707,2026-07-24,09:00:00,0.0,1.6,NNE,WNW
8708,2026-07-24,09:15:00,0.0,4.8,ESE,WSW
8709,2026-07-24,09:30:00,1.6,8.0,WSW,W
8710,2026-07-24,09:45:00,0.0,4.8,E,E
8711,2026-07-24,10:00:00,1.6,6.4,NNW,NNW
8712,2026-07-24,10:15:00,0.0,3.2,N,N
8713,2026-07-24,10:30:00,1.6,9.7,ENE,SW
8714,2026-07-24,10:45:00,1.6,6.4,NNW,WSW
8715,2026-07-24,11:00:00,1.6,8.0,WSW,WNW
8716,2026-07-24,11:15:00,1.6,9.7,NNW,WSW
8717,2026-07-24,11:30:00,1.6,9.7,WSW,WSW
8718,2026-07-24,11:45:00,1.6,8.0,W,WSW
8719,2026-07-24,12:00:00,0.0,6.4,N,WNW
8720,2026-07-24,12:15:00,1.6,8.0,E,SE
8721,2026-07-24,12:30:00,1.6,11.3,E,WNW
8722,2026-07-24,12:45:00,3.2,16.1,NW,NW
8723,2026-07-24,13:00:00,3.2,16.1,NNW,NW
8724,2026-07-24,13:15:00,1.6,12.9,NNW,WNW
8725,2026-07-24,13:30:00,1.6,8.0,E,NNW
8726,2026-07-24,13:45:00,1.6,9.7,NNW,NW
8727,2026-07-24,14:00:00,1.6,9.7,NNW,WNW
8728,2026-07-24,14:15:00,1.6,9.7,E,NW
8729,2026-07-24,14:30:00,1.6,8.0,ESE,ESE
8730,2026-07-24,14:45:00,1.6,9.7,NNW,NNW
8731,2026-07-24,15:00:00,1.6,8.0,NW,SSE
8732,2026-07-24,15:15:00,1.6,6.4,E,N
8733,2026-07-24,15:30:00,4.8,11.3,WSW,SW
8734,2026-07-24,15:45:00,4.8,12.9,WSW,W
8735,2026-07-24,16:00:00,4.8,11.3,WSW,WSW
8736,2026-07-24,16:15:00,4.8,19.3,W,WNW
8737,2026-07-24,16:30:00,6.4,25.7,WSW,NW
8738,2026-07-24,16:45:00,4.8,16.1,WSW,WNW
8739,2026-07-24,17:00:00,6.4,17.7,WSW,WSW
8740,2026-07-24,17:15:00,4.8,16.1,W,SSE
8741,2026-07-24,17:30:00,6.4,16.1,WSW,SW
8742,2026-07-24,17:45:00,4.8,16.1,W,W
8743,2026-07-24,18:00:00,3.2,16.1,NNW,W
8744,2026-07-24,18:15:00,3.2,11.3,NNW,WSW
8745,2026-07-24,18:30:00,1.6,8.0,WNW,SW
8746,2026-07-24,18:45:00,0.0,11.3,NW,NW
8747,2026-07-24,19:00:00,3.2,16.1,NW,WNW
8748,2026-07-24,19:15:00,1.6,8.0,NNW,WNW
8749,2026-07-24,19:30:00,1.6,14.5,NNW,WNW
8750,2026-07-24,19:45:00,3.2,14.5,W,WSW
8751,2026-07-24,20:00:00,4.8,16.1,WSW,W
8752,2026-07-24,20:15:00,1.6,9.7,W,SW
8753,2026-07-24,20:30:00,1.6,11.3,W,NNW
8754,2026-07-24,20:45:00,3.2,11.3,WSW,W
8755,2026-07-24,21:00:00,0.0,8.0,SW,SW
8756,2026-07-24,21:15:00,0.0,3.2,SSE,SSW
8757,2026-07-24,21:30:00,0.0,1.6,NW,NW
8758,2026-07-24,21:45:00,0.0,4.8,WNW,W
8759,2026-07-24,22:00:00,0.0,3.2,WSW,WSW
8760,2026-07-24,22:15:00,1.6,6.4,WSW,WSW
8761,2026-07-24,22:30:00,0.0,6.4,W,WSW
8762,2026-07-24,22:45:00,1.6,6.4,W,S
8763,2026-07-24,23:00:00,1.6,4.8,WSW,WSW
8764,2026-07-24,23:15:00,1.6,6.4,WSW,SSE
8765,2026-07-24,23:30:00,1.6,8.0,WSW,SSW
8766,2026-07-24,23:45:00,1.6,4.8,W,WSW
8767,2026-07-25,00:15:00,0.0,4.8,WSW,WSW
8768,2026-07-25,00:30:00,1.6,9.7,WSW,W
8769,2026-07-25,00:45:00,1.6,9.7,WSW,SSE
8770,2026-07-25,01:00:00,1.6,8.0,WSW,SSW
8771,2026-07-25,01:15:00,0.0,8.0,SW,S
8772,2026-07-25,01:30:00,1.6,9.7,WSW,SW
8773,2026-07-25,01:45:00,1.6,9.7,W,SW
8774,2026-07-25,02:00:00,1.6,8.0,SW,W
8775,2026-07-25,02:15:00,1.6,8.0,WSW,SSW
8776,2026-07-25,02:30:00,1.6,8.0,WSW,NW
8777,2026-07-25,02:45:00,1.6,9.7,W,W
8778,2026-07-25,03:00:00,1.6,6.4,W,WNW
8779,2026-07-25,03:15:00,1.6,9.7,W,W
8780,2026-07-25,03:30:00,1.6,6.4,W,W
8781,2026-07-25,03:45:00,1.6,6.4,W,W
8782,2026-07-25,04:00:00,0.0,1.6,WSW,WSW
8783,2026-07-25,04:15:00,0.0,4.8,W,WSW
8784,2026-07-25,04:30:00,1.6,6.4,W,WSW
8785,2026-07-25,04:45:00,0.0,4.8,W,WSW
8786,2026-07-25,05:00:00,0.0,3.2,WNW,W
8787,2026-07-25,05:15:00,0.0,6.4,W,W
8788,2026-07-25,05:30:00,0.0,4.8,WSW,SW
8789,2026-07-25,05:45:00,0.0,4.8,SW,SW
8790,2026-07-25,06:00:00,0.0,4.8,SSW,SSW
8791,2026-07-25,06:15:00,0.0,4.8,SSW,SSE
8792,2026-07-25,06:30:00,0.0,1.6,ENE,ENE
8793,2026-07-25,06:45:00,0.0,1.6,ESE,ESE
8794,2026-07-25,07:00:00,0.0,3.2,WSW,SW
8795,2026-07-25,07:15:00,0.0,4.8,SW,SSW
8796,2026-07-25,07:30:00,1.6,6.4,WSW,WSW
8797,2026-07-25,07:45:00,1.6,6.4,W,W
8798,2026-07-25,08:00:00,0.0,4.8,WSW,WSW
8799,2026-07-25,08:15:00,0.0,6.4,W,WSW
8800,2026-07-25,08:30:00,1.6,9.7,W,W
8801,2026-07-25,08:45:00,1.6,8.0,WSW,SW
8802,2026-07-25,09:00:00,0.0,1.6,NNW,NE
8803,2026-07-25,09:15:00,1.6,9.7,WSW,WSW
8804,2026-07-25,09:30:00,1.6,9.7,SW,SW
8805,2026-07-25,09:45:00,1.6,9.7,WSW,WSW
8806,2026-07-25,10:00:00,1.6,8.0,W,SW
8807,2026-07-25,10:15:00,1.6,8.0,NNW,W
8808,2026-07-25,10:30:00,1.6,8.0,WSW,S
8809,2026-07-25,10:45:00,1.6,8.0,NNW,N
8810,2026-07-25,11:00:00,1.6,8.0,NW,NNW
8811,2026-07-25,11:15:00,1.6,9.7,W,WSW
8812,2026-07-25,11:30:00,1.6,6.4,NNW,WSW
8813,2026-07-25,11:45:00,1.6,11.3,NNW,WSW
8814,2026-07-25,12:00:00,1.6,8.0,ENE,S
8815,2026-07-25,12:15:00,3.2,14.5,W,WSW
8816,2026-07-25,12:30:00,1.6,8.0,WSW,SW
8817,2026-07-25,12:45:00,1.6,9.7,NNW,NW
8818,2026-07-25,13:00:00,3.2,17.7,NW,SSE
8819,2026-07-25,13:15:00,3.2,16.1,NNW,WNW
8820,2026-07-25,13:30:00,1.6,14.5,NNW,WSW
8821,2026-07-25,13:45:00,4.8,16.1,W,SSE
8822,2026-07-25,14:00:00,1.6,11.3,NNW,NNW
8823,2026-07-25,14:15:00,3.2,19.3,WSW,SW
8824,2026-07-25,14:30:00,3.2,11.3,WSW,WNW
8825,2026-07-25,14:45:00,4.8,19.3,NNW,WNW
8826,2026-07-25,15:00:00,6.4,17.7,WSW,SSW
8827,2026-07-25,15:15:00,4.8,14.5,WSW,WSW
8828,2026-07-25,15:30:00,6.4,25.7,WSW,W
8829,2026-07-25,15:45:00,4.8,20.9,WSW,NW
8830,2026-07-25,16:00:00,4.8,16.1,NNW,WSW
8831,2026-07-25,16:15:00,3.2,14.5,WNW,WSW
8832,2026-07-25,16:30:00,6.4,16.1,W,WNW
8833,2026-07-25,16:45:00,4.8,17.7,NW,WNW
8834,2026-07-25,17:00:00,4.8,14.5,W,W
8835,2026-07-25,17:15:00,4.8,19.3,W,W
8836,2026-07-25,17:30:00,4.8,17.7,WSW,NW
8837,2026-07-25,17:45:00,4.8,16.1,NNW,SW
8838,2026-07-25,18:00:00,4.8,12.9,W,SW
8839,2026-07-25,18:15:00,4.8,20.9,W,S
8840,2026-07-25,18:30:00,4.8,19.3,NNW,WSW
8841,2026-07-25,18:45:00,4.8,20.9,W,WNW
8842,2026-07-25,19:00:00,4.8,17.7,W,W
8843,2026-07-25,19:15:00,4.8,17.7,WSW,WSW
8844,2026-07-25,19:30:00,3.2,11.3,WSW,WNW
8845,2026-07-25,19:45:00,3.2,20.9,WNW,W
8846,2026-07-25,20:00:00,6.4,19.3,W,NNW
8847,2026-07-25,20:15:00,4.8,16.1,W,SSW
8848,2026-07-25,20:30:00,3.2,17.7,W,SW
8849,2026-07-25,20:45:00,3.2,12.9,WSW,SW
8850,2026-07-25,21:00:00,4.8,14.5,W,W
8851,2026-07-25,21:15:00,1.6,12.9,W,SSW
8852,2026-07-25,21:30:00,1.6,9.7,W,SSW
8853,2026-07-25,21:45:00,1.6,11.3,W,SW
8854,2026-07-25,22:00:00,3.2,11.3,WSW,W
8855,2026-07-25,22:15:00,6.4,19.3,WSW,WSW
8856,2026-07-25,22:30:00,4.8,14.5,W,W
8857,2026-07-25,22:45:00,3.2,11.3,WSW,W
8858,2026-07-25,23:00:00,1.6,12.9,WSW,WSW
8859,2026-07-25,23:15:00,0.0,6.4,SW,S
8860,2026-07-25,23:30:00,0.0,4.8,WSW,SW
8861,2026-07-25,23:45:00,0.0,6.4,WSW,NW
8862,2026-07-26,00:15:00,1.6,9.7,WSW,WSW
8863,2026-07-26,00:30:00,1.6,6.4,W,W
8864,2026-07-26,00:45:00,1.6,6.4,W,NW
8865,2026-07-26,01:00:00,1.6,6.4,W,WSW
8866,2026-07-26,01:15:00,1.6,6.4,SW,W
8867,2026-07-26,01:30:00,1.6,8.0,W,SW
8868,2026-07-26,01:45:00,0.0,6.4,SW,SSW
8869,2026-07-26,02:00:00,0.0,6.4,SW,SW
8870,2026-07-26,02:15:00,0.0,6.4,SW,WSW
8871,2026-07-26,02:30:00,0.0,3.2,W,WSW
8872,2026-07-26,02:45:00,1.6,6.4,W,WSW
8873,2026-07-26,03:00:00,0.0,4.8,WSW,WSW
8874,2026-07-26,03:15:00,0.0,1.6,N,WSW
8875,2026-07-26,03:30:00,0.0,3.2,SW,SW
8876,2026-07-26,03:45:00,0.0,4.8,WSW,SW
8877,2026-07-26,04:00:00,0.0,6.4,W,WSW
8878,2026-07-26,04:15:00,0.0,4.8,W,WSW
8879,2026-07-26,04:30:00,0.0,3.2,WNW,W
8880,2026-07-26,04:45:00,0.0,6.4,W,SW
8881,2026-07-26,05:00:00,0.0,4.8,WSW,WSW
8882,2026-07-26,05:15:00,0.0,0.0,,
8883,2026-07-26,05:30:00,0.0,0.0,,
8884,2026-07-26,05:45:00,0.0,3.2,SSW,SSW
8885,2026-07-26,06:00:00,0.0,6.4,SW,SW
8886,2026-07-26,06:15:00,0.0,4.8,SW,SSW
8887,2026-07-26,06:30:00,0.0,1.6,NE,W
8888,2026-07-26,06:45:00,1.6,6.4,W,W
8889,2026-07-26,07:00:00,0.0,8.0,WSW,WNW
8890,2026-07-26,07:15:00,0.0,3.2,WSW,WSW
8891,2026-07-26,07:30:00,0.0,1.6,W,W
8892,2026-07-26,07:45:00,0.0,1.6,W,W
8893,2026-07-26,08:00:00,0.0,0.0,,
8894,2026-07-26,08:15:00,0.0,1.6,NE,NE
8895,2026-07-26,08:30:00,1.6,11.3,W,SSW
8896,2026-07-26,08:45:00,1.6,4.8,WSW,WSW
8897,2026-07-26,09:00:00,0.0,4.8,SW,WSW
8898,2026-07-26,09:15:00,0.0,6.4,WSW,WNW
8899,2026-07-26,09:30:00,0.0,6.4,NNW,WNW
8900,2026-07-26,09:45:00,0.0,3.2,NNW,NNW
8901,2026-07-26,10:00:00,0.0,6.4,W,W
8902,2026-07-26,10:15:00,0.0,6.4,NNW,NW
8903,2026-07-26,10:30:00,1.6,8.0,WSW,WNW
8904,2026-07-26,10:45:00,0.0,3.2,SW,SSW
8905,2026-07-26,11:00:00,0.0,4.8,W,WSW
8906,2026-07-26,11:15:00,1.6,9.7,NNW,NNW
8907,2026-07-26,11:30:00,1.6,6.4,E,E
8908,2026-07-26,11:45:00,1.6,8.0,E,S
8909,2026-07-26,12:00:00,0.0,4.8,E,NW
8910,2026-07-26,12:15:00,1.6,9.7,E,E
8911,2026-07-26,12:30:00,1.6,8.0,NW,WNW
8912,2026-07-26,12:45:00,1.6,9.7,E,N
8913,2026-07-26,13:00:00,1.6,9.7,NW,NW
8914,2026-07-26,13:15:00,3.2,11.3,NNW,W
8915,2026-07-26,13:30:00,3.2,12.9,WSW,WNW
8916,2026-07-26,13:45:00,3.2,19.3,WSW,WSW
8917,2026-07-26,14:00:00,3.2,12.9,WSW,W
8918,2026-07-26,14:15:00,3.2,11.3,SW,WSW
8919,2026-07-26,14:30:00,1.6,8.0,NW,NW
8920,2026-07-26,14:45:00,0.0,8.0,SW,NW
8921,2026-07-26,15:00:00,0.0,8.0,NW,NW
8922,2026-07-26,15:15:00,1.6,6.4,E,ENE
8923,2026-07-26,15:30:00,1.6,8.0,E,SE
8924,2026-07-26,15:45:00,1.6,9.7,E,E
8925,2026-07-26,16:00:00,1.6,6.4,ESE,E
8926,2026-07-26,16:15:00,0.0,3.2,E,ESE
8927,2026-07-26,16:30:00,1.6,12.9,NNW,NW
8928,2026-07-26,16:45:00,1.6,9.7,NNW,WNW
8929,2026-07-26,17:00:00,3.2,17.7,NW,NNW
8930,2026-07-26,17:15:00,3.2,17.7,W,W
8931,2026-07-26,17:30:00,3.2,8.0,NW,WSW
8932,2026-07-26,17:45:00,0.0,4.8,W,WNW
8933,2026-07-26,18:00:00,0.0,3.2,W,WSW
8934,2026-07-26,18:15:00,0.0,0.0,,
8935,2026-07-26,18:30:00,0.0,0.0,,
8936,2026-07-26,18:45:00,0.0,0.0,,
8937,2026-07-26,19:00:00,0.0,0.0,,
8938,2026-07-26,19:15:00,0.0,0.0,,
8939,2026-07-26,19:30:00,0.0,0.0,,
8940,2026-07-26,19:45:00,0.0,0.0,,
8941,2026-07-26,20:00:00,0.0,0.0,,
8942,2026-07-26,20:15:00,0.0,0.0,,
8943,2026-07-26,20:30:00,0.0,0.0,,
8944,2026-07-26,20:45:00,0.0,1.6,NNE,NNE
8945,2026-07-26,21:00:00,0.0,0.0,,
8946,2026-07-26,21:15:00,0.0,0.0,,
8947,2026-07-26,21:30:00,0.0,0.0,,
8948,2026-07-26,21:45:00,0.0,0.0,,
8949,2026-07-26,22:00:00,0.0,0.0,,
8950,2026-07-26,22:15:00,0.0,0.0,,
8951,2026-07-26,22:30:00,0.0,0.0,,
8952,2026-07-26,22:45:00,0.0,0.0,,
8953,2026-07-26,23:00:00,0.0,0.0,,
8954,2026-07-26,23:15:00,0.0,1.6,N,N
8955,2026-07-26,23:30:00,0.0,3.2,WSW,SW
8956,2026-07-26,23:45:00,0.0,4.8,SW,W
8957,2026-07-27,00:15:00,0.0,4.8,SW,SSW
8958,2026-07-27,00:30:00,0.0,3.2,SW,SW
8959,2026-07-27,00:45:00,0.0,1.6,SSE,NE
8960,2026-07-27,01:00:00,0.0,3.2,SSW,SSW
8961,2026-07-27,01:15:00,0.0,3.2,NE,NE
8962,2026-07-27,01:30:00,0.0,1.6,SW,SW
8963,2026-07-27,01:45:00,0.0,1.6,WNW,WSW
8964,2026-07-27,02:00:00,0.0,1.6,SW,SW
8965,2026-07-27,02:15:00,0.0,1.6,S,SSW
8966,2026-07-27,02:30:00,0.0,1.6,N,N
8967,2026-07-27,02:45:00,0.0,0.0,,
8968,2026-07-27,03:00:00,0.0,0.0,,
8969,2026-07-27,03:15:00,0.0,0.0,,
8970,2026-07-27,03:30:00,0.0,0.0,,
8971,2026-07-27,03:45:00,0.0,0.0,,
8972,2026-07-27,04:00:00,0.0,0.0,,
8973,2026-07-27,04:15:00,0.0,0.0,,
8974,2026-07-27,04:30:00,0.0,0.0,,
8975,2026-07-27,04:45:00,0.0,0.0,,
8976,2026-07-27,05:00:00,0.0,0.0,,
8977,2026-07-27,05:15:00,0.0,0.0,,
8978,2026-07-27,05:30:00,0.0,0.0,,
8979,2026-07-27,05:45:00,0.0,0.0,,
8980,2026-07-27,06:00:00,0.0,0.0,,
8981,2026-07-27,06:15:00,0.0,0.0,,
8982,2026-07-27,06:30:00,0.0,0.0,,
8983,2026-07-27,06:45:00,0.0,0.0,,
8984,2026-07-27,07:00:00,0.0,0.0,,
8985,2026-07-27,07:15:00,0.0,0.0,,
8986,2026-07-27,07:30:00,0.0,0.0,,
8987,2026-07-27,07:45:00,0.0,0.0,,
8988,2026-07-27,08:00:00,0.0,0.0,,
8989,2026-07-27,08:15:00,0.0,0.0,,
8990,2026-07-27,08:30:00,0.0,1.6,NE,NE
8991,2026-07-27,08:45:00,0.0,0.0,,
8992,2026-07-27,09:00:00,0.0,3.2,WSW,WSW
8993,2026-07-27,09:15:00,0.0,0.0,,
8994,2026-07-27,09:30:00,0.0,3.2,E,E
8995,2026-07-27,09:45:00,0.0,3.2,NNW,N
8996,2026-07-27,10:00:00,0.0,4.8,E,ENE
8997,2026-07-27,10:15:00,0.0,3.2,N,SE
8998,2026-07-27,10:30:00,0.0,3.2,NW,NNW
8999,2026-07-27,10:45:00,0.0,6.4,NW,NW
9000,2026-07-27,11:00:00,0.0,3.2,W,WSW
9001,2026-07-27,11:15:00,1.6,8.0,W,NNW
9002,2026-07-27,11:30:00,1.6,6.4,NE,WSW
9003,2026-07-27,11:45:00,1.6,6.4,SW,WNW
9004,2026-07-27,12:00:00,1.6,12.9,NNW,WNW
9005,2026-07-27,12:15:00,3.2,16.1,W,WSW
9006,2026-07-27,12:30:00,1.6,8.0,WNW,SW
9007,2026-07-27,12:45:00,1.6,6.4,NNW,WSW
9008,2026-07-27,13:00:00,1.6,8.0,NW,NNW
9009,2026-07-27,13:15:00,0.0,4.8,NNW,NW
9010,2026-07-27,13:30:00,0.0,3.2,NNW,NNW
9011,2026-07-27,13:45:00,0.0,4.8,NNW,NW
9012,2026-07-27,14:00:00,0.0,6.4,NNW,NW
9013,2026-07-27,14:15:00,0.0,4.8,E,E
9014,2026-07-27,14:30:00,0.0,4.8,NNW,NNW
9015,2026-07-27,14:45:00,0.0,3.2,N,N
9016,2026-07-27,15:00:00,0.0,1.6,NE,N
9017,2026-07-27,15:15:00,0.0,3.2,E,E
9018,2026-07-27,15:30:00,0.0,6.4,WSW,NW
9019,2026-07-27,15:45:00,3.2,14.5,NNW,NW
9020,2026-07-27,16:00:00,4.8,17.7,NW,WNW
9021,2026-07-27,16:15:00,3.2,19.3,NNW,NNW
9022,2026-07-27,16:30:00,0.0,6.4,NNW,NNW
9023,2026-07-27,16:45:00,0.0,3.2,WNW,NNE
9024,2026-07-27,17:00:00,0.0,4.8,ENE,ENE
9025,2026-07-27,17:15:00,0.0,1.6,E,E
9026,2026-07-27,17:30:00,0.0,1.6,NNW,NNW
9027,2026-07-27,17:45:00,0.0,1.6,NNW,NNW
9028,2026-07-27,18:00:00,0.0,3.2,E,E
9029,2026-07-27,18:15:00,0.0,0.0,,
9030,2026-07-27,18:30:00,0.0,0.0,,
9031,2026-07-27,18:45:00,0.0,0.0,,
9032,2026-07-27,19:00:00,0.0,0.0,,
9033,2026-07-27,19:15:00,0.0,0.0,,
9034,2026-07-27,19:30:00,0.0,1.6,N,N
9035,2026-07-27,19:45:00,0.0,0.0,,
9036,2026-07-27,20:00:00,0.0,0.0,,
9037,2026-07-27,20:15:00,0.0,0.0,,
9038,2026-07-27,20:30:00,0.0,0.0,,
9039,2026-07-27,20:45:00,0.0,0.0,,
9040,2026-07-27,21:00:00,0.0,0.0,,
9041,2026-07-27,21:15:00,0.0,3.2,W,WSW
9042,2026-07-27,21:30:00,0.0,6.4,W,WSW
9043,2026-07-27,21:45:00,0.0,6.4,W,W
9044,2026-07-27,22:00:00,0.0,0.0,,
9045,2026-07-27,22:15:00,0.0,0.0,,
9046,2026-07-27,22:30:00,0.0,0.0,,
9047,2026-07-27,22:45:00,0.0,0.0,,
9048,2026-07-27,23:00:00,0.0,0.0,,
9049,2026-07-27,23:15:00,0.0,0.0,,
9050,2026-07-27,23:30:00,0.0,0.0,,
9051,2026-07-27,23:45:00,0.0,0.0,,
9052,2026-07-28,00:15:00,0.0,0.0,,
9053,2026-07-28,00:30:00,0.0,1.6,WNW,WNW
9054,2026-07-28,00:45:00,0.0,3.2,SSW,SSW
9055,2026-07-28,01:00:00,0.0,1.6,W,W
9056,2026-07-28,01:15:00,0.0,0.0,,
9057,2026-07-28,01:30:00,0.0,0.0,,
9058,2026-07-28,01:45:00,0.0,0.0,,
9059,2026-07-28,02:00:00,0.0,0.0,,
9060,2026-07-28,02:15:00,0.0,0.0,,
9061,2026-07-28,02:30:00,0.0,0.0,,
9062,2026-07-28,02:45:00,0.0,0.0,,
9063,2026-07-28,03:00:00,0.0,0.0,,
9064,2026-07-28,03:15:00,0.0,0.0,,
9065,2026-07-28,03:30:00,0.0,0.0,,
9066,2026-07-28,03:45:00,0.0,0.0,,
9067,2026-07-28,04:00:00,0.0,0.0,,
9068,2026-07-28,04:15:00,0.0,0.0,,
9069,2026-07-28,04:30:00,0.0,0.0,,
9070,2026-07-28,04:45:00,0.0,0.0,,
9071,2026-07-28,05:00:00,0.0,0.0,,
9072,2026-07-28,05:15:00,0.0,0.0,,
9073,2026-07-28,05:30:00,0.0,0.0,,
9074,2026-07-28,05:45:00,0.0,0.0,,
9075,2026-07-28,06:00:00,0.0,0.0,,
9076,2026-07-28,06:15:00,0.0,0.0,,
9077,2026-07-28,06:30:00,0.0,0.0,,
9078,2026-07-28,06:45:00,0.0,0.0,,
9079,2026-07-28,07:00:00,0.0,0.0,,
9080,2026-07-28,07:15:00,0.0,0.0,,
9081,2026-07-28,07:30:00,0.0,0.0,,
9082,2026-07-28,07:45:00,0.0,1.6,N,N
9083,2026-07-28,08:00:00,0.0,0.0,,
9084,2026-07-28,08:15:00,0.0,0.0,,
9085,2026-07-28,08:30:00,0.0,0.0,,
9086,2026-07-28,08:45:00,0.0,0.0,,
9087,2026-07-28,09:00:00,0.0,0.0,,
9088,2026-07-28,09:15:00,0.0,0.0,,
9089,2026-07-28,09:30:00,0.0,1.6,NNW,NNW
9090,2026-07-28,09:45:00,0.0,8.0,NW,WNW
9091,2026-07-28,10:00:00,0.0,8.0,NW,W
9092,2026-07-28,10:15:00,0.0,6.4,NW,NW
9093,2026-07-28,10:30:00,1.6,6.4,ENE,NW
9094,2026-07-28,10:45:00,0.0,4.8,E,E
9095,2026-07-28,11:00:00,1.6,8.0,E,ENE
9096,2026-07-28,11:15:00,0.0,6.4,ENE,E
9097,2026-07-28,11:30:00,0.0,6.4,E,ESE
9098,2026-07-28,11:45:00,0.0,6.4,ENE,S
9099,2026-07-28,12:00:00,0.0,3.2,E,ESE
9100,2026-07-28,12:15:00,0.0,4.8,NNW,NNW
9101,2026-07-28,12:30:00,1.6,8.0,E,E
9102,2026-07-28,12:45:00,0.0,8.0,WNW,NW
9103,2026-07-28,13:00:00,0.0,4.8,W,SW
9104,2026-07-28,13:15:00,1.6,8.0,ENE,E
9105,2026-07-28,13:30:00,0.0,4.8,NE,NE
9106,2026-07-28,13:45:00,0.0,4.8,NNW,WSW
9107,2026-07-28,14:00:00,1.6,6.4,NNW,WNW
9108,2026-07-28,14:15:00,1.6,8.0,E,E
9109,2026-07-28,14:30:00,1.6,16.1,W,WNW
9110,2026-07-28,14:45:00,0.0,4.8,ENE,SW
9111,2026-07-28,15:00:00,1.6,11.3,NW,WNW
9112,2026-07-28,15:15:00,0.0,4.8,NNW,NNW
9113,2026-07-28,15:30:00,0.0,4.8,NW,NW
9114,2026-07-28,15:45:00,0.0,9.7,E,E
9115,2026-07-28,16:00:00,0.0,3.2,E,ENE
9116,2026-07-28,16:15:00,3.2,20.9,NW,N
9117,2026-07-28,16:30:00,4.8,19.3,NW,NW
9118,2026-07-28,16:45:00,3.2,12.9,NNW,NW
9119,2026-07-28,17:00:00,1.6,12.9,NNW,WNW
9120,2026-07-28,17:15:00,3.2,16.1,NNW,NNW
9121,2026-07-28,17:30:00,1.6,11.3,NNW,NNW
9122,2026-07-28,17:45:00,3.2,14.5,N,NNW
9123,2026-07-28,18:00:00,1.6,14.5,NNW,NNW
9124,2026-07-28,18:15:00,0.0,14.5,NNE,NW
9125,2026-07-28,18:30:00,1.6,6.4,WSW,SSE
9126,2026-07-28,18:45:00,1.6,9.7,WSW,NW
9127,2026-07-28,19:00:00,0.0,8.0,NNW,NW
9128,2026-07-28,19:15:00,0.0,6.4,WSW,W
9129,2026-07-28,19:30:00,0.0,3.2,WNW,SW
9130,2026-07-28,19:45:00,0.0,3.2,WNW,WNW
9131,2026-07-28,20:00:00,0.0,0.0,,
9132,2026-07-28,20:15:00,0.0,1.6,W,W
9133,2026-07-28,20:30:00,0.0,6.4,WSW,WSW
9134,2026-07-28,20:45:00,0.0,4.8,WSW,WSW
9135,2026-07-28,21:00:00,0.0,1.6,W,W
9136,2026-07-28,21:15:00,0.0,3.2,ESE,ESE
9137,2026-07-28,21:30:00,0.0,0.0,,
9138,2026-07-28,21:45:00,0.0,0.0,,
9139,2026-07-28,22:00:00,0.0,1.6,E,E
9140,2026-07-28,22:15:00,0.0,4.8,E,SE
9141,2026-07-28,22:30:00,1.6,4.8,E,E
9142,2026-07-28,22:45:00,4.8,20.9,E,ESE
9143,2026-07-28,23:00:00,1.6,8.0,E,E
9144,2026-07-28,23:15:00,0.0,1.6,NE,NE
9145,2026-07-28,23:30:00,0.0,0.0,,
9146,2026-07-28,23:45:00,0.0,0.0,,
9147,2026-07-29,00:15:00,0.0,0.0,,
9148,2026-07-29,00:30:00,0.0,0.0,,
9149,2026-07-29,00:45:00,0.0,0.0,,
9150,2026-07-29,01:00:00,0.0,0.0,,
9151,2026-07-29,01:15:00,0.0,0.0,,
9152,2026-07-29,01:30:00,0.0,0.0,,
9153,2026-07-29,01:45:00,0.0,0.0,,
9154,2026-07-29,02:00:00,0.0,0.0,,
9155,2026-07-29,02:15:00,0.0,0.0,,
9156,2026-07-29,02:30:00,0.0,0.0,,
9157,2026-07-29,02:45:00,0.0,0.0,,
9158,2026-07-29,03:00:00,0.0,0.0,,
9159,2026-07-29,03:15:00,0.0,0.0,,
9160,2026-07-29,03:30:00,0.0,0.0,,
9161,2026-07-29,03:45:00,0.0,0.0,,
9162,2026-07-29,04:00:00,0.0,0.0,,
9163,2026-07-29,04:15:00,0.0,0.0,,
9164,2026-07-29,04:30:00,0.0,0.0,,
9165,2026-07-29,04:45:00,0.0,0.0,,
9166,2026-07-29,05:00:00,0.0,0.0,,
9167,2026-07-29,05:15:00,0.0,0.0,,
9168,2026-07-29,05:30:00,0.0,0.0,,
9169,2026-07-29,05:45:00,0.0,0.0,,
9170,2026-07-29,06:00:00,0.0,0.0,,
9171,2026-07-29,06:15:00,0.0,0.0,,
9172,2026-07-29,06:30:00,0.0,0.0,,
9173,2026-07-29,06:45:00,0.0,0.0,,
9174,2026-07-29,07:00:00,0.0,0.0,,
9175,2026-07-29,07:15:00,0.0,0.0,,
9176,2026-07-29,07:30:00,0.0,0.0,,
9177,2026-07-29,07:45:00,0.0,0.0,,
9178,2026-07-29,08:00:00,0.0,0.0,,
9179,2026-07-29,08:15:00,0.0,0.0,,
9180,2026-07-29,08:30:00,0.0,6.4,E,ESE
9181,2026-07-29,08:45:00,0.0,4.8,ENE,ENE
9182,2026-07-29,09:00:00,0.0,4.8,E,E
9183,2026-07-29,09:15:00,0.0,4.8,E,E
9184,2026-07-29,09:30:00,0.0,0.0,,
9185,2026-07-29,09:45:00,0.0,8.0,E,ESE
9186,2026-07-29,10:00:00,0.0,4.8,NNW,NNW
9187,2026-07-29,10:15:00,0.0,3.2,ENE,SE
9188,2026-07-29,10:30:00,1.6,8.0,E,E
9189,2026-07-29,10:45:00,1.6,8.0,E,E
9190,2026-07-29,11:00:00,1.6,8.0,ENE,WNW
9191,2026-07-29,11:15:00,1.6,8.0,E,E
9192,2026-07-29,11:30:00,0.0,4.8,NW,E
9193,2026-07-29,11:45:00,3.2,9.7,E,SSE
9194,2026-07-29,12:00:00,0.0,4.8,E,E
9195,2026-07-29,12:15:00,1.6,9.7,ENE,WNW
9196,2026-07-29,12:30:00,1.6,8.0,E,E
9197,2026-07-29,12:45:00,0.0,6.4,E,NW
9198,2026-07-29,13:00:00,1.6,8.0,E,E
9199,2026-07-29,13:15:00,0.0,6.4,E,E
9200,2026-07-29,13:30:00,1.6,8.0,E,ENE
9201,2026-07-29,13:45:00,0.0,4.8,NE,W
9202,2026-07-29,14:00:00,1.6,6.4,E,E
9203,2026-07-29,14:15:00,0.0,6.4,NNW,WNW
9204,2026-07-29,14:30:00,0.0,6.4,NNW,WNW
9205,2026-07-29,14:45:00,3.2,8.0,NW,WNW
9206,2026-07-29,15:00:00,1.6,11.3,NNW,WNW
9207,2026-07-29,15:15:00,3.2,11.3,ESE,ENE
9208,2026-07-29,15:30:00,1.6,12.9,W,WNW
9209,2026-07-29,15:45:00,1.6,8.0,NNW,WNW
9210,2026-07-29,16:00:00,1.6,11.3,NW,WNW
9211,2026-07-29,16:15:00,1.6,14.5,NW,WNW
9212,2026-07-29,16:30:00,1.6,6.4,E,E
9213,2026-07-29,16:45:00,0.0,3.2,ESE,E
9214,2026-07-29,17:00:00,1.6,6.4,NNW,WSW
9215,2026-07-29,17:15:00,1.6,6.4,WSW,WSW
9216,2026-07-29,17:30:00,1.6,11.3,WSW,SSW
9217,2026-07-29,17:45:00,4.8,14.5,W,W
9218,2026-07-29,18:00:00,3.2,9.7,W,W
9219,2026-07-29,18:15:00,1.6,9.7,WSW,NNW
9220,2026-07-29,18:30:00,0.0,9.7,W,N
9221,2026-07-29,18:45:00,0.0,6.4,NW,NW
9222,2026-07-29,19:00:00,0.0,1.6,N,N
9223,2026-07-29,19:15:00,0.0,0.0,,
9224,2026-07-29,19:30:00,1.6,8.0,NE,S
9225,2026-07-29,19:45:00,3.2,11.3,WSW,WSW
9226,2026-07-29,20:00:00,1.6,11.3,W,WSW
9227,2026-07-29,20:15:00,3.2,12.9,W,WSW
9228,2026-07-29,20:30:00,3.2,14.5,WSW,WSW
9229,2026-07-29,20:45:00,3.2,11.3,W,SW
9230,2026-07-29,21:00:00,3.2,11.3,WSW,WSW
9231,2026-07-29,21:15:00,3.2,12.9,WSW,NW
9232,2026-07-29,21:30:00,3.2,11.3,SW,WNW
9233,2026-07-29,21:45:00,1.6,6.4,SW,W
9234,2026-07-29,22:00:00,1.6,8.0,WSW,S
9235,2026-07-29,22:15:00,0.0,4.8,WSW,W
9236,2026-07-29,22:30:00,0.0,0.0,,
9237,2026-07-29,22:45:00,0.0,3.2,WSW,WSW
9238,2026-07-29,23:00:00,0.0,0.0,,
9239,2026-07-29,23:15:00,0.0,4.8,SW,S
9240,2026-07-29,23:30:00,0.0,4.8,ENE,ENE
9241,2026-07-29,23:45:00,0.0,4.8,SW,S
9242,2026-07-30,00:15:00,0.0,1.6,W,W
9243,2026-07-30,00:30:00,0.0,1.6,SSW,SSW
9244,2026-07-30,00:45:00,0.0,1.6,WSW,WSW
9245,2026-07-30,01:00:00,0.0,0.0,,
9246,2026-07-30,01:15:00,0.0,0.0,,
9247,2026-07-30,01:30:00,0.0,0.0,,
9248,2026-07-30,01:45:00,0.0,0.0,,
9249,2026-07-30,02:00:00,0.0,0.0,,
9250,2026-07-30,02:15:00,0.0,0.0,,
9251,2026-07-30,02:30:00,0.0,0.0,,
9252,2026-07-30,02:45:00,0.0,0.0,,
9253,2026-07-30,03:00:00,0.0,0.0,,
9254,2026-07-30,03:15:00,0.0,0.0,,
9255,2026-07-30,03:30:00,0.0,0.0,,
9256,2026-07-30,03:45:00,0.0,0.0,,
9257,2026-07-30,04:00:00,0.0,0.0,,
9258,2026-07-30,04:15:00,0.0,0.0,,
9259,2026-07-30,04:30:00,0.0,0.0,,
9260,2026-07-30,04:45:00,0.0,0.0,,
9261,2026-07-30,05:00:00,0.0,0.0,,
9262,2026-07-30,05:15:00,0.0,0.0,,
9263,2026-07-30,05:30:00,0.0,0.0,,
9264,2026-07-30,05:45:00,0.0,0.0,,
9265,2026-07-30,06:00:00,0.0,0.0,,
9266,2026-07-30,06:15:00,0.0,0.0,,
9267,2026-07-30,06:30:00,0.0,0.0,,
9268,2026-07-30,06:45:00,0.0,0.0,,
9269,2026-07-30,07:00:00,0.0,0.0,,
9270,2026-07-30,07:15:00,0.0,0.0,,
9271,2026-07-30,07:30:00,0.0,0.0,,
9272,2026-07-30,07:45:00,0.0,0.0,,
9273,2026-07-30,08:00:00,0.0,1.6,WSW,SW
9274,2026-07-30,08:15:00,0.0,4.8,W,NW
9275,2026-07-30,08:30:00,0.0,4.8,W,NE
9276,2026-07-30,08:45:00,0.0,6.4,NNW,WSW
9277,2026-07-30,09:00:00,0.0,1.6,N,N
9278,2026-07-30,09:15:00,0.0,3.2,NW,N
9279,2026-07-30,09:30:00,0.0,3.2,NE,NE
9280,2026-07-30,09:45:00,0.0,4.8,NNW,NNW
9281,2026-07-30,10:00:00,1.6,8.0,SW,WSW
9282,2026-07-30,10:15:00,1.6,6.4,NNW,WNW
9283,2026-07-30,10:30:00,0.0,4.8,NW,NW
9284,2026-07-30,10:45:00,0.0,4.8,NW,WNW
9285,2026-07-30,11:00:00,1.6,6.4,NW,WNW
9286,2026-07-30,11:15:00,0.0,3.2,ENE,ENE
9287,2026-07-30,11:30:00,1.6,9.7,W,NW
9288,2026-07-30,11:45:00,1.6,6.4,E,E
9289,2026-07-30,12:00:00,0.0,6.4,NNW,NW
9290,2026-07-30,12:15:00,1.6,8.0,WSW,WSW
9291,2026-07-30,12:30:00,3.2,11.3,WSW,SW
9292,2026-07-30,12:45:00,1.6,8.0,WSW,WSW
9293,2026-07-30,13:00:00,1.6,8.0,SW,NNW
9294,2026-07-30,13:15:00,3.2,11.3,N,WNW
9295,2026-07-30,13:30:00,1.6,9.7,WSW,SW
9296,2026-07-30,13:45:00,0.0,4.8,ESE,WSW
9297,2026-07-30,14:00:00,1.6,8.0,NNW,NW
9298,2026-07-30,14:15:00,1.6,8.0,NW,W
9299,2026-07-30,14:30:00,1.6,6.4,NNW,NW
9300,2026-07-30,14:45:00,1.6,8.0,NNW,NW
9301,2026-07-30,15:00:00,1.6,9.7,NW,NNW
9302,2026-07-30,15:15:00,0.0,9.7,NNE,N
9303,2026-07-30,15:30:00,1.6,9.7,NW,W
9304,2026-07-30,15:45:00,1.6,9.7,W,SW
9305,2026-07-30,16:00:00,1.6,12.9,NNW,WNW
9306,2026-07-30,16:15:00,3.2,14.5,NNW,W
9307,2026-07-30,16:30:00,4.8,17.7,NNW,WSW
9308,2026-07-30,16:45:00,4.8,17.7,W,SW
9309,2026-07-30,17:00:00,4.8,17.7,W,N
9310,2026-07-30,17:15:00,4.8,17.7,WSW,WSW
9311,2026-07-30,17:30:00,3.2,19.3,NNW,S
9312,2026-07-30,17:45:00,3.2,14.5,WNW,NNW
9313,2026-07-30,18:00:00,4.8,16.1,WSW,WSW
9314,2026-07-30,18:15:00,1.6,9.7,WSW,W
9315,2026-07-30,18:30:00,1.6,9.7,N,WNW
9316,2026-07-30,18:45:00,0.0,8.0,SW,SW
9317,2026-07-30,19:00:00,0.0,1.6,SW,SW
9318,2026-07-30,19:15:00,1.6,8.0,E,ESE
9319,2026-07-30,19:30:00,0.0,6.4,E,ESE
9320,2026-07-30,19:45:00,1.6,6.4,E,SSE
9321,2026-07-30,20:00:00,0.0,6.4,WSW,WSW
9322,2026-07-30,20:15:00,1.6,6.4,W,SW
9323,2026-07-30,20:30:00,4.8,12.9,W,WNW
9324,2026-07-30,20:45:00,4.8,12.9,WSW,WSW
9325,2026-07-30,21:00:00,3.2,11.3,WSW,SSW
9326,2026-07-30,21:15:00,0.0,6.4,SW,SW
9327,2026-07-30,21:30:00,1.6,8.0,SW,SSW
9328,2026-07-30,21:45:00,0.0,4.8,SW,SSW
9329,2026-07-30,22:00:00,1.6,6.4,SW,W
9330,2026-07-30,22:15:00,0.0,4.8,WSW,W
9331,2026-07-30,22:30:00,1.6,9.7,SW,SW
9332,2026-07-30,22:45:00,1.6,8.0,SW,SSW
9333,2026-07-30,23:00:00,1.6,8.0,WSW,SSW
9334,2026-07-30,23:15:00,0.0,8.0,SW,S
9335,2026-07-30,23:30:00,0.0,3.2,NE,N
9336,2026-07-30,23:45:00,0.0,4.8,NE,WSW
9337,2026-07-31,00:15:00,0.0,0.0,,
9338,2026-07-31,00:30:00,0.0,1.6,NE,ENE
9339,2026-07-31,00:45:00,0.0,1.6,NE,NE
9340,2026-07-31,01:00:00,0.0,0.0,,
9341,2026-07-31,01:15:00,0.0,1.6,SSE,SSE
9342,2026-07-31,01:30:00,0.0,1.6,SSW,SSW
9343,2026-07-31,01:45:00,0.0,0.0,,
9344,2026-07-31,02:00:00,0.0,0.0,,
9345,2026-07-31,02:15:00,0.0,0.0,,
9346,2026-07-31,02:30:00,0.0,0.0,,
9347,2026-07-31,02:45:00,0.0,0.0,,
9348,2026-07-31,03:00:00,0.0,0.0,,
9349,2026-07-31,03:15:00,0.0,0.0,,
9350,2026-07-31,03:30:00,0.0,0.0,,
9351,2026-07-31,03:45:00,0.0,0.0,,
9352,2026-07-31,04:00:00,0.0,0.0,,
9353,2026-07-31,04:15:00,0.0,0.0,,
9354,2026-07-31,04:30:00,0.0,0.0,,
9355,2026-07-31,04:45:00,0.0,0.0,,
9356,2026-07-31,05:00:00,0.0,0.0,,
9357,2026-07-31,05:15:00,0.0,0.0,,
9358,2026-07-31,05:30:00,0.0,0.0,,
9359,2026-07-31,05:45:00,0.0,1.6,SSW,SSW
9360,2026-07-31,06:00:00,0.0,0.0,,
9361,2026-07-31,06:15:00,0.0,0.0,,
9362,2026-07-31,06:30:00,0.0,0.0,,
9363,2026-07-31,06:45:00,0.0,0.0,,
9364,2026-07-31,07:00:00,0.0,0.0,,
9365,2026-07-31,07:15:00,0.0,0.0,,
9366,2026-07-31,07:30:00,0.0,1.6,ENE,ENE
9367,2026-07-31,07:45:00,0.0,0.0,,
9368,2026-07-31,08:00:00,0.0,0.0,,
9369,2026-07-31,08:15:00,0.0,0.0,,
9370,2026-07-31,08:30:00,0.0,1.6,ENE,ENE
9371,2026-07-31,08:45:00,0.0,3.2,NW,WSW
9372,2026-07-31,09:00:00,0.0,4.8,WSW,SSW
9373,2026-07-31,09:15:00,1.6,8.0,WSW,WNW
9374,2026-07-31,09:30:00,0.0,8.0,E,WNW
9375,2026-07-31,09:45:00,0.0,6.4,E,E
9376,2026-07-31,10:00:00,1.6,6.4,E,E
9377,2026-07-31,10:15:00,1.6,4.8,E,E
9378,2026-07-31,10:30:00,0.0,8.0,ENE,W
9379,2026-07-31,10:45:00,1.6,8.0,NNW,WNW
9380,2026-07-31,11:00:00,1.6,4.8,NNW,NW
9381,2026-07-31,11:15:00,1.6,6.4,E,E
9382,2026-07-31,11:30:00,0.0,4.8,NNW,NW
9383,2026-07-31,11:45:00,1.6,9.7,WNW,WSW
9384,2026-07-31,12:00:00,1.6,11.3,W,W
9385,2026-07-31,12:15:00,1.6,8.0,NW,NW
9386,2026-07-31,12:30:00,1.6,6.4,WSW,W
9387,2026-07-31,12:45:00,1.6,8.0,E,SSE
9388,2026-07-31,13:00:00,1.6,11.3,N,NW
9389,2026-07-31,13:15:00,3.2,12.9,W,SW
9390,2026-07-31,13:30:00,1.6,9.7,NNW,NW
9391,2026-07-31,13:45:00,3.2,11.3,NW,NW
9392,2026-07-31,14:00:00,0.0,11.3,E,E
9393,2026-07-31,14:15:00,1.6,9.7,NW,NW
9394,2026-07-31,14:30:00,1.6,4.8,ESE,ENE
9395,2026-07-31,14:45:00,0.0,4.8,ENE,ENE
9396,2026-07-31,15:00:00,1.6,9.7,E,SSE
9397,2026-07-31,15:15:00,3.2,9.7,E,ENE
9398,2026-07-31,15:30:00,4.8,20.9,WSW,NW
9399,2026-07-31,15:45:00,8.0,22.5,WSW,W
9400,2026-07-31,16:00:00,3.2,9.7,E,ENE
9401,2026-07-31,16:15:00,1.6,11.3,E,E
9402,2026-07-31,16:30:00,4.8,27.4,NNW,NW
9403,2026-07-31,16:45:00,1.6,12.9,NNW,NW
9404,2026-07-31,17:00:00,0.0,1.6,NNW,NNW
9405,2026-07-31,17:15:00,0.0,0.0,,
9406,2026-07-31,17:30:00,0.0,0.0,,
9407,2026-07-31,17:45:00,0.0,1.6,SE,N
9408,2026-07-31,18:00:00,0.0,3.2,WSW,SW
9409,2026-07-31,18:15:00,0.0,1.6,ENE,NE
9410,2026-07-31,18:30:00,0.0,3.2,SW,NE
9411,2026-07-31,18:45:00,0.0,3.2,WSW,WSW
9412,2026-07-31,19:00:00,0.0,3.2,WSW,WSW
9413,2026-07-31,19:15:00,0.0,0.0,,
9414,2026-07-31,19:30:00,0.0,0.0,,
9415,2026-07-31,19:45:00,0.0,0.0,,
9416,2026-07-31,20:00:00,0.0,3.2,E,NE
9417,2026-07-31,20:15:00,1.6,9.7,E,E
9418,2026-07-31,20:30:00,1.6,6.4,E,E
9419,2026-07-31,20:45:00,1.6,8.0,E,E
9420,2026-07-31,21:00:00,0.0,4.8,E,E
9421,2026-07-31,21:15:00,0.0,3.2,E,E
9422,2026-07-31,21:30:00,0.0,0.0,,
9423,2026-07-31,21:45:00,0.0,0.0,,
9424,2026-07-31,22:00:00,0.0,0.0,,
9425,2026-07-31,22:15:00,0.0,0.0,,
9426,2026-07-31,22:30:00,0.0,0.0,,
9427,2026-07-31,22:45:00,0.0,0.0,,
9428,2026-07-31,23:00:00,0.0,1.6,ENE,NE
9429,2026-07-31,23:15:00,0.0,0.0,,
9430,2026-07-31,23:30:00,0.0,0.0,,
9431,2026-07-31,23:45:00,0.0,0.0,,
