id,fecha,hora,presion_hpa,variacion_hpa,tendencia
6772,2026-07-01,00:15:00,769.3,0.1,Creciente
6773,2026-07-01,00:30:00,769.3,0.0,Estable
6774,2026-07-01,00:45:00,769.3,0.0,Estable
6775,2026-07-01,01:00:00,769.4,0.1,Creciente
6776,2026-07-01,01:15:00,769.5,0.1,Creciente
6777,2026-07-01,01:30:00,769.6,0.1,Creciente
6778,2026-07-01,01:45:00,769.5,-0.1,Descendente
6779,2026-07-01,02:00:00,769.6,0.1,Creciente
6780,2026-07-01,02:15:00,769.7,0.1,Creciente
6781,2026-07-01,02:30:00,769.7,0.0,Estable
6782,2026-07-01,02:45:00,769.7,0.0,Estable
6783,2026-07-01,03:00:00,769.8,0.1,Creciente
6784,2026-07-01,03:15:00,769.8,0.0,Estable
6785,2026-07-01,03:30:00,769.8,0.0,Estable
6786,2026-07-01,03:45:00,770.0,0.2,Creciente
6787,2026-07-01,04:00:00,770.2,0.2,Creciente
6788,2026-07-01,04:15:00,770.3,0.1,Creciente
6789,2026-07-01,04:30:00,770.5,0.2,Creciente
6790,2026-07-01,04:45:00,770.6,0.1,Creciente
6791,2026-07-01,05:00:00,770.7,0.1,Creciente
6792,2026-07-01,05:15:00,770.8,0.1,Creciente
6793,2026-07-01,05:30:00,770.8,0.0,Estable
6794,2026-07-01,05:45:00,770.9,0.1,Creciente
6795,2026-07-01,06:00:00,770.7,-0.2,Descendente
6796,2026-07-01,06:15:00,770.7,0.0,Estable
6797,2026-07-01,06:30:00,770.7,0.0,Estable
6798,2026-07-01,06:45:00,770.6,-0.1,Descendente
6799,2026-07-01,07:00:00,770.6,0.0,Estable
6800,2026-07-01,07:15:00,770.5,-0.1,Descendente
6801,2026-07-01,07:30:00,770.5,0.0,Estable
6802,2026-07-01,07:45:00,770.3,-0.2,Descendente
6803,2026-07-01,08:00:00,770.1,-0.2,Descendente
6804,2026-07-01,08:15:00,770.0,-0.1,Descendente
6805,2026-07-01,08:30:00,769.7,-0.3,Descendente
6806,2026-07-01,08:45:00,769.6,-0.1,Descendente
6807,2026-07-01,09:00:00,769.4,-0.2,Descendente
6808,2026-07-01,09:15:00,769.3,-0.1,Descendente
6809,2026-07-01,09:30:00,769.0,-0.3,Descendente
6810,2026-07-01,09:45:00,768.9,-0.1,Descendente
6811,2026-07-01,10:00:00,768.8,-0.1,Descendente
6812,2026-07-01,10:15:00,768.8,0.0,Estable
6813,2026-07-01,10:30:00,768.5,-0.3,Descendente
6814,2026-07-01,10:45:00,768.3,-0.2,Descendente
6815,2026-07-01,11:00:00,768.6,0.3,Creciente
6816,2026-07-01,11:15:00,768.4,-0.2,Descendente
6817,2026-07-01,11:30:00,768.7,0.3,Creciente
6818,2026-07-01,11:45:00,768.7,0.0,Estable
6819,2026-07-01,12:00:00,769.1,0.4,Creciente
6820,2026-07-01,12:15:00,769.6,0.5,Creciente
6821,2026-07-01,12:30:00,769.3,-0.3,Descendente
6822,2026-07-01,12:45:00,769.1,-0.2,Descendente
6823,2026-07-01,13:00:00,769.0,-0.1,Descendente
6824,2026-07-01,13:15:00,769.0,0.0,Estable
6825,2026-07-01,13:30:00,769.1,0.1,Creciente
6826,2026-07-01,13:45:00,769.1,0.0,Estable
6827,2026-07-01,14:00:00,769.3,0.2,Creciente
6828,2026-07-01,14:15:00,769.3,0.0,Estable
6829,2026-07-01,14:30:00,769.4,0.1,Creciente
6830,2026-07-01,14:45:00,769.4,0.0,Estable
6831,2026-07-01,15:00:00,769.5,0.1,Creciente
6832,2026-07-01,15:15:00,769.5,0.0,Estable
6833,2026-07-01,15:30:00,769.6,0.1,Creciente
6834,2026-07-01,15:45:00,769.7,0.1,Creciente
6835,2026-07-01,16:00:00,769.8,0.1,Creciente
6836,2026-07-01,16:15:00,769.9,0.1,Creciente
6837,2026-07-01,16:30:00,770.1,0.2,Creciente
6838,2026-07-01,16:45:00,770.2,0.1,Creciente
6839,2026-07-01,17:00:00,770.3,0.1,Creciente
6840,2026-07-01,17:15:00,770.2,-0.1,Descendente
6841,2026-07-01,17:30:00,770.3,0.1,Creciente
6842,2026-07-01,17:45:00,770.4,0.1,Creciente
6843,2026-07-01,18:00:00,770.6,0.2,Creciente
6844,2026-07-01,18:15:00,770.7,0.1,Creciente
6845,2026-07-01,18:30:00,770.7,0.0,Estable
6846,2026-07-01,18:45:00,770.9,0.2,Creciente
6847,2026-07-01,19:00:00,770.8,-0.1,Descendente
6848,2026-07-01,19:15:00,770.6,-0.2,Descendente
6849,2026-07-01,19:30:00,770.6,0.0,Estable
6850,2026-07-01,19:45:00,770.5,-0.1,Descendente
6851,2026-07-01,20:00:00,770.4,-0.1,Descendente
6852,2026-07-01,20:15:00,770.1,-0.3,Descendente
6853,2026-07-01,20:30:00,769.9,-0.2,Descendente
6854,2026-07-01,20:45:00,769.8,-0.1,Descendente
6855,2026-07-01,21:00:00,769.7,-0.1,Descendente
6856,2026-07-01,21:15:00,769.6,-0.1,Descendente
6857,2026-07-01,21:30:00,769.4,-0.2,Descendente
6858,2026-07-01,21:45:00,769.3,-0.1,Descendente
6859,2026-07-01,22:00:00,769.3,0.0,Estable
6860,2026-07-01,22:15:00,769.3,0.0,Estable
6861,2026-07-01,22:30:00,769.3,0.0,Estable
6862,2026-07-01,22:45:00,769.4,0.1,Creciente
6863,2026-07-01,23:00:00,769.4,0.0,Estable
6864,2026-07-01,23:15:00,769.3,-0.1,Descendente
6865,2026-07-01,23:30:00,769.3,0.0,Estable
6866,2026-07-01,23:45:00,769.5,0.2,Creciente
6867,2026-07-02,00:15:00,769.5,0.0,Estable
6868,2026-07-02,00:30:00,769.5,0.0,Estable
6869,2026-07-02,00:45:00,769.7,0.2,Creciente
6870,2026-07-02,01:00:00,769.7,0.0,Estable
6871,2026-07-02,01:15:00,769.6,-0.1,Descendente
6872,2026-07-02,01:30:00,769.7,0.1,Creciente
6873,2026-07-02,01:45:00,769.8,0.1,Creciente
6874,2026-07-02,02:00:00,769.8,0.0,Estable
6875,2026-07-02,02:15:00,769.8,0.0,Estable
6876,2026-07-02,02:30:00,770.0,0.2,Creciente
6877,2026-07-02,02:45:00,770.2,0.2,Creciente
6878,2026-07-02,03:00:00,770.3,0.1,Creciente
6879,2026-07-02,03:15:00,770.4,0.1,Creciente
6880,2026-07-02,03:30:00,770.5,0.1,Creciente
6881,2026-07-02,03:45:00,770.7,0.2,Creciente
6882,2026-07-02,04:00:00,771.0,0.3,Creciente
6883,2026-07-02,04:15:00,771.0,0.0,Estable
6884,2026-07-02,04:30:00,771.2,0.2,Creciente
6885,2026-07-02,04:45:00,771.3,0.1,Creciente
6886,2026-07-02,05:00:00,771.3,0.0,Estable
6887,2026-07-02,05:15:00,771.3,0.0,Estable
6888,2026-07-02,05:30:00,771.3,0.0,Estable
6889,2026-07-02,05:45:00,771.3,0.0,Estable
6890,2026-07-02,06:00:00,771.4,0.1,Creciente
6891,2026-07-02,06:15:00,771.3,-0.1,Descendente
6892,2026-07-02,06:30:00,771.3,0.0,Estable
6893,2026-07-02,06:45:00,771.1,-0.2,Descendente
6894,2026-07-02,07:00:00,771.0,-0.1,Descendente
6895,2026-07-02,07:15:00,770.9,-0.1,Descendente
6896,2026-07-02,07:30:00,770.7,-0.2,Descendente
6897,2026-07-02,07:45:00,770.5,-0.2,Descendente
6898,2026-07-02,08:00:00,770.4,-0.1,Descendente
6899,2026-07-02,08:15:00,770.2,-0.2,Descendente
6900,2026-07-02,08:30:00,770.1,-0.1,Descendente
6901,2026-07-02,08:45:00,769.8,-0.3,Descendente
6902,2026-07-02,09:00:00,769.7,-0.1,Descendente
6903,2026-07-02,09:15:00,769.7,0.0,Estable
6904,2026-07-02,09:30:00,769.6,-0.1,Descendente
6905,2026-07-02,09:45:00,769.6,0.0,Estable
6906,2026-07-02,10:00:00,769.5,-0.1,Descendente
6907,2026-07-02,10:15:00,769.3,-0.2,Descendente
6908,2026-07-02,10:30:00,769.4,0.1,Creciente
6909,2026-07-02,10:45:00,769.3,-0.1,Descendente
6910,2026-07-02,11:00:00,769.2,-0.1,Descendente
6911,2026-07-02,11:15:00,769.2,0.0,Estable
6912,2026-07-02,11:30:00,769.4,0.2,Creciente
6913,2026-07-02,11:45:00,769.2,-0.2,Descendente
6914,2026-07-02,12:00:00,769.0,-0.2,Descendente
6915,2026-07-02,12:15:00,768.9,-0.1,Descendente
6916,2026-07-02,12:30:00,768.7,-0.2,Descendente
6917,2026-07-02,12:45:00,768.6,-0.1,Descendente
6918,2026-07-02,13:00:00,768.6,0.0,Estable
6919,2026-07-02,13:15:00,768.6,0.0,Estable
6920,2026-07-02,13:30:00,768.6,0.0,Estable
6921,2026-07-02,13:45:00,768.7,0.1,Creciente
6922,2026-07-02,14:00:00,768.7,0.0,Estable
6923,2026-07-02,14:15:00,768.8,0.1,Creciente
6924,2026-07-02,14:30:00,768.9,0.1,Creciente
6925,2026-07-02,14:45:00,769.2,0.3,Creciente
6926,2026-07-02,15:00:00,769.3,0.1,Creciente
6927,2026-07-02,15:15:00,769.5,0.2,Creciente
6928,2026-07-02,15:30:00,769.7,0.2,Creciente
6929,2026-07-02,15:45:00,769.7,0.0,Estable
6930,2026-07-02,16:00:00,770.0,0.3,Creciente
6931,2026-07-02,16:15:00,770.2,0.2,Creciente
6932,2026-07-02,16:30:00,770.3,0.1,Creciente
6933,2026-07-02,16:45:00,770.4,0.1,Creciente
6934,2026-07-02,17:00:00,770.5,0.1,Creciente
6935,2026-07-02,17:15:00,770.6,0.1,Creciente
6936,2026-07-02,17:30:00,770.8,0.2,Creciente
6937,2026-07-02,17:45:00,770.9,0.1,Creciente
6938,2026-07-02,18:00:00,771.2,0.3,Creciente
6939,2026-07-02,18:15:00,771.6,0.4,Creciente
6940,2026-07-02,18:30:00,771.5,-0.1,Descendente
6941,2026-07-02,18:45:00,771.3,-0.2,Descendente
6942,2026-07-02,19:00:00,771.3,0.0,Estable
6943,2026-07-02,19:15:00,771.4,0.1,Creciente
6944,2026-07-02,19:30:00,771.3,-0.1,Descendente
6945,2026-07-02,19:45:00,771.5,0.2,Creciente
6946,2026-07-02,20:00:00,771.6,0.1,Creciente
6947,2026-07-02,20:15:00,771.4,-0.2,Descendente
6948,2026-07-02,20:30:00,771.3,-0.1,Descendente
6949,2026-07-02,20:45:00,771.2,-0.1,Descendente
6950,2026-07-02,21:00:00,771.0,-0.2,Descendente
6951,2026-07-02,21:15:00,771.0,0.0,Estable
6952,2026-07-02,21:30:00,770.9,-0.1,Descendente
6953,2026-07-02,21:45:00,770.8,-0.1,Descendente
6954,2026-07-02,22:00:00,770.7,-0.1,Descendente
6955,2026-07-02,22:15:00,770.7,0.0,Estable
6956,2026-07-02,22:30:00,770.6,-0.1,Descendente
6957,2026-07-02,22:45:00,770.5,-0.1,Descendente
6958,2026-07-02,23:00:00,770.5,0.0,Estable
6959,2026-07-02,23:15:00,770.6,0.1,Creciente
6960,2026-07-02,23:30:00,770.5,-0.1,Descendente
6961,2026-07-02,23:45:00,770.6,0.1,Creciente
6962,2026-07-04,00:15:00,579.7,-190.9,Descendente
6963,2026-07-04,00:30:00,579.5,-0.2,Descendente
6964,2026-07-04,00:45:00,579.3,-0.2,Descendente
6965,2026-07-04,01:00:00,579.1,-0.2,Descendente
6966,2026-07-04,01:15:00,579.0,-0.1,Descendente
6967,2026-07-04,01:30:00,579.0,0.0,Estable
6968,2026-07-04,01:45:00,578.9,-0.1,Descendente
6969,2026-07-04,02:00:00,578.8,-0.1,Descendente
6970,2026-07-04,02:15:00,578.8,0.0,Estable
6971,2026-07-04,02:30:00,578.8,0.0,Estable
6972,2026-07-04,02:45:00,578.8,0.0,Estable
6973,2026-07-04,03:00:00,578.6,-0.2,Descendente
6974,2026-07-04,03:15:00,578.5,-0.1,Descendente
6975,2026-07-04,03:30:00,578.4,-0.1,Descendente
6976,2026-07-04,03:45:00,578.5,0.1,Creciente
6977,2026-07-04,04:00:00,578.5,0.0,Estable
6978,2026-07-04,04:15:00,578.6,0.1,Creciente
6979,2026-07-04,04:30:00,578.7,0.1,Creciente
6980,2026-07-04,04:45:00,578.8,0.1,Creciente
6981,2026-07-04,05:00:00,578.9,0.1,Creciente
6982,2026-07-04,05:15:00,578.9,0.0,Estable
6983,2026-07-04,05:30:00,578.9,0.0,Estable
6984,2026-07-04,05:45:00,578.8,-0.1,Descendente
6985,2026-07-04,06:00:00,579.0,0.2,Creciente
6986,2026-07-04,06:15:00,579.0,0.0,Estable
6987,2026-07-04,06:30:00,579.2,0.2,Creciente
6988,2026-07-04,06:45:00,579.4,0.2,Creciente
6989,2026-07-04,07:00:00,579.5,0.1,Creciente
6990,2026-07-04,07:15:00,579.8,0.3,Creciente
6991,2026-07-04,07:30:00,579.8,0.0,Estable
6992,2026-07-04,07:45:00,579.9,0.1,Creciente
6993,2026-07-04,08:00:00,580.0,0.1,Creciente
6994,2026-07-04,08:15:00,580.1,0.1,Creciente
6995,2026-07-04,08:30:00,580.1,0.0,Estable
6996,2026-07-04,08:45:00,580.1,0.0,Estable
6997,2026-07-04,09:00:00,580.2,0.1,Creciente
6998,2026-07-04,09:15:00,580.3,0.1,Creciente
6999,2026-07-04,09:30:00,580.3,0.0,Estable
7000,2026-07-04,09:45:00,580.2,-0.1,Descendente
7001,2026-07-04,10:00:00,580.1,-0.1,Descendente
7002,2026-07-04,10:15:00,580.2,0.1,Creciente
7003,2026-07-04,10:30:00,580.1,-0.1,Descendente
7004,2026-07-04,10:45:00,580.0,-0.1,Descendente
7005,2026-07-04,11:00:00,579.9,-0.1,Descendente
7006,2026-07-04,11:15:00,579.8,-0.1,Descendente
7007,2026-07-04,11:30:00,579.6,-0.2,Descendente
7008,2026-07-04,11:45:00,579.5,-0.1,Descendente
7009,2026-07-04,12:00:00,579.3,-0.2,Descendente
7010,2026-07-04,12:15:00,579.1,-0.2,Descendente
7011,2026-07-04,12:30:00,578.9,-0.2,Descendente
7012,2026-07-04,12:45:00,578.6,-0.3,Descendente
7013,2026-07-04,13:00:00,578.4,-0.2,Descendente
7014,2026-07-04,13:15:00,578.4,0.0,Estable
7015,2026-07-04,13:30:00,578.2,-0.2,Descendente
7016,2026-07-04,13:45:00,577.9,-0.3,Descendente
7017,2026-07-04,14:00:00,577.7,-0.2,Descendente
7018,2026-07-04,14:15:00,577.7,0.0,Estable
7019,2026-07-04,14:30:00,577.4,-0.3,Descendente
7020,2026-07-04,14:45:00,577.3,-0.1,Descendente
7021,2026-07-04,15:00:00,577.2,-0.1,Descendente
7022,2026-07-04,15:15:00,577.1,-0.1,Descendente
7023,2026-07-04,15:30:00,577.1,0.0,Estable
7024,2026-07-04,15:45:00,577.1,0.0,Estable
7025,2026-07-04,16:00:00,577.0,-0.1,Descendente
7026,2026-07-04,16:15:00,576.9,-0.1,Descendente
7027,2026-07-04,16:30:00,576.7,-0.2,Descendente
7028,2026-07-04,16:45:00,577.2,0.5,Creciente
7029,2026-07-04,17:00:00,577.2,0.0,Estable
7030,2026-07-04,17:15:00,577.3,0.1,Creciente
7031,2026-07-04,17:30:00,577.4,0.1,Creciente
7032,2026-07-04,17:45:00,577.8,0.4,Creciente
7033,2026-07-04,18:00:00,577.7,-0.1,Descendente
7034,2026-07-04,18:15:00,577.7,0.0,Estable
7035,2026-07-04,18:30:00,577.6,-0.1,Descendente
7036,2026-07-04,18:45:00,577.7,0.1,Creciente
7037,2026-07-04,19:00:00,577.8,0.1,Creciente
7038,2026-07-04,19:15:00,577.9,0.1,Creciente
7039,2026-07-04,19:30:00,577.9,0.0,Estable
7040,2026-07-04,19:45:00,577.8,-0.1,Descendente
7041,2026-07-04,20:00:00,577.8,0.0,Estable
7042,2026-07-04,20:15:00,578.0,0.2,Creciente
7043,2026-07-04,20:30:00,578.3,0.3,Creciente
7044,2026-07-04,20:45:00,578.4,0.1,Creciente
7045,2026-07-04,21:00:00,578.4,0.0,Estable
7046,2026-07-04,21:15:00,578.5,0.1,Creciente
7047,2026-07-04,21:30:00,578.7,0.2,Creciente
7048,2026-07-04,21:45:00,578.8,0.1,Creciente
7049,2026-07-04,22:00:00,578.9,0.1,Creciente
7050,2026-07-04,22:15:00,578.8,-0.1,Descendente
7051,2026-07-04,22:30:00,578.8,0.0,Estable
7052,2026-07-04,22:45:00,578.7,-0.1,Descendente
7053,2026-07-04,23:00:00,578.7,0.0,Estable
7054,2026-07-04,23:15:00,578.8,0.1,Creciente
7055,2026-07-04,23:30:00,579.0,0.2,Creciente
7056,2026-07-04,23:45:00,578.9,-0.1,Descendente
7057,2026-07-05,00:15:00,578.8,-0.1,Descendente
7058,2026-07-05,00:30:00,578.9,0.1,Creciente
7059,2026-07-05,00:45:00,578.9,0.0,Estable
7060,2026-07-05,01:00:00,578.8,-0.1,Descendente
7061,2026-07-05,01:15:00,578.8,0.0,Estable
7062,2026-07-05,01:30:00,578.7,-0.1,Descendente
7063,2026-07-05,01:45:00,578.8,0.1,Creciente
7064,2026-07-05,02:00:00,578.6,-0.2,Descendente
7065,2026-07-05,02:15:00,578.5,-0.1,Descendente
7066,2026-07-05,02:30:00,578.5,0.0,Estable
7067,2026-07-05,02:45:00,578.3,-0.2,Descendente
7068,2026-07-05,03:00:00,578.2,-0.1,Descendente
7069,2026-07-05,03:15:00,578.1,-0.1,Descendente
7070,2026-07-05,03:30:00,578.0,-0.1,Descendente
7071,2026-07-05,03:45:00,577.9,-0.1,Descendente
7072,2026-07-05,04:00:00,578.0,0.1,Creciente
7073,2026-07-05,04:15:00,577.9,-0.1,Descendente
7074,2026-07-05,04:30:00,578.0,0.1,Creciente
7075,2026-07-05,04:45:00,578.0,0.0,Estable
7076,2026-07-05,05:00:00,578.0,0.0,Estable
7077,2026-07-05,05:15:00,578.2,0.2,Creciente
7078,2026-07-05,05:30:00,578.2,0.0,Estable
7079,2026-07-05,05:45:00,578.3,0.1,Creciente
7080,2026-07-05,06:00:00,578.3,0.0,Estable
7081,2026-07-05,06:15:00,578.5,0.2,Creciente
7082,2026-07-05,06:30:00,578.7,0.2,Creciente
7083,2026-07-05,06:45:00,578.9,0.2,Creciente
7084,2026-07-05,07:00:00,579.1,0.2,Creciente
7085,2026-07-05,07:15:00,579.1,0.0,Estable
7086,2026-07-05,07:30:00,579.2,0.1,Creciente
7087,2026-07-05,07:45:00,579.2,0.0,Estable
7088,2026-07-05,08:00:00,579.4,0.2,Creciente
7089,2026-07-05,08:15:00,579.3,-0.1,Descendente
7090,2026-07-05,08:30:00,579.4,0.1,Creciente
7091,2026-07-05,08:45:00,579.5,0.1,Creciente
7092,2026-07-05,09:00:00,579.5,0.0,Estable
7093,2026-07-05,09:15:00,579.6,0.1,Creciente
7094,2026-07-05,09:30:00,579.5,-0.1,Descendente
7095,2026-07-05,09:45:00,579.5,0.0,Estable
7096,2026-07-05,10:00:00,579.5,0.0,Estable
7097,2026-07-05,10:15:00,579.4,-0.1,Descendente
7098,2026-07-05,10:30:00,579.2,-0.2,Descendente
7099,2026-07-05,10:45:00,579.1,-0.1,Descendente
7100,2026-07-05,11:00:00,579.0,-0.1,Descendente
7101,2026-07-05,11:15:00,578.8,-0.2,Descendente
7102,2026-07-05,11:30:00,578.8,0.0,Estable
7103,2026-07-05,11:45:00,578.6,-0.2,Descendente
7104,2026-07-05,12:00:00,578.5,-0.1,Descendente
7105,2026-07-05,12:15:00,578.3,-0.2,Descendente
7106,2026-07-05,12:30:00,578.0,-0.3,Descendente
7107,2026-07-05,12:45:00,577.7,-0.3,Descendente
7108,2026-07-05,13:00:00,577.6,-0.1,Descendente
7109,2026-07-05,13:15:00,577.5,-0.1,Descendente
7110,2026-07-05,13:30:00,577.3,-0.2,Descendente
7111,2026-07-05,13:45:00,577.1,-0.2,Descendente
7112,2026-07-05,14:00:00,577.0,-0.1,Descendente
7113,2026-07-05,14:15:00,576.8,-0.2,Descendente
7114,2026-07-05,14:30:00,576.6,-0.2,Descendente
7115,2026-07-05,14:45:00,576.5,-0.1,Descendente
7116,2026-07-05,15:00:00,576.5,0.0,Estable
7117,2026-07-05,15:15:00,576.7,0.2,Creciente
7118,2026-07-05,15:30:00,576.7,0.0,Estable
7119,2026-07-05,15:45:00,576.6,-0.1,Descendente
7120,2026-07-05,16:00:00,576.8,0.2,Creciente
7121,2026-07-05,16:15:00,577.3,0.5,Creciente
7122,2026-07-05,16:30:00,577.4,0.1,Creciente
7123,2026-07-05,16:45:00,577.5,0.1,Creciente
7124,2026-07-05,17:00:00,577.8,0.3,Creciente
7125,2026-07-05,17:15:00,577.6,-0.2,Descendente
7126,2026-07-05,17:30:00,577.5,-0.1,Descendente
7127,2026-07-05,17:45:00,577.8,0.3,Creciente
7128,2026-07-05,18:00:00,578.0,0.2,Creciente
7129,2026-07-05,18:15:00,578.1,0.1,Creciente
7130,2026-07-05,18:30:00,578.1,0.0,Estable
7131,2026-07-05,18:45:00,578.0,-0.1,Descendente
7132,2026-07-05,19:00:00,578.0,0.0,Estable
7133,2026-07-05,19:15:00,578.0,0.0,Estable
7134,2026-07-05,19:30:00,578.0,0.0,Estable
7135,2026-07-05,19:45:00,578.2,0.2,Creciente
7136,2026-07-05,20:00:00,578.2,0.0,Estable
7137,2026-07-05,20:15:00,578.2,0.0,Estable
7138,2026-07-05,20:30:00,578.0,-0.2,Descendente
7139,2026-07-05,20:45:00,578.2,0.2,Creciente
7140,2026-07-05,21:00:00,578.1,-0.1,Descendente
7141,2026-07-05,21:15:00,578.0,-0.1,Descendente
7142,2026-07-05,21:30:00,578.2,0.2,Creciente
7143,2026-07-05,21:45:00,578.4,0.2,Creciente
7144,2026-07-05,22:00:00,578.5,0.1,Creciente
7145,2026-07-05,22:15:00,578.7,0.2,Creciente
7146,2026-07-05,22:30:00,578.5,-0.2,Descendente
7147,2026-07-05,22:45:00,578.5,0.0,Estable
7148,2026-07-05,23:00:00,578.5,0.0,Estable
7149,2026-07-05,23:15:00,578.4,-0.1,Descendente
7150,2026-07-05,23:30:00,578.2,-0.2,Descendente
7151,2026-07-05,23:45:00,578.1,-0.1,Descendente
7152,2026-07-06,00:15:00,577.8,-0.3,Descendente
7153,2026-07-06,00:30:00,577.5,-0.3,Descendente
7154,2026-07-06,00:45:00,577.4,-0.1,Descendente
7155,2026-07-06,01:00:00,577.5,0.1,Creciente
7156,2026-07-06,01:15:00,577.5,0.0,Estable
7157,2026-07-06,01:30:00,577.6,0.1,Creciente
7158,2026-07-06,01:45:00,577.6,0.0,Estable
7159,2026-07-06,02:00:00,577.6,0.0,Estable
7160,2026-07-06,02:15:00,577.6,0.0,Estable
7161,2026-07-06,02:30:00,577.6,0.0,Estable
7162,2026-07-06,02:45:00,577.7,0.1,Creciente
7163,2026-07-06,03:00:00,577.6,-0.1,Descendente
7164,2026-07-06,03:15:00,577.7,0.1,Creciente
7165,2026-07-06,03:30:00,577.7,0.0,Estable
7166,2026-07-06,03:45:00,577.5,-0.2,Descendente
7167,2026-07-06,04:00:00,577.5,0.0,Estable
7168,2026-07-06,04:15:00,577.5,0.0,Estable
7169,2026-07-06,04:30:00,577.5,0.0,Estable
7170,2026-07-06,04:45:00,577.5,0.0,Estable
7171,2026-07-06,05:00:00,577.4,-0.1,Descendente
7172,2026-07-06,05:15:00,577.6,0.2,Creciente
7173,2026-07-06,05:30:00,577.7,0.1,Creciente
7174,2026-07-06,05:45:00,577.8,0.1,Creciente
7175,2026-07-06,06:00:00,577.7,-0.1,Descendente
7176,2026-07-06,06:15:00,577.8,0.1,Creciente
7177,2026-07-06,06:30:00,578.0,0.2,Creciente
7178,2026-07-06,06:45:00,578.0,0.0,Estable
7179,2026-07-06,07:00:00,578.1,0.1,Creciente
7180,2026-07-06,07:15:00,578.2,0.1,Creciente
7181,2026-07-06,07:30:00,578.4,0.2,Creciente
7182,2026-07-06,07:45:00,578.4,0.0,Estable
7183,2026-07-06,08:00:00,578.5,0.1,Creciente
7184,2026-07-06,08:15:00,578.7,0.2,Creciente
7185,2026-07-06,08:30:00,578.7,0.0,Estable
7186,2026-07-06,08:45:00,578.9,0.2,Creciente
7187,2026-07-06,09:00:00,579.0,0.1,Creciente
7188,2026-07-06,09:15:00,578.9,-0.1,Descendente
7189,2026-07-06,09:30:00,578.9,0.0,Estable
7190,2026-07-06,09:45:00,578.8,-0.1,Descendente
7191,2026-07-06,10:00:00,578.8,0.0,Estable
7192,2026-07-06,10:15:00,578.7,-0.1,Descendente
7193,2026-07-06,10:30:00,578.6,-0.1,Descendente
7194,2026-07-06,10:45:00,578.5,-0.1,Descendente
7195,2026-07-06,11:00:00,578.4,-0.1,Descendente
7196,2026-07-06,11:15:00,578.4,0.0,Estable
7197,2026-07-06,11:30:00,578.2,-0.2,Descendente
7198,2026-07-06,11:45:00,578.2,0.0,Estable
7199,2026-07-06,12:00:00,578.1,-0.1,Descendente
7200,2026-07-06,12:15:00,578.1,0.0,Estable
7201,2026-07-06,12:30:00,578.0,-0.1,Descendente
7202,2026-07-06,12:45:00,577.9,-0.1,Descendente
7203,2026-07-06,13:00:00,577.8,-0.1,Descendente
7204,2026-07-06,13:15:00,577.6,-0.2,Descendente
7205,2026-07-06,13:30:00,577.5,-0.1,Descendente
7206,2026-07-06,13:45:00,577.0,-0.5,Descendente
7207,2026-07-06,14:00:00,576.8,-0.2,Descendente
7208,2026-07-06,14:15:00,576.7,-0.1,Descendente
7209,2026-07-06,14:30:00,576.4,-0.3,Descendente
7210,2026-07-06,14:45:00,576.4,0.0,Estable
7211,2026-07-06,15:00:00,576.3,-0.1,Descendente
7212,2026-07-06,15:15:00,576.1,-0.2,Descendente
7213,2026-07-06,15:30:00,575.9,-0.2,Descendente
7214,2026-07-06,15:45:00,575.7,-0.2,Descendente
7215,2026-07-06,16:00:00,575.7,0.0,Estable
7216,2026-07-06,16:15:00,575.5,-0.2,Descendente
7217,2026-07-06,16:30:00,575.3,-0.2,Descendente
7218,2026-07-06,16:45:00,575.2,-0.1,Descendente
7219,2026-07-06,17:00:00,575.4,0.2,Creciente
7220,2026-07-06,17:15:00,575.2,-0.2,Descendente
7221,2026-07-06,17:30:00,575.5,0.3,Creciente
7222,2026-07-06,17:45:00,575.6,0.1,Creciente
7223,2026-07-06,18:00:00,575.8,0.2,Creciente
7224,2026-07-06,18:15:00,575.9,0.1,Creciente
7225,2026-07-06,18:30:00,576.2,0.3,Creciente
7226,2026-07-06,18:45:00,576.2,0.0,Estable
7227,2026-07-06,19:00:00,576.7,0.5,Creciente
7228,2026-07-06,19:15:00,576.7,0.0,Estable
7229,2026-07-06,19:30:00,576.6,-0.1,Descendente
7230,2026-07-06,19:45:00,576.7,0.1,Creciente
7231,2026-07-06,20:00:00,577.0,0.3,Creciente
7232,2026-07-06,20:15:00,577.4,0.4,Creciente
7233,2026-07-06,20:30:00,577.4,0.0,Estable
7234,2026-07-06,20:45:00,577.2,-0.2,Descendente
7235,2026-07-06,21:00:00,577.5,0.3,Creciente
7236,2026-07-06,21:15:00,577.7,0.2,Creciente
7237,2026-07-06,21:30:00,577.9,0.2,Creciente
7238,2026-07-06,21:45:00,578.0,0.1,Creciente
7239,2026-07-06,22:00:00,578.1,0.1,Creciente
7240,2026-07-06,22:15:00,578.2,0.1,Creciente
7241,2026-07-06,22:30:00,578.3,0.1,Creciente
7242,2026-07-06,22:45:00,578.4,0.1,Creciente
7243,2026-07-06,23:00:00,578.5,0.1,Creciente
7244,2026-07-06,23:15:00,578.5,0.0,Estable
7245,2026-07-06,23:30:00,578.5,0.0,Estable
7246,2026-07-06,23:45:00,578.6,0.1,Creciente
7247,2026-07-07,00:15:00,578.6,0.0,Estable
7248,2026-07-07,00:30:00,578.4,-0.2,Descendente
7249,2026-07-07,00:45:00,578.3,-0.1,Descendente
7250,2026-07-07,01:00:00,578.1,-0.2,Descendente
7251,2026-07-07,01:15:00,578.1,0.0,Estable
7252,2026-07-07,01:30:00,578.1,0.0,Estable
7253,2026-07-07,01:45:00,578.1,0.0,Estable
7254,2026-07-07,02:00:00,578.0,-0.1,Descendente
7255,2026-07-07,02:15:00,577.8,-0.2,Descendente
7256,2026-07-07,02:30:00,577.8,0.0,Estable
7257,2026-07-07,02:45:00,577.7,-0.1,Descendente
7258,2026-07-07,03:00:00,577.7,0.0,Estable
7259,2026-07-07,03:15:00,577.7,0.0,Estable
7260,2026-07-07,03:30:00,577.7,0.0,Estable
7261,2026-07-07,03:45:00,577.5,-0.2,Descendente
7262,2026-07-07,04:00:00,577.5,0.0,Estable
7263,2026-07-07,04:15:00,577.5,0.0,Estable
7264,2026-07-07,04:30:00,577.4,-0.1,Descendente
7265,2026-07-07,04:45:00,577.4,0.0,Estable
7266,2026-07-07,05:00:00,577.7,0.3,Creciente
7267,2026-07-07,05:15:00,577.8,0.1,Creciente
7268,2026-07-07,05:30:00,577.8,0.0,Estable
7269,2026-07-07,05:45:00,578.0,0.2,Creciente
7270,2026-07-07,06:00:00,578.1,0.1,Creciente
7271,2026-07-07,06:15:00,578.3,0.2,Creciente
7272,2026-07-07,06:30:00,578.4,0.1,Creciente
7273,2026-07-07,06:45:00,578.5,0.1,Creciente
7274,2026-07-07,07:00:00,578.6,0.1,Creciente
7275,2026-07-07,07:15:00,578.8,0.2,Creciente
7276,2026-07-07,07:30:00,579.0,0.2,Creciente
7277,2026-07-07,07:45:00,579.1,0.1,Creciente
7278,2026-07-07,08:00:00,579.2,0.1,Creciente
7279,2026-07-07,08:15:00,579.3,0.1,Creciente
7280,2026-07-07,08:30:00,579.3,0.0,Estable
7281,2026-07-07,08:45:00,579.4,0.1,Creciente
7282,2026-07-07,09:00:00,579.5,0.1,Creciente
7283,2026-07-07,09:15:00,579.4,-0.1,Descendente
7284,2026-07-07,09:30:00,579.3,-0.1,Descendente
7285,2026-07-07,09:45:00,579.3,0.0,Estable
7286,2026-07-07,10:00:00,579.2,-0.1,Descendente
7287,2026-07-07,10:15:00,579.3,0.1,Creciente
7288,2026-07-07,10:30:00,579.1,-0.2,Descendente
7289,2026-07-07,10:45:00,579.0,-0.1,Descendente
7290,2026-07-07,11:00:00,579.1,0.1,Creciente
7291,2026-07-07,11:15:00,579.0,-0.1,Descendente
7292,2026-07-07,11:30:00,579.0,0.0,Estable
7293,2026-07-07,11:45:00,579.0,0.0,Estable
7294,2026-07-07,12:00:00,578.7,-0.3,Descendente
7295,2026-07-07,12:15:00,578.7,0.0,Estable
7296,2026-07-07,12:30:00,578.5,-0.2,Descendente
7297,2026-07-07,12:45:00,578.4,-0.1,Descendente
7298,2026-07-07,13:00:00,578.2,-0.2,Descendente
7299,2026-07-07,13:15:00,578.1,-0.1,Descendente
7300,2026-07-07,13:30:00,577.9,-0.2,Descendente
7301,2026-07-07,13:45:00,577.6,-0.3,Descendente
7302,2026-07-07,14:00:00,577.4,-0.2,Descendente
7303,2026-07-07,14:15:00,577.2,-0.2,Descendente
7304,2026-07-07,14:30:00,576.8,-0.4,Descendente
7305,2026-07-07,14:45:00,576.6,-0.2,Descendente
7306,2026-07-07,15:00:00,576.5,-0.1,Descendente
7307,2026-07-07,15:15:00,576.2,-0.3,Descendente
7308,2026-07-07,15:30:00,576.1,-0.1,Descendente
7309,2026-07-07,15:45:00,576.0,-0.1,Descendente
7310,2026-07-07,16:00:00,576.1,0.1,Creciente
7311,2026-07-07,16:15:00,576.1,0.0,Estable
7312,2026-07-07,16:30:00,575.9,-0.2,Descendente
7313,2026-07-07,16:45:00,576.0,0.1,Creciente
7314,2026-07-07,17:00:00,576.0,0.0,Estable
7315,2026-07-07,17:15:00,576.1,0.1,Creciente
7316,2026-07-07,17:30:00,576.3,0.2,Creciente
7317,2026-07-07,17:45:00,576.3,0.0,Estable
7318,2026-07-07,18:00:00,576.3,0.0,Estable
7319,2026-07-07,18:15:00,576.4,0.1,Creciente
7320,2026-07-07,18:30:00,576.4,0.0,Estable
7321,2026-07-07,18:45:00,576.6,0.2,Creciente
7322,2026-07-07,19:00:00,577.1,0.5,Creciente
7323,2026-07-07,19:15:00,577.5,0.4,Creciente
7324,2026-07-07,19:30:00,577.7,0.2,Creciente
7325,2026-07-07,19:45:00,577.8,0.1,Creciente
7326,2026-07-07,20:00:00,578.1,0.3,Creciente
7327,2026-07-07,20:15:00,578.4,0.3,Creciente
7328,2026-07-07,20:30:00,578.7,0.3,Creciente
7329,2026-07-07,20:45:00,578.7,0.0,Estable
7330,2026-07-07,21:00:00,578.9,0.2,Creciente
7331,2026-07-07,21:15:00,579.0,0.1,Creciente
7332,2026-07-07,21:30:00,579.1,0.1,Creciente
7333,2026-07-07,21:45:00,579.4,0.3,Creciente
7334,2026-07-07,22:00:00,579.6,0.2,Creciente
7335,2026-07-07,22:15:00,579.6,0.0,Estable
7336,2026-07-07,22:30:00,579.7,0.1,Creciente
7337,2026-07-07,22:45:00,579.6,-0.1,Descendente
7338,2026-07-07,23:00:00,579.6,0.0,Estable
7339,2026-07-07,23:15:00,579.7,0.1,Creciente
7340,2026-07-07,23:30:00,579.6,-0.1,Descendente
7341,2026-07-07,23:45:00,579.4,-0.2,Descendente
7342,2026-07-08,00:15:00,579.5,0.1,Creciente
7343,2026-07-08,00:30:00,579.3,-0.2,Descendente
7344,2026-07-08,00:45:00,579.1,-0.2,Descendente
7345,2026-07-08,01:00:00,579.0,-0.1,Descendente
7346,2026-07-08,01:15:00,578.9,-0.1,Descendente
7347,2026-07-08,01:30:00,578.7,-0.2,Descendente
7348,2026-07-08,01:45:00,578.6,-0.1,Descendente
7349,2026-07-08,02:00:00,578.4,-0.2,Descendente
7350,2026-07-08,02:15:00,578.4,0.0,Estable
7351,2026-07-08,02:30:00,578.3,-0.1,Descendente
7352,2026-07-08,02:45:00,578.4,0.1,Creciente
7353,2026-07-08,03:00:00,578.3,-0.1,Descendente
7354,2026-07-08,03:15:00,578.3,0.0,Estable
7355,2026-07-08,03:30:00,578.2,-0.1,Descendente
7356,2026-07-08,03:45:00,578.2,0.0,Estable
7357,2026-07-08,04:00:00,578.2,0.0,Estable
7358,2026-07-08,04:15:00,578.3,0.1,Creciente
7359,2026-07-08,04:30:00,578.4,0.1,Creciente
7360,2026-07-08,04:45:00,578.4,0.0,Estable
7361,2026-07-08,05:00:00,578.5,0.1,Creciente
7362,2026-07-08,05:15:00,578.6,0.1,Creciente
7363,2026-07-08,05:30:00,578.9,0.3,Creciente
7364,2026-07-08,05:45:00,579.0,0.1,Creciente
7365,2026-07-08,06:00:00,579.1,0.1,Creciente
7366,2026-07-08,06:15:00,579.2,0.1,Creciente
7367,2026-07-08,06:30:00,579.3,0.1,Creciente
7368,2026-07-08,06:45:00,579.4,0.1,Creciente
7369,2026-07-08,07:00:00,579.4,0.0,Estable
7370,2026-07-08,07:15:00,579.6,0.2,Creciente
7371,2026-07-08,07:30:00,579.6,0.0,Estable
7372,2026-07-08,07:45:00,579.8,0.2,Creciente
7373,2026-07-08,08:00:00,579.9,0.1,Creciente
7374,2026-07-08,08:15:00,579.9,0.0,Estable
7375,2026-07-08,08:30:00,580.0,0.1,Creciente
7376,2026-07-08,08:45:00,580.0,0.0,Estable
7377,2026-07-08,09:00:00,580.0,0.0,Estable
7378,2026-07-08,09:15:00,580.0,0.0,Estable
7379,2026-07-08,09:30:00,580.0,0.0,Estable
7380,2026-07-08,09:45:00,580.0,0.0,Estable
7381,2026-07-08,10:00:00,579.9,-0.1,Descendente
7382,2026-07-08,10:15:00,579.8,-0.1,Descendente
7383,2026-07-08,10:30:00,579.7,-0.1,Descendente
7384,2026-07-08,10:45:00,579.6,-0.1,Descendente
7385,2026-07-08,11:00:00,579.5,-0.1,Descendente
7386,2026-07-08,11:15:00,579.4,-0.1,Descendente
7387,2026-07-08,11:30:00,579.4,0.0,Estable
7388,2026-07-08,11:45:00,579.3,-0.1,Descendente
7389,2026-07-08,12:00:00,579.1,-0.2,Descendente
7390,2026-07-08,12:15:00,579.0,-0.1,Descendente
7391,2026-07-08,12:30:00,578.9,-0.1,Descendente
7392,2026-07-08,12:45:00,578.8,-0.1,Descendente
7393,2026-07-08,13:00:00,578.6,-0.2,Descendente
7394,2026-07-08,13:15:00,578.4,-0.2,Descendente
7395,2026-07-08,13:30:00,578.3,-0.1,Descendente
7396,2026-07-08,13:45:00,578.0,-0.3,Descendente
7397,2026-07-08,14:00:00,577.7,-0.3,Descendente
7398,2026-07-08,14:15:00,577.3,-0.4,Descendente
7399,2026-07-08,14:30:00,576.9,-0.4,Descendente
7400,2026-07-08,14:45:00,576.9,0.0,Estable
7401,2026-07-08,15:00:00,576.8,-0.1,Descendente
7402,2026-07-08,15:15:00,576.7,-0.1,Descendente
7403,2026-07-08,15:30:00,576.5,-0.2,Descendente
7404,2026-07-08,15:45:00,576.4,-0.1,Descendente
7405,2026-07-08,16:00:00,576.5,0.1,Creciente
7406,2026-07-08,16:15:00,576.3,-0.2,Descendente
7407,2026-07-08,16:30:00,576.1,-0.2,Descendente
7408,2026-07-08,16:45:00,576.0,-0.1,Descendente
7409,2026-07-08,17:00:00,576.0,0.0,Estable
7410,2026-07-08,17:15:00,576.2,0.2,Creciente
7411,2026-07-08,17:30:00,576.1,-0.1,Descendente
7412,2026-07-08,17:45:00,576.2,0.1,Creciente
7413,2026-07-08,18:00:00,576.8,0.6,Creciente
7414,2026-07-08,18:15:00,577.0,0.2,Creciente
7415,2026-07-08,18:30:00,577.4,0.4,Creciente
7416,2026-07-08,18:45:00,577.6,0.2,Creciente
7417,2026-07-08,19:00:00,577.9,0.3,Creciente
7418,2026-07-08,19:15:00,578.2,0.3,Creciente
7419,2026-07-08,19:30:00,578.4,0.2,Creciente
7420,2026-07-08,19:45:00,578.9,0.5,Creciente
7421,2026-07-08,20:00:00,579.1,0.2,Creciente
7422,2026-07-08,20:15:00,579.1,0.0,Estable
7423,2026-07-08,20:30:00,579.0,-0.1,Descendente
7424,2026-07-08,20:45:00,579.0,0.0,Estable
7425,2026-07-08,21:00:00,579.1,0.1,Creciente
7426,2026-07-08,21:15:00,579.1,0.0,Estable
7427,2026-07-08,21:30:00,579.2,0.1,Creciente
7428,2026-07-08,21:45:00,579.3,0.1,Creciente
7429,2026-07-08,22:00:00,579.4,0.1,Creciente
7430,2026-07-08,22:15:00,579.4,0.0,Estable
7431,2026-07-08,22:30:00,579.5,0.1,Creciente
7432,2026-07-08,22:45:00,579.7,0.2,Creciente
7433,2026-07-08,23:00:00,579.8,0.1,Creciente
7434,2026-07-08,23:15:00,579.8,0.0,Estable
7435,2026-07-08,23:30:00,579.9,0.1,Creciente
7436,2026-07-08,23:45:00,580.0,0.1,Creciente
7437,2026-07-09,00:15:00,579.9,-0.1,Descendente
7438,2026-07-09,00:30:00,579.8,-0.1,Descendente
7439,2026-07-09,00:45:00,579.6,-0.2,Descendente
7440,2026-07-09,01:00:00,579.5,-0.1,Descendente
7441,2026-07-09,01:15:00,579.2,-0.3,Descendente
7442,2026-07-09,01:30:00,579.0,-0.2,Descendente
7443,2026-07-09,01:45:00,578.7,-0.3,Descendente
7444,2026-07-09,02:00:00,578.4,-0.3,Descendente
7445,2026-07-09,02:15:00,578.0,-0.4,Descendente
7446,2026-07-09,02:30:00,577.8,-0.2,Descendente
7447,2026-07-09,02:45:00,577.5,-0.3,Descendente
7448,2026-07-09,03:00:00,577.4,-0.1,Descendente
7449,2026-07-09,03:15:00,577.4,0.0,Estable
7450,2026-07-09,03:30:00,577.3,-0.1,Descendente
7451,2026-07-09,03:45:00,577.5,0.2,Creciente
7452,2026-07-09,04:00:00,577.6,0.1,Creciente
7453,2026-07-09,04:15:00,577.8,0.2,Creciente
7454,2026-07-09,04:30:00,577.8,0.0,Estable
7455,2026-07-09,04:45:00,578.0,0.2,Creciente
7456,2026-07-09,05:00:00,578.1,0.1,Creciente
7457,2026-07-09,05:15:00,578.2,0.1,Creciente
7458,2026-07-09,05:30:00,578.2,0.0,Estable
7459,2026-07-09,05:45:00,578.3,0.1,Creciente
7460,2026-07-09,06:00:00,578.3,0.0,Estable
7461,2026-07-09,06:15:00,578.3,0.0,Estable
7462,2026-07-09,06:30:00,578.4,0.1,Creciente
7463,2026-07-09,06:45:00,578.4,0.0,Estable
7464,2026-07-09,07:00:00,578.4,0.0,Estable
7465,2026-07-09,07:15:00,578.5,0.1,Creciente
7466,2026-07-09,07:30:00,578.5,0.0,Estable
7467,2026-07-09,07:45:00,578.6,0.1,Creciente
7468,2026-07-09,08:00:00,578.6,0.0,Estable
7469,2026-07-09,08:15:00,578.6,0.0,Estable
7470,2026-07-09,08:30:00,578.8,0.2,Creciente
7471,2026-07-09,08:45:00,578.8,0.0,Estable
7472,2026-07-09,09:00:00,578.9,0.1,Creciente
7473,2026-07-09,09:15:00,579.0,0.1,Creciente
7474,2026-07-09,09:30:00,579.0,0.0,Estable
7475,2026-07-09,09:45:00,579.0,0.0,Estable
7476,2026-07-09,10:00:00,579.0,0.0,Estable
7477,2026-07-09,10:15:00,579.0,0.0,Estable
7478,2026-07-09,10:30:00,579.1,0.1,Creciente
7479,2026-07-09,10:45:00,579.0,-0.1,Descendente
7480,2026-07-09,11:00:00,578.9,-0.1,Descendente
7481,2026-07-09,11:15:00,578.7,-0.2,Descendente
7482,2026-07-09,11:30:00,578.6,-0.1,Descendente
7483,2026-07-09,11:45:00,578.6,0.0,Estable
7484,2026-07-09,12:00:00,578.6,0.0,Estable
7485,2026-07-09,12:15:00,578.3,-0.3,Descendente
7486,2026-07-09,12:30:00,578.1,-0.2,Descendente
7487,2026-07-09,12:45:00,578.0,-0.1,Descendente
7488,2026-07-09,13:00:00,577.8,-0.2,Descendente
7489,2026-07-09,13:15:00,577.6,-0.2,Descendente
7490,2026-07-09,13:30:00,577.5,-0.1,Descendente
7491,2026-07-09,13:45:00,577.3,-0.2,Descendente
7492,2026-07-09,14:00:00,576.9,-0.4,Descendente
7493,2026-07-09,14:15:00,576.8,-0.1,Descendente
7494,2026-07-09,14:30:00,576.7,-0.1,Descendente
7495,2026-07-09,14:45:00,576.6,-0.1,Descendente
7496,2026-07-09,15:00:00,576.6,0.0,Estable
7497,2026-07-09,15:15:00,576.7,0.1,Creciente
7498,2026-07-09,15:30:00,576.6,-0.1,Descendente
7499,2026-07-09,15:45:00,576.4,-0.2,Descendente
7500,2026-07-09,16:00:00,576.2,-0.2,Descendente
7501,2026-07-09,16:15:00,576.0,-0.2,Descendente
7502,2026-07-09,16:30:00,576.0,0.0,Estable
7503,2026-07-09,16:45:00,575.9,-0.1,Descendente
7504,2026-07-09,17:00:00,575.9,0.0,Estable
7505,2026-07-09,17:15:00,576.2,0.3,Creciente
7506,2026-07-09,17:30:00,576.4,0.2,Creciente
7507,2026-07-09,17:45:00,576.6,0.2,Creciente
7508,2026-07-09,18:00:00,576.9,0.3,Creciente
7509,2026-07-09,18:15:00,576.9,0.0,Estable
7510,2026-07-09,18:30:00,576.9,0.0,Estable
7511,2026-07-09,18:45:00,577.0,0.1,Creciente
7512,2026-07-09,19:00:00,577.3,0.3,Creciente
7513,2026-07-09,19:15:00,577.9,0.6,Creciente
7514,2026-07-09,19:30:00,578.0,0.1,Creciente
7515,2026-07-09,19:45:00,578.3,0.3,Creciente
7516,2026-07-09,20:00:00,578.4,0.1,Creciente
7517,2026-07-09,20:15:00,578.5,0.1,Creciente
7518,2026-07-09,20:30:00,578.6,0.1,Creciente
7519,2026-07-09,20:45:00,578.7,0.1,Creciente
7520,2026-07-09,21:00:00,578.9,0.2,Creciente
7521,2026-07-09,21:15:00,579.0,0.1,Creciente
7522,2026-07-09,21:30:00,579.2,0.2,Creciente
7523,2026-07-09,21:45:00,579.3,0.1,Creciente
7524,2026-07-09,22:00:00,579.5,0.2,Creciente
7525,2026-07-09,22:15:00,579.5,0.0,Estable
7526,2026-07-09,22:30:00,579.5,0.0,Estable
7527,2026-07-09,22:45:00,579.6,0.1,Creciente
7528,2026-07-09,23:00:00,579.6,0.0,Estable
7529,2026-07-09,23:15:00,579.7,0.1,Creciente
7530,2026-07-09,23:30:00,579.7,0.0,Estable
7531,2026-07-09,23:45:00,579.6,-0.1,Descendente
7532,2026-07-10,00:15:00,579.2,-0.4,Descendente
7533,2026-07-10,00:30:00,579.1,-0.1,Descendente
7534,2026-07-10,00:45:00,579.1,0.0,Estable
7535,2026-07-10,01:00:00,578.9,-0.2,Descendente
7536,2026-07-10,01:15:00,578.6,-0.3,Descendente
7537,2026-07-10,01:30:00,578.4,-0.2,Descendente
7538,2026-07-10,01:45:00,578.4,0.0,Estable
7539,2026-07-10,02:00:00,578.2,-0.2,Descendente
7540,2026-07-10,02:15:00,578.0,-0.2,Descendente
7541,2026-07-10,02:30:00,577.8,-0.2,Descendente
7542,2026-07-10,02:45:00,577.6,-0.2,Descendente
7543,2026-07-10,03:00:00,577.5,-0.1,Descendente
7544,2026-07-10,03:15:00,577.4,-0.1,Descendente
7545,2026-07-10,03:30:00,577.3,-0.1,Descendente
7546,2026-07-10,03:45:00,577.3,0.0,Estable
7547,2026-07-10,04:00:00,577.2,-0.1,Descendente
7548,2026-07-10,04:15:00,577.3,0.1,Creciente
7549,2026-07-10,04:30:00,577.3,0.0,Estable
7550,2026-07-10,04:45:00,577.5,0.2,Creciente
7551,2026-07-10,05:00:00,577.7,0.2,Creciente
7552,2026-07-10,05:15:00,577.7,0.0,Estable
7553,2026-07-10,05:30:00,577.8,0.1,Creciente
7554,2026-07-10,05:45:00,577.9,0.1,Creciente
7555,2026-07-10,06:00:00,578.0,0.1,Creciente
7556,2026-07-10,06:15:00,578.1,0.1,Creciente
7557,2026-07-10,06:30:00,578.3,0.2,Creciente
7558,2026-07-10,06:45:00,578.4,0.1,Creciente
7559,2026-07-10,07:00:00,578.6,0.2,Creciente
7560,2026-07-10,07:15:00,578.8,0.2,Creciente
7561,2026-07-10,07:30:00,578.9,0.1,Creciente
7562,2026-07-10,07:45:00,578.8,-0.1,Descendente
7563,2026-07-10,08:00:00,579.0,0.2,Creciente
7564,2026-07-10,08:15:00,579.1,0.1,Creciente
7565,2026-07-10,08:30:00,579.3,0.2,Creciente
7566,2026-07-10,08:45:00,579.3,0.0,Estable
7567,2026-07-10,09:00:00,579.3,0.0,Estable
7568,2026-07-10,09:15:00,579.4,0.1,Creciente
7569,2026-07-10,09:30:00,579.4,0.0,Estable
7570,2026-07-10,09:45:00,579.5,0.1,Creciente
7571,2026-07-10,10:00:00,579.5,0.0,Estable
7572,2026-07-10,10:15:00,579.5,0.0,Estable
7573,2026-07-10,10:30:00,579.4,-0.1,Descendente
7574,2026-07-10,10:45:00,579.3,-0.1,Descendente
7575,2026-07-10,11:00:00,579.2,-0.1,Descendente
7576,2026-07-10,11:15:00,579.0,-0.2,Descendente
7577,2026-07-10,11:30:00,578.9,-0.1,Descendente
7578,2026-07-10,11:45:00,578.7,-0.2,Descendente
7579,2026-07-10,12:00:00,578.6,-0.1,Descendente
7580,2026-07-10,12:15:00,578.4,-0.2,Descendente
7581,2026-07-10,12:30:00,578.4,0.0,Estable
7582,2026-07-10,12:45:00,578.1,-0.3,Descendente
7583,2026-07-10,13:00:00,577.9,-0.2,Descendente
7584,2026-07-10,13:15:00,577.9,0.0,Estable
7585,2026-07-10,13:30:00,577.5,-0.4,Descendente
7586,2026-07-10,13:45:00,577.2,-0.3,Descendente
7587,2026-07-10,14:00:00,577.0,-0.2,Descendente
7588,2026-07-10,14:15:00,576.8,-0.2,Descendente
7589,2026-07-10,14:30:00,576.6,-0.2,Descendente
7590,2026-07-10,14:45:00,576.5,-0.1,Descendente
7591,2026-07-10,15:00:00,576.2,-0.3,Descendente
7592,2026-07-10,15:15:00,576.1,-0.1,Descendente
7593,2026-07-10,15:30:00,576.3,0.2,Creciente
7594,2026-07-10,15:45:00,576.2,-0.1,Descendente
7595,2026-07-10,16:00:00,576.5,0.3,Creciente
7596,2026-07-10,16:15:00,576.3,-0.2,Descendente
7597,2026-07-10,16:30:00,576.3,0.0,Estable
7598,2026-07-10,16:45:00,576.3,0.0,Estable
7599,2026-07-10,17:00:00,576.6,0.3,Creciente
7600,2026-07-10,17:15:00,576.7,0.1,Creciente
7601,2026-07-10,17:30:00,576.9,0.2,Creciente
7602,2026-07-10,17:45:00,576.8,-0.1,Descendente
7603,2026-07-10,18:00:00,577.0,0.2,Creciente
7604,2026-07-10,18:15:00,577.3,0.3,Creciente
7605,2026-07-10,18:30:00,577.8,0.5,Creciente
7606,2026-07-10,18:45:00,578.1,0.3,Creciente
7607,2026-07-10,19:00:00,578.2,0.1,Creciente
7608,2026-07-10,19:15:00,578.3,0.1,Creciente
7609,2026-07-10,19:30:00,578.3,0.0,Estable
7610,2026-07-10,19:45:00,578.4,0.1,Creciente
7611,2026-07-10,20:00:00,578.4,0.0,Estable
7612,2026-07-10,20:15:00,578.4,0.0,Estable
7613,2026-07-10,20:30:00,578.5,0.1,Creciente
7614,2026-07-10,20:45:00,578.6,0.1,Creciente
7615,2026-07-10,21:00:00,578.6,0.0,Estable
7616,2026-07-10,21:15:00,578.7,0.1,Creciente
7617,2026-07-10,21:30:00,578.8,0.1,Creciente
7618,2026-07-10,21:45:00,578.9,0.1,Creciente
7619,2026-07-10,22:00:00,579.0,0.1,Creciente
7620,2026-07-10,22:15:00,579.2,0.2,Creciente
7621,2026-07-10,22:30:00,579.2,0.0,Estable
7622,2026-07-10,22:45:00,579.3,0.1,Creciente
7623,2026-07-10,23:00:00,579.3,0.0,Estable
7624,2026-07-10,23:15:00,579.3,0.0,Estable
7625,2026-07-10,23:30:00,579.4,0.1,Creciente
7626,2026-07-10,23:45:00,579.4,0.0,Estable
7627,2026-07-11,00:15:00,579.2,-0.2,Descendente
7628,2026-07-11,00:30:00,579.3,0.1,Creciente
7629,2026-07-11,00:45:00,579.2,-0.1,Descendente
7630,2026-07-11,01:00:00,579.1,-0.1,Descendente
7631,2026-07-11,01:15:00,579.0,-0.1,Descendente
7632,2026-07-11,01:30:00,579.0,0.0,Estable
7633,2026-07-11,01:45:00,578.7,-0.3,Descendente
7634,2026-07-11,02:00:00,578.6,-0.1,Descendente
7635,2026-07-11,02:15:00,578.6,0.0,Estable
7636,2026-07-11,02:30:00,578.5,-0.1,Descendente
7637,2026-07-11,02:45:00,578.4,-0.1,Descendente
7638,2026-07-11,03:00:00,578.3,-0.1,Descendente
7639,2026-07-11,03:15:00,578.2,-0.1,Descendente
7640,2026-07-11,03:30:00,578.2,0.0,Estable
7641,2026-07-11,03:45:00,578.2,0.0,Estable
7642,2026-07-11,04:00:00,578.2,0.0,Estable
7643,2026-07-11,04:15:00,578.2,0.0,Estable
7644,2026-07-11,04:30:00,578.3,0.1,Creciente
7645,2026-07-11,04:45:00,578.4,0.1,Creciente
7646,2026-07-11,05:00:00,578.5,0.1,Creciente
7647,2026-07-11,05:15:00,578.6,0.1,Creciente
7648,2026-07-11,05:30:00,578.4,-0.2,Descendente
7649,2026-07-11,05:45:00,578.4,0.0,Estable
7650,2026-07-11,06:00:00,578.5,0.1,Creciente
7651,2026-07-11,06:15:00,578.6,0.1,Creciente
7652,2026-07-11,06:30:00,578.7,0.1,Creciente
7653,2026-07-11,06:45:00,578.8,0.1,Creciente
7654,2026-07-11,07:00:00,579.0,0.2,Creciente
7655,2026-07-11,07:15:00,579.0,0.0,Estable
7656,2026-07-11,07:30:00,579.1,0.1,Creciente
7657,2026-07-11,07:45:00,579.3,0.2,Creciente
7658,2026-07-11,08:00:00,579.3,0.0,Estable
7659,2026-07-11,08:15:00,579.3,0.0,Estable
7660,2026-07-11,08:30:00,579.4,0.1,Creciente
7661,2026-07-11,08:45:00,579.3,-0.1,Descendente
7662,2026-07-11,09:00:00,579.3,0.0,Estable
7663,2026-07-11,09:15:00,579.6,0.3,Creciente
7664,2026-07-11,09:30:00,579.4,-0.2,Descendente
7665,2026-07-11,09:45:00,579.3,-0.1,Descendente
7666,2026-07-11,10:00:00,579.3,0.0,Estable
7667,2026-07-11,10:15:00,579.5,0.2,Creciente
7668,2026-07-11,10:30:00,579.4,-0.1,Descendente
7669,2026-07-11,10:45:00,579.3,-0.1,Descendente
7670,2026-07-11,11:00:00,579.2,-0.1,Descendente
7671,2026-07-11,11:15:00,579.1,-0.1,Descendente
7672,2026-07-11,11:30:00,579.0,-0.1,Descendente
7673,2026-07-11,11:45:00,579.0,0.0,Estable
7674,2026-07-11,12:00:00,579.0,0.0,Estable
7675,2026-07-11,12:15:00,578.9,-0.1,Descendente
7676,2026-07-11,12:30:00,578.8,-0.1,Descendente
7677,2026-07-11,12:45:00,578.6,-0.2,Descendente
7678,2026-07-11,13:00:00,578.5,-0.1,Descendente
7679,2026-07-11,13:15:00,578.3,-0.2,Descendente
7680,2026-07-11,13:30:00,578.0,-0.3,Descendente
7681,2026-07-11,13:45:00,577.7,-0.3,Descendente
7682,2026-07-11,14:00:00,577.3,-0.4,Descendente
7683,2026-07-11,14:15:00,577.1,-0.2,Descendente
7684,2026-07-11,14:30:00,576.9,-0.2,Descendente
7685,2026-07-11,14:45:00,576.7,-0.2,Descendente
7686,2026-07-11,15:00:00,576.8,0.1,Creciente
7687,2026-07-11,15:15:00,576.9,0.1,Creciente
7688,2026-07-11,15:30:00,577.0,0.1,Creciente
7689,2026-07-11,15:45:00,577.1,0.1,Creciente
7690,2026-07-11,16:00:00,576.9,-0.2,Descendente
7691,2026-07-11,16:15:00,576.7,-0.2,Descendente
7692,2026-07-11,16:30:00,576.7,0.0,Estable
7693,2026-07-11,16:45:00,576.8,0.1,Creciente
7694,2026-07-11,17:00:00,576.9,0.1,Creciente
7695,2026-07-11,17:15:00,576.8,-0.1,Descendente
7696,2026-07-11,17:30:00,576.9,0.1,Creciente
7697,2026-07-11,17:45:00,576.7,-0.2,Descendente
7698,2026-07-11,18:00:00,576.9,0.2,Creciente
7699,2026-07-11,18:15:00,577.2,0.3,Creciente
7700,2026-07-11,18:30:00,577.3,0.1,Creciente
7701,2026-07-11,18:45:00,577.5,0.2,Creciente
7702,2026-07-11,19:00:00,577.4,-0.1,Descendente
7703,2026-07-11,19:15:00,577.5,0.1,Creciente
7704,2026-07-11,19:30:00,577.5,0.0,Estable
7705,2026-07-11,19:45:00,577.7,0.2,Creciente
7706,2026-07-11,20:00:00,578.0,0.3,Creciente
7707,2026-07-11,20:15:00,578.1,0.1,Creciente
7708,2026-07-11,20:30:00,578.2,0.1,Creciente
7709,2026-07-11,20:45:00,578.2,0.0,Estable
7710,2026-07-11,21:00:00,578.4,0.2,Creciente
7711,2026-07-11,21:15:00,578.5,0.1,Creciente
7712,2026-07-11,21:30:00,578.6,0.1,Creciente
7713,2026-07-11,21:45:00,578.8,0.2,Creciente
7714,2026-07-11,22:00:00,578.9,0.1,Creciente
7715,2026-07-11,22:15:00,579.0,0.1,Creciente
7716,2026-07-11,22:30:00,579.0,0.0,Estable
7717,2026-07-11,22:45:00,579.0,0.0,Estable
7718,2026-07-11,23:00:00,579.3,0.3,Creciente
7719,2026-07-11,23:15:00,579.4,0.1,Creciente
7720,2026-07-11,23:30:00,579.3,-0.1,Descendente
7721,2026-07-11,23:45:00,579.3,0.0,Estable
7722,2026-07-12,00:15:00,579.1,-0.2,Descendente
7723,2026-07-12,00:30:00,579.1,0.0,Estable
7724,2026-07-12,00:45:00,579.0,-0.1,Descendente
7725,2026-07-12,01:00:00,579.1,0.1,Creciente
7726,2026-07-12,01:15:00,579.1,0.0,Estable
7727,2026-07-12,01:30:00,578.9,-0.2,Descendente
7728,2026-07-12,01:45:00,578.8,-0.1,Descendente
7729,2026-07-12,02:00:00,578.6,-0.2,Descendente
7730,2026-07-12,02:15:00,578.5,-0.1,Descendente
7731,2026-07-12,02:30:00,578.4,-0.1,Descendente
7732,2026-07-12,02:45:00,578.3,-0.1,Descendente
7733,2026-07-12,03:00:00,578.1,-0.2,Descendente
7734,2026-07-12,03:15:00,578.1,0.0,Estable
7735,2026-07-12,03:30:00,578.1,0.0,Estable
7736,2026-07-12,03:45:00,578.1,0.0,Estable
7737,2026-07-12,04:00:00,578.2,0.1,Creciente
7738,2026-07-12,04:15:00,578.4,0.2,Creciente
7739,2026-07-12,04:30:00,578.3,-0.1,Descendente
7740,2026-07-12,04:45:00,578.3,0.0,Estable
7741,2026-07-12,05:00:00,578.4,0.1,Creciente
7742,2026-07-12,05:15:00,578.5,0.1,Creciente
7743,2026-07-12,05:30:00,578.6,0.1,Creciente
7744,2026-07-12,05:45:00,578.7,0.1,Creciente
7745,2026-07-12,06:00:00,578.7,0.0,Estable
7746,2026-07-12,06:15:00,578.8,0.1,Creciente
7747,2026-07-12,06:30:00,578.9,0.1,Creciente
7748,2026-07-12,06:45:00,579.1,0.2,Creciente
7749,2026-07-12,07:00:00,579.1,0.0,Estable
7750,2026-07-12,07:15:00,579.0,-0.1,Descendente
7751,2026-07-12,07:30:00,579.1,0.1,Creciente
7752,2026-07-12,07:45:00,579.1,0.0,Estable
7753,2026-07-12,08:00:00,579.0,-0.1,Descendente
7754,2026-07-12,08:15:00,579.1,0.1,Creciente
7755,2026-07-12,08:30:00,579.1,0.0,Estable
7756,2026-07-12,08:45:00,579.1,0.0,Estable
7757,2026-07-12,09:00:00,579.1,0.0,Estable
7758,2026-07-12,09:15:00,579.0,-0.1,Descendente
7759,2026-07-12,09:30:00,579.0,0.0,Estable
7760,2026-07-12,09:45:00,579.1,0.1,Creciente
7761,2026-07-12,10:00:00,579.0,-0.1,Descendente
7762,2026-07-12,10:15:00,578.8,-0.2,Descendente
7763,2026-07-12,10:30:00,578.7,-0.1,Descendente
7764,2026-07-12,10:45:00,578.9,0.2,Creciente
7765,2026-07-12,11:00:00,578.9,0.0,Estable
7766,2026-07-12,11:15:00,578.8,-0.1,Descendente
7767,2026-07-12,11:30:00,578.8,0.0,Estable
7768,2026-07-12,11:45:00,578.5,-0.3,Descendente
7769,2026-07-12,12:00:00,578.6,0.1,Creciente
7770,2026-07-12,12:15:00,578.4,-0.2,Descendente
7771,2026-07-12,12:30:00,578.4,0.0,Estable
7772,2026-07-12,12:45:00,578.1,-0.3,Descendente
7773,2026-07-12,13:00:00,578.0,-0.1,Descendente
7774,2026-07-12,13:15:00,577.8,-0.2,Descendente
7775,2026-07-12,13:30:00,577.7,-0.1,Descendente
7776,2026-07-12,13:45:00,577.4,-0.3,Descendente
7777,2026-07-12,14:00:00,577.2,-0.2,Descendente
7778,2026-07-12,14:15:00,577.1,-0.1,Descendente
7779,2026-07-12,14:30:00,576.8,-0.3,Descendente
7780,2026-07-12,14:45:00,576.7,-0.1,Descendente
7781,2026-07-12,15:00:00,576.7,0.0,Estable
7782,2026-07-12,15:15:00,576.6,-0.1,Descendente
7783,2026-07-12,15:30:00,576.4,-0.2,Descendente
7784,2026-07-12,15:45:00,575.9,-0.5,Descendente
7785,2026-07-12,16:00:00,575.7,-0.2,Descendente
7786,2026-07-12,16:15:00,575.9,0.2,Creciente
7787,2026-07-12,16:30:00,576.3,0.4,Creciente
7788,2026-07-12,16:45:00,576.6,0.3,Creciente
7789,2026-07-12,17:00:00,576.7,0.1,Creciente
7790,2026-07-12,17:15:00,576.7,0.0,Estable
7791,2026-07-12,17:30:00,576.8,0.1,Creciente
7792,2026-07-12,17:45:00,577.3,0.5,Creciente
7793,2026-07-12,18:00:00,577.3,0.0,Estable
7794,2026-07-12,18:15:00,577.2,-0.1,Descendente
7795,2026-07-12,18:30:00,577.2,0.0,Estable
7796,2026-07-12,18:45:00,577.3,0.1,Creciente
7797,2026-07-12,19:00:00,577.4,0.1,Creciente
7798,2026-07-12,19:15:00,577.7,0.3,Creciente
7799,2026-07-12,19:30:00,577.8,0.1,Creciente
7800,2026-07-12,19:45:00,577.8,0.0,Estable
7801,2026-07-12,20:00:00,578.0,0.2,Creciente
7802,2026-07-12,20:15:00,578.1,0.1,Creciente
7803,2026-07-12,20:30:00,578.2,0.1,Creciente
7804,2026-07-12,20:45:00,578.4,0.2,Creciente
7805,2026-07-12,21:00:00,578.6,0.2,Creciente
7806,2026-07-12,21:15:00,578.7,0.1,Creciente
7807,2026-07-12,21:30:00,578.7,0.0,Estable
7808,2026-07-12,21:45:00,578.7,0.0,Estable
7809,2026-07-12,22:00:00,578.7,0.0,Estable
7810,2026-07-12,22:15:00,578.8,0.1,Creciente
7811,2026-07-12,22:30:00,579.0,0.2,Creciente
7812,2026-07-12,22:45:00,579.2,0.2,Creciente
7813,2026-07-12,23:00:00,579.2,0.0,Estable
7814,2026-07-12,23:15:00,579.1,-0.1,Descendente
7815,2026-07-12,23:30:00,579.2,0.1,Creciente
7816,2026-07-12,23:45:00,579.0,-0.2,Descendente
7817,2026-07-13,00:15:00,578.8,-0.2,Descendente
7818,2026-07-13,00:30:00,578.7,-0.1,Descendente
7819,2026-07-13,00:45:00,578.7,0.0,Estable
7820,2026-07-13,01:00:00,578.9,0.2,Creciente
7821,2026-07-13,01:15:00,578.8,-0.1,Descendente
7822,2026-07-13,01:30:00,578.8,0.0,Estable
7823,2026-07-13,01:45:00,578.9,0.1,Creciente
7824,2026-07-13,02:00:00,578.8,-0.1,Descendente
7825,2026-07-13,02:15:00,579.0,0.2,Creciente
7826,2026-07-13,02:30:00,578.9,-0.1,Descendente
7827,2026-07-13,02:45:00,578.9,0.0,Estable
7828,2026-07-13,03:00:00,578.8,-0.1,Descendente
7829,2026-07-13,03:15:00,578.7,-0.1,Descendente
7830,2026-07-13,03:30:00,578.6,-0.1,Descendente
7831,2026-07-13,03:45:00,578.4,-0.2,Descendente
7832,2026-07-13,04:00:00,578.5,0.1,Creciente
7833,2026-07-13,04:15:00,578.4,-0.1,Descendente
7834,2026-07-13,04:30:00,578.5,0.1,Creciente
7835,2026-07-13,04:45:00,578.5,0.0,Estable
7836,2026-07-13,05:00:00,578.5,0.0,Estable
7837,2026-07-13,05:15:00,578.5,0.0,Estable
7838,2026-07-13,05:30:00,578.5,0.0,Estable
7839,2026-07-13,05:45:00,578.6,0.1,Creciente
7840,2026-07-13,06:00:00,578.7,0.1,Creciente
7841,2026-07-13,06:15:00,578.6,-0.1,Descendente
7842,2026-07-13,06:30:00,578.6,0.0,Estable
7843,2026-07-13,06:45:00,578.6,0.0,Estable
7844,2026-07-13,07:00:00,579.1,0.5,Creciente
7845,2026-07-13,07:15:00,579.2,0.1,Creciente
7846,2026-07-13,07:30:00,579.4,0.2,Creciente
7847,2026-07-13,07:45:00,579.6,0.2,Creciente
7848,2026-07-13,08:00:00,579.7,0.1,Creciente
7849,2026-07-13,08:15:00,579.7,0.0,Estable
7850,2026-07-13,08:30:00,579.6,-0.1,Descendente
7851,2026-07-13,08:45:00,579.5,-0.1,Descendente
7852,2026-07-13,09:00:00,579.5,0.0,Estable
7853,2026-07-13,09:15:00,579.6,0.1,Creciente
7854,2026-07-13,09:30:00,579.8,0.2,Creciente
7855,2026-07-13,09:45:00,579.9,0.1,Creciente
7856,2026-07-13,10:00:00,579.9,0.0,Estable
7857,2026-07-13,10:15:00,580.0,0.1,Creciente
7858,2026-07-13,10:30:00,579.9,-0.1,Descendente
7859,2026-07-13,10:45:00,579.8,-0.1,Descendente
7860,2026-07-13,11:00:00,579.7,-0.1,Descendente
7861,2026-07-13,11:15:00,579.7,0.0,Estable
7862,2026-07-13,11:30:00,579.6,-0.1,Descendente
7863,2026-07-13,11:45:00,579.3,-0.3,Descendente
7864,2026-07-13,12:00:00,579.3,0.0,Estable
7865,2026-07-13,12:15:00,579.1,-0.2,Descendente
7866,2026-07-13,12:30:00,579.0,-0.1,Descendente
7867,2026-07-13,12:45:00,578.9,-0.1,Descendente
7868,2026-07-13,13:00:00,578.9,0.0,Estable
7869,2026-07-13,13:15:00,578.9,0.0,Estable
7870,2026-07-13,13:30:00,578.5,-0.4,Descendente
7871,2026-07-13,13:45:00,578.5,0.0,Estable
7872,2026-07-13,14:00:00,578.3,-0.2,Descendente
7873,2026-07-13,14:15:00,578.1,-0.2,Descendente
7874,2026-07-13,14:30:00,578.0,-0.1,Descendente
7875,2026-07-13,14:45:00,577.5,-0.5,Descendente
7876,2026-07-13,15:00:00,577.3,-0.2,Descendente
7877,2026-07-13,15:15:00,577.3,0.0,Estable
7878,2026-07-13,15:30:00,577.3,0.0,Estable
7879,2026-07-13,15:45:00,577.2,-0.1,Descendente
7880,2026-07-13,16:00:00,577.0,-0.2,Descendente
7881,2026-07-13,16:15:00,577.0,0.0,Estable
7882,2026-07-13,16:30:00,576.8,-0.2,Descendente
7883,2026-07-13,16:45:00,576.9,0.1,Creciente
7884,2026-07-13,17:00:00,576.8,-0.1,Descendente
7885,2026-07-13,17:15:00,576.8,0.0,Estable
7886,2026-07-13,17:30:00,576.9,0.1,Creciente
7887,2026-07-13,17:45:00,577.3,0.4,Creciente
7888,2026-07-13,18:00:00,577.4,0.1,Creciente
7889,2026-07-13,18:15:00,577.6,0.2,Creciente
7890,2026-07-13,18:30:00,577.5,-0.1,Descendente
7891,2026-07-13,18:45:00,577.4,-0.1,Descendente
7892,2026-07-13,19:00:00,577.6,0.2,Creciente
7893,2026-07-13,19:15:00,578.0,0.4,Creciente
7894,2026-07-13,19:30:00,578.1,0.1,Creciente
7895,2026-07-13,19:45:00,578.2,0.1,Creciente
7896,2026-07-13,20:00:00,578.3,0.1,Creciente
7897,2026-07-13,20:15:00,578.5,0.2,Creciente
7898,2026-07-13,20:30:00,578.6,0.1,Creciente
7899,2026-07-13,20:45:00,578.6,0.0,Estable
7900,2026-07-13,21:00:00,578.6,0.0,Estable
7901,2026-07-13,21:15:00,578.8,0.2,Creciente
7902,2026-07-13,21:30:00,579.0,0.2,Creciente
7903,2026-07-13,21:45:00,579.1,0.1,Creciente
7904,2026-07-13,22:00:00,579.2,0.1,Creciente
7905,2026-07-13,22:15:00,579.5,0.3,Creciente
7906,2026-07-13,22:30:00,579.7,0.2,Creciente
7907,2026-07-13,22:45:00,579.6,-0.1,Descendente
7908,2026-07-13,23:00:00,579.7,0.1,Creciente
7909,2026-07-13,23:15:00,579.5,-0.2,Descendente
7910,2026-07-13,23:30:00,579.6,0.1,Creciente
7911,2026-07-13,23:45:00,579.6,0.0,Estable
7912,2026-07-14,00:15:00,579.7,0.1,Creciente
7913,2026-07-14,00:30:00,579.6,-0.1,Descendente
7914,2026-07-14,00:45:00,579.5,-0.1,Descendente
7915,2026-07-14,01:00:00,579.4,-0.1,Descendente
7916,2026-07-14,01:15:00,579.2,-0.2,Descendente
7917,2026-07-14,01:30:00,579.0,-0.2,Descendente
7918,2026-07-14,01:45:00,579.0,0.0,Estable
7919,2026-07-14,02:00:00,578.8,-0.2,Descendente
7920,2026-07-14,02:15:00,578.8,0.0,Estable
7921,2026-07-14,02:30:00,578.8,0.0,Estable
7922,2026-07-14,02:45:00,578.7,-0.1,Descendente
7923,2026-07-14,03:00:00,578.8,0.1,Creciente
7924,2026-07-14,03:15:00,578.8,0.0,Estable
7925,2026-07-14,03:30:00,578.7,-0.1,Descendente
7926,2026-07-14,03:45:00,578.7,0.0,Estable
7927,2026-07-14,04:00:00,578.6,-0.1,Descendente
7928,2026-07-14,04:15:00,578.6,0.0,Estable
7929,2026-07-14,04:30:00,578.7,0.1,Creciente
7930,2026-07-14,04:45:00,578.7,0.0,Estable
7931,2026-07-14,05:00:00,578.6,-0.1,Descendente
7932,2026-07-14,05:15:00,578.6,0.0,Estable
7933,2026-07-14,05:30:00,578.4,-0.2,Descendente
7934,2026-07-14,05:45:00,578.5,0.1,Creciente
7935,2026-07-14,06:00:00,578.6,0.1,Creciente
7936,2026-07-14,06:15:00,578.6,0.0,Estable
7937,2026-07-14,06:30:00,578.7,0.1,Creciente
7938,2026-07-14,06:45:00,578.8,0.1,Creciente
7939,2026-07-14,07:00:00,579.0,0.2,Creciente
7940,2026-07-14,07:15:00,579.0,0.0,Estable
7941,2026-07-14,07:30:00,579.0,0.0,Estable
7942,2026-07-14,07:45:00,579.0,0.0,Estable
7943,2026-07-14,08:00:00,579.0,0.0,Estable
7944,2026-07-14,08:15:00,579.0,0.0,Estable
7945,2026-07-14,08:30:00,579.0,0.0,Estable
7946,2026-07-14,08:45:00,579.0,0.0,Estable
7947,2026-07-14,09:00:00,579.0,0.0,Estable
7948,2026-07-14,09:15:00,579.0,0.0,Estable
7949,2026-07-14,09:30:00,579.0,0.0,Estable
7950,2026-07-14,09:45:00,578.9,-0.1,Descendente
7951,2026-07-14,10:00:00,578.7,-0.2,Descendente
7952,2026-07-14,10:15:00,578.8,0.1,Creciente
7953,2026-07-14,10:30:00,578.8,0.0,Estable
7954,2026-07-14,10:45:00,578.7,-0.1,Descendente
7955,2026-07-14,11:00:00,578.7,0.0,Estable
7956,2026-07-14,11:15:00,578.6,-0.1,Descendente
7957,2026-07-14,11:30:00,578.4,-0.2,Descendente
7958,2026-07-14,11:45:00,578.4,0.0,Estable
7959,2026-07-14,12:00:00,578.2,-0.2,Descendente
7960,2026-07-14,12:15:00,578.3,0.1,Creciente
7961,2026-07-14,12:30:00,578.0,-0.3,Descendente
7962,2026-07-14,12:45:00,577.7,-0.3,Descendente
7963,2026-07-14,13:00:00,577.6,-0.1,Descendente
7964,2026-07-14,13:15:00,577.5,-0.1,Descendente
7965,2026-07-14,13:30:00,577.3,-0.2,Descendente
7966,2026-07-14,13:45:00,577.2,-0.1,Descendente
7967,2026-07-14,14:00:00,577.0,-0.2,Descendente
7968,2026-07-14,14:15:00,576.8,-0.2,Descendente
7969,2026-07-14,14:30:00,576.7,-0.1,Descendente
7970,2026-07-14,14:45:00,576.6,-0.1,Descendente
7971,2026-07-14,15:00:00,576.3,-0.3,Descendente
7972,2026-07-14,15:15:00,576.3,0.0,Estable
7973,2026-07-14,15:30:00,576.1,-0.2,Descendente
7974,2026-07-14,15:45:00,576.0,-0.1,Descendente
7975,2026-07-14,16:00:00,575.8,-0.2,Descendente
7976,2026-07-14,16:15:00,575.7,-0.1,Descendente
7977,2026-07-14,16:30:00,575.6,-0.1,Descendente
7978,2026-07-14,16:45:00,575.5,-0.1,Descendente
7979,2026-07-14,17:00:00,575.4,-0.1,Descendente
7980,2026-07-14,17:15:00,575.4,0.0,Estable
7981,2026-07-14,17:30:00,575.3,-0.1,Descendente
7982,2026-07-14,17:45:00,575.4,0.1,Creciente
7983,2026-07-14,18:00:00,575.7,0.3,Creciente
7984,2026-07-14,18:15:00,575.7,0.0,Estable
7985,2026-07-14,18:30:00,575.7,0.0,Estable
7986,2026-07-14,18:45:00,575.7,0.0,Estable
7987,2026-07-14,19:00:00,575.9,0.2,Creciente
7988,2026-07-14,19:15:00,576.0,0.1,Creciente
7989,2026-07-14,19:30:00,576.3,0.3,Creciente
7990,2026-07-14,19:45:00,576.7,0.4,Creciente
7991,2026-07-14,20:00:00,576.9,0.2,Creciente
7992,2026-07-14,20:15:00,577.1,0.2,Creciente
7993,2026-07-14,20:30:00,577.3,0.2,Creciente
7994,2026-07-14,20:45:00,577.3,0.0,Estable
7995,2026-07-14,21:00:00,577.5,0.2,Creciente
7996,2026-07-14,21:15:00,577.7,0.2,Creciente
7997,2026-07-14,21:30:00,577.8,0.1,Creciente
7998,2026-07-14,21:45:00,578.0,0.2,Creciente
7999,2026-07-14,22:00:00,578.1,0.1,Creciente
8000,2026-07-14,22:15:00,578.4,0.3,Creciente
8001,2026-07-14,22:30:00,578.6,0.2,Creciente
8002,2026-07-14,22:45:00,578.7,0.1,Creciente
8003,2026-07-14,23:00:00,578.7,0.0,Estable
8004,2026-07-14,23:15:00,578.6,-0.1,Descendente
8005,2026-07-14,23:30:00,578.7,0.1,Creciente
8006,2026-07-14,23:45:00,578.9,0.2,Creciente
8007,2026-07-15,00:15:00,578.6,-0.3,Descendente
8008,2026-07-15,00:30:00,578.6,0.0,Estable
8009,2026-07-15,00:45:00,578.6,0.0,Estable
8010,2026-07-15,01:00:00,578.5,-0.1,Descendente
8011,2026-07-15,01:15:00,578.4,-0.1,Descendente
8012,2026-07-15,01:30:00,578.3,-0.1,Descendente
8013,2026-07-15,01:45:00,578.1,-0.2,Descendente
8014,2026-07-15,02:00:00,578.0,-0.1,Descendente
8015,2026-07-15,02:15:00,578.1,0.1,Creciente
8016,2026-07-15,02:30:00,577.9,-0.2,Descendente
8017,2026-07-15,02:45:00,577.8,-0.1,Descendente
8018,2026-07-15,03:00:00,577.7,-0.1,Descendente
8019,2026-07-15,03:15:00,577.6,-0.1,Descendente
8020,2026-07-15,03:30:00,577.8,0.2,Creciente
8021,2026-07-15,03:45:00,577.7,-0.1,Descendente
8022,2026-07-15,04:00:00,577.7,0.0,Estable
8023,2026-07-15,04:15:00,577.7,0.0,Estable
8024,2026-07-15,04:30:00,577.7,0.0,Estable
8025,2026-07-15,04:45:00,577.8,0.1,Creciente
8026,2026-07-15,05:00:00,577.8,0.0,Estable
8027,2026-07-15,05:15:00,577.9,0.1,Creciente
8028,2026-07-15,05:30:00,577.9,0.0,Estable
8029,2026-07-15,05:45:00,577.7,-0.2,Descendente
8030,2026-07-15,06:00:00,577.7,0.0,Estable
8031,2026-07-15,06:15:00,577.8,0.1,Creciente
8032,2026-07-15,06:30:00,577.9,0.1,Creciente
8033,2026-07-15,06:45:00,578.1,0.2,Creciente
8034,2026-07-15,07:00:00,578.4,0.3,Creciente
8035,2026-07-15,07:15:00,578.6,0.2,Creciente
8036,2026-07-15,07:30:00,578.5,-0.1,Descendente
8037,2026-07-15,07:45:00,578.6,0.1,Creciente
8038,2026-07-15,08:00:00,578.7,0.1,Creciente
8039,2026-07-15,08:15:00,578.7,0.0,Estable
8040,2026-07-15,08:30:00,578.6,-0.1,Descendente
8041,2026-07-15,08:45:00,578.5,-0.1,Descendente
8042,2026-07-15,09:00:00,578.5,0.0,Estable
8043,2026-07-15,09:15:00,578.4,-0.1,Descendente
8044,2026-07-15,09:30:00,578.3,-0.1,Descendente
8045,2026-07-15,09:45:00,578.2,-0.1,Descendente
8046,2026-07-15,10:00:00,578.2,0.0,Estable
8047,2026-07-15,10:15:00,578.2,0.0,Estable
8048,2026-07-15,10:30:00,578.3,0.1,Creciente
8049,2026-07-15,10:45:00,578.1,-0.2,Descendente
8050,2026-07-15,11:00:00,578.1,0.0,Estable
8051,2026-07-15,11:15:00,578.0,-0.1,Descendente
8052,2026-07-15,11:30:00,578.0,0.0,Estable
8053,2026-07-15,11:45:00,578.0,0.0,Estable
8054,2026-07-15,12:00:00,577.4,-0.6,Descendente
8055,2026-07-15,12:15:00,577.3,-0.1,Descendente
8056,2026-07-15,12:30:00,577.2,-0.1,Descendente
8057,2026-07-15,12:45:00,577.1,-0.1,Descendente
8058,2026-07-15,13:00:00,576.9,-0.2,Descendente
8059,2026-07-15,13:15:00,576.8,-0.1,Descendente
8060,2026-07-15,13:30:00,576.7,-0.1,Descendente
8061,2026-07-15,13:45:00,576.4,-0.3,Descendente
8062,2026-07-15,14:00:00,576.3,-0.1,Descendente
8063,2026-07-15,14:15:00,576.2,-0.1,Descendente
8064,2026-07-15,14:30:00,576.0,-0.2,Descendente
8065,2026-07-15,14:45:00,575.7,-0.3,Descendente
8066,2026-07-15,15:00:00,575.5,-0.2,Descendente
8067,2026-07-15,15:15:00,575.3,-0.2,Descendente
8068,2026-07-15,15:30:00,575.2,-0.1,Descendente
8069,2026-07-15,15:45:00,575.2,0.0,Estable
8070,2026-07-15,16:00:00,575.1,-0.1,Descendente
8071,2026-07-15,16:15:00,575.0,-0.1,Descendente
8072,2026-07-15,16:30:00,574.8,-0.2,Descendente
8073,2026-07-15,16:45:00,575.4,0.6,Creciente
8074,2026-07-15,17:00:00,575.4,0.0,Estable
8075,2026-07-15,17:15:00,575.5,0.1,Creciente
8076,2026-07-15,17:30:00,575.5,0.0,Estable
8077,2026-07-15,17:45:00,575.6,0.1,Creciente
8078,2026-07-15,18:00:00,575.4,-0.2,Descendente
8079,2026-07-15,18:15:00,575.3,-0.1,Descendente
8080,2026-07-15,18:30:00,575.5,0.2,Creciente
8081,2026-07-15,18:45:00,575.5,0.0,Estable
8082,2026-07-15,19:00:00,575.5,0.0,Estable
8083,2026-07-15,19:15:00,575.7,0.2,Creciente
8084,2026-07-15,19:30:00,575.8,0.1,Creciente
8085,2026-07-15,19:45:00,575.9,0.1,Creciente
8086,2026-07-15,20:00:00,576.2,0.3,Creciente
8087,2026-07-15,20:15:00,576.4,0.2,Creciente
8088,2026-07-15,20:30:00,576.7,0.3,Creciente
8089,2026-07-15,20:45:00,576.7,0.0,Estable
8090,2026-07-15,21:00:00,576.9,0.2,Creciente
8091,2026-07-15,21:15:00,577.1,0.2,Creciente
8092,2026-07-15,21:30:00,577.1,0.0,Estable
8093,2026-07-15,21:45:00,577.2,0.1,Creciente
8094,2026-07-15,22:00:00,577.3,0.1,Creciente
8095,2026-07-15,22:15:00,577.5,0.2,Creciente
8096,2026-07-15,22:30:00,577.6,0.1,Creciente
8097,2026-07-15,22:45:00,577.9,0.3,Creciente
8098,2026-07-15,23:00:00,578.1,0.2,Creciente
8099,2026-07-15,23:15:00,578.1,0.0,Estable
8100,2026-07-15,23:30:00,578.2,0.1,Creciente
8101,2026-07-15,23:45:00,578.2,0.0,Estable
8102,2026-07-16,00:15:00,578.0,-0.2,Descendente
8103,2026-07-16,00:30:00,577.9,-0.1,Descendente
8104,2026-07-16,00:45:00,577.7,-0.2,Descendente
8105,2026-07-16,01:00:00,577.5,-0.2,Descendente
8106,2026-07-16,01:15:00,577.6,0.1,Creciente
8107,2026-07-16,01:30:00,577.3,-0.3,Descendente
8108,2026-07-16,01:45:00,577.5,0.2,Creciente
8109,2026-07-16,02:00:00,577.7,0.2,Creciente
8110,2026-07-16,02:15:00,577.8,0.1,Creciente
8111,2026-07-16,02:30:00,577.7,-0.1,Descendente
8112,2026-07-16,02:45:00,577.7,0.0,Estable
8113,2026-07-16,03:00:00,577.6,-0.1,Descendente
8114,2026-07-16,03:15:00,577.4,-0.2,Descendente
8115,2026-07-16,03:30:00,577.5,0.1,Creciente
8116,2026-07-16,03:45:00,577.4,-0.1,Descendente
8117,2026-07-16,04:00:00,577.3,-0.1,Descendente
8118,2026-07-16,04:15:00,577.4,0.1,Creciente
8119,2026-07-16,04:30:00,577.4,0.0,Estable
8120,2026-07-16,04:45:00,577.5,0.1,Creciente
8121,2026-07-16,05:00:00,577.5,0.0,Estable
8122,2026-07-16,05:15:00,577.7,0.2,Creciente
8123,2026-07-16,05:30:00,577.8,0.1,Creciente
8124,2026-07-16,05:45:00,577.6,-0.2,Descendente
8125,2026-07-16,06:00:00,577.5,-0.1,Descendente
8126,2026-07-16,06:15:00,577.6,0.1,Creciente
8127,2026-07-16,06:30:00,577.8,0.2,Creciente
8128,2026-07-16,06:45:00,577.9,0.1,Creciente
8129,2026-07-16,07:00:00,578.3,0.4,Creciente
8130,2026-07-16,07:15:00,578.3,0.0,Estable
8131,2026-07-16,07:30:00,578.5,0.2,Creciente
8132,2026-07-16,07:45:00,578.5,0.0,Estable
8133,2026-07-16,08:00:00,578.6,0.1,Creciente
8134,2026-07-16,08:15:00,578.6,0.0,Estable
8135,2026-07-16,08:30:00,578.8,0.2,Creciente
8136,2026-07-16,08:45:00,578.8,0.0,Estable
8137,2026-07-16,09:00:00,578.7,-0.1,Descendente
8138,2026-07-16,09:15:00,578.6,-0.1,Descendente
8139,2026-07-16,09:30:00,578.6,0.0,Estable
8140,2026-07-16,09:45:00,578.6,0.0,Estable
8141,2026-07-16,10:00:00,578.8,0.2,Creciente
8142,2026-07-16,10:15:00,578.7,-0.1,Descendente
8143,2026-07-16,10:30:00,578.6,-0.1,Descendente
8144,2026-07-16,10:45:00,578.5,-0.1,Descendente
8145,2026-07-16,11:00:00,578.4,-0.1,Descendente
8146,2026-07-16,11:15:00,578.2,-0.2,Descendente
8147,2026-07-16,11:30:00,578.1,-0.1,Descendente
8148,2026-07-16,11:45:00,578.0,-0.1,Descendente
8149,2026-07-16,12:00:00,577.7,-0.3,Descendente
8150,2026-07-16,12:15:00,577.5,-0.2,Descendente
8151,2026-07-16,12:30:00,577.4,-0.1,Descendente
8152,2026-07-16,12:45:00,577.3,-0.1,Descendente
8153,2026-07-16,13:00:00,577.2,-0.1,Descendente
8154,2026-07-16,13:15:00,576.9,-0.3,Descendente
8155,2026-07-16,13:30:00,576.9,0.0,Estable
8156,2026-07-16,13:45:00,576.7,-0.2,Descendente
8157,2026-07-16,14:00:00,576.6,-0.1,Descendente
8158,2026-07-16,14:15:00,576.2,-0.4,Descendente
8159,2026-07-16,14:30:00,576.0,-0.2,Descendente
8160,2026-07-16,14:45:00,575.9,-0.1,Descendente
8161,2026-07-16,15:00:00,575.9,0.0,Estable
8162,2026-07-16,15:15:00,575.7,-0.2,Descendente
8163,2026-07-16,15:30:00,575.7,0.0,Estable
8164,2026-07-16,15:45:00,575.6,-0.1,Descendente
8165,2026-07-16,16:00:00,575.6,0.0,Estable
8166,2026-07-16,16:15:00,575.3,-0.3,Descendente
8167,2026-07-16,16:30:00,575.2,-0.1,Descendente
8168,2026-07-16,16:45:00,575.3,0.1,Creciente
8169,2026-07-16,17:00:00,575.1,-0.2,Descendente
8170,2026-07-16,17:15:00,575.1,0.0,Estable
8171,2026-07-16,17:30:00,575.2,0.1,Creciente
8172,2026-07-16,17:45:00,575.5,0.3,Creciente
8173,2026-07-16,18:00:00,575.6,0.1,Creciente
8174,2026-07-16,18:15:00,575.6,0.0,Estable
8175,2026-07-16,18:30:00,575.8,0.2,Creciente
8176,2026-07-16,18:45:00,575.8,0.0,Estable
8177,2026-07-16,19:00:00,575.9,0.1,Creciente
8178,2026-07-16,19:15:00,576.0,0.1,Creciente
8179,2026-07-16,19:30:00,576.2,0.2,Creciente
8180,2026-07-16,19:45:00,576.4,0.2,Creciente
8181,2026-07-16,20:00:00,576.6,0.2,Creciente
8182,2026-07-16,20:15:00,576.8,0.2,Creciente
8183,2026-07-16,20:30:00,577.0,0.2,Creciente
8184,2026-07-16,20:45:00,577.2,0.2,Creciente
8185,2026-07-16,21:00:00,577.3,0.1,Creciente
8186,2026-07-16,21:15:00,577.6,0.3,Creciente
8187,2026-07-16,21:30:00,577.8,0.2,Creciente
8188,2026-07-16,21:45:00,578.2,0.4,Creciente
8189,2026-07-16,22:00:00,578.3,0.1,Creciente
8190,2026-07-16,22:15:00,578.5,0.2,Creciente
8191,2026-07-16,22:30:00,578.6,0.1,Creciente
8192,2026-07-16,22:45:00,578.8,0.2,Creciente
8193,2026-07-16,23:00:00,578.7,-0.1,Descendente
8194,2026-07-16,23:15:00,579.0,0.3,Creciente
8195,2026-07-16,23:30:00,579.0,0.0,Estable
8196,2026-07-16,23:45:00,579.2,0.2,Creciente
8197,2026-07-17,00:15:00,579.2,0.0,Estable
8198,2026-07-17,00:30:00,579.1,-0.1,Descendente
8199,2026-07-17,00:45:00,579.0,-0.1,Descendente
8200,2026-07-17,01:00:00,578.9,-0.1,Descendente
8201,2026-07-17,01:15:00,579.0,0.1,Creciente
8202,2026-07-17,01:30:00,578.8,-0.2,Descendente
8203,2026-07-17,01:45:00,578.8,0.0,Estable
8204,2026-07-17,02:00:00,578.7,-0.1,Descendente
8205,2026-07-17,02:15:00,578.5,-0.2,Descendente
8206,2026-07-17,02:30:00,578.6,0.1,Creciente
8207,2026-07-17,02:45:00,578.6,0.0,Estable
8208,2026-07-17,03:00:00,578.7,0.1,Creciente
8209,2026-07-17,03:15:00,578.6,-0.1,Descendente
8210,2026-07-17,03:30:00,578.5,-0.1,Descendente
8211,2026-07-17,03:45:00,578.9,0.4,Creciente
8212,2026-07-17,04:00:00,578.9,0.0,Estable
8213,2026-07-17,04:15:00,578.9,0.0,Estable
8214,2026-07-17,04:30:00,578.7,-0.2,Descendente
8215,2026-07-17,04:45:00,578.7,0.0,Estable
8216,2026-07-17,05:00:00,578.8,0.1,Creciente
8217,2026-07-17,05:15:00,578.6,-0.2,Descendente
8218,2026-07-17,05:30:00,578.6,0.0,Estable
8219,2026-07-17,05:45:00,578.9,0.3,Creciente
8220,2026-07-17,06:00:00,578.5,-0.4,Descendente
8221,2026-07-17,06:15:00,578.4,-0.1,Descendente
8222,2026-07-17,06:30:00,578.6,0.2,Creciente
8223,2026-07-17,06:45:00,578.8,0.2,Creciente
8224,2026-07-17,07:00:00,578.9,0.1,Creciente
8225,2026-07-17,07:15:00,578.9,0.0,Estable
8226,2026-07-17,07:30:00,578.9,0.0,Estable
8227,2026-07-17,07:45:00,579.0,0.1,Creciente
8228,2026-07-17,08:00:00,579.1,0.1,Creciente
8229,2026-07-17,08:15:00,579.4,0.3,Creciente
8230,2026-07-17,08:30:00,579.7,0.3,Creciente
8231,2026-07-17,08:45:00,579.9,0.2,Creciente
8232,2026-07-17,09:00:00,579.7,-0.2,Descendente
8233,2026-07-17,09:15:00,579.7,0.0,Estable
8234,2026-07-17,09:30:00,579.8,0.1,Creciente
8235,2026-07-17,09:45:00,580.0,0.2,Creciente
8236,2026-07-17,10:00:00,579.8,-0.2,Descendente
8237,2026-07-17,10:15:00,579.6,-0.2,Descendente
8238,2026-07-17,10:30:00,579.4,-0.2,Descendente
8239,2026-07-17,10:45:00,579.4,0.0,Estable
8240,2026-07-17,11:00:00,579.4,0.0,Estable
8241,2026-07-17,11:15:00,579.3,-0.1,Descendente
8242,2026-07-17,11:30:00,579.3,0.0,Estable
8243,2026-07-17,11:45:00,579.2,-0.1,Descendente
8244,2026-07-17,12:00:00,579.2,0.0,Estable
8245,2026-07-17,12:15:00,579.2,0.0,Estable
8246,2026-07-17,12:30:00,579.1,-0.1,Descendente
8247,2026-07-17,12:45:00,579.0,-0.1,Descendente
8248,2026-07-17,13:00:00,578.9,-0.1,Descendente
8249,2026-07-17,13:15:00,578.7,-0.2,Descendente
8250,2026-07-17,13:30:00,578.6,-0.1,Descendente
8251,2026-07-17,13:45:00,578.5,-0.1,Descendente
8252,2026-07-17,14:00:00,578.4,-0.1,Descendente
8253,2026-07-17,14:15:00,578.4,0.0,Estable
8254,2026-07-17,14:30:00,578.2,-0.2,Descendente
8255,2026-07-17,14:45:00,578.1,-0.1,Descendente
8256,2026-07-17,15:00:00,577.9,-0.2,Descendente
8257,2026-07-17,15:15:00,577.9,0.0,Estable
8258,2026-07-17,15:30:00,577.7,-0.2,Descendente
8259,2026-07-17,15:45:00,577.7,0.0,Estable
8260,2026-07-17,16:00:00,577.7,0.0,Estable
8261,2026-07-17,16:15:00,577.6,-0.1,Descendente
8262,2026-07-17,16:30:00,577.6,0.0,Estable
8263,2026-07-17,16:45:00,577.6,0.0,Estable
8264,2026-07-17,17:00:00,577.5,-0.1,Descendente
8265,2026-07-17,17:15:00,577.5,0.0,Estable
8266,2026-07-17,17:30:00,577.5,0.0,Estable
8267,2026-07-17,17:45:00,577.5,0.0,Estable
8268,2026-07-17,18:00:00,577.5,0.0,Estable
8269,2026-07-17,18:15:00,577.6,0.1,Creciente
8270,2026-07-17,18:30:00,577.7,0.1,Creciente
8271,2026-07-17,18:45:00,577.7,0.0,Estable
8272,2026-07-17,19:00:00,577.8,0.1,Creciente
8273,2026-07-17,19:15:00,577.9,0.1,Creciente
8274,2026-07-17,19:30:00,578.2,0.3,Creciente
8275,2026-07-17,19:45:00,578.2,0.0,Estable
8276,2026-07-17,20:00:00,578.4,0.2,Creciente
8277,2026-07-17,20:15:00,578.6,0.2,Creciente
8278,2026-07-17,20:30:00,578.8,0.2,Creciente
8279,2026-07-17,20:45:00,579.0,0.2,Creciente
8280,2026-07-17,21:00:00,579.3,0.3,Creciente
8281,2026-07-17,21:15:00,579.4,0.1,Creciente
8282,2026-07-17,21:30:00,579.6,0.2,Creciente
8283,2026-07-17,21:45:00,579.8,0.2,Creciente
8284,2026-07-17,22:00:00,580.1,0.3,Creciente
8285,2026-07-17,22:15:00,580.3,0.2,Creciente
8286,2026-07-17,22:30:00,580.3,0.0,Estable
8287,2026-07-17,22:45:00,580.1,-0.2,Descendente
8288,2026-07-17,23:00:00,580.2,0.1,Creciente
8289,2026-07-17,23:15:00,580.1,-0.1,Descendente
8290,2026-07-17,23:30:00,579.9,-0.2,Descendente
8291,2026-07-17,23:45:00,579.8,-0.1,Descendente
8292,2026-07-20,00:15:00,578.8,-1.0,Descendente
8293,2026-07-20,00:30:00,578.7,-0.1,Descendente
8294,2026-07-20,00:45:00,578.7,0.0,Estable
8295,2026-07-20,01:00:00,578.6,-0.1,Descendente
8296,2026-07-20,01:15:00,578.6,0.0,Estable
8297,2026-07-20,01:30:00,578.6,0.0,Estable
8298,2026-07-20,01:45:00,578.6,0.0,Estable
8299,2026-07-20,02:00:00,578.6,0.0,Estable
8300,2026-07-20,02:15:00,578.5,-0.1,Descendente
8301,2026-07-20,02:30:00,578.5,0.0,Estable
8302,2026-07-20,02:45:00,578.4,-0.1,Descendente
8303,2026-07-20,03:00:00,578.4,0.0,Estable
8304,2026-07-20,03:15:00,578.4,0.0,Estable
8305,2026-07-20,03:30:00,578.5,0.1,Creciente
8306,2026-07-20,03:45:00,578.6,0.1,Creciente
8307,2026-07-20,04:00:00,578.7,0.1,Creciente
8308,2026-07-20,04:15:00,578.6,-0.1,Descendente
8309,2026-07-20,04:30:00,578.7,0.1,Creciente
8310,2026-07-20,04:45:00,578.7,0.0,Estable
8311,2026-07-20,05:00:00,578.8,0.1,Creciente
8312,2026-07-20,05:15:00,578.8,0.0,Estable
8313,2026-07-20,05:30:00,578.9,0.1,Creciente
8314,2026-07-20,05:45:00,579.0,0.1,Creciente
8315,2026-07-20,06:00:00,579.0,0.0,Estable
8316,2026-07-20,06:15:00,579.2,0.2,Creciente
8317,2026-07-20,06:30:00,579.2,0.0,Estable
8318,2026-07-20,06:45:00,579.2,0.0,Estable
8319,2026-07-20,07:00:00,579.2,0.0,Estable
8320,2026-07-20,07:15:00,579.3,0.1,Creciente
8321,2026-07-20,07:30:00,579.3,0.0,Estable
8322,2026-07-20,07:45:00,579.3,0.0,Estable
8323,2026-07-20,08:00:00,579.4,0.1,Creciente
8324,2026-07-20,08:15:00,579.4,0.0,Estable
8325,2026-07-20,08:30:00,579.5,0.1,Creciente
8326,2026-07-20,08:45:00,579.4,-0.1,Descendente
8327,2026-07-20,09:00:00,579.5,0.1,Creciente
8328,2026-07-20,09:15:00,579.5,0.0,Estable
8329,2026-07-20,09:30:00,579.4,-0.1,Descendente
8330,2026-07-20,09:45:00,579.3,-0.1,Descendente
8331,2026-07-20,10:00:00,579.2,-0.1,Descendente
8332,2026-07-20,10:15:00,579.1,-0.1,Descendente
8333,2026-07-20,10:30:00,579.0,-0.1,Descendente
8334,2026-07-20,10:45:00,578.9,-0.1,Descendente
8335,2026-07-20,11:00:00,578.8,-0.1,Descendente
8336,2026-07-20,11:15:00,578.7,-0.1,Descendente
8337,2026-07-20,11:30:00,578.5,-0.2,Descendente
8338,2026-07-20,11:45:00,578.4,-0.1,Descendente
8339,2026-07-20,12:00:00,578.3,-0.1,Descendente
8340,2026-07-20,12:15:00,578.1,-0.2,Descendente
8341,2026-07-20,12:30:00,578.0,-0.1,Descendente
8342,2026-07-20,12:45:00,577.9,-0.1,Descendente
8343,2026-07-20,13:00:00,577.6,-0.3,Descendente
8344,2026-07-20,13:15:00,577.5,-0.1,Descendente
8345,2026-07-20,13:30:00,577.3,-0.2,Descendente
8346,2026-07-20,13:45:00,577.3,0.0,Estable
8347,2026-07-20,14:00:00,577.0,-0.3,Descendente
8348,2026-07-20,14:15:00,576.9,-0.1,Descendente
8349,2026-07-20,14:30:00,576.7,-0.2,Descendente
8350,2026-07-20,14:45:00,576.3,-0.4,Descendente
8351,2026-07-20,15:00:00,576.0,-0.3,Descendente
8352,2026-07-20,15:15:00,575.6,-0.4,Descendente
8353,2026-07-20,15:30:00,575.5,-0.1,Descendente
8354,2026-07-20,15:45:00,575.2,-0.3,Descendente
8355,2026-07-20,16:00:00,575.2,0.0,Estable
8356,2026-07-20,16:15:00,575.2,0.0,Estable
8357,2026-07-20,16:30:00,575.6,0.4,Creciente
8358,2026-07-20,16:45:00,576.1,0.5,Creciente
8359,2026-07-20,17:00:00,576.8,0.7,Creciente
8360,2026-07-20,17:15:00,576.9,0.1,Creciente
8361,2026-07-20,17:30:00,577.4,0.5,Creciente
8362,2026-07-20,17:45:00,577.6,0.2,Creciente
8363,2026-07-20,18:00:00,577.3,-0.3,Descendente
8364,2026-07-20,18:15:00,577.5,0.2,Creciente
8365,2026-07-20,18:30:00,577.5,0.0,Estable
8366,2026-07-20,18:45:00,577.4,-0.1,Descendente
8367,2026-07-20,19:00:00,577.4,0.0,Estable
8368,2026-07-20,19:15:00,577.5,0.1,Creciente
8369,2026-07-20,19:30:00,577.4,-0.1,Descendente
8370,2026-07-20,19:45:00,577.6,0.2,Creciente
8371,2026-07-20,20:00:00,577.5,-0.1,Descendente
8372,2026-07-20,20:15:00,577.7,0.2,Creciente
8373,2026-07-20,20:30:00,577.7,0.0,Estable
8374,2026-07-20,20:45:00,577.7,0.0,Estable
8375,2026-07-20,21:00:00,577.8,0.1,Creciente
8376,2026-07-20,21:15:00,577.9,0.1,Creciente
8377,2026-07-20,21:30:00,577.9,0.0,Estable
8378,2026-07-20,21:45:00,578.1,0.2,Creciente
8379,2026-07-20,22:00:00,578.3,0.2,Creciente
8380,2026-07-20,22:15:00,578.4,0.1,Creciente
8381,2026-07-20,22:30:00,578.4,0.0,Estable
8382,2026-07-20,22:45:00,578.6,0.2,Creciente
8383,2026-07-20,23:00:00,578.6,0.0,Estable
8384,2026-07-20,23:15:00,578.6,0.0,Estable
8385,2026-07-20,23:30:00,578.7,0.1,Creciente
8386,2026-07-20,23:45:00,578.7,0.0,Estable
8387,2026-07-21,00:15:00,578.6,-0.1,Descendente
8388,2026-07-21,00:30:00,578.5,-0.1,Descendente
8389,2026-07-21,00:45:00,578.5,0.0,Estable
8390,2026-07-21,01:00:00,578.5,0.0,Estable
8391,2026-07-21,01:15:00,578.4,-0.1,Descendente
8392,2026-07-21,01:30:00,578.3,-0.1,Descendente
8393,2026-07-21,01:45:00,578.2,-0.1,Descendente
8394,2026-07-21,02:00:00,578.2,0.0,Estable
8395,2026-07-21,02:15:00,578.1,-0.1,Descendente
8396,2026-07-21,02:30:00,578.0,-0.1,Descendente
8397,2026-07-21,02:45:00,577.9,-0.1,Descendente
8398,2026-07-21,03:00:00,577.8,-0.1,Descendente
8399,2026-07-21,03:15:00,577.8,0.0,Estable
8400,2026-07-21,03:30:00,577.7,-0.1,Descendente
8401,2026-07-21,03:45:00,577.6,-0.1,Descendente
8402,2026-07-21,04:00:00,577.6,0.0,Estable
8403,2026-07-21,04:15:00,577.8,0.2,Creciente
8404,2026-07-21,04:30:00,577.7,-0.1,Descendente
8405,2026-07-21,04:45:00,577.6,-0.1,Descendente
8406,2026-07-21,05:00:00,577.6,0.0,Estable
8407,2026-07-21,05:15:00,577.8,0.2,Creciente
8408,2026-07-21,05:30:00,577.8,0.0,Estable
8409,2026-07-21,05:45:00,577.9,0.1,Creciente
8410,2026-07-21,06:00:00,577.9,0.0,Estable
8411,2026-07-21,06:15:00,578.0,0.1,Creciente
8412,2026-07-21,06:30:00,578.1,0.1,Creciente
8413,2026-07-21,06:45:00,578.2,0.1,Creciente
8414,2026-07-21,07:00:00,578.3,0.1,Creciente
8415,2026-07-21,07:15:00,578.3,0.0,Estable
8416,2026-07-21,07:30:00,578.4,0.1,Creciente
8417,2026-07-21,07:45:00,578.5,0.1,Creciente
8418,2026-07-21,08:00:00,578.5,0.0,Estable
8419,2026-07-21,08:15:00,578.5,0.0,Estable
8420,2026-07-21,08:30:00,578.6,0.1,Creciente
8421,2026-07-21,08:45:00,578.5,-0.1,Descendente
8422,2026-07-21,09:00:00,578.6,0.1,Creciente
8423,2026-07-21,09:15:00,578.4,-0.2,Descendente
8424,2026-07-21,09:30:00,578.5,0.1,Creciente
8425,2026-07-21,09:45:00,578.4,-0.1,Descendente
8426,2026-07-21,10:00:00,578.3,-0.1,Descendente
8427,2026-07-21,10:15:00,578.3,0.0,Estable
8428,2026-07-21,10:30:00,578.4,0.1,Creciente
8429,2026-07-21,10:45:00,578.2,-0.2,Descendente
8430,2026-07-21,11:00:00,578.1,-0.1,Descendente
8431,2026-07-21,11:15:00,578.2,0.1,Creciente
8432,2026-07-21,11:30:00,578.1,-0.1,Descendente
8433,2026-07-21,11:45:00,577.8,-0.3,Descendente
8434,2026-07-21,12:00:00,577.7,-0.1,Descendente
8435,2026-07-21,12:15:00,577.7,0.0,Estable
8436,2026-07-21,12:30:00,577.5,-0.2,Descendente
8437,2026-07-21,12:45:00,577.4,-0.1,Descendente
8438,2026-07-21,13:00:00,577.2,-0.2,Descendente
8439,2026-07-21,13:15:00,577.1,-0.1,Descendente
8440,2026-07-21,13:30:00,577.1,0.0,Estable
8441,2026-07-21,13:45:00,577.0,-0.1,Descendente
8442,2026-07-21,14:00:00,576.7,-0.3,Descendente
8443,2026-07-21,14:15:00,576.6,-0.1,Descendente
8444,2026-07-21,14:30:00,576.3,-0.3,Descendente
8445,2026-07-21,14:45:00,576.3,0.0,Estable
8446,2026-07-21,15:00:00,576.1,-0.2,Descendente
8447,2026-07-21,15:15:00,575.8,-0.3,Descendente
8448,2026-07-21,15:30:00,575.7,-0.1,Descendente
8449,2026-07-21,15:45:00,575.5,-0.2,Descendente
8450,2026-07-21,16:00:00,575.5,0.0,Estable
8451,2026-07-21,16:15:00,575.3,-0.2,Descendente
8452,2026-07-21,16:30:00,575.3,0.0,Estable
8453,2026-07-21,16:45:00,575.2,-0.1,Descendente
8454,2026-07-21,17:00:00,575.2,0.0,Estable
8455,2026-07-21,17:15:00,575.2,0.0,Estable
8456,2026-07-21,17:30:00,575.3,0.1,Creciente
8457,2026-07-21,17:45:00,575.3,0.0,Estable
8458,2026-07-21,18:00:00,575.3,0.0,Estable
8459,2026-07-21,18:15:00,575.6,0.3,Creciente
8460,2026-07-21,18:30:00,575.6,0.0,Estable
8461,2026-07-21,18:45:00,575.8,0.2,Creciente
8462,2026-07-21,19:00:00,576.1,0.3,Creciente
8463,2026-07-21,19:15:00,576.4,0.3,Creciente
8464,2026-07-21,19:30:00,576.6,0.2,Creciente
8465,2026-07-21,19:45:00,576.7,0.1,Creciente
8466,2026-07-21,20:00:00,576.8,0.1,Creciente
8467,2026-07-21,20:15:00,577.0,0.2,Creciente
8468,2026-07-21,20:30:00,577.0,0.0,Estable
8469,2026-07-21,20:45:00,577.3,0.3,Creciente
8470,2026-07-21,21:00:00,577.4,0.1,Creciente
8471,2026-07-21,21:15:00,577.6,0.2,Creciente
8472,2026-07-21,21:30:00,577.8,0.2,Creciente
8473,2026-07-21,21:45:00,578.0,0.2,Creciente
8474,2026-07-21,22:00:00,578.1,0.1,Creciente
8475,2026-07-21,22:15:00,578.1,0.0,Estable
8476,2026-07-21,22:30:00,578.1,0.0,Estable
8477,2026-07-21,22:45:00,578.1,0.0,Estable
8478,2026-07-21,23:00:00,578.1,0.0,Estable
8479,2026-07-21,23:15:00,578.0,-0.1,Descendente
8480,2026-07-21,23:30:00,577.9,-0.1,Descendente
8481,2026-07-21,23:45:00,578.0,0.1,Creciente
8482,2026-07-22,00:15:00,578.1,0.1,Creciente
8483,2026-07-22,00:30:00,578.0,-0.1,Descendente
8484,2026-07-22,00:45:00,577.7,-0.3,Descendente
8485,2026-07-22,01:00:00,577.6,-0.1,Descendente
8486,2026-07-22,01:15:00,577.5,-0.1,Descendente
8487,2026-07-22,01:30:00,577.3,-0.2,Descendente
8488,2026-07-22,01:45:00,577.1,-0.2,Descendente
8489,2026-07-22,02:00:00,576.8,-0.3,Descendente
8490,2026-07-22,02:15:00,576.6,-0.2,Descendente
8491,2026-07-22,02:30:00,576.7,0.1,Creciente
8492,2026-07-22,02:45:00,576.5,-0.2,Descendente
8493,2026-07-22,03:00:00,576.4,-0.1,Descendente
8494,2026-07-22,03:15:00,576.6,0.2,Creciente
8495,2026-07-22,03:30:00,576.5,-0.1,Descendente
8496,2026-07-22,03:45:00,576.1,-0.4,Descendente
8497,2026-07-22,04:00:00,576.2,0.1,Creciente
8498,2026-07-22,04:15:00,576.3,0.1,Creciente
8499,2026-07-22,04:30:00,576.3,0.0,Estable
8500,2026-07-22,04:45:00,576.4,0.1,Creciente
8501,2026-07-22,05:00:00,576.5,0.1,Creciente
8502,2026-07-22,05:15:00,576.4,-0.1,Descendente
8503,2026-07-22,05:30:00,576.6,0.2,Creciente
8504,2026-07-22,05:45:00,576.7,0.1,Creciente
8505,2026-07-22,06:00:00,576.7,0.0,Estable
8506,2026-07-22,06:15:00,576.9,0.2,Creciente
8507,2026-07-22,06:30:00,577.2,0.3,Creciente
8508,2026-07-22,06:45:00,577.2,0.0,Estable
8509,2026-07-22,07:00:00,577.4,0.2,Creciente
8510,2026-07-22,07:15:00,577.5,0.1,Creciente
8511,2026-07-22,07:30:00,577.8,0.3,Creciente
8512,2026-07-22,07:45:00,577.8,0.0,Estable
8513,2026-07-22,08:00:00,577.7,-0.1,Descendente
8514,2026-07-22,08:15:00,577.8,0.1,Creciente
8515,2026-07-22,08:30:00,577.9,0.1,Creciente
8516,2026-07-22,08:45:00,578.0,0.1,Creciente
8517,2026-07-22,09:00:00,577.8,-0.2,Descendente
8518,2026-07-22,09:15:00,578.0,0.2,Creciente
8519,2026-07-22,09:30:00,578.1,0.1,Creciente
8520,2026-07-22,09:45:00,578.1,0.0,Estable
8521,2026-07-22,10:00:00,577.9,-0.2,Descendente
8522,2026-07-22,10:15:00,577.8,-0.1,Descendente
8523,2026-07-22,10:30:00,577.8,0.0,Estable
8524,2026-07-22,10:45:00,577.8,0.0,Estable
8525,2026-07-22,11:00:00,577.6,-0.2,Descendente
8526,2026-07-22,11:15:00,577.4,-0.2,Descendente
8527,2026-07-22,11:30:00,577.3,-0.1,Descendente
8528,2026-07-22,11:45:00,577.2,-0.1,Descendente
8529,2026-07-22,12:00:00,577.0,-0.2,Descendente
8530,2026-07-22,12:15:00,577.0,0.0,Estable
8531,2026-07-22,12:30:00,576.9,-0.1,Descendente
8532,2026-07-22,12:45:00,576.7,-0.2,Descendente
8533,2026-07-22,13:00:00,576.4,-0.3,Descendente
8534,2026-07-22,13:15:00,576.2,-0.2,Descendente
8535,2026-07-22,13:30:00,575.8,-0.4,Descendente
8536,2026-07-22,13:45:00,575.8,0.0,Estable
8537,2026-07-22,14:00:00,575.6,-0.2,Descendente
8538,2026-07-22,14:15:00,575.5,-0.1,Descendente
8539,2026-07-22,14:30:00,575.4,-0.1,Descendente
8540,2026-07-22,14:45:00,575.3,-0.1,Descendente
8541,2026-07-22,15:00:00,575.1,-0.2,Descendente
8542,2026-07-22,15:15:00,575.0,-0.1,Descendente
8543,2026-07-22,15:30:00,574.8,-0.2,Descendente
8544,2026-07-22,15:45:00,574.7,-0.1,Descendente
8545,2026-07-22,16:00:00,574.5,-0.2,Descendente
8546,2026-07-22,16:15:00,574.5,0.0,Estable
8547,2026-07-22,16:30:00,574.3,-0.2,Descendente
8548,2026-07-22,16:45:00,574.2,-0.1,Descendente
8549,2026-07-22,17:00:00,574.2,0.0,Estable
8550,2026-07-22,17:15:00,574.2,0.0,Estable
8551,2026-07-22,17:30:00,574.3,0.1,Creciente
8552,2026-07-22,17:45:00,574.1,-0.2,Descendente
8553,2026-07-22,18:00:00,574.6,0.5,Creciente
8554,2026-07-22,18:15:00,575.1,0.5,Creciente
8555,2026-07-22,18:30:00,575.6,0.5,Creciente
8556,2026-07-22,18:45:00,575.8,0.2,Creciente
8557,2026-07-22,19:00:00,575.9,0.1,Creciente
8558,2026-07-22,19:15:00,576.1,0.2,Creciente
8559,2026-07-22,19:30:00,576.3,0.2,Creciente
8560,2026-07-22,19:45:00,576.4,0.1,Creciente
8561,2026-07-22,20:00:00,576.4,0.0,Estable
8562,2026-07-22,20:15:00,576.5,0.1,Creciente
8563,2026-07-22,20:30:00,576.7,0.2,Creciente
8564,2026-07-22,20:45:00,576.8,0.1,Creciente
8565,2026-07-22,21:00:00,576.9,0.1,Creciente
8566,2026-07-22,21:15:00,577.0,0.1,Creciente
8567,2026-07-22,21:30:00,577.2,0.2,Creciente
8568,2026-07-22,21:45:00,577.5,0.3,Creciente
8569,2026-07-22,22:00:00,577.6,0.1,Creciente
8570,2026-07-22,22:15:00,577.7,0.1,Creciente
8571,2026-07-22,22:30:00,577.8,0.1,Creciente
8572,2026-07-22,22:45:00,577.9,0.1,Creciente
8573,2026-07-22,23:00:00,577.9,0.0,Estable
8574,2026-07-22,23:15:00,577.9,0.0,Estable
8575,2026-07-22,23:30:00,577.9,0.0,Estable
8576,2026-07-22,23:45:00,577.8,-0.1,Descendente
8577,2026-07-23,00:15:00,577.5,-0.3,Descendente
8578,2026-07-23,00:30:00,577.7,0.2,Creciente
8579,2026-07-23,00:45:00,577.7,0.0,Estable
8580,2026-07-23,01:00:00,577.7,0.0,Estable
8581,2026-07-23,01:15:00,577.5,-0.2,Descendente
8582,2026-07-23,01:30:00,577.4,-0.1,Descendente
8583,2026-07-23,01:45:00,577.4,0.0,Estable
8584,2026-07-23,02:00:00,577.3,-0.1,Descendente
8585,2026-07-23,02:15:00,577.3,0.0,Estable
8586,2026-07-23,02:30:00,577.3,0.0,Estable
8587,2026-07-23,02:45:00,577.4,0.1,Creciente
8588,2026-07-23,03:00:00,577.4,0.0,Estable
8589,2026-07-23,03:15:00,577.4,0.0,Estable
8590,2026-07-23,03:30:00,577.2,-0.2,Descendente
8591,2026-07-23,03:45:00,577.3,0.1,Creciente
8592,2026-07-23,04:00:00,577.3,0.0,Estable
8593,2026-07-23,04:15:00,577.3,0.0,Estable
8594,2026-07-23,04:30:00,577.3,0.0,Estable
8595,2026-07-23,04:45:00,577.3,0.0,Estable
8596,2026-07-23,05:00:00,577.3,0.0,Estable
8597,2026-07-23,05:15:00,577.3,0.0,Estable
8598,2026-07-23,05:30:00,577.4,0.1,Creciente
8599,2026-07-23,05:45:00,577.5,0.1,Creciente
8600,2026-07-23,06:00:00,577.6,0.1,Creciente
8601,2026-07-23,06:15:00,577.7,0.1,Creciente
8602,2026-07-23,06:30:00,577.8,0.1,Creciente
8603,2026-07-23,06:45:00,578.0,0.2,Creciente
8604,2026-07-23,07:00:00,578.1,0.1,Creciente
8605,2026-07-23,07:15:00,578.3,0.2,Creciente
8606,2026-07-23,07:30:00,578.3,0.0,Estable
8607,2026-07-23,07:45:00,578.2,-0.1,Descendente
8608,2026-07-23,08:00:00,578.3,0.1,Creciente
8609,2026-07-23,08:15:00,578.2,-0.1,Descendente
8610,2026-07-23,08:30:00,578.2,0.0,Estable
8611,2026-07-23,08:45:00,578.1,-0.1,Descendente
8612,2026-07-23,09:00:00,578.0,-0.1,Descendente
8613,2026-07-23,09:15:00,577.9,-0.1,Descendente
8614,2026-07-23,09:30:00,577.9,0.0,Estable
8615,2026-07-23,09:45:00,577.9,0.0,Estable
8616,2026-07-23,10:00:00,577.8,-0.1,Descendente
8617,2026-07-23,10:15:00,577.9,0.1,Creciente
8618,2026-07-23,10:30:00,577.8,-0.1,Descendente
8619,2026-07-23,10:45:00,577.7,-0.1,Descendente
8620,2026-07-23,11:00:00,577.6,-0.1,Descendente
8621,2026-07-23,11:15:00,577.5,-0.1,Descendente
8622,2026-07-23,11:30:00,577.4,-0.1,Descendente
8623,2026-07-23,11:45:00,577.3,-0.1,Descendente
8624,2026-07-23,12:00:00,577.1,-0.2,Descendente
8625,2026-07-23,12:15:00,577.0,-0.1,Descendente
8626,2026-07-23,12:30:00,577.0,0.0,Estable
8627,2026-07-23,12:45:00,576.9,-0.1,Descendente
8628,2026-07-23,13:00:00,576.7,-0.2,Descendente
8629,2026-07-23,13:15:00,576.6,-0.1,Descendente
8630,2026-07-23,13:30:00,576.3,-0.3,Descendente
8631,2026-07-23,13:45:00,576.0,-0.3,Descendente
8632,2026-07-23,14:00:00,575.8,-0.2,Descendente
8633,2026-07-23,14:15:00,575.7,-0.1,Descendente
8634,2026-07-23,14:30:00,575.5,-0.2,Descendente
8635,2026-07-23,14:45:00,575.3,-0.2,Descendente
8636,2026-07-23,15:00:00,575.1,-0.2,Descendente
8637,2026-07-23,15:15:00,575.1,0.0,Estable
8638,2026-07-23,15:30:00,575.1,0.0,Estable
8639,2026-07-23,15:45:00,575.0,-0.1,Descendente
8640,2026-07-23,16:00:00,575.0,0.0,Estable
8641,2026-07-23,16:15:00,575.1,0.1,Creciente
8642,2026-07-23,16:30:00,575.0,-0.1,Descendente
8643,2026-07-23,16:45:00,574.9,-0.1,Descendente
8644,2026-07-23,17:00:00,574.9,0.0,Estable
8645,2026-07-23,17:15:00,574.9,0.0,Estable
8646,2026-07-23,17:30:00,575.0,0.1,Creciente
8647,2026-07-23,17:45:00,575.2,0.2,Creciente
8648,2026-07-23,18:00:00,575.4,0.2,Creciente
8649,2026-07-23,18:15:00,575.5,0.1,Creciente
8650,2026-07-23,18:30:00,575.6,0.1,Creciente
8651,2026-07-23,18:45:00,575.8,0.2,Creciente
8652,2026-07-23,19:00:00,576.1,0.3,Creciente
8653,2026-07-23,19:15:00,576.3,0.2,Creciente
8654,2026-07-23,19:30:00,576.5,0.2,Creciente
8655,2026-07-23,19:45:00,576.6,0.1,Creciente
8656,2026-07-23,20:00:00,576.7,0.1,Creciente
8657,2026-07-23,20:15:00,576.9,0.2,Creciente
8658,2026-07-23,20:30:00,577.1,0.2,Creciente
8659,2026-07-23,20:45:00,577.5,0.4,Creciente
8660,2026-07-23,21:00:00,577.8,0.3,Creciente
8661,2026-07-23,21:15:00,577.9,0.1,Creciente
8662,2026-07-23,21:30:00,577.9,0.0,Estable
8663,2026-07-23,21:45:00,578.1,0.2,Creciente
8664,2026-07-23,22:00:00,578.1,0.0,Estable
8665,2026-07-23,22:15:00,578.2,0.1,Creciente
8666,2026-07-23,22:30:00,578.2,0.0,Estable
8667,2026-07-23,22:45:00,578.4,0.2,Creciente
8668,2026-07-23,23:00:00,578.5,0.1,Creciente
8669,2026-07-23,23:15:00,578.5,0.0,Estable
8670,2026-07-23,23:30:00,578.6,0.1,Creciente
8671,2026-07-23,23:45:00,578.7,0.1,Creciente
8672,2026-07-24,00:15:00,578.8,0.1,Creciente
8673,2026-07-24,00:30:00,578.7,-0.1,Descendente
8674,2026-07-24,00:45:00,578.5,-0.2,Descendente
8675,2026-07-24,01:00:00,578.5,0.0,Estable
8676,2026-07-24,01:15:00,578.4,-0.1,Descendente
8677,2026-07-24,01:30:00,578.2,-0.2,Descendente
8678,2026-07-24,01:45:00,578.1,-0.1,Descendente
8679,2026-07-24,02:00:00,578.1,0.0,Estable
8680,2026-07-24,02:15:00,578.0,-0.1,Descendente
8681,2026-07-24,02:30:00,577.8,-0.2,Descendente
8682,2026-07-24,02:45:00,577.8,0.0,Estable
8683,2026-07-24,03:00:00,577.8,0.0,Estable
8684,2026-07-24,03:15:00,577.6,-0.2,Descendente
8685,2026-07-24,03:30:00,577.5,-0.1,Descendente
8686,2026-07-24,03:45:00,577.5,0.0,Estable
8687,2026-07-24,04:00:00,577.5,0.0,Estable
8688,2026-07-24,04:15:00,577.5,0.0,Estable
8689,2026-07-24,04:30:00,577.5,0.0,Estable
8690,2026-07-24,04:45:00,577.7,0.2,Creciente
8691,2026-07-24,05:00:00,577.8,0.1,Creciente
8692,2026-07-24,05:15:00,577.7,-0.1,Descendente
8693,2026-07-24,05:30:00,577.7,0.0,Estable
8694,2026-07-24,05:45:00,577.8,0.1,Creciente
8695,2026-07-24,06:00:00,577.9,0.1,Creciente
8696,2026-07-24,06:15:00,578.0,0.1,Creciente
8697,2026-07-24,06:30:00,578.0,0.0,Estable
8698,2026-07-24,06:45:00,578.2,0.2,Creciente
8699,2026-07-24,07:00:00,578.2,0.0,Estable
8700,2026-07-24,07:15:00,578.4,0.2,Creciente
8701,2026-07-24,07:30:00,578.4,0.0,Estable
8702,2026-07-24,07:45:00,578.7,0.3,Creciente
8703,2026-07-24,08:00:00,578.8,0.1,Creciente
8704,2026-07-24,08:15:00,578.9,0.1,Creciente
8705,2026-07-24,08:30:00,578.8,-0.1,Descendente
8706,2026-07-24,08:45:00,578.8,0.0,Estable
8707,2026-07-24,09:00:00,578.7,-0.1,Descendente
8708,2026-07-24,09:15:00,578.7,0.0,Estable
8709,2026-07-24,09:30:00,578.7,0.0,Estable
8710,2026-07-24,09:45:00,578.8,0.1,Creciente
8711,2026-07-24,10:00:00,578.8,0.0,Estable
8712,2026-07-24,10:15:00,578.6,-0.2,Descendente
8713,2026-07-24,10:30:00,578.5,-0.1,Descendente
8714,2026-07-24,10:45:00,578.4,-0.1,Descendente
8715,2026-07-24,11:00:00,578.4,0.0,Estable
8716,2026-07-24,11:15:00,578.2,-0.2,Descendente
8717,2026-07-24,11:30:00,578.0,-0.2,Descendente
8718,2026-07-24,11:45:00,578.0,0.0,Estable
8719,2026-07-24,12:00:00,577.8,-0.2,Descendente
8720,2026-07-24,12:15:00,577.7,-0.1,Descendente
8721,2026-07-24,12:30:00,577.5,-0.2,Descendente
8722,2026-07-24,12:45:00,577.3,-0.2,Descendente
8723,2026-07-24,13:00:00,577.3,0.0,Estable
8724,2026-07-24,13:15:00,577.3,0.0,Estable
8725,2026-07-24,13:30:00,577.1,-0.2,Descendente
8726,2026-07-24,13:45:00,576.8,-0.3,Descendente
8727,2026-07-24,14:00:00,576.7,-0.1,Descendente
8728,2026-07-24,14:15:00,576.5,-0.2,Descendente
8729,2026-07-24,14:30:00,576.2,-0.3,Descendente
8730,2026-07-24,14:45:00,576.1,-0.1,Descendente
8731,2026-07-24,15:00:00,576.0,-0.1,Descendente
8732,2026-07-24,15:15:00,575.8,-0.2,Descendente
8733,2026-07-24,15:30:00,575.6,-0.2,Descendente
8734,2026-07-24,15:45:00,575.5,-0.1,Descendente
8735,2026-07-24,16:00:00,575.5,0.0,Estable
8736,2026-07-24,16:15:00,575.5,0.0,Estable
8737,2026-07-24,16:30:00,575.4,-0.1,Descendente
8738,2026-07-24,16:45:00,575.3,-0.1,Descendente
8739,2026-07-24,17:00:00,575.3,0.0,Estable
8740,2026-07-24,17:15:00,575.3,0.0,Estable
8741,2026-07-24,17:30:00,575.3,0.0,Estable
8742,2026-07-24,17:45:00,575.4,0.1,Creciente
8743,2026-07-24,18:00:00,575.5,0.1,Creciente
8744,2026-07-24,18:15:00,575.7,0.2,Creciente
8745,2026-07-24,18:30:00,576.0,0.3,Creciente
8746,2026-07-24,18:45:00,576.2,0.2,Creciente
8747,2026-07-24,19:00:00,576.4,0.2,Creciente
8748,2026-07-24,19:15:00,576.6,0.2,Creciente
8749,2026-07-24,19:30:00,576.6,0.0,Estable
8750,2026-07-24,19:45:00,576.8,0.2,Creciente
8751,2026-07-24,20:00:00,576.9,0.1,Creciente
8752,2026-07-24,20:15:00,577.1,0.2,Creciente
8753,2026-07-24,20:30:00,577.2,0.1,Creciente
8754,2026-07-24,20:45:00,577.3,0.1,Creciente
8755,2026-07-24,21:00:00,577.3,0.0,Estable
8756,2026-07-24,21:15:00,577.5,0.2,Creciente
8757,2026-07-24,21:30:00,577.8,0.3,Creciente
8758,2026-07-24,21:45:00,578.2,0.4,Creciente
8759,2026-07-24,22:00:00,578.6,0.4,Creciente
8760,2026-07-24,22:15:00,578.9,0.3,Creciente
8761,2026-07-24,22:30:00,579.0,0.1,Creciente
8762,2026-07-24,22:45:00,579.1,0.1,Creciente
8763,2026-07-24,23:00:00,579.2,0.1,Creciente
8764,2026-07-24,23:15:00,579.2,0.0,Estable
8765,2026-07-24,23:30:00,579.1,-0.1,Descendente
8766,2026-07-24,23:45:00,579.2,0.1,Creciente
8767,2026-07-25,00:15:00,579.1,-0.1,Descendente
8768,2026-07-25,00:30:00,579.0,-0.1,Descendente
8769,2026-07-25,00:45:00,579.2,0.2,Creciente
8770,2026-07-25,01:00:00,579.0,-0.2,Descendente
8771,2026-07-25,01:15:00,578.8,-0.2,Descendente
8772,2026-07-25,01:30:00,579.1,0.3,Creciente
8773,2026-07-25,01:45:00,579.0,-0.1,Descendente
8774,2026-07-25,02:00:00,578.9,-0.1,Descendente
8775,2026-07-25,02:15:00,578.8,-0.1,Descendente
8776,2026-07-25,02:30:00,578.6,-0.2,Descendente
8777,2026-07-25,02:45:00,578.6,0.0,Estable
8778,2026-07-25,03:00:00,578.5,-0.1,Descendente
8779,2026-07-25,03:15:00,578.4,-0.1,Descendente
8780,2026-07-25,03:30:00,578.4,0.0,Estable
8781,2026-07-25,03:45:00,578.2,-0.2,Descendente
8782,2026-07-25,04:00:00,578.1,-0.1,Descendente
8783,2026-07-25,04:15:00,578.2,0.1,Creciente
8784,2026-07-25,04:30:00,578.3,0.1,Creciente
8785,2026-07-25,04:45:00,578.2,-0.1,Descendente
8786,2026-07-25,05:00:00,578.4,0.2,Creciente
8787,2026-07-25,05:15:00,578.5,0.1,Creciente
8788,2026-07-25,05:30:00,578.6,0.1,Creciente
8789,2026-07-25,05:45:00,578.9,0.3,Creciente
8790,2026-07-25,06:00:00,578.9,0.0,Estable
8791,2026-07-25,06:15:00,578.9,0.0,Estable
8792,2026-07-25,06:30:00,578.9,0.0,Estable
8793,2026-07-25,06:45:00,579.0,0.1,Creciente
8794,2026-07-25,07:00:00,579.1,0.1,Creciente
8795,2026-07-25,07:15:00,579.3,0.2,Creciente
8796,2026-07-25,07:30:00,579.4,0.1,Creciente
8797,2026-07-25,07:45:00,579.4,0.0,Estable
8798,2026-07-25,08:00:00,579.6,0.2,Creciente
8799,2026-07-25,08:15:00,579.7,0.1,Creciente
8800,2026-07-25,08:30:00,579.6,-0.1,Descendente
8801,2026-07-25,08:45:00,579.8,0.2,Creciente
8802,2026-07-25,09:00:00,579.8,0.0,Estable
8803,2026-07-25,09:15:00,579.8,0.0,Estable
8804,2026-07-25,09:30:00,579.8,0.0,Estable
8805,2026-07-25,09:45:00,579.8,0.0,Estable
8806,2026-07-25,10:00:00,579.8,0.0,Estable
8807,2026-07-25,10:15:00,579.8,0.0,Estable
8808,2026-07-25,10:30:00,579.8,0.0,Estable
8809,2026-07-25,10:45:00,579.7,-0.1,Descendente
8810,2026-07-25,11:00:00,579.6,-0.1,Descendente
8811,2026-07-25,11:15:00,579.5,-0.1,Descendente
8812,2026-07-25,11:30:00,579.4,-0.1,Descendente
8813,2026-07-25,11:45:00,579.4,0.0,Estable
8814,2026-07-25,12:00:00,579.1,-0.3,Descendente
8815,2026-07-25,12:15:00,579.0,-0.1,Descendente
8816,2026-07-25,12:30:00,578.9,-0.1,Descendente
8817,2026-07-25,12:45:00,578.8,-0.1,Descendente
8818,2026-07-25,13:00:00,578.5,-0.3,Descendente
8819,2026-07-25,13:15:00,578.5,0.0,Estable
8820,2026-07-25,13:30:00,578.4,-0.1,Descendente
8821,2026-07-25,13:45:00,578.2,-0.2,Descendente
8822,2026-07-25,14:00:00,578.0,-0.2,Descendente
8823,2026-07-25,14:15:00,577.8,-0.2,Descendente
8824,2026-07-25,14:30:00,577.7,-0.1,Descendente
8825,2026-07-25,14:45:00,577.5,-0.2,Descendente
8826,2026-07-25,15:00:00,577.1,-0.4,Descendente
8827,2026-07-25,15:15:00,577.1,0.0,Estable
8828,2026-07-25,15:30:00,576.8,-0.3,Descendente
8829,2026-07-25,15:45:00,576.7,-0.1,Descendente
8830,2026-07-25,16:00:00,576.5,-0.2,Descendente
8831,2026-07-25,16:15:00,576.6,0.1,Creciente
8832,2026-07-25,16:30:00,576.4,-0.2,Descendente
8833,2026-07-25,16:45:00,576.3,-0.1,Descendente
8834,2026-07-25,17:00:00,576.3,0.0,Estable
8835,2026-07-25,17:15:00,576.3,0.0,Estable
8836,2026-07-25,17:30:00,576.3,0.0,Estable
8837,2026-07-25,17:45:00,576.5,0.2,Creciente
8838,2026-07-25,18:00:00,576.7,0.2,Creciente
8839,2026-07-25,18:15:00,576.8,0.1,Creciente
8840,2026-07-25,18:30:00,577.1,0.3,Creciente
8841,2026-07-25,18:45:00,577.3,0.2,Creciente
8842,2026-07-25,19:00:00,577.3,0.0,Estable
8843,2026-07-25,19:15:00,577.5,0.2,Creciente
8844,2026-07-25,19:30:00,577.6,0.1,Creciente
8845,2026-07-25,19:45:00,577.7,0.1,Creciente
8846,2026-07-25,20:00:00,577.9,0.2,Creciente
8847,2026-07-25,20:15:00,578.0,0.1,Creciente
8848,2026-07-25,20:30:00,578.4,0.4,Creciente
8849,2026-07-25,20:45:00,578.7,0.3,Creciente
8850,2026-07-25,21:00:00,578.8,0.1,Creciente
8851,2026-07-25,21:15:00,578.9,0.1,Creciente
8852,2026-07-25,21:30:00,579.1,0.2,Creciente
8853,2026-07-25,21:45:00,579.3,0.2,Creciente
8854,2026-07-25,22:00:00,579.7,0.4,Creciente
8855,2026-07-25,22:15:00,579.8,0.1,Creciente
8856,2026-07-25,22:30:00,579.9,0.1,Creciente
8857,2026-07-25,22:45:00,580.0,0.1,Creciente
8858,2026-07-25,23:00:00,580.0,0.0,Estable
8859,2026-07-25,23:15:00,580.1,0.1,Creciente
8860,2026-07-25,23:30:00,580.0,-0.1,Descendente
8861,2026-07-25,23:45:00,580.0,0.0,Estable
8862,2026-07-26,00:15:00,580.1,0.1,Creciente
8863,2026-07-26,00:30:00,580.0,-0.1,Descendente
8864,2026-07-26,00:45:00,579.9,-0.1,Descendente
8865,2026-07-26,01:00:00,579.9,0.0,Estable
8866,2026-07-26,01:15:00,579.7,-0.2,Descendente
8867,2026-07-26,01:30:00,579.7,0.0,Estable
8868,2026-07-26,01:45:00,579.5,-0.2,Descendente
8869,2026-07-26,02:00:00,579.3,-0.2,Descendente
8870,2026-07-26,02:15:00,579.3,0.0,Estable
8871,2026-07-26,02:30:00,579.2,-0.1,Descendente
8872,2026-07-26,02:45:00,579.0,-0.2,Descendente
8873,2026-07-26,03:00:00,579.0,0.0,Estable
8874,2026-07-26,03:15:00,578.7,-0.3,Descendente
8875,2026-07-26,03:30:00,578.6,-0.1,Descendente
8876,2026-07-26,03:45:00,578.7,0.1,Creciente
8877,2026-07-26,04:00:00,578.8,0.1,Creciente
8878,2026-07-26,04:15:00,578.8,0.0,Estable
8879,2026-07-26,04:30:00,578.6,-0.2,Descendente
8880,2026-07-26,04:45:00,578.6,0.0,Estable
8881,2026-07-26,05:00:00,578.7,0.1,Creciente
8882,2026-07-26,05:15:00,578.9,0.2,Creciente
8883,2026-07-26,05:30:00,578.7,-0.2,Descendente
8884,2026-07-26,05:45:00,578.6,-0.1,Descendente
8885,2026-07-26,06:00:00,578.9,0.3,Creciente
8886,2026-07-26,06:15:00,579.0,0.1,Creciente
8887,2026-07-26,06:30:00,579.0,0.0,Estable
8888,2026-07-26,06:45:00,579.2,0.2,Creciente
8889,2026-07-26,07:00:00,579.4,0.2,Creciente
8890,2026-07-26,07:15:00,579.4,0.0,Estable
8891,2026-07-26,07:30:00,579.6,0.2,Creciente
8892,2026-07-26,07:45:00,579.9,0.3,Creciente
8893,2026-07-26,08:00:00,580.0,0.1,Creciente
8894,2026-07-26,08:15:00,580.0,0.0,Estable
8895,2026-07-26,08:30:00,580.2,0.2,Creciente
8896,2026-07-26,08:45:00,580.2,0.0,Estable
8897,2026-07-26,09:00:00,580.2,0.0,Estable
8898,2026-07-26,09:15:00,580.2,0.0,Estable
8899,2026-07-26,09:30:00,580.0,-0.2,Descendente
8900,2026-07-26,09:45:00,579.8,-0.2,Descendente
8901,2026-07-26,10:00:00,579.7,-0.1,Descendente
8902,2026-07-26,10:15:00,579.6,-0.1,Descendente
8903,2026-07-26,10:30:00,579.5,-0.1,Descendente
8904,2026-07-26,10:45:00,579.3,-0.2,Descendente
8905,2026-07-26,11:00:00,579.3,0.0,Estable
8906,2026-07-26,11:15:00,579.3,0.0,Estable
8907,2026-07-26,11:30:00,579.1,-0.2,Descendente
8908,2026-07-26,11:45:00,579.0,-0.1,Descendente
8909,2026-07-26,12:00:00,579.0,0.0,Estable
8910,2026-07-26,12:15:00,578.9,-0.1,Descendente
8911,2026-07-26,12:30:00,578.7,-0.2,Descendente
8912,2026-07-26,12:45:00,578.6,-0.1,Descendente
8913,2026-07-26,13:00:00,578.4,-0.2,Descendente
8914,2026-07-26,13:15:00,578.1,-0.3,Descendente
8915,2026-07-26,13:30:00,577.9,-0.2,Descendente
8916,2026-07-26,13:45:00,577.8,-0.1,Descendente
8917,2026-07-26,14:00:00,577.7,-0.1,Descendente
8918,2026-07-26,14:15:00,577.5,-0.2,Descendente
8919,2026-07-26,14:30:00,577.3,-0.2,Descendente
8920,2026-07-26,14:45:00,577.0,-0.3,Descendente
8921,2026-07-26,15:00:00,576.8,-0.2,Descendente
8922,2026-07-26,15:15:00,576.7,-0.1,Descendente
8923,2026-07-26,15:30:00,576.7,0.0,Estable
8924,2026-07-26,15:45:00,576.6,-0.1,Descendente
8925,2026-07-26,16:00:00,576.5,-0.1,Descendente
8926,2026-07-26,16:15:00,576.4,-0.1,Descendente
8927,2026-07-26,16:30:00,576.4,0.0,Estable
8928,2026-07-26,16:45:00,576.5,0.1,Creciente
8929,2026-07-26,17:00:00,576.7,0.2,Creciente
8930,2026-07-26,17:15:00,576.9,0.2,Creciente
8931,2026-07-26,17:30:00,577.1,0.2,Creciente
8932,2026-07-26,17:45:00,577.3,0.2,Creciente
8933,2026-07-26,18:00:00,577.4,0.1,Creciente
8934,2026-07-26,18:15:00,577.3,-0.1,Descendente
8935,2026-07-26,18:30:00,577.4,0.1,Creciente
8936,2026-07-26,18:45:00,578.0,0.6,Creciente
8937,2026-07-26,19:00:00,578.1,0.1,Creciente
8938,2026-07-26,19:15:00,578.2,0.1,Creciente
8939,2026-07-26,19:30:00,578.4,0.2,Creciente
8940,2026-07-26,19:45:00,578.4,0.0,Estable
8941,2026-07-26,20:00:00,578.4,0.0,Estable
8942,2026-07-26,20:15:00,578.6,0.2,Creciente
8943,2026-07-26,20:30:00,578.7,0.1,Creciente
8944,2026-07-26,20:45:00,578.9,0.2,Creciente
8945,2026-07-26,21:00:00,579.0,0.1,Creciente
8946,2026-07-26,21:15:00,579.0,0.0,Estable
8947,2026-07-26,21:30:00,579.1,0.1,Creciente
8948,2026-07-26,21:45:00,579.3,0.2,Creciente
8949,2026-07-26,22:00:00,579.3,0.0,Estable
8950,2026-07-26,22:15:00,579.4,0.1,Creciente
8951,2026-07-26,22:30:00,579.5,0.1,Creciente
8952,2026-07-26,22:45:00,579.4,-0.1,Descendente
8953,2026-07-26,23:00:00,579.6,0.2,Creciente
8954,2026-07-26,23:15:00,579.5,-0.1,Descendente
8955,2026-07-26,23:30:00,579.5,0.0,Estable
8956,2026-07-26,23:45:00,579.4,-0.1,Descendente
8957,2026-07-27,00:15:00,579.3,-0.1,Descendente
8958,2026-07-27,00:30:00,579.1,-0.2,Descendente
8959,2026-07-27,00:45:00,579.1,0.0,Estable
8960,2026-07-27,01:00:00,579.0,-0.1,Descendente
8961,2026-07-27,01:15:00,578.9,-0.1,Descendente
8962,2026-07-27,01:30:00,578.8,-0.1,Descendente
8963,2026-07-27,01:45:00,578.7,-0.1,Descendente
8964,2026-07-27,02:00:00,578.6,-0.1,Descendente
8965,2026-07-27,02:15:00,578.5,-0.1,Descendente
8966,2026-07-27,02:30:00,578.3,-0.2,Descendente
8967,2026-07-27,02:45:00,578.3,0.0,Estable
8968,2026-07-27,03:00:00,578.2,-0.1,Descendente
8969,2026-07-27,03:15:00,578.1,-0.1,Descendente
8970,2026-07-27,03:30:00,578.1,0.0,Estable
8971,2026-07-27,03:45:00,578.0,-0.1,Descendente
8972,2026-07-27,04:00:00,577.9,-0.1,Descendente
8973,2026-07-27,04:15:00,577.9,0.0,Estable
8974,2026-07-27,04:30:00,578.0,0.1,Creciente
8975,2026-07-27,04:45:00,577.8,-0.2,Descendente
8976,2026-07-27,05:00:00,577.8,0.0,Estable
8977,2026-07-27,05:15:00,577.8,0.0,Estable
8978,2026-07-27,05:30:00,578.0,0.2,Creciente
8979,2026-07-27,05:45:00,578.0,0.0,Estable
8980,2026-07-27,06:00:00,577.9,-0.1,Descendente
8981,2026-07-27,06:15:00,578.0,0.1,Creciente
8982,2026-07-27,06:30:00,578.0,0.0,Estable
8983,2026-07-27,06:45:00,578.2,0.2,Creciente
8984,2026-07-27,07:00:00,578.2,0.0,Estable
8985,2026-07-27,07:15:00,578.2,0.0,Estable
8986,2026-07-27,07:30:00,578.2,0.0,Estable
8987,2026-07-27,07:45:00,578.3,0.1,Creciente
8988,2026-07-27,08:00:00,578.4,0.1,Creciente
8989,2026-07-27,08:15:00,578.4,0.0,Estable
8990,2026-07-27,08:30:00,578.4,0.0,Estable
8991,2026-07-27,08:45:00,578.3,-0.1,Descendente
8992,2026-07-27,09:00:00,578.3,0.0,Estable
8993,2026-07-27,09:15:00,578.3,0.0,Estable
8994,2026-07-27,09:30:00,578.4,0.1,Creciente
8995,2026-07-27,09:45:00,578.4,0.0,Estable
8996,2026-07-27,10:00:00,578.6,0.2,Creciente
8997,2026-07-27,10:15:00,578.6,0.0,Estable
8998,2026-07-27,10:30:00,578.7,0.1,Creciente
8999,2026-07-27,10:45:00,578.6,-0.1,Descendente
9000,2026-07-27,11:00:00,578.6,0.0,Estable
9001,2026-07-27,11:15:00,578.6,0.0,Estable
9002,2026-07-27,11:30:00,578.5,-0.1,Descendente
9003,2026-07-27,11:45:00,578.5,0.0,Estable
9004,2026-07-27,12:00:00,578.3,-0.2,Descendente
9005,2026-07-27,12:15:00,578.3,0.0,Estable
9006,2026-07-27,12:30:00,578.1,-0.2,Descendente
9007,2026-07-27,12:45:00,578.0,-0.1,Descendente
9008,2026-07-27,13:00:00,577.9,-0.1,Descendente
9009,2026-07-27,13:15:00,577.6,-0.3,Descendente
9010,2026-07-27,13:30:00,577.5,-0.1,Descendente
9011,2026-07-27,13:45:00,577.3,-0.2,Descendente
9012,2026-07-27,14:00:00,577.1,-0.2,Descendente
9013,2026-07-27,14:15:00,576.9,-0.2,Descendente
9014,2026-07-27,14:30:00,576.8,-0.1,Descendente
9015,2026-07-27,14:45:00,576.7,-0.1,Descendente
9016,2026-07-27,15:00:00,576.7,0.0,Estable
9017,2026-07-27,15:15:00,576.5,-0.2,Descendente
9018,2026-07-27,15:30:00,576.6,0.1,Creciente
9019,2026-07-27,15:45:00,576.2,-0.4,Descendente
9020,2026-07-27,16:00:00,576.4,0.2,Creciente
9021,2026-07-27,16:15:00,576.2,-0.2,Descendente
9022,2026-07-27,16:30:00,576.0,-0.2,Descendente
9023,2026-07-27,16:45:00,576.0,0.0,Estable
9024,2026-07-27,17:00:00,576.1,0.1,Creciente
9025,2026-07-27,17:15:00,576.2,0.1,Creciente
9026,2026-07-27,17:30:00,576.2,0.0,Estable
9027,2026-07-27,17:45:00,576.3,0.1,Creciente
9028,2026-07-27,18:00:00,576.3,0.0,Estable
9029,2026-07-27,18:15:00,576.4,0.1,Creciente
9030,2026-07-27,18:30:00,576.3,-0.1,Descendente
9031,2026-07-27,18:45:00,576.6,0.3,Creciente
9032,2026-07-27,19:00:00,576.7,0.1,Creciente
9033,2026-07-27,19:15:00,577.2,0.5,Creciente
9034,2026-07-27,19:30:00,577.3,0.1,Creciente
9035,2026-07-27,19:45:00,577.2,-0.1,Descendente
9036,2026-07-27,20:00:00,577.3,0.1,Creciente
9037,2026-07-27,20:15:00,577.2,-0.1,Descendente
9038,2026-07-27,20:30:00,577.3,0.1,Creciente
9039,2026-07-27,20:45:00,577.3,0.0,Estable
9040,2026-07-27,21:00:00,577.4,0.1,Creciente
9041,2026-07-27,21:15:00,577.5,0.1,Creciente
9042,2026-07-27,21:30:00,577.6,0.1,Creciente
9043,2026-07-27,21:45:00,578.1,0.5,Creciente
9044,2026-07-27,22:00:00,578.3,0.2,Creciente
9045,2026-07-27,22:15:00,578.2,-0.1,Descendente
9046,2026-07-27,22:30:00,578.2,0.0,Estable
9047,2026-07-27,22:45:00,578.3,0.1,Creciente
9048,2026-07-27,23:00:00,578.1,-0.2,Descendente
9049,2026-07-27,23:15:00,578.2,0.1,Creciente
9050,2026-07-27,23:30:00,578.3,0.1,Creciente
9051,2026-07-27,23:45:00,578.2,-0.1,Descendente
9052,2026-07-28,00:15:00,578.0,-0.2,Descendente
9053,2026-07-28,00:30:00,577.8,-0.2,Descendente
9054,2026-07-28,00:45:00,577.7,-0.1,Descendente
9055,2026-07-28,01:00:00,577.6,-0.1,Descendente
9056,2026-07-28,01:15:00,577.4,-0.2,Descendente
9057,2026-07-28,01:30:00,577.3,-0.1,Descendente
9058,2026-07-28,01:45:00,577.1,-0.2,Descendente
9059,2026-07-28,02:00:00,577.0,-0.1,Descendente
9060,2026-07-28,02:15:00,576.6,-0.4,Descendente
9061,2026-07-28,02:30:00,576.6,0.0,Estable
9062,2026-07-28,02:45:00,576.6,0.0,Estable
9063,2026-07-28,03:00:00,576.6,0.0,Estable
9064,2026-07-28,03:15:00,576.6,0.0,Estable
9065,2026-07-28,03:30:00,576.7,0.1,Creciente
9066,2026-07-28,03:45:00,576.9,0.2,Creciente
9067,2026-07-28,04:00:00,576.8,-0.1,Descendente
9068,2026-07-28,04:15:00,576.6,-0.2,Descendente
9069,2026-07-28,04:30:00,576.6,0.0,Estable
9070,2026-07-28,04:45:00,576.4,-0.2,Descendente
9071,2026-07-28,05:00:00,576.4,0.0,Estable
9072,2026-07-28,05:15:00,576.3,-0.1,Descendente
9073,2026-07-28,05:30:00,576.2,-0.1,Descendente
9074,2026-07-28,05:45:00,576.5,0.3,Creciente
9075,2026-07-28,06:00:00,576.5,0.0,Estable
9076,2026-07-28,06:15:00,576.6,0.1,Creciente
9077,2026-07-28,06:30:00,576.7,0.1,Creciente
9078,2026-07-28,06:45:00,577.0,0.3,Creciente
9079,2026-07-28,07:00:00,577.1,0.1,Creciente
9080,2026-07-28,07:15:00,577.1,0.0,Estable
9081,2026-07-28,07:30:00,577.4,0.3,Creciente
9082,2026-07-28,07:45:00,577.6,0.2,Creciente
9083,2026-07-28,08:00:00,577.8,0.2,Creciente
9084,2026-07-28,08:15:00,577.9,0.1,Creciente
9085,2026-07-28,08:30:00,577.8,-0.1,Descendente
9086,2026-07-28,08:45:00,578.0,0.2,Creciente
9087,2026-07-28,09:00:00,578.0,0.0,Estable
9088,2026-07-28,09:15:00,578.0,0.0,Estable
9089,2026-07-28,09:30:00,578.0,0.0,Estable
9090,2026-07-28,09:45:00,578.1,0.1,Creciente
9091,2026-07-28,10:00:00,578.0,-0.1,Descendente
9092,2026-07-28,10:15:00,577.9,-0.1,Descendente
9093,2026-07-28,10:30:00,577.7,-0.2,Descendente
9094,2026-07-28,10:45:00,577.5,-0.2,Descendente
9095,2026-07-28,11:00:00,577.4,-0.1,Descendente
9096,2026-07-28,11:15:00,577.5,0.1,Creciente
9097,2026-07-28,11:30:00,577.3,-0.2,Descendente
9098,2026-07-28,11:45:00,577.3,0.0,Estable
9099,2026-07-28,12:00:00,577.2,-0.1,Descendente
9100,2026-07-28,12:15:00,577.1,-0.1,Descendente
9101,2026-07-28,12:30:00,577.0,-0.1,Descendente
9102,2026-07-28,12:45:00,576.8,-0.2,Descendente
9103,2026-07-28,13:00:00,576.6,-0.2,Descendente
9104,2026-07-28,13:15:00,576.3,-0.3,Descendente
9105,2026-07-28,13:30:00,576.1,-0.2,Descendente
9106,2026-07-28,13:45:00,575.8,-0.3,Descendente
9107,2026-07-28,14:00:00,575.7,-0.1,Descendente
9108,2026-07-28,14:15:00,575.4,-0.3,Descendente
9109,2026-07-28,14:30:00,575.0,-0.4,Descendente
9110,2026-07-28,14:45:00,574.7,-0.3,Descendente
9111,2026-07-28,15:00:00,574.7,0.0,Estable
9112,2026-07-28,15:15:00,574.5,-0.2,Descendente
9113,2026-07-28,15:30:00,574.2,-0.3,Descendente
9114,2026-07-28,15:45:00,574.1,-0.1,Descendente
9115,2026-07-28,16:00:00,574.0,-0.1,Descendente
9116,2026-07-28,16:15:00,574.0,0.0,Estable
9117,2026-07-28,16:30:00,574.1,0.1,Creciente
9118,2026-07-28,16:45:00,574.0,-0.1,Descendente
9119,2026-07-28,17:00:00,574.1,0.1,Creciente
9120,2026-07-28,17:15:00,574.1,0.0,Estable
9121,2026-07-28,17:30:00,574.0,-0.1,Descendente
9122,2026-07-28,17:45:00,574.0,0.0,Estable
9123,2026-07-28,18:00:00,573.9,-0.1,Descendente
9124,2026-07-28,18:15:00,573.9,0.0,Estable
9125,2026-07-28,18:30:00,574.3,0.4,Creciente
9126,2026-07-28,18:45:00,574.7,0.4,Creciente
9127,2026-07-28,19:00:00,574.6,-0.1,Descendente
9128,2026-07-28,19:15:00,574.6,0.0,Estable
9129,2026-07-28,19:30:00,575.0,0.4,Creciente
9130,2026-07-28,19:45:00,575.1,0.1,Creciente
9131,2026-07-28,20:00:00,575.2,0.1,Creciente
9132,2026-07-28,20:15:00,575.2,0.0,Estable
9133,2026-07-28,20:30:00,575.5,0.3,Creciente
9134,2026-07-28,20:45:00,575.8,0.3,Creciente
9135,2026-07-28,21:00:00,576.2,0.4,Creciente
9136,2026-07-28,21:15:00,576.6,0.4,Creciente
9137,2026-07-28,21:30:00,576.7,0.1,Creciente
9138,2026-07-28,21:45:00,576.7,0.0,Estable
9139,2026-07-28,22:00:00,576.9,0.2,Creciente
9140,2026-07-28,22:15:00,577.0,0.1,Creciente
9141,2026-07-28,22:30:00,577.1,0.1,Creciente
9142,2026-07-28,22:45:00,577.6,0.5,Creciente
9143,2026-07-28,23:00:00,577.1,-0.5,Descendente
9144,2026-07-28,23:15:00,577.2,0.1,Creciente
9145,2026-07-28,23:30:00,577.3,0.1,Creciente
9146,2026-07-28,23:45:00,577.6,0.3,Creciente
9147,2026-07-29,00:15:00,577.3,-0.3,Descendente
9148,2026-07-29,00:30:00,577.2,-0.1,Descendente
9149,2026-07-29,00:45:00,576.9,-0.3,Descendente
9150,2026-07-29,01:00:00,576.8,-0.1,Descendente
9151,2026-07-29,01:15:00,576.5,-0.3,Descendente
9152,2026-07-29,01:30:00,576.4,-0.1,Descendente
9153,2026-07-29,01:45:00,576.3,-0.1,Descendente
9154,2026-07-29,02:00:00,576.2,-0.1,Descendente
9155,2026-07-29,02:15:00,576.0,-0.2,Descendente
9156,2026-07-29,02:30:00,575.9,-0.1,Descendente
9157,2026-07-29,02:45:00,575.8,-0.1,Descendente
9158,2026-07-29,03:00:00,575.8,0.0,Estable
9159,2026-07-29,03:15:00,575.8,0.0,Estable
9160,2026-07-29,03:30:00,575.7,-0.1,Descendente
9161,2026-07-29,03:45:00,575.5,-0.2,Descendente
9162,2026-07-29,04:00:00,575.4,-0.1,Descendente
9163,2026-07-29,04:15:00,575.4,0.0,Estable
9164,2026-07-29,04:30:00,575.4,0.0,Estable
9165,2026-07-29,04:45:00,575.6,0.2,Creciente
9166,2026-07-29,05:00:00,575.5,-0.1,Descendente
9167,2026-07-29,05:15:00,575.5,0.0,Estable
9168,2026-07-29,05:30:00,575.7,0.2,Creciente
9169,2026-07-29,05:45:00,576.0,0.3,Creciente
9170,2026-07-29,06:00:00,576.0,0.0,Estable
9171,2026-07-29,06:15:00,576.2,0.2,Creciente
9172,2026-07-29,06:30:00,576.5,0.3,Creciente
9173,2026-07-29,06:45:00,576.5,0.0,Estable
9174,2026-07-29,07:00:00,576.5,0.0,Estable
9175,2026-07-29,07:15:00,576.6,0.1,Creciente
9176,2026-07-29,07:30:00,576.7,0.1,Creciente
9177,2026-07-29,07:45:00,576.7,0.0,Estable
9178,2026-07-29,08:00:00,576.7,0.0,Estable
9179,2026-07-29,08:15:00,576.9,0.2,Creciente
9180,2026-07-29,08:30:00,576.9,0.0,Estable
9181,2026-07-29,08:45:00,577.0,0.1,Creciente
9182,2026-07-29,09:00:00,577.0,0.0,Estable
9183,2026-07-29,09:15:00,577.1,0.1,Creciente
9184,2026-07-29,09:30:00,577.3,0.2,Creciente
9185,2026-07-29,09:45:00,577.2,-0.1,Descendente
9186,2026-07-29,10:00:00,577.2,0.0,Estable
9187,2026-07-29,10:15:00,577.2,0.0,Estable
9188,2026-07-29,10:30:00,577.2,0.0,Estable
9189,2026-07-29,10:45:00,577.2,0.0,Estable
9190,2026-07-29,11:00:00,577.3,0.1,Creciente
9191,2026-07-29,11:15:00,577.2,-0.1,Descendente
9192,2026-07-29,11:30:00,577.2,0.0,Estable
9193,2026-07-29,11:45:00,577.2,0.0,Estable
9194,2026-07-29,12:00:00,577.0,-0.2,Descendente
9195,2026-07-29,12:15:00,576.8,-0.2,Descendente
9196,2026-07-29,12:30:00,576.7,-0.1,Descendente
9197,2026-07-29,12:45:00,576.4,-0.3,Descendente
9198,2026-07-29,13:00:00,576.2,-0.2,Descendente
9199,2026-07-29,13:15:00,575.9,-0.3,Descendente
9200,2026-07-29,13:30:00,575.9,0.0,Estable
9201,2026-07-29,13:45:00,575.8,-0.1,Descendente
9202,2026-07-29,14:00:00,575.8,0.0,Estable
9203,2026-07-29,14:15:00,575.5,-0.3,Descendente
9204,2026-07-29,14:30:00,575.4,-0.1,Descendente
9205,2026-07-29,14:45:00,575.1,-0.3,Descendente
9206,2026-07-29,15:00:00,575.0,-0.1,Descendente
9207,2026-07-29,15:15:00,575.0,0.0,Estable
9208,2026-07-29,15:30:00,574.9,-0.1,Descendente
9209,2026-07-29,15:45:00,574.6,-0.3,Descendente
9210,2026-07-29,16:00:00,574.4,-0.2,Descendente
9211,2026-07-29,16:15:00,574.4,0.0,Estable
9212,2026-07-29,16:30:00,574.3,-0.1,Descendente
9213,2026-07-29,16:45:00,574.2,-0.1,Descendente
9214,2026-07-29,17:00:00,574.3,0.1,Creciente
9215,2026-07-29,17:15:00,574.2,-0.1,Descendente
9216,2026-07-29,17:30:00,574.3,0.1,Creciente
9217,2026-07-29,17:45:00,574.6,0.3,Creciente
9218,2026-07-29,18:00:00,574.6,0.0,Estable
9219,2026-07-29,18:15:00,574.7,0.1,Creciente
9220,2026-07-29,18:30:00,574.9,0.2,Creciente
9221,2026-07-29,18:45:00,575.0,0.1,Creciente
9222,2026-07-29,19:00:00,575.1,0.1,Creciente
9223,2026-07-29,19:15:00,575.3,0.2,Creciente
9224,2026-07-29,19:30:00,575.7,0.4,Creciente
9225,2026-07-29,19:45:00,575.8,0.1,Creciente
9226,2026-07-29,20:00:00,576.1,0.3,Creciente
9227,2026-07-29,20:15:00,576.4,0.3,Creciente
9228,2026-07-29,20:30:00,576.6,0.2,Creciente
9229,2026-07-29,20:45:00,576.8,0.2,Creciente
9230,2026-07-29,21:00:00,576.9,0.1,Creciente
9231,2026-07-29,21:15:00,577.1,0.2,Creciente
9232,2026-07-29,21:30:00,577.5,0.4,Creciente
9233,2026-07-29,21:45:00,577.7,0.2,Creciente
9234,2026-07-29,22:00:00,577.9,0.2,Creciente
9235,2026-07-29,22:15:00,577.9,0.0,Estable
9236,2026-07-29,22:30:00,578.2,0.3,Creciente
9237,2026-07-29,22:45:00,578.2,0.0,Estable
9238,2026-07-29,23:00:00,578.4,0.2,Creciente
9239,2026-07-29,23:15:00,578.2,-0.2,Descendente
9240,2026-07-29,23:30:00,578.1,-0.1,Descendente
9241,2026-07-29,23:45:00,578.2,0.1,Creciente
9242,2026-07-30,00:15:00,578.0,-0.2,Descendente
9243,2026-07-30,00:30:00,578.0,0.0,Estable
9244,2026-07-30,00:45:00,578.0,0.0,Estable
9245,2026-07-30,01:00:00,577.9,-0.1,Descendente
9246,2026-07-30,01:15:00,577.8,-0.1,Descendente
9247,2026-07-30,01:30:00,577.7,-0.1,Descendente
9248,2026-07-30,01:45:00,577.7,0.0,Estable
9249,2026-07-30,02:00:00,577.5,-0.2,Descendente
9250,2026-07-30,02:15:00,577.6,0.1,Creciente
9251,2026-07-30,02:30:00,577.5,-0.1,Descendente
9252,2026-07-30,02:45:00,577.5,0.0,Estable
9253,2026-07-30,03:00:00,577.3,-0.2,Descendente
9254,2026-07-30,03:15:00,577.2,-0.1,Descendente
9255,2026-07-30,03:30:00,577.0,-0.2,Descendente
9256,2026-07-30,03:45:00,576.8,-0.2,Descendente
9257,2026-07-30,04:00:00,577.1,0.3,Creciente
9258,2026-07-30,04:15:00,577.2,0.1,Creciente
9259,2026-07-30,04:30:00,577.2,0.0,Estable
9260,2026-07-30,04:45:00,577.3,0.1,Creciente
9261,2026-07-30,05:00:00,577.3,0.0,Estable
9262,2026-07-30,05:15:00,577.3,0.0,Estable
9263,2026-07-30,05:30:00,577.5,0.2,Creciente
9264,2026-07-30,05:45:00,577.6,0.1,Creciente
9265,2026-07-30,06:00:00,577.5,-0.1,Descendente
9266,2026-07-30,06:15:00,577.6,0.1,Creciente
9267,2026-07-30,06:30:00,577.6,0.0,Estable
9268,2026-07-30,06:45:00,577.7,0.1,Creciente
9269,2026-07-30,07:00:00,577.9,0.2,Creciente
9270,2026-07-30,07:15:00,578.0,0.1,Creciente
9271,2026-07-30,07:30:00,578.2,0.2,Creciente
9272,2026-07-30,07:45:00,578.3,0.1,Creciente
9273,2026-07-30,08:00:00,578.4,0.1,Creciente
9274,2026-07-30,08:15:00,578.4,0.0,Estable
9275,2026-07-30,08:30:00,578.3,-0.1,Descendente
9276,2026-07-30,08:45:00,578.4,0.1,Creciente
9277,2026-07-30,09:00:00,578.4,0.0,Estable
9278,2026-07-30,09:15:00,578.3,-0.1,Descendente
9279,2026-07-30,09:30:00,578.3,0.0,Estable
9280,2026-07-30,09:45:00,578.2,-0.1,Descendente
9281,2026-07-30,10:00:00,578.2,0.0,Estable
9282,2026-07-30,10:15:00,578.2,0.0,Estable
9283,2026-07-30,10:30:00,578.3,0.1,Creciente
9284,2026-07-30,10:45:00,578.2,-0.1,Descendente
9285,2026-07-30,11:00:00,578.2,0.0,Estable
9286,2026-07-30,11:15:00,578.0,-0.2,Descendente
9287,2026-07-30,11:30:00,578.0,0.0,Estable
9288,2026-07-30,11:45:00,578.0,0.0,Estable
9289,2026-07-30,12:00:00,577.9,-0.1,Descendente
9290,2026-07-30,12:15:00,577.9,0.0,Estable
9291,2026-07-30,12:30:00,577.7,-0.2,Descendente
9292,2026-07-30,12:45:00,577.5,-0.2,Descendente
9293,2026-07-30,13:00:00,577.4,-0.1,Descendente
9294,2026-07-30,13:15:00,577.3,-0.1,Descendente
9295,2026-07-30,13:30:00,577.2,-0.1,Descendente
9296,2026-07-30,13:45:00,577.0,-0.2,Descendente
9297,2026-07-30,14:00:00,576.7,-0.3,Descendente
9298,2026-07-30,14:15:00,576.4,-0.3,Descendente
9299,2026-07-30,14:30:00,576.2,-0.2,Descendente
9300,2026-07-30,14:45:00,575.9,-0.3,Descendente
9301,2026-07-30,15:00:00,575.7,-0.2,Descendente
9302,2026-07-30,15:15:00,575.6,-0.1,Descendente
9303,2026-07-30,15:30:00,575.3,-0.3,Descendente
9304,2026-07-30,15:45:00,575.1,-0.2,Descendente
9305,2026-07-30,16:00:00,575.1,0.0,Estable
9306,2026-07-30,16:15:00,575.1,0.0,Estable
9307,2026-07-30,16:30:00,575.0,-0.1,Descendente
9308,2026-07-30,16:45:00,575.0,0.0,Estable
9309,2026-07-30,17:00:00,575.0,0.0,Estable
9310,2026-07-30,17:15:00,575.1,0.1,Creciente
9311,2026-07-30,17:30:00,575.3,0.2,Creciente
9312,2026-07-30,17:45:00,575.5,0.2,Creciente
9313,2026-07-30,18:00:00,575.6,0.1,Creciente
9314,2026-07-30,18:15:00,575.7,0.1,Creciente
9315,2026-07-30,18:30:00,576.0,0.3,Creciente
9316,2026-07-30,18:45:00,576.2,0.2,Creciente
9317,2026-07-30,19:00:00,576.4,0.2,Creciente
9318,2026-07-30,19:15:00,576.5,0.1,Creciente
9319,2026-07-30,19:30:00,576.7,0.2,Creciente
9320,2026-07-30,19:45:00,576.9,0.2,Creciente
9321,2026-07-30,20:00:00,577.2,0.3,Creciente
9322,2026-07-30,20:15:00,577.4,0.2,Creciente
9323,2026-07-30,20:30:00,577.8,0.4,Creciente
9324,2026-07-30,20:45:00,578.0,0.2,Creciente
9325,2026-07-30,21:00:00,578.2,0.2,Creciente
9326,2026-07-30,21:15:00,578.5,0.3,Creciente
9327,2026-07-30,21:30:00,578.6,0.1,Creciente
9328,2026-07-30,21:45:00,578.7,0.1,Creciente
9329,2026-07-30,22:00:00,578.8,0.1,Creciente
9330,2026-07-30,22:15:00,579.1,0.3,Creciente
9331,2026-07-30,22:30:00,579.2,0.1,Creciente
9332,2026-07-30,22:45:00,579.1,-0.1,Descendente
9333,2026-07-30,23:00:00,579.2,0.1,Creciente
9334,2026-07-30,23:15:00,579.4,0.2,Creciente
9335,2026-07-30,23:30:00,579.5,0.1,Creciente
9336,2026-07-30,23:45:00,579.6,0.1,Creciente
9337,2026-07-31,00:15:00,579.7,0.1,Creciente
9338,2026-07-31,00:30:00,579.7,0.0,Estable
9339,2026-07-31,00:45:00,579.5,-0.2,Descendente
9340,2026-07-31,01:00:00,579.5,0.0,Estable
9341,2026-07-31,01:15:00,579.3,-0.2,Descendente
9342,2026-07-31,01:30:00,579.3,0.0,Estable
9343,2026-07-31,01:45:00,579.3,0.0,Estable
9344,2026-07-31,02:00:00,579.0,-0.3,Descendente
9345,2026-07-31,02:15:00,578.9,-0.1,Descendente
9346,2026-07-31,02:30:00,578.9,0.0,Estable
9347,2026-07-31,02:45:00,578.9,0.0,Estable
9348,2026-07-31,03:00:00,578.9,0.0,Estable
9349,2026-07-31,03:15:00,578.8,-0.1,Descendente
9350,2026-07-31,03:30:00,578.7,-0.1,Descendente
9351,2026-07-31,03:45:00,578.6,-0.1,Descendente
9352,2026-07-31,04:00:00,578.5,-0.1,Descendente
9353,2026-07-31,04:15:00,578.5,0.0,Estable
9354,2026-07-31,04:30:00,578.6,0.1,Creciente
9355,2026-07-31,04:45:00,578.5,-0.1,Descendente
9356,2026-07-31,05:00:00,578.4,-0.1,Descendente
9357,2026-07-31,05:15:00,578.5,0.1,Creciente
9358,2026-07-31,05:30:00,578.6,0.1,Creciente
9359,2026-07-31,05:45:00,578.4,-0.2,Descendente
9360,2026-07-31,06:00:00,578.4,0.0,Estable
9361,2026-07-31,06:15:00,578.5,0.1,Creciente
9362,2026-07-31,06:30:00,578.9,0.4,Creciente
9363,2026-07-31,06:45:00,579.0,0.1,Creciente
9364,2026-07-31,07:00:00,579.0,0.0,Estable
9365,2026-07-31,07:15:00,579.1,0.1,Creciente
9366,2026-07-31,07:30:00,579.2,0.1,Creciente
9367,2026-07-31,07:45:00,579.3,0.1,Creciente
9368,2026-07-31,08:00:00,579.5,0.2,Creciente
9369,2026-07-31,08:15:00,579.5,0.0,Estable
9370,2026-07-31,08:30:00,579.6,0.1,Creciente
9371,2026-07-31,08:45:00,579.6,0.0,Estable
9372,2026-07-31,09:00:00,579.7,0.1,Creciente
9373,2026-07-31,09:15:00,579.7,0.0,Estable
9374,2026-07-31,09:30:00,579.6,-0.1,Descendente
9375,2026-07-31,09:45:00,579.5,-0.1,Descendente
9376,2026-07-31,10:00:00,579.4,-0.1,Descendente
9377,2026-07-31,10:15:00,579.4,0.0,Estable
9378,2026-07-31,10:30:00,579.4,0.0,Estable
9379,2026-07-31,10:45:00,579.3,-0.1,Descendente
9380,2026-07-31,11:00:00,579.3,0.0,Estable
9381,2026-07-31,11:15:00,579.3,0.0,Estable
9382,2026-07-31,11:30:00,579.2,-0.1,Descendente
9383,2026-07-31,11:45:00,579.2,0.0,Estable
9384,2026-07-31,12:00:00,579.1,-0.1,Descendente
9385,2026-07-31,12:15:00,578.9,-0.2,Descendente
9386,2026-07-31,12:30:00,578.9,0.0,Estable
9387,2026-07-31,12:45:00,578.6,-0.3,Descendente
9388,2026-07-31,13:00:00,578.4,-0.2,Descendente
9389,2026-07-31,13:15:00,578.3,-0.1,Descendente
9390,2026-07-31,13:30:00,578.1,-0.2,Descendente
9391,2026-07-31,13:45:00,577.9,-0.2,Descendente
9392,2026-07-31,14:00:00,577.6,-0.3,Descendente
9393,2026-07-31,14:15:00,577.3,-0.3,Descendente
9394,2026-07-31,14:30:00,577.1,-0.2,Descendente
9395,2026-07-31,14:45:00,576.9,-0.2,Descendente
9396,2026-07-31,15:00:00,576.6,-0.3,Descendente
9397,2026-07-31,15:15:00,576.5,-0.1,Descendente
9398,2026-07-31,15:30:00,576.5,0.0,Estable
9399,2026-07-31,15:45:00,576.7,0.2,Creciente
9400,2026-07-31,16:00:00,577.4,0.7,Creciente
9401,2026-07-31,16:15:00,577.3,-0.1,Descendente
9402,2026-07-31,16:30:00,578.0,0.7,Creciente
9403,2026-07-31,16:45:00,578.4,0.4,Creciente
9404,2026-07-31,17:00:00,577.8,-0.6,Descendente
9405,2026-07-31,17:15:00,577.6,-0.2,Descendente
9406,2026-07-31,17:30:00,577.5,-0.1,Descendente
9407,2026-07-31,17:45:00,577.8,0.3,Creciente
9408,2026-07-31,18:00:00,577.9,0.1,Creciente
9409,2026-07-31,18:15:00,578.1,0.2,Creciente
9410,2026-07-31,18:30:00,578.3,0.2,Creciente
9411,2026-07-31,18:45:00,578.6,0.3,Creciente
9412,2026-07-31,19:00:00,578.8,0.2,Creciente
9413,2026-07-31,19:15:00,579.0,0.2,Creciente
9414,2026-07-31,19:30:00,579.2,0.2,Creciente
9415,2026-07-31,19:45:00,579.3,0.1,Creciente
9416,2026-07-31,20:00:00,579.5,0.2,Creciente
9417,2026-07-31,20:15:00,579.8,0.3,Creciente
9418,2026-07-31,20:30:00,580.1,0.3,Creciente
9419,2026-07-31,20:45:00,580.3,0.2,Creciente
9420,2026-07-31,21:00:00,580.5,0.2,Creciente
9421,2026-07-31,21:15:00,580.6,0.1,Creciente
9422,2026-07-31,21:30:00,580.7,0.1,Creciente
9423,2026-07-31,21:45:00,580.8,0.1,Creciente
9424,2026-07-31,22:00:00,580.8,0.0,Estable
9425,2026-07-31,22:15:00,580.8,0.0,Estable
9426,2026-07-31,22:30:00,580.8,0.0,Estable
9427,2026-07-31,22:45:00,581.1,0.3,Creciente
9428,2026-07-31,23:00:00,581.1,0.0,Estable
9429,2026-07-31,23:15:00,581.1,0.0,Estable
9430,2026-07-31,23:30:00,580.9,-0.2,Descendente
9431,2026-07-31,23:45:00,580.5,-0.4,Descendente
