id,fecha,hora,temp_out,hi_temp,low_temp,in_temp,in_hum_pct,out_hum_pct,rain,rain_rate,bar,wind_speed,hi_speed,hi_dir,wind_dir,temp_units,bar_units,wind_units,rain_units
6772,2026-07-01,00:15:00,12.0,13.0,12.0,20.0,61.0,95.0,0.0,0.0,769.3,0.0,0.0,,,C,mm,km/h,mm
6773,2026-07-01,00:30:00,12.0,12.0,12.0,20.0,61.0,96.0,0.0,0.0,769.3,0.0,0.0,,,C,mm,km/h,mm
6774,2026-07-01,00:45:00,12.0,12.0,12.0,20.0,61.0,95.0,0.0,0.0,769.3,0.0,0.0,,,C,mm,km/h,mm
6775,2026-07-01,01:00:00,12.0,12.0,12.0,20.0,61.0,96.0,0.0,0.0,769.4,0.0,0.0,,,C,mm,km/h,mm
6776,2026-07-01,01:15:00,12.0,12.0,12.0,20.0,61.0,96.0,0.0,0.0,769.5,0.0,0.0,,,C,mm,km/h,mm
6777,2026-07-01,01:30:00,12.0,12.0,12.0,20.0,61.0,96.0,0.0,0.0,769.6,0.0,0.0,,,C,mm,km/h,mm
6778,2026-07-01,01:45:00,12.0,12.0,12.0,20.0,61.0,96.0,0.0,0.0,769.5,0.0,0.0,,,C,mm,km/h,mm
6779,2026-07-01,02:00:00,12.0,12.0,12.0,20.0,61.0,96.0,0.0,0.0,769.6,0.0,0.0,,,C,mm,km/h,mm
6780,2026-07-01,02:15:00,12.0,12.0,12.0,20.0,61.0,96.0,0.0,0.0,769.7,0.0,0.0,,,C,mm,km/h,mm
6781,2026-07-01,02:30:00,13.0,13.0,12.0,20.0,61.0,96.0,0.0,0.0,769.7,0.0,0.0,,,C,mm,km/h,mm
6782,2026-07-01,02:45:00,13.0,13.0,13.0,20.0,61.0,96.0,0.0,0.0,769.7,0.0,0.0,,,C,mm,km/h,mm
6783,2026-07-01,03:00:00,13.0,13.0,13.0,20.0,61.0,96.0,0.0,0.0,769.8,0.0,0.0,,,C,mm,km/h,mm
6784,2026-07-01,03:15:00,13.0,13.0,13.0,20.0,61.0,96.0,0.0,0.0,769.8,0.0,0.0,,,C,mm,km/h,mm
6785,2026-07-01,03:30:00,13.0,14.0,13.0,20.0,61.0,96.0,0.0,0.0,769.8,0.0,0.0,,,C,mm,km/h,mm
6786,2026-07-01,03:45:00,14.0,14.0,13.0,20.0,60.0,96.0,0.0,0.0,770.0,0.0,0.0,,,C,mm,km/h,mm
6787,2026-07-01,04:00:00,14.0,14.0,14.0,21.0,60.0,96.0,0.0,0.0,770.2,0.0,0.0,,,C,mm,km/h,mm
6788,2026-07-01,04:15:00,14.0,14.0,14.0,21.0,60.0,95.0,0.0,0.0,770.3,0.0,0.0,,,C,mm,km/h,mm
6789,2026-07-01,04:30:00,14.0,14.0,14.0,21.0,60.0,96.0,0.0,0.0,770.5,0.0,0.0,,,C,mm,km/h,mm
6790,2026-07-01,04:45:00,14.0,14.0,14.0,21.0,60.0,95.0,0.0,0.0,770.6,0.0,0.0,,,C,mm,km/h,mm
6791,2026-07-01,05:00:00,14.0,14.0,14.0,21.0,60.0,95.0,0.0,0.0,770.7,0.0,0.0,,,C,mm,km/h,mm
6792,2026-07-01,05:15:00,14.0,14.0,14.0,20.0,60.0,95.0,0.0,0.0,770.8,0.0,1.6,N,N,C,mm,km/h,mm
6793,2026-07-01,05:30:00,14.0,14.0,14.0,20.0,60.0,94.0,0.0,0.0,770.8,0.0,0.0,,,C,mm,km/h,mm
6794,2026-07-01,05:45:00,15.0,15.0,14.0,20.0,60.0,93.0,0.0,0.0,770.9,0.0,1.6,N,N,C,mm,km/h,mm
6795,2026-07-01,06:00:00,15.0,15.0,15.0,20.0,60.0,90.0,0.0,0.0,770.7,0.0,1.6,NNW,NNW,C,mm,km/h,mm
6796,2026-07-01,06:15:00,16.0,16.0,15.0,20.0,60.0,86.0,0.0,0.0,770.7,0.0,1.6,NNE,NE,C,mm,km/h,mm
6797,2026-07-01,06:30:00,16.0,16.0,16.0,20.0,60.0,84.0,0.0,0.0,770.7,0.0,3.2,ESE,ESE,C,mm,km/h,mm
6798,2026-07-01,06:45:00,17.0,17.0,16.0,20.0,60.0,83.0,0.0,0.0,770.6,0.0,0.0,,,C,mm,km/h,mm
6799,2026-07-01,07:00:00,18.0,18.0,17.0,20.0,60.0,79.0,0.0,0.0,770.6,0.0,1.6,SE,SE,C,mm,km/h,mm
6800,2026-07-01,07:15:00,18.0,19.0,18.0,20.0,61.0,75.0,0.0,0.0,770.5,0.0,1.6,E,E,C,mm,km/h,mm
6801,2026-07-01,07:30:00,20.0,20.0,19.0,20.0,60.0,72.0,0.0,0.0,770.5,0.0,3.2,SSE,SSE,C,mm,km/h,mm
6802,2026-07-01,07:45:00,20.0,20.0,20.0,20.0,60.0,69.0,0.0,0.0,770.3,0.0,6.4,SSE,SSE,C,mm,km/h,mm
6803,2026-07-01,08:00:00,21.0,21.0,20.0,20.0,60.0,64.0,0.0,0.0,770.1,0.0,4.8,NE,NE,C,mm,km/h,mm
6804,2026-07-01,08:15:00,22.0,22.0,21.0,20.0,60.0,61.0,0.0,0.0,770.0,0.0,6.4,NE,NW,C,mm,km/h,mm
6805,2026-07-01,08:30:00,22.0,22.0,22.0,21.0,60.0,61.0,0.0,0.0,769.7,1.6,6.4,NNE,NNE,C,mm,km/h,mm
6806,2026-07-01,08:45:00,23.0,23.0,22.0,21.0,60.0,59.0,0.0,0.0,769.6,0.0,6.4,NW,NNE,C,mm,km/h,mm
6807,2026-07-01,09:00:00,22.0,23.0,22.0,21.0,60.0,61.0,0.0,0.0,769.4,0.0,6.4,NNW,WNW,C,mm,km/h,mm
6808,2026-07-01,09:15:00,23.0,23.0,22.0,21.0,60.0,55.0,0.0,0.0,769.3,0.0,4.8,NE,NNW,C,mm,km/h,mm
6809,2026-07-01,09:30:00,23.0,23.0,23.0,21.0,60.0,53.0,0.0,0.0,769.0,0.0,6.4,NNE,NNE,C,mm,km/h,mm
6810,2026-07-01,09:45:00,25.0,25.0,23.0,21.0,60.0,50.0,0.0,0.0,768.9,1.6,8.0,NE,NNW,C,mm,km/h,mm
6811,2026-07-01,10:00:00,24.0,25.0,24.0,21.0,59.0,49.0,0.0,0.0,768.8,1.6,8.0,NW,NNW,C,mm,km/h,mm
6812,2026-07-01,10:15:00,24.0,24.0,24.0,21.0,59.0,51.0,0.0,0.0,768.8,1.6,6.4,SE,S,C,mm,km/h,mm
6813,2026-07-01,10:30:00,25.0,25.0,24.0,21.0,59.0,44.0,0.0,0.0,768.5,0.0,8.0,NNE,NNE,C,mm,km/h,mm
6814,2026-07-01,10:45:00,24.0,25.0,24.0,21.0,59.0,49.0,0.0,0.0,768.3,0.0,4.8,NW,SW,C,mm,km/h,mm
6815,2026-07-01,11:00:00,21.0,24.0,21.0,21.0,59.0,51.0,0.0,0.0,768.6,3.2,16.1,SSE,NW,C,mm,km/h,mm
6816,2026-07-01,11:15:00,19.0,21.0,19.0,21.0,58.0,58.0,0.0,0.0,768.4,4.8,14.5,SSE,SSE,C,mm,km/h,mm
6817,2026-07-01,11:30:00,18.0,19.0,18.0,21.0,58.0,62.0,0.0,0.0,768.7,1.6,8.0,SE,ESE,C,mm,km/h,mm
6818,2026-07-01,11:45:00,17.0,18.0,17.0,21.0,58.0,68.0,0.0,0.0,768.7,4.8,19.3,NW,W,C,mm,km/h,mm
6819,2026-07-01,12:00:00,17.0,17.0,17.0,21.0,57.0,74.0,0.0,0.0,769.1,3.2,11.3,NNW,NW,C,mm,km/h,mm
6820,2026-07-01,12:15:00,16.0,17.0,16.0,21.0,56.0,79.0,0.4,3.6,769.6,3.2,14.5,NNE,ENE,C,mm,km/h,mm
6821,2026-07-01,12:30:00,14.0,16.0,14.0,21.0,57.0,86.0,0.8,18.4,769.3,3.2,16.1,NE,NNE,C,mm,km/h,mm
6822,2026-07-01,12:45:00,14.0,14.0,14.0,21.0,58.0,85.0,0.0,0.0,769.1,1.6,8.0,NE,NNE,C,mm,km/h,mm
6823,2026-07-01,13:00:00,14.0,14.0,14.0,21.0,58.0,85.0,0.0,0.0,769.0,0.0,3.2,SE,ENE,C,mm,km/h,mm
6824,2026-07-01,13:15:00,14.0,14.0,14.0,21.0,58.0,85.0,0.0,0.0,769.0,0.0,1.6,ESE,ESE,C,mm,km/h,mm
6825,2026-07-01,13:30:00,14.0,14.0,14.0,21.0,58.0,85.0,0.0,0.0,769.1,0.0,3.2,SSE,SSE,C,mm,km/h,mm
6826,2026-07-01,13:45:00,14.0,15.0,14.0,21.0,58.0,88.0,0.2,0.0,769.1,0.0,0.0,,,C,mm,km/h,mm
6827,2026-07-01,14:00:00,14.0,14.0,14.0,21.0,58.0,87.0,0.0,0.0,769.3,0.0,1.6,SSE,SSE,C,mm,km/h,mm
6828,2026-07-01,14:15:00,14.0,14.0,14.0,21.0,58.0,87.0,0.2,0.0,769.3,0.0,0.0,,,C,mm,km/h,mm
6829,2026-07-01,14:30:00,14.0,14.0,14.0,20.0,58.0,88.0,0.0,0.0,769.4,0.0,0.0,,,C,mm,km/h,mm
6830,2026-07-01,14:45:00,14.0,14.0,14.0,20.0,58.0,89.0,0.0,0.0,769.4,0.0,4.8,SSE,SSE,C,mm,km/h,mm
6831,2026-07-01,15:00:00,14.0,14.0,14.0,20.0,58.0,90.0,0.0,0.0,769.5,0.0,0.0,,,C,mm,km/h,mm
6832,2026-07-01,15:15:00,14.0,14.0,14.0,20.0,58.0,89.0,0.0,0.0,769.5,0.0,0.0,,,C,mm,km/h,mm
6833,2026-07-01,15:30:00,13.0,14.0,13.0,20.0,58.0,90.0,0.0,0.0,769.6,0.0,0.0,,,C,mm,km/h,mm
6834,2026-07-01,15:45:00,13.0,13.0,13.0,20.0,58.0,90.0,0.0,0.0,769.7,0.0,0.0,,,C,mm,km/h,mm
6835,2026-07-01,16:00:00,13.0,13.0,13.0,20.0,59.0,91.0,0.0,0.0,769.8,0.0,0.0,,,C,mm,km/h,mm
6836,2026-07-01,16:15:00,13.0,13.0,13.0,20.0,59.0,91.0,0.0,0.0,769.9,0.0,0.0,,,C,mm,km/h,mm
6837,2026-07-01,16:30:00,13.0,13.0,13.0,20.0,59.0,92.0,0.0,0.0,770.1,0.0,0.0,,,C,mm,km/h,mm
6838,2026-07-01,16:45:00,13.0,13.0,13.0,20.0,59.0,92.0,0.0,0.0,770.2,0.0,0.0,,,C,mm,km/h,mm
6839,2026-07-01,17:00:00,13.0,13.0,13.0,20.0,59.0,92.0,0.0,0.0,770.3,0.0,0.0,,,C,mm,km/h,mm
6840,2026-07-01,17:15:00,13.0,13.0,13.0,20.0,59.0,92.0,0.0,0.0,770.2,0.0,0.0,,,C,mm,km/h,mm
6841,2026-07-01,17:30:00,13.0,13.0,13.0,20.0,59.0,90.0,0.0,0.0,770.3,0.0,1.6,W,WSW,C,mm,km/h,mm
6842,2026-07-01,17:45:00,13.0,14.0,13.0,20.0,59.0,89.0,0.0,0.0,770.4,0.0,3.2,WNW,WNW,C,mm,km/h,mm
6843,2026-07-01,18:00:00,13.0,13.0,13.0,20.0,59.0,90.0,0.0,0.0,770.6,0.0,0.0,,,C,mm,km/h,mm
6844,2026-07-01,18:15:00,13.0,14.0,13.0,20.0,59.0,89.0,0.0,0.0,770.7,0.0,4.8,NW,WSW,C,mm,km/h,mm
6845,2026-07-01,18:30:00,13.0,14.0,13.0,20.0,59.0,90.0,0.0,0.0,770.7,1.6,8.0,NW,WSW,C,mm,km/h,mm
6846,2026-07-01,18:45:00,13.0,13.0,13.0,20.0,59.0,89.0,0.0,0.0,770.9,0.0,6.4,W,NW,C,mm,km/h,mm
6847,2026-07-01,19:00:00,13.0,13.0,13.0,20.0,58.0,89.0,0.0,0.0,770.8,0.0,4.8,WNW,ESE,C,mm,km/h,mm
6848,2026-07-01,19:15:00,13.0,13.0,13.0,20.0,58.0,89.0,0.0,0.0,770.6,0.0,4.8,W,NW,C,mm,km/h,mm
6849,2026-07-01,19:30:00,13.0,13.0,13.0,20.0,58.0,89.0,0.0,0.0,770.6,0.0,1.6,WNW,WNW,C,mm,km/h,mm
6850,2026-07-01,19:45:00,13.0,13.0,13.0,20.0,58.0,89.0,0.0,0.0,770.5,0.0,1.6,SSE,SSE,C,mm,km/h,mm
6851,2026-07-01,20:00:00,13.0,13.0,13.0,20.0,58.0,90.0,0.0,0.0,770.4,0.0,0.0,,,C,mm,km/h,mm
6852,2026-07-01,20:15:00,13.0,13.0,13.0,20.0,58.0,89.0,0.0,0.0,770.1,0.0,1.6,NNW,NNW,C,mm,km/h,mm
6853,2026-07-01,20:30:00,13.0,13.0,13.0,20.0,58.0,89.0,0.0,0.0,769.9,0.0,0.0,,,C,mm,km/h,mm
6854,2026-07-01,20:45:00,13.0,13.0,13.0,20.0,58.0,90.0,0.0,0.0,769.8,0.0,0.0,,,C,mm,km/h,mm
6855,2026-07-01,21:00:00,13.0,13.0,13.0,20.0,59.0,89.0,0.0,0.0,769.7,0.0,3.2,NNW,NNW,C,mm,km/h,mm
6856,2026-07-01,21:15:00,13.0,13.0,13.0,20.0,59.0,89.0,0.0,0.0,769.6,0.0,3.2,NW,NW,C,mm,km/h,mm
6857,2026-07-01,21:30:00,13.0,13.0,13.0,20.0,58.0,89.0,0.0,0.0,769.4,0.0,0.0,,,C,mm,km/h,mm
6858,2026-07-01,21:45:00,13.0,13.0,13.0,20.0,58.0,90.0,0.0,0.0,769.3,0.0,0.0,,,C,mm,km/h,mm
6859,2026-07-01,22:00:00,13.0,13.0,13.0,20.0,59.0,91.0,0.0,0.0,769.3,0.0,0.0,,,C,mm,km/h,mm
6860,2026-07-01,22:15:00,13.0,13.0,13.0,20.0,59.0,91.0,0.0,0.0,769.3,0.0,0.0,,,C,mm,km/h,mm
6861,2026-07-01,22:30:00,13.0,13.0,13.0,20.0,59.0,92.0,0.0,0.0,769.3,0.0,0.0,,,C,mm,km/h,mm
6862,2026-07-01,22:45:00,13.0,13.0,13.0,20.0,59.0,92.0,0.0,0.0,769.4,0.0,0.0,,,C,mm,km/h,mm
6863,2026-07-01,23:00:00,13.0,13.0,13.0,20.0,59.0,92.0,0.0,0.0,769.4,0.0,0.0,,,C,mm,km/h,mm
6864,2026-07-01,23:15:00,13.0,13.0,13.0,20.0,59.0,92.0,0.0,0.0,769.3,0.0,0.0,,,C,mm,km/h,mm
6865,2026-07-01,23:30:00,13.0,13.0,13.0,20.0,59.0,92.0,0.0,0.0,769.3,0.0,0.0,,,C,mm,km/h,mm
6866,2026-07-01,23:45:00,13.0,13.0,13.0,20.0,59.0,92.0,0.0,0.0,769.5,0.0,0.0,,,C,mm,km/h,mm
6867,2026-07-02,00:15:00,13.0,13.0,13.0,20.0,59.0,92.0,0.0,0.0,769.5,0.0,0.0,,,C,mm,km/h,mm
6868,2026-07-02,00:30:00,13.0,13.0,13.0,20.0,59.0,92.0,0.2,0.0,769.5,0.0,0.0,,,C,mm,km/h,mm
6869,2026-07-02,00:45:00,13.0,13.0,13.0,20.0,59.0,93.0,0.0,0.0,769.7,0.0,0.0,,,C,mm,km/h,mm
6870,2026-07-02,01:00:00,13.0,13.0,13.0,20.0,59.0,93.0,0.0,0.0,769.7,0.0,0.0,,,C,mm,km/h,mm
6871,2026-07-02,01:15:00,13.0,13.0,13.0,20.0,59.0,93.0,0.0,0.0,769.6,0.0,0.0,,,C,mm,km/h,mm
6872,2026-07-02,01:30:00,13.0,13.0,13.0,20.0,59.0,93.0,0.0,0.0,769.7,0.0,0.0,,,C,mm,km/h,mm
6873,2026-07-02,01:45:00,13.0,13.0,13.0,20.0,59.0,93.0,0.0,0.0,769.8,0.0,3.2,NW,NW,C,mm,km/h,mm
6874,2026-07-02,02:00:00,13.0,13.0,13.0,20.0,60.0,92.0,0.0,0.0,769.8,0.0,3.2,NNW,NNW,C,mm,km/h,mm
6875,2026-07-02,02:15:00,13.0,13.0,13.0,20.0,60.0,92.0,0.0,0.0,769.8,0.0,3.2,NNW,NNW,C,mm,km/h,mm
6876,2026-07-02,02:30:00,13.0,13.0,13.0,20.0,60.0,92.0,0.0,0.0,770.0,0.0,0.0,,,C,mm,km/h,mm
6877,2026-07-02,02:45:00,13.0,13.0,13.0,20.0,61.0,92.0,0.0,0.0,770.2,0.0,1.6,SSW,SSW,C,mm,km/h,mm
6878,2026-07-02,03:00:00,14.0,14.0,13.0,20.0,60.0,91.0,0.0,0.0,770.3,0.0,1.6,SE,SE,C,mm,km/h,mm
6879,2026-07-02,03:15:00,14.0,14.0,14.0,20.0,60.0,90.0,0.0,0.0,770.4,0.0,4.8,WNW,SW,C,mm,km/h,mm
6880,2026-07-02,03:30:00,14.0,14.0,14.0,20.0,60.0,90.0,0.0,0.0,770.5,0.0,0.0,,,C,mm,km/h,mm
6881,2026-07-02,03:45:00,14.0,14.0,14.0,20.0,59.0,89.0,0.0,0.0,770.7,0.0,1.6,ESE,ESE,C,mm,km/h,mm
6882,2026-07-02,04:00:00,14.0,15.0,14.0,20.0,59.0,88.0,0.0,0.0,771.0,0.0,1.6,NE,NE,C,mm,km/h,mm
6883,2026-07-02,04:15:00,15.0,15.0,14.0,20.0,59.0,86.0,0.0,0.0,771.0,0.0,3.2,NNE,NNE,C,mm,km/h,mm
6884,2026-07-02,04:30:00,15.0,15.0,15.0,20.0,59.0,85.0,0.0,0.0,771.2,0.0,0.0,,,C,mm,km/h,mm
6885,2026-07-02,04:45:00,15.0,15.0,15.0,20.0,59.0,84.0,0.0,0.0,771.3,0.0,0.0,,,C,mm,km/h,mm
6886,2026-07-02,05:00:00,16.0,16.0,15.0,20.0,59.0,84.0,0.0,0.0,771.3,0.0,1.6,NE,NE,C,mm,km/h,mm
6887,2026-07-02,05:15:00,16.0,16.0,16.0,20.0,59.0,82.0,0.0,0.0,771.3,0.0,1.6,SSE,ESE,C,mm,km/h,mm
6888,2026-07-02,05:30:00,17.0,17.0,16.0,20.0,59.0,76.0,0.0,0.0,771.3,0.0,1.6,SSE,SSE,C,mm,km/h,mm
6889,2026-07-02,05:45:00,18.0,18.0,17.0,20.0,59.0,73.0,0.0,0.0,771.3,0.0,3.2,ENE,ENE,C,mm,km/h,mm
6890,2026-07-02,06:00:00,19.0,19.0,18.0,20.0,59.0,71.0,0.0,0.0,771.4,0.0,3.2,SSE,SE,C,mm,km/h,mm
6891,2026-07-02,06:15:00,19.0,19.0,19.0,20.0,59.0,70.0,0.0,0.0,771.3,0.0,1.6,NE,ENE,C,mm,km/h,mm
6892,2026-07-02,06:30:00,19.0,19.0,18.0,20.0,59.0,70.0,0.0,0.0,771.3,1.6,6.4,NW,NW,C,mm,km/h,mm
6893,2026-07-02,06:45:00,19.0,19.0,19.0,20.0,59.0,68.0,0.0,0.0,771.1,0.0,3.2,SE,SE,C,mm,km/h,mm
6894,2026-07-02,07:00:00,19.0,19.0,19.0,20.0,59.0,67.0,0.0,0.0,771.0,0.0,3.2,WNW,SE,C,mm,km/h,mm
6895,2026-07-02,07:15:00,19.0,20.0,19.0,20.0,59.0,66.0,0.0,0.0,770.9,0.0,3.2,ESE,ESE,C,mm,km/h,mm
6896,2026-07-02,07:30:00,20.0,20.0,19.0,20.0,59.0,67.0,0.0,0.0,770.7,0.0,4.8,SE,SSE,C,mm,km/h,mm
6897,2026-07-02,07:45:00,21.0,21.0,20.0,20.0,59.0,63.0,0.0,0.0,770.5,0.0,6.4,SE,SE,C,mm,km/h,mm
6898,2026-07-02,08:00:00,22.0,22.0,21.0,20.0,59.0,59.0,0.0,0.0,770.4,1.6,8.0,NW,NNW,C,mm,km/h,mm
6899,2026-07-02,08:15:00,23.0,23.0,22.0,20.0,59.0,56.0,0.0,0.0,770.2,0.0,4.8,S,SW,C,mm,km/h,mm
6900,2026-07-02,08:30:00,22.0,23.0,22.0,21.0,59.0,54.0,0.0,0.0,770.1,1.6,6.4,S,SW,C,mm,km/h,mm
6901,2026-07-02,08:45:00,22.0,23.0,22.0,21.0,58.0,55.0,0.0,0.0,769.8,1.6,4.8,SSE,SE,C,mm,km/h,mm
6902,2026-07-02,09:00:00,22.0,23.0,22.0,21.0,58.0,54.0,0.0,0.0,769.7,1.6,6.4,SSE,N,C,mm,km/h,mm
6903,2026-07-02,09:15:00,22.0,22.0,22.0,21.0,58.0,54.0,0.0,0.0,769.7,0.0,3.2,SSE,SE,C,mm,km/h,mm
6904,2026-07-02,09:30:00,23.0,23.0,22.0,21.0,58.0,52.0,0.0,0.0,769.6,0.0,4.8,SE,SSE,C,mm,km/h,mm
6905,2026-07-02,09:45:00,22.0,23.0,22.0,21.0,58.0,55.0,0.0,0.0,769.6,1.6,8.0,SSE,SSE,C,mm,km/h,mm
6906,2026-07-02,10:00:00,21.0,22.0,21.0,21.0,58.0,57.0,0.0,0.0,769.5,3.2,14.5,SSE,SSE,C,mm,km/h,mm
6907,2026-07-02,10:15:00,20.0,21.0,20.0,21.0,57.0,55.0,0.0,0.0,769.3,3.2,8.0,SSE,SE,C,mm,km/h,mm
6908,2026-07-02,10:30:00,20.0,20.0,20.0,21.0,57.0,58.0,0.0,0.0,769.4,1.6,6.4,SSE,SSE,C,mm,km/h,mm
6909,2026-07-02,10:45:00,20.0,20.0,20.0,21.0,57.0,61.0,0.0,0.0,769.3,1.6,12.9,SSE,SSE,C,mm,km/h,mm
6910,2026-07-02,11:00:00,20.0,20.0,20.0,21.0,56.0,62.0,0.0,0.0,769.2,1.6,8.0,NW,WNW,C,mm,km/h,mm
6911,2026-07-02,11:15:00,20.0,20.0,20.0,21.0,56.0,64.0,0.0,0.0,769.2,3.2,8.0,NW,NW,C,mm,km/h,mm
6912,2026-07-02,11:30:00,19.0,20.0,19.0,21.0,56.0,68.0,0.0,0.0,769.4,0.0,6.4,WNW,WSW,C,mm,km/h,mm
6913,2026-07-02,11:45:00,19.0,19.0,19.0,21.0,56.0,62.0,0.0,0.0,769.2,0.0,3.2,SE,SE,C,mm,km/h,mm
6914,2026-07-02,12:00:00,20.0,20.0,19.0,21.0,56.0,61.0,0.0,0.0,769.0,0.0,6.4,NW,NW,C,mm,km/h,mm
6915,2026-07-02,12:15:00,21.0,21.0,20.0,21.0,56.0,63.0,0.0,0.0,768.9,0.0,1.6,NE,NNW,C,mm,km/h,mm
6916,2026-07-02,12:30:00,20.0,21.0,20.0,21.0,56.0,60.0,0.0,0.0,768.7,0.0,1.6,NE,NE,C,mm,km/h,mm
6917,2026-07-02,12:45:00,20.0,20.0,20.0,21.0,57.0,61.0,0.0,0.0,768.6,0.0,0.0,,,C,mm,km/h,mm
6918,2026-07-02,13:00:00,20.0,20.0,20.0,21.0,57.0,63.0,0.0,0.0,768.6,0.0,0.0,,,C,mm,km/h,mm
6919,2026-07-02,13:15:00,19.0,20.0,19.0,21.0,57.0,66.0,0.0,0.0,768.6,0.0,0.0,,,C,mm,km/h,mm
6920,2026-07-02,13:30:00,19.0,19.0,19.0,21.0,57.0,66.0,0.0,0.0,768.6,0.0,4.8,NNW,NW,C,mm,km/h,mm
6921,2026-07-02,13:45:00,19.0,19.0,19.0,21.0,57.0,65.0,0.0,0.0,768.7,0.0,0.0,,,C,mm,km/h,mm
6922,2026-07-02,14:00:00,19.0,19.0,19.0,21.0,57.0,64.0,0.0,0.0,768.7,0.0,0.0,,,C,mm,km/h,mm
6923,2026-07-02,14:15:00,19.0,19.0,19.0,21.0,57.0,66.0,0.0,0.0,768.8,0.0,0.0,,,C,mm,km/h,mm
6924,2026-07-02,14:30:00,18.0,19.0,18.0,21.0,57.0,72.0,0.0,0.0,768.9,0.0,0.0,,,C,mm,km/h,mm
6925,2026-07-02,14:45:00,18.0,18.0,18.0,21.0,57.0,75.0,0.0,0.0,769.2,0.0,0.0,,,C,mm,km/h,mm
6926,2026-07-02,15:00:00,18.0,18.0,18.0,21.0,57.0,77.0,0.0,0.0,769.3,0.0,0.0,,,C,mm,km/h,mm
6927,2026-07-02,15:15:00,18.0,18.0,18.0,21.0,57.0,78.0,0.0,0.0,769.5,0.0,1.6,SW,NNE,C,mm,km/h,mm
6928,2026-07-02,15:30:00,17.0,18.0,17.0,21.0,58.0,77.0,0.0,0.0,769.7,0.0,0.0,,,C,mm,km/h,mm
6929,2026-07-02,15:45:00,17.0,17.0,17.0,21.0,58.0,78.0,0.0,0.0,769.7,0.0,0.0,,,C,mm,km/h,mm
6930,2026-07-02,16:00:00,17.0,17.0,17.0,20.0,58.0,79.0,0.0,0.0,770.0,0.0,1.6,E,NE,C,mm,km/h,mm
6931,2026-07-02,16:15:00,17.0,17.0,17.0,20.0,58.0,80.0,0.0,0.0,770.2,0.0,0.0,,,C,mm,km/h,mm
6932,2026-07-02,16:30:00,17.0,17.0,17.0,20.0,58.0,79.0,0.0,0.0,770.3,0.0,3.2,NE,NE,C,mm,km/h,mm
6933,2026-07-02,16:45:00,17.0,17.0,17.0,20.0,58.0,78.0,0.0,0.0,770.4,0.0,1.6,NE,NE,C,mm,km/h,mm
6934,2026-07-02,17:00:00,17.0,17.0,17.0,20.0,58.0,78.0,0.0,0.0,770.5,0.0,4.8,NNE,NNE,C,mm,km/h,mm
6935,2026-07-02,17:15:00,17.0,17.0,17.0,20.0,58.0,77.0,0.0,0.0,770.6,0.0,6.4,NE,ESE,C,mm,km/h,mm
6936,2026-07-02,17:30:00,17.0,17.0,17.0,20.0,58.0,77.0,0.0,0.0,770.8,0.0,9.7,NNE,E,C,mm,km/h,mm
6937,2026-07-02,17:45:00,17.0,17.0,17.0,20.0,58.0,77.0,0.0,0.0,770.9,0.0,4.8,NNE,N,C,mm,km/h,mm
6938,2026-07-02,18:00:00,17.0,17.0,17.0,20.0,58.0,78.0,0.0,0.0,771.2,0.0,1.6,NNE,NNE,C,mm,km/h,mm
6939,2026-07-02,18:15:00,17.0,17.0,17.0,20.0,58.0,79.0,0.0,0.0,771.6,0.0,1.6,ENE,ENE,C,mm,km/h,mm
6940,2026-07-02,18:30:00,16.0,17.0,16.0,20.0,58.0,80.0,0.0,0.0,771.5,0.0,0.0,,,C,mm,km/h,mm
6941,2026-07-02,18:45:00,16.0,16.0,16.0,20.0,58.0,81.0,0.0,0.0,771.3,0.0,0.0,,,C,mm,km/h,mm
6942,2026-07-02,19:00:00,16.0,16.0,16.0,20.0,59.0,81.0,0.0,0.0,771.3,0.0,0.0,,,C,mm,km/h,mm
6943,2026-07-02,19:15:00,16.0,16.0,16.0,20.0,59.0,82.0,0.0,0.0,771.4,0.0,1.6,E,E,C,mm,km/h,mm
6944,2026-07-02,19:30:00,16.0,16.0,16.0,20.0,59.0,82.0,0.0,0.0,771.3,0.0,3.2,SE,W,C,mm,km/h,mm
6945,2026-07-02,19:45:00,16.0,16.0,16.0,20.0,59.0,82.0,0.0,0.0,771.5,0.0,4.8,NW,NW,C,mm,km/h,mm
6946,2026-07-02,20:00:00,16.0,16.0,16.0,20.0,59.0,83.0,0.0,0.0,771.6,0.0,4.8,WNW,NW,C,mm,km/h,mm
6947,2026-07-02,20:15:00,16.0,16.0,16.0,20.0,59.0,83.0,0.0,0.0,771.4,0.0,4.8,W,NW,C,mm,km/h,mm
6948,2026-07-02,20:30:00,16.0,16.0,16.0,20.0,59.0,84.0,0.0,0.0,771.3,0.0,8.0,WNW,NE,C,mm,km/h,mm
6949,2026-07-02,20:45:00,16.0,16.0,16.0,20.0,59.0,84.0,0.0,0.0,771.2,0.0,6.4,ESE,WNW,C,mm,km/h,mm
6950,2026-07-02,21:00:00,16.0,16.0,16.0,20.0,59.0,84.0,0.0,0.0,771.0,0.0,4.8,WNW,NW,C,mm,km/h,mm
6951,2026-07-02,21:15:00,15.0,16.0,15.0,20.0,59.0,85.0,0.0,0.0,771.0,0.0,6.4,NW,W,C,mm,km/h,mm
6952,2026-07-02,21:30:00,15.0,15.0,15.0,20.0,59.0,85.0,0.0,0.0,770.9,0.0,4.8,WNW,WSW,C,mm,km/h,mm
6953,2026-07-02,21:45:00,15.0,15.0,15.0,20.0,59.0,85.0,0.0,0.0,770.8,0.0,3.2,E,ESE,C,mm,km/h,mm
6954,2026-07-02,22:00:00,15.0,15.0,15.0,20.0,59.0,85.0,0.0,0.0,770.7,0.0,4.8,NW,WNW,C,mm,km/h,mm
6955,2026-07-02,22:15:00,15.0,15.0,15.0,20.0,59.0,85.0,0.0,0.0,770.7,0.0,6.4,NW,NNW,C,mm,km/h,mm
6956,2026-07-02,22:30:00,15.0,15.0,15.0,20.0,59.0,85.0,0.0,0.0,770.6,0.0,3.2,WSW,W,C,mm,km/h,mm
6957,2026-07-02,22:45:00,15.0,15.0,15.0,20.0,59.0,85.0,0.0,0.0,770.5,0.0,1.6,NW,NW,C,mm,km/h,mm
6958,2026-07-02,23:00:00,15.0,15.0,15.0,20.0,59.0,85.0,0.0,0.0,770.5,0.0,0.0,,,C,mm,km/h,mm
6959,2026-07-02,23:15:00,15.0,15.0,15.0,20.0,59.0,86.0,0.0,0.0,770.6,0.0,0.0,,,C,mm,km/h,mm
6960,2026-07-02,23:30:00,14.0,15.0,14.0,20.0,59.0,86.0,0.0,0.0,770.5,0.0,0.0,,,C,mm,km/h,mm
6961,2026-07-02,23:45:00,14.0,14.0,14.0,20.0,59.0,89.0,0.0,0.0,770.6,0.0,0.0,,,C,mm,km/h,mm
6962,2026-07-04,00:15:00,16.0,16.0,16.0,21.0,58.0,81.0,0.0,0.0,579.7,0.0,3.2,ENE,ENE,C,mm,km/h,mm
6963,2026-07-04,00:30:00,16.0,16.0,16.0,21.0,58.0,80.0,0.0,0.0,579.5,0.0,4.8,SW,SW,C,mm,km/h,mm
6964,2026-07-04,00:45:00,16.0,16.0,16.0,21.0,58.0,82.0,0.0,0.0,579.3,0.0,4.8,SW,SW,C,mm,km/h,mm
6965,2026-07-04,01:00:00,16.0,16.0,16.0,21.0,58.0,82.0,0.0,0.0,579.1,0.0,4.8,WSW,WSW,C,mm,km/h,mm
6966,2026-07-04,01:15:00,16.0,16.0,16.0,20.0,58.0,83.0,0.0,0.0,579.0,0.0,3.2,W,SSW,C,mm,km/h,mm
6967,2026-07-04,01:30:00,16.0,16.0,16.0,20.0,58.0,82.0,0.0,0.0,579.0,0.0,3.2,W,W,C,mm,km/h,mm
6968,2026-07-04,01:45:00,16.0,16.0,16.0,20.0,58.0,83.0,0.0,0.0,578.9,0.0,3.2,WSW,WSW,C,mm,km/h,mm
6969,2026-07-04,02:00:00,16.0,16.0,16.0,20.0,58.0,83.0,0.0,0.0,578.8,0.0,0.0,,,C,mm,km/h,mm
6970,2026-07-04,02:15:00,16.0,16.0,16.0,20.0,58.0,84.0,0.0,0.0,578.8,0.0,3.2,WSW,WSW,C,mm,km/h,mm
6971,2026-07-04,02:30:00,16.0,16.0,16.0,20.0,58.0,84.0,0.0,0.0,578.8,0.0,1.6,ESE,ESE,C,mm,km/h,mm
6972,2026-07-04,02:45:00,16.0,16.0,16.0,20.0,58.0,84.0,0.0,0.0,578.8,0.0,1.6,W,W,C,mm,km/h,mm
6973,2026-07-04,03:00:00,16.0,16.0,16.0,20.0,58.0,85.0,0.0,0.0,578.6,0.0,1.6,SSW,ENE,C,mm,km/h,mm
6974,2026-07-04,03:15:00,15.0,16.0,15.0,20.0,58.0,86.0,0.0,0.0,578.5,0.0,0.0,,,C,mm,km/h,mm
6975,2026-07-04,03:30:00,14.0,15.0,14.0,20.0,58.0,88.0,0.0,0.0,578.4,0.0,0.0,,,C,mm,km/h,mm
6976,2026-07-04,03:45:00,14.0,14.0,14.0,20.0,59.0,90.0,0.0,0.0,578.5,0.0,0.0,,,C,mm,km/h,mm
6977,2026-07-04,04:00:00,14.0,14.0,14.0,20.0,59.0,90.0,0.0,0.0,578.5,0.0,0.0,,,C,mm,km/h,mm
6978,2026-07-04,04:15:00,14.0,14.0,14.0,20.0,59.0,90.0,0.0,0.0,578.6,0.0,1.6,SSW,SSW,C,mm,km/h,mm
6979,2026-07-04,04:30:00,14.0,14.0,14.0,20.0,59.0,90.0,0.0,0.0,578.7,0.0,0.0,,,C,mm,km/h,mm
6980,2026-07-04,04:45:00,14.0,14.0,14.0,20.0,59.0,90.0,0.0,0.0,578.8,0.0,0.0,,,C,mm,km/h,mm
6981,2026-07-04,05:00:00,15.0,15.0,14.0,20.0,59.0,89.0,0.0,0.0,578.9,0.0,0.0,,,C,mm,km/h,mm
6982,2026-07-04,05:15:00,15.0,15.0,15.0,20.0,59.0,88.0,0.0,0.0,578.9,0.0,0.0,,,C,mm,km/h,mm
6983,2026-07-04,05:30:00,15.0,15.0,15.0,20.0,59.0,88.0,0.0,0.0,578.9,0.0,1.6,NNE,NE,C,mm,km/h,mm
6984,2026-07-04,05:45:00,15.0,15.0,15.0,20.0,59.0,87.0,0.0,0.0,578.8,0.0,1.6,ENE,ENE,C,mm,km/h,mm
6985,2026-07-04,06:00:00,15.0,15.0,15.0,20.0,59.0,88.0,0.0,0.0,579.0,0.0,0.0,,,C,mm,km/h,mm
6986,2026-07-04,06:15:00,15.0,15.0,14.0,20.0,59.0,88.0,0.0,0.0,579.0,0.0,0.0,,,C,mm,km/h,mm
6987,2026-07-04,06:30:00,15.0,15.0,15.0,20.0,59.0,88.0,0.0,0.0,579.2,0.0,0.0,,,C,mm,km/h,mm
6988,2026-07-04,06:45:00,15.0,15.0,15.0,20.0,59.0,88.0,0.0,0.0,579.4,0.0,3.2,SW,SSW,C,mm,km/h,mm
6989,2026-07-04,07:00:00,15.0,15.0,15.0,20.0,59.0,88.0,0.0,0.0,579.5,0.0,3.2,SSW,SSW,C,mm,km/h,mm
6990,2026-07-04,07:15:00,15.0,15.0,15.0,20.0,59.0,87.0,0.0,0.0,579.8,0.0,0.0,,,C,mm,km/h,mm
6991,2026-07-04,07:30:00,16.0,16.0,15.0,20.0,59.0,86.0,0.0,0.0,579.8,0.0,0.0,,,C,mm,km/h,mm
6992,2026-07-04,07:45:00,16.0,16.0,16.0,20.0,59.0,85.0,0.0,0.0,579.9,0.0,3.2,WSW,WSW,C,mm,km/h,mm
6993,2026-07-04,08:00:00,17.0,17.0,16.0,20.0,59.0,82.0,0.0,0.0,580.0,0.0,3.2,SSW,SSW,C,mm,km/h,mm
6994,2026-07-04,08:15:00,17.0,17.0,17.0,20.0,60.0,81.0,0.0,0.0,580.1,0.0,6.4,SSW,SW,C,mm,km/h,mm
6995,2026-07-04,08:30:00,17.0,17.0,17.0,20.0,60.0,79.0,0.0,0.0,580.1,0.0,1.6,SE,N,C,mm,km/h,mm
6996,2026-07-04,08:45:00,18.0,18.0,17.0,20.0,59.0,78.0,0.0,0.0,580.1,0.0,0.0,,,C,mm,km/h,mm
6997,2026-07-04,09:00:00,18.0,18.0,18.0,20.0,59.0,77.0,0.0,0.0,580.2,0.0,1.6,SW,E,C,mm,km/h,mm
6998,2026-07-04,09:15:00,18.0,18.0,18.0,20.0,59.0,76.0,0.0,0.0,580.3,0.0,0.0,,,C,mm,km/h,mm
6999,2026-07-04,09:30:00,18.0,18.0,18.0,20.0,59.0,74.0,0.0,0.0,580.3,0.0,0.0,,,C,mm,km/h,mm
7000,2026-07-04,09:45:00,18.0,18.0,18.0,20.0,59.0,74.0,0.0,0.0,580.2,0.0,0.0,,,C,mm,km/h,mm
7001,2026-07-04,10:00:00,18.0,18.0,18.0,20.0,59.0,75.0,0.0,0.0,580.1,0.0,0.0,,,C,mm,km/h,mm
7002,2026-07-04,10:15:00,19.0,19.0,18.0,20.0,59.0,76.0,0.0,0.0,580.2,0.0,3.2,NNW,NNW,C,mm,km/h,mm
7003,2026-07-04,10:30:00,19.0,19.0,19.0,20.0,59.0,75.0,0.0,0.0,580.1,0.0,6.4,ENE,E,C,mm,km/h,mm
7004,2026-07-04,10:45:00,19.0,19.0,19.0,20.0,59.0,71.0,0.0,0.0,580.0,0.0,3.2,ENE,NE,C,mm,km/h,mm
7005,2026-07-04,11:00:00,21.0,21.0,19.0,20.0,60.0,68.0,0.0,0.0,579.9,0.0,3.2,ENE,SW,C,mm,km/h,mm
7006,2026-07-04,11:15:00,22.0,22.0,21.0,20.0,60.0,66.0,0.0,0.0,579.8,0.0,4.8,NNW,NNW,C,mm,km/h,mm
7007,2026-07-04,11:30:00,22.0,23.0,22.0,20.0,59.0,61.0,0.0,0.0,579.6,1.6,6.4,E,NW,C,mm,km/h,mm
7008,2026-07-04,11:45:00,22.0,22.0,22.0,20.0,59.0,62.0,0.0,0.0,579.5,1.6,6.4,NNW,WNW,C,mm,km/h,mm
7009,2026-07-04,12:00:00,23.0,23.0,22.0,20.0,59.0,61.0,0.0,0.0,579.3,0.0,6.4,NW,W,C,mm,km/h,mm
7010,2026-07-04,12:15:00,24.0,24.0,23.0,20.0,59.0,56.0,0.0,0.0,579.1,1.6,6.4,NW,NW,C,mm,km/h,mm
7011,2026-07-04,12:30:00,24.0,24.0,24.0,20.0,59.0,55.0,0.0,0.0,578.9,0.0,8.0,NW,WNW,C,mm,km/h,mm
7012,2026-07-04,12:45:00,24.0,25.0,24.0,20.0,59.0,54.0,0.0,0.0,578.6,1.6,9.7,WSW,WSW,C,mm,km/h,mm
7013,2026-07-04,13:00:00,25.0,25.0,24.0,20.0,59.0,53.0,0.0,0.0,578.4,1.6,8.0,NNW,S,C,mm,km/h,mm
7014,2026-07-04,13:15:00,25.0,25.0,25.0,20.0,59.0,53.0,0.0,0.0,578.4,1.6,6.4,WNW,WSW,C,mm,km/h,mm
7015,2026-07-04,13:30:00,24.0,25.0,24.0,20.0,59.0,54.0,0.0,0.0,578.2,1.6,9.7,E,E,C,mm,km/h,mm
7016,2026-07-04,13:45:00,26.0,26.0,24.0,20.0,59.0,50.0,0.0,0.0,577.9,1.6,6.4,E,ENE,C,mm,km/h,mm
7017,2026-07-04,14:00:00,26.0,27.0,26.0,20.0,59.0,49.0,0.0,0.0,577.7,0.0,4.8,E,SSE,C,mm,km/h,mm
7018,2026-07-04,14:15:00,26.0,26.0,26.0,20.0,59.0,49.0,0.0,0.0,577.7,1.6,6.4,NNW,W,C,mm,km/h,mm
7019,2026-07-04,14:30:00,26.0,26.0,26.0,20.0,59.0,49.0,0.0,0.0,577.4,0.0,6.4,E,E,C,mm,km/h,mm
7020,2026-07-04,14:45:00,26.0,26.0,26.0,21.0,59.0,51.0,0.0,0.0,577.3,1.6,4.8,W,NW,C,mm,km/h,mm
7021,2026-07-04,15:00:00,26.0,26.0,26.0,21.0,59.0,49.0,0.0,0.0,577.2,1.6,8.0,NW,NW,C,mm,km/h,mm
7022,2026-07-04,15:15:00,27.0,27.0,26.0,21.0,59.0,54.0,0.0,0.0,577.1,3.2,12.9,W,S,C,mm,km/h,mm
7023,2026-07-04,15:30:00,27.0,27.0,26.0,21.0,59.0,50.0,0.0,0.0,577.1,4.8,14.5,WSW,W,C,mm,km/h,mm
7024,2026-07-04,15:45:00,26.0,27.0,26.0,21.0,59.0,50.0,0.0,0.0,577.1,3.2,11.3,NNW,S,C,mm,km/h,mm
7025,2026-07-04,16:00:00,25.0,26.0,25.0,21.0,59.0,49.0,0.0,0.0,577.0,4.8,11.3,WSW,SW,C,mm,km/h,mm
7026,2026-07-04,16:15:00,25.0,25.0,25.0,21.0,59.0,49.0,0.0,0.0,576.9,4.8,12.9,W,W,C,mm,km/h,mm
7027,2026-07-04,16:30:00,24.0,25.0,24.0,21.0,59.0,50.0,0.0,0.0,576.7,4.8,12.9,W,W,C,mm,km/h,mm
7028,2026-07-04,16:45:00,22.0,24.0,22.0,21.0,58.0,63.0,0.0,0.0,577.2,3.2,12.9,E,E,C,mm,km/h,mm
7029,2026-07-04,17:00:00,18.0,22.0,18.0,21.0,59.0,78.0,0.0,0.0,577.2,6.4,22.5,E,ESE,C,mm,km/h,mm
7030,2026-07-04,17:15:00,17.0,18.0,17.0,21.0,59.0,86.0,1.2,13.8,577.3,3.2,12.9,E,ESE,C,mm,km/h,mm
7031,2026-07-04,17:30:00,16.0,17.0,16.0,21.0,59.0,87.0,0.0,0.8,577.4,1.6,8.0,E,ESE,C,mm,km/h,mm
7032,2026-07-04,17:45:00,16.0,17.0,16.0,21.0,60.0,86.0,0.2,0.8,577.8,1.6,11.3,W,W,C,mm,km/h,mm
7033,2026-07-04,18:00:00,16.0,17.0,16.0,21.0,60.0,79.0,0.0,0.0,577.7,4.8,20.9,WSW,WSW,C,mm,km/h,mm
7034,2026-07-04,18:15:00,16.0,16.0,16.0,21.0,60.0,79.0,0.0,0.0,577.7,3.2,16.1,W,WNW,C,mm,km/h,mm
7035,2026-07-04,18:30:00,16.0,16.0,16.0,21.0,59.0,83.0,0.4,2.8,577.6,1.6,11.3,WSW,WSW,C,mm,km/h,mm
7036,2026-07-04,18:45:00,15.0,16.0,15.0,21.0,59.0,86.0,0.0,0.0,577.7,0.0,1.6,E,E,C,mm,km/h,mm
7037,2026-07-04,19:00:00,16.0,16.0,15.0,21.0,59.0,89.0,0.0,0.0,577.8,0.0,1.6,E,E,C,mm,km/h,mm
7038,2026-07-04,19:15:00,16.0,16.0,16.0,21.0,59.0,89.0,0.0,0.0,577.9,0.0,0.0,,,C,mm,km/h,mm
7039,2026-07-04,19:30:00,16.0,16.0,16.0,21.0,59.0,90.0,0.0,0.0,577.9,0.0,0.0,,,C,mm,km/h,mm
7040,2026-07-04,19:45:00,16.0,16.0,16.0,21.0,60.0,89.0,0.0,0.0,577.8,0.0,0.0,,,C,mm,km/h,mm
7041,2026-07-04,20:00:00,16.0,16.0,16.0,21.0,60.0,89.0,0.0,0.0,577.8,0.0,1.6,NNE,NNE,C,mm,km/h,mm
7042,2026-07-04,20:15:00,16.0,16.0,16.0,21.0,60.0,87.0,0.0,0.0,578.0,0.0,1.6,WNW,NW,C,mm,km/h,mm
7043,2026-07-04,20:30:00,16.0,16.0,16.0,21.0,60.0,86.0,0.0,0.0,578.3,0.0,1.6,NW,NW,C,mm,km/h,mm
7044,2026-07-04,20:45:00,16.0,16.0,16.0,21.0,60.0,87.0,0.0,0.0,578.4,0.0,0.0,,,C,mm,km/h,mm
7045,2026-07-04,21:00:00,15.0,16.0,15.0,21.0,60.0,88.0,0.0,0.0,578.4,0.0,0.0,,,C,mm,km/h,mm
7046,2026-07-04,21:15:00,15.0,15.0,15.0,21.0,60.0,90.0,0.0,0.0,578.5,0.0,0.0,,,C,mm,km/h,mm
7047,2026-07-04,21:30:00,16.0,16.0,15.0,21.0,60.0,91.0,0.0,0.0,578.7,0.0,0.0,,,C,mm,km/h,mm
7048,2026-07-04,21:45:00,16.0,16.0,15.0,21.0,60.0,91.0,0.0,0.0,578.8,0.0,0.0,,,C,mm,km/h,mm
7049,2026-07-04,22:00:00,16.0,16.0,16.0,21.0,60.0,88.0,0.0,0.0,578.9,0.0,0.0,,,C,mm,km/h,mm
7050,2026-07-04,22:15:00,16.0,16.0,16.0,21.0,60.0,89.0,0.0,0.0,578.8,0.0,0.0,,,C,mm,km/h,mm
7051,2026-07-04,22:30:00,16.0,16.0,16.0,21.0,60.0,89.0,0.0,0.0,578.8,0.0,0.0,,,C,mm,km/h,mm
7052,2026-07-04,22:45:00,16.0,16.0,16.0,21.0,60.0,91.0,0.0,0.0,578.7,0.0,0.0,,,C,mm,km/h,mm
7053,2026-07-04,23:00:00,15.0,16.0,15.0,21.0,60.0,91.0,0.0,0.0,578.7,0.0,0.0,,,C,mm,km/h,mm
7054,2026-07-04,23:15:00,15.0,15.0,15.0,21.0,61.0,91.0,0.0,0.0,578.8,0.0,0.0,,,C,mm,km/h,mm
7055,2026-07-04,23:30:00,15.0,15.0,15.0,21.0,61.0,92.0,0.0,0.0,579.0,0.0,0.0,,,C,mm,km/h,mm
7056,2026-07-04,23:45:00,16.0,16.0,15.0,21.0,61.0,90.0,0.0,0.0,578.9,0.0,1.6,NW,NW,C,mm,km/h,mm
7057,2026-07-05,00:15:00,16.0,16.0,16.0,21.0,61.0,88.0,0.0,0.0,578.8,0.0,1.6,W,W,C,mm,km/h,mm
7058,2026-07-05,00:30:00,16.0,16.0,16.0,21.0,61.0,88.0,0.0,0.0,578.9,0.0,0.0,,,C,mm,km/h,mm
7059,2026-07-05,00:45:00,16.0,16.0,16.0,21.0,61.0,89.0,0.0,0.0,578.9,0.0,0.0,,,C,mm,km/h,mm
7060,2026-07-05,01:00:00,16.0,16.0,16.0,21.0,61.0,91.0,0.0,0.0,578.8,0.0,0.0,,,C,mm,km/h,mm
7061,2026-07-05,01:15:00,16.0,16.0,16.0,21.0,61.0,91.0,0.0,0.0,578.8,0.0,0.0,,,C,mm,km/h,mm
7062,2026-07-05,01:30:00,16.0,16.0,16.0,21.0,61.0,91.0,0.0,0.0,578.7,0.0,0.0,,,C,mm,km/h,mm
7063,2026-07-05,01:45:00,15.0,16.0,15.0,21.0,61.0,92.0,0.0,0.0,578.8,0.0,0.0,,,C,mm,km/h,mm
7064,2026-07-05,02:00:00,15.0,15.0,15.0,21.0,61.0,92.0,0.0,0.0,578.6,0.0,0.0,,,C,mm,km/h,mm
7065,2026-07-05,02:15:00,15.0,15.0,15.0,20.0,62.0,92.0,0.0,0.0,578.5,0.0,0.0,,,C,mm,km/h,mm
7066,2026-07-05,02:30:00,15.0,16.0,15.0,20.0,62.0,92.0,0.0,0.0,578.5,0.0,0.0,,,C,mm,km/h,mm
7067,2026-07-05,02:45:00,15.0,15.0,15.0,20.0,62.0,92.0,0.0,0.0,578.3,0.0,0.0,,,C,mm,km/h,mm
7068,2026-07-05,03:00:00,15.0,15.0,15.0,20.0,62.0,92.0,0.0,0.0,578.2,0.0,0.0,,,C,mm,km/h,mm
7069,2026-07-05,03:15:00,15.0,15.0,15.0,20.0,62.0,93.0,0.0,0.0,578.1,0.0,0.0,,,C,mm,km/h,mm
7070,2026-07-05,03:30:00,15.0,15.0,15.0,20.0,62.0,93.0,0.0,0.0,578.0,0.0,0.0,,,C,mm,km/h,mm
7071,2026-07-05,03:45:00,15.0,15.0,15.0,20.0,62.0,93.0,0.0,0.0,577.9,0.0,0.0,,,C,mm,km/h,mm
7072,2026-07-05,04:00:00,15.0,15.0,15.0,20.0,62.0,93.0,0.0,0.0,578.0,0.0,0.0,,,C,mm,km/h,mm
7073,2026-07-05,04:15:00,15.0,15.0,15.0,20.0,62.0,93.0,0.2,0.0,577.9,0.0,0.0,,,C,mm,km/h,mm
7074,2026-07-05,04:30:00,15.0,15.0,15.0,20.0,62.0,93.0,0.0,0.0,578.0,0.0,0.0,,,C,mm,km/h,mm
7075,2026-07-05,04:45:00,15.0,15.0,15.0,20.0,62.0,93.0,0.0,0.0,578.0,0.0,0.0,,,C,mm,km/h,mm
7076,2026-07-05,05:00:00,15.0,15.0,15.0,20.0,62.0,93.0,0.0,0.0,578.0,0.0,0.0,,,C,mm,km/h,mm
7077,2026-07-05,05:15:00,15.0,15.0,14.0,20.0,62.0,94.0,0.0,0.0,578.2,0.0,0.0,,,C,mm,km/h,mm
7078,2026-07-05,05:30:00,14.0,15.0,14.0,20.0,62.0,94.0,0.0,0.0,578.2,0.0,0.0,,,C,mm,km/h,mm
7079,2026-07-05,05:45:00,14.0,14.0,14.0,20.0,62.0,94.0,0.0,0.0,578.3,0.0,0.0,,,C,mm,km/h,mm
7080,2026-07-05,06:00:00,14.0,14.0,14.0,20.0,62.0,94.0,0.0,0.0,578.3,0.0,0.0,,,C,mm,km/h,mm
7081,2026-07-05,06:15:00,15.0,15.0,14.0,20.0,63.0,94.0,0.0,0.0,578.5,0.0,0.0,,,C,mm,km/h,mm
7082,2026-07-05,06:30:00,15.0,15.0,15.0,20.0,63.0,95.0,0.0,0.0,578.7,0.0,0.0,,,C,mm,km/h,mm
7083,2026-07-05,06:45:00,15.0,15.0,15.0,20.0,63.0,94.0,0.0,0.0,578.9,0.0,0.0,,,C,mm,km/h,mm
7084,2026-07-05,07:00:00,15.0,15.0,15.0,20.0,63.0,94.0,0.0,0.0,579.1,0.0,0.0,,,C,mm,km/h,mm
7085,2026-07-05,07:15:00,16.0,16.0,15.0,20.0,63.0,94.0,0.6,9.0,579.1,0.0,0.0,,,C,mm,km/h,mm
7086,2026-07-05,07:30:00,16.0,16.0,16.0,20.0,63.0,94.0,1.0,10.8,579.2,0.0,0.0,,,C,mm,km/h,mm
7087,2026-07-05,07:45:00,16.0,16.0,16.0,20.0,63.0,94.0,0.0,0.0,579.2,0.0,0.0,,,C,mm,km/h,mm
7088,2026-07-05,08:00:00,16.0,16.0,16.0,20.0,63.0,94.0,0.0,0.0,579.4,0.0,0.0,,,C,mm,km/h,mm
7089,2026-07-05,08:15:00,16.0,16.0,16.0,20.0,63.0,93.0,0.0,0.0,579.3,0.0,0.0,,,C,mm,km/h,mm
7090,2026-07-05,08:30:00,17.0,17.0,16.0,20.0,63.0,92.0,0.0,0.0,579.4,0.0,0.0,,,C,mm,km/h,mm
7091,2026-07-05,08:45:00,18.0,18.0,17.0,20.0,63.0,86.0,0.0,0.0,579.5,0.0,0.0,,,C,mm,km/h,mm
7092,2026-07-05,09:00:00,18.0,19.0,18.0,20.0,63.0,85.0,0.0,0.0,579.5,0.0,3.2,NE,NE,C,mm,km/h,mm
7093,2026-07-05,09:15:00,20.0,20.0,18.0,20.0,63.0,82.0,0.0,0.0,579.6,0.0,3.2,NE,NNE,C,mm,km/h,mm
7094,2026-07-05,09:30:00,20.0,20.0,20.0,20.0,63.0,77.0,0.0,0.0,579.5,0.0,0.0,,,C,mm,km/h,mm
7095,2026-07-05,09:45:00,20.0,20.0,20.0,20.0,63.0,79.0,0.0,0.0,579.5,0.0,0.0,,,C,mm,km/h,mm
7096,2026-07-05,10:00:00,21.0,21.0,20.0,20.0,63.0,75.0,0.0,0.0,579.5,0.0,3.2,NNW,NNW,C,mm,km/h,mm
7097,2026-07-05,10:15:00,22.0,22.0,21.0,20.0,63.0,68.0,0.0,0.0,579.4,0.0,4.8,NNW,NW,C,mm,km/h,mm
7098,2026-07-05,10:30:00,22.0,22.0,22.0,20.0,63.0,67.0,0.0,0.0,579.2,0.0,4.8,NW,WNW,C,mm,km/h,mm
7099,2026-07-05,10:45:00,23.0,23.0,22.0,20.0,63.0,63.0,0.0,0.0,579.1,0.0,8.0,WSW,SSW,C,mm,km/h,mm
7100,2026-07-05,11:00:00,23.0,23.0,23.0,20.0,63.0,62.0,0.0,0.0,579.0,0.0,8.0,SW,S,C,mm,km/h,mm
7101,2026-07-05,11:15:00,22.0,23.0,22.0,20.0,63.0,65.0,0.0,0.0,578.8,0.0,3.2,NNW,N,C,mm,km/h,mm
7102,2026-07-05,11:30:00,22.0,22.0,22.0,20.0,63.0,68.0,0.0,0.0,578.8,0.0,8.0,W,NW,C,mm,km/h,mm
7103,2026-07-05,11:45:00,22.0,22.0,22.0,20.0,63.0,66.0,0.0,0.0,578.6,0.0,4.8,WSW,WSW,C,mm,km/h,mm
7104,2026-07-05,12:00:00,24.0,24.0,22.0,20.0,63.0,60.0,0.0,0.0,578.5,0.0,8.0,NNW,NNW,C,mm,km/h,mm
7105,2026-07-05,12:15:00,25.0,25.0,24.0,20.0,62.0,58.0,0.0,0.0,578.3,0.0,3.2,NNW,NW,C,mm,km/h,mm
7106,2026-07-05,12:30:00,25.0,25.0,25.0,20.0,62.0,54.0,0.0,0.0,578.0,1.6,9.7,WNW,W,C,mm,km/h,mm
7107,2026-07-05,12:45:00,25.0,25.0,25.0,20.0,62.0,55.0,0.0,0.0,577.7,1.6,8.0,NW,NW,C,mm,km/h,mm
7108,2026-07-05,13:00:00,24.0,25.0,24.0,20.0,62.0,58.0,0.0,0.0,577.6,0.0,4.8,NNW,NW,C,mm,km/h,mm
7109,2026-07-05,13:15:00,24.0,24.0,24.0,21.0,62.0,56.0,0.0,0.0,577.5,1.6,8.0,SW,SSE,C,mm,km/h,mm
7110,2026-07-05,13:30:00,24.0,24.0,24.0,21.0,62.0,56.0,0.0,0.0,577.3,0.0,4.8,NW,SSE,C,mm,km/h,mm
7111,2026-07-05,13:45:00,23.0,24.0,23.0,21.0,62.0,58.0,0.0,0.0,577.1,0.0,0.0,,,C,mm,km/h,mm
7112,2026-07-05,14:00:00,23.0,24.0,23.0,21.0,62.0,65.0,0.0,0.0,577.0,0.0,4.8,ENE,NE,C,mm,km/h,mm
7113,2026-07-05,14:15:00,22.0,23.0,22.0,21.0,62.0,73.0,0.0,0.0,576.8,0.0,1.6,NNE,NNE,C,mm,km/h,mm
7114,2026-07-05,14:30:00,22.0,22.0,22.0,21.0,62.0,70.0,0.0,0.0,576.6,1.6,6.4,E,E,C,mm,km/h,mm
7115,2026-07-05,14:45:00,22.0,22.0,22.0,21.0,62.0,66.0,0.0,0.0,576.5,0.0,6.4,ESE,E,C,mm,km/h,mm
7116,2026-07-05,15:00:00,22.0,22.0,22.0,21.0,62.0,67.0,0.0,0.0,576.5,0.0,8.0,E,ESE,C,mm,km/h,mm
7117,2026-07-05,15:15:00,21.0,22.0,21.0,21.0,62.0,67.0,0.0,0.0,576.7,1.6,11.3,E,SW,C,mm,km/h,mm
7118,2026-07-05,15:30:00,20.0,21.0,20.0,21.0,62.0,68.0,0.0,0.0,576.7,1.6,6.4,E,E,C,mm,km/h,mm
7119,2026-07-05,15:45:00,20.0,20.0,20.0,21.0,62.0,72.0,0.0,0.0,576.6,3.2,9.7,E,ENE,C,mm,km/h,mm
7120,2026-07-05,16:00:00,20.0,20.0,20.0,21.0,62.0,69.0,0.0,0.0,576.8,0.0,6.4,ENE,E,C,mm,km/h,mm
7121,2026-07-05,16:15:00,19.0,20.0,19.0,21.0,61.0,76.0,0.0,0.0,577.3,4.8,16.1,NW,WNW,C,mm,km/h,mm
7122,2026-07-05,16:30:00,16.0,19.0,16.0,21.0,62.0,85.0,1.0,10.2,577.4,1.6,9.7,NNW,NNW,C,mm,km/h,mm
7123,2026-07-05,16:45:00,16.0,16.0,16.0,21.0,62.0,90.0,0.8,10.2,577.5,0.0,6.4,NNW,NNW,C,mm,km/h,mm
7124,2026-07-05,17:00:00,15.0,16.0,15.0,21.0,62.0,90.0,1.6,10.0,577.8,0.0,1.6,NNW,NW,C,mm,km/h,mm
7125,2026-07-05,17:15:00,15.0,15.0,15.0,21.0,62.0,91.0,1.2,7.8,577.6,0.0,3.2,ENE,N,C,mm,km/h,mm
7126,2026-07-05,17:30:00,15.0,15.0,15.0,21.0,62.0,91.0,0.6,8.0,577.5,0.0,3.2,ENE,ENE,C,mm,km/h,mm
7127,2026-07-05,17:45:00,15.0,15.0,15.0,21.0,62.0,91.0,0.0,0.0,577.8,0.0,3.2,E,E,C,mm,km/h,mm
7128,2026-07-05,18:00:00,15.0,15.0,15.0,21.0,62.0,91.0,0.0,0.0,578.0,0.0,6.4,E,E,C,mm,km/h,mm
7129,2026-07-05,18:15:00,15.0,15.0,15.0,21.0,62.0,91.0,0.0,0.0,578.1,0.0,0.0,,,C,mm,km/h,mm
7130,2026-07-05,18:30:00,15.0,15.0,15.0,21.0,62.0,91.0,0.0,0.0,578.1,0.0,0.0,,,C,mm,km/h,mm
7131,2026-07-05,18:45:00,15.0,15.0,15.0,21.0,62.0,91.0,0.2,0.0,578.0,0.0,1.6,E,E,C,mm,km/h,mm
7132,2026-07-05,19:00:00,15.0,15.0,15.0,21.0,62.0,91.0,0.0,0.0,578.0,0.0,0.0,,,C,mm,km/h,mm
7133,2026-07-05,19:15:00,15.0,15.0,15.0,21.0,62.0,92.0,0.0,0.0,578.0,0.0,3.2,WSW,WSW,C,mm,km/h,mm
7134,2026-07-05,19:30:00,15.0,15.0,15.0,21.0,62.0,92.0,0.0,0.0,578.0,0.0,0.0,,,C,mm,km/h,mm
7135,2026-07-05,19:45:00,15.0,15.0,15.0,21.0,62.0,92.0,0.0,0.0,578.2,0.0,0.0,,,C,mm,km/h,mm
7136,2026-07-05,20:00:00,15.0,15.0,15.0,21.0,62.0,92.0,0.0,0.0,578.2,0.0,0.0,,,C,mm,km/h,mm
7137,2026-07-05,20:15:00,15.0,15.0,15.0,20.0,62.0,92.0,0.0,0.0,578.2,0.0,0.0,,,C,mm,km/h,mm
7138,2026-07-05,20:30:00,15.0,15.0,15.0,20.0,62.0,93.0,0.2,0.0,578.0,0.0,0.0,,,C,mm,km/h,mm
7139,2026-07-05,20:45:00,15.0,15.0,15.0,20.0,62.0,93.0,0.0,0.0,578.2,0.0,0.0,,,C,mm,km/h,mm
7140,2026-07-05,21:00:00,15.0,15.0,15.0,20.0,63.0,93.0,0.0,0.0,578.1,0.0,0.0,,,C,mm,km/h,mm
7141,2026-07-05,21:15:00,15.0,15.0,15.0,20.0,63.0,93.0,0.0,0.0,578.0,0.0,0.0,,,C,mm,km/h,mm
7142,2026-07-05,21:30:00,15.0,15.0,15.0,20.0,63.0,93.0,0.0,0.0,578.2,0.0,0.0,,,C,mm,km/h,mm
7143,2026-07-05,21:45:00,15.0,15.0,14.0,20.0,63.0,93.0,0.0,0.0,578.4,0.0,0.0,,,C,mm,km/h,mm
7144,2026-07-05,22:00:00,15.0,15.0,15.0,20.0,63.0,93.0,0.0,0.0,578.5,0.0,0.0,,,C,mm,km/h,mm
7145,2026-07-05,22:15:00,15.0,15.0,14.0,20.0,63.0,93.0,0.0,0.0,578.7,0.0,0.0,,,C,mm,km/h,mm
7146,2026-07-05,22:30:00,14.0,15.0,14.0,20.0,63.0,93.0,0.0,0.0,578.5,0.0,0.0,,,C,mm,km/h,mm
7147,2026-07-05,22:45:00,14.0,15.0,14.0,20.0,63.0,93.0,0.0,0.0,578.5,0.0,0.0,,,C,mm,km/h,mm
7148,2026-07-05,23:00:00,14.0,14.0,14.0,20.0,63.0,94.0,0.0,0.0,578.5,0.0,0.0,,,C,mm,km/h,mm
7149,2026-07-05,23:15:00,14.0,14.0,14.0,20.0,63.0,94.0,0.0,0.0,578.4,0.0,0.0,,,C,mm,km/h,mm
7150,2026-07-05,23:30:00,14.0,14.0,14.0,20.0,63.0,94.0,0.0,0.0,578.2,0.0,0.0,,,C,mm,km/h,mm
7151,2026-07-05,23:45:00,14.0,14.0,14.0,20.0,63.0,94.0,0.0,0.0,578.1,0.0,0.0,,,C,mm,km/h,mm
7152,2026-07-06,00:15:00,14.0,14.0,14.0,20.0,63.0,94.0,0.0,0.0,577.8,0.0,0.0,,,C,mm,km/h,mm
7153,2026-07-06,00:30:00,14.0,14.0,14.0,20.0,63.0,94.0,0.0,0.0,577.5,0.0,0.0,,,C,mm,km/h,mm
7154,2026-07-06,00:45:00,14.0,14.0,14.0,20.0,63.0,94.0,0.0,0.0,577.4,0.0,0.0,,,C,mm,km/h,mm
7155,2026-07-06,01:00:00,14.0,14.0,14.0,20.0,63.0,94.0,0.0,0.0,577.5,0.0,0.0,,,C,mm,km/h,mm
7156,2026-07-06,01:15:00,14.0,14.0,14.0,20.0,63.0,95.0,0.0,0.0,577.5,0.0,0.0,,,C,mm,km/h,mm
7157,2026-07-06,01:30:00,14.0,14.0,14.0,20.0,63.0,95.0,0.0,0.0,577.6,0.0,0.0,,,C,mm,km/h,mm
7158,2026-07-06,01:45:00,14.0,14.0,14.0,20.0,63.0,94.0,0.0,0.0,577.6,0.0,0.0,,,C,mm,km/h,mm
7159,2026-07-06,02:00:00,14.0,14.0,14.0,20.0,63.0,95.0,0.0,0.0,577.6,0.0,1.6,ENE,SW,C,mm,km/h,mm
7160,2026-07-06,02:15:00,14.0,14.0,14.0,20.0,63.0,94.0,0.0,0.0,577.6,0.0,1.6,ESE,ESE,C,mm,km/h,mm
7161,2026-07-06,02:30:00,14.0,14.0,14.0,20.0,63.0,94.0,0.0,0.0,577.6,0.0,0.0,,,C,mm,km/h,mm
7162,2026-07-06,02:45:00,14.0,14.0,14.0,20.0,63.0,94.0,0.0,0.0,577.7,0.0,0.0,,,C,mm,km/h,mm
7163,2026-07-06,03:00:00,14.0,14.0,14.0,20.0,63.0,94.0,0.0,0.0,577.6,0.0,0.0,,,C,mm,km/h,mm
7164,2026-07-06,03:15:00,14.0,14.0,14.0,20.0,63.0,94.0,0.0,0.0,577.7,0.0,0.0,,,C,mm,km/h,mm
7165,2026-07-06,03:30:00,14.0,14.0,14.0,20.0,63.0,95.0,0.0,0.0,577.7,0.0,0.0,,,C,mm,km/h,mm
7166,2026-07-06,03:45:00,14.0,14.0,14.0,20.0,63.0,94.0,0.0,0.0,577.5,0.0,0.0,,,C,mm,km/h,mm
7167,2026-07-06,04:00:00,14.0,14.0,14.0,20.0,63.0,94.0,0.0,0.0,577.5,0.0,0.0,,,C,mm,km/h,mm
7168,2026-07-06,04:15:00,14.0,14.0,14.0,20.0,63.0,94.0,0.0,0.0,577.5,0.0,0.0,,,C,mm,km/h,mm
7169,2026-07-06,04:30:00,14.0,14.0,14.0,20.0,63.0,94.0,0.0,0.0,577.5,0.0,0.0,,,C,mm,km/h,mm
7170,2026-07-06,04:45:00,14.0,14.0,14.0,20.0,63.0,94.0,0.0,0.0,577.5,0.0,0.0,,,C,mm,km/h,mm
7171,2026-07-06,05:00:00,14.0,14.0,14.0,20.0,63.0,94.0,0.0,0.0,577.4,0.0,0.0,,,C,mm,km/h,mm
7172,2026-07-06,05:15:00,13.0,14.0,13.0,20.0,63.0,94.0,0.0,0.0,577.6,0.0,0.0,,,C,mm,km/h,mm
7173,2026-07-06,05:30:00,13.0,13.0,13.0,20.0,63.0,94.0,0.0,0.0,577.7,0.0,0.0,,,C,mm,km/h,mm
7174,2026-07-06,05:45:00,13.0,13.0,13.0,20.0,63.0,94.0,0.0,0.0,577.8,0.0,0.0,,,C,mm,km/h,mm
7175,2026-07-06,06:00:00,13.0,14.0,13.0,20.0,63.0,95.0,0.0,0.0,577.7,0.0,0.0,,,C,mm,km/h,mm
7176,2026-07-06,06:15:00,14.0,14.0,13.0,20.0,63.0,94.0,0.0,0.0,577.8,0.0,0.0,,,C,mm,km/h,mm
7177,2026-07-06,06:30:00,14.0,14.0,14.0,20.0,63.0,94.0,0.0,0.0,578.0,0.0,0.0,,,C,mm,km/h,mm
7178,2026-07-06,06:45:00,14.0,14.0,14.0,20.0,63.0,94.0,0.0,0.0,578.0,0.0,0.0,,,C,mm,km/h,mm
7179,2026-07-06,07:00:00,14.0,14.0,14.0,20.0,63.0,93.0,0.0,0.0,578.1,0.0,3.2,W,W,C,mm,km/h,mm
7180,2026-07-06,07:15:00,14.0,14.0,14.0,20.0,63.0,93.0,0.0,0.0,578.2,0.0,1.6,WNW,W,C,mm,km/h,mm
7181,2026-07-06,07:30:00,15.0,15.0,14.0,20.0,63.0,92.0,0.0,0.0,578.4,0.0,0.0,,,C,mm,km/h,mm
7182,2026-07-06,07:45:00,15.0,15.0,15.0,20.0,63.0,90.0,0.0,0.0,578.4,0.0,0.0,,,C,mm,km/h,mm
7183,2026-07-06,08:00:00,15.0,15.0,15.0,20.0,63.0,88.0,0.0,0.0,578.5,0.0,1.6,W,W,C,mm,km/h,mm
7184,2026-07-06,08:15:00,15.0,15.0,15.0,20.0,63.0,87.0,0.0,0.0,578.7,0.0,0.0,,,C,mm,km/h,mm
7185,2026-07-06,08:30:00,16.0,16.0,15.0,20.0,63.0,86.0,0.0,0.0,578.7,0.0,0.0,,,C,mm,km/h,mm
7186,2026-07-06,08:45:00,16.0,16.0,16.0,20.0,62.0,84.0,0.0,0.0,578.9,0.0,1.6,WNW,NNE,C,mm,km/h,mm
7187,2026-07-06,09:00:00,16.0,16.0,16.0,20.0,62.0,84.0,0.0,0.0,579.0,0.0,1.6,WSW,N,C,mm,km/h,mm
7188,2026-07-06,09:15:00,17.0,17.0,16.0,20.0,61.0,83.0,0.0,0.0,578.9,0.0,3.2,WSW,WSW,C,mm,km/h,mm
7189,2026-07-06,09:30:00,17.0,17.0,17.0,20.0,61.0,80.0,0.0,0.0,578.9,0.0,0.0,,,C,mm,km/h,mm
7190,2026-07-06,09:45:00,18.0,18.0,17.0,20.0,61.0,78.0,0.0,0.0,578.8,0.0,0.0,,,C,mm,km/h,mm
7191,2026-07-06,10:00:00,18.0,18.0,18.0,20.0,61.0,76.0,0.0,0.0,578.8,0.0,1.6,W,NE,C,mm,km/h,mm
7192,2026-07-06,10:15:00,19.0,19.0,18.0,20.0,61.0,73.0,0.0,0.0,578.7,1.6,6.4,W,WSW,C,mm,km/h,mm
7193,2026-07-06,10:30:00,19.0,19.0,19.0,20.0,61.0,71.0,0.0,0.0,578.6,0.0,3.2,NW,NE,C,mm,km/h,mm
7194,2026-07-06,10:45:00,20.0,20.0,19.0,20.0,61.0,70.0,0.0,0.0,578.5,0.0,6.4,E,E,C,mm,km/h,mm
7195,2026-07-06,11:00:00,20.0,20.0,20.0,20.0,61.0,67.0,0.0,0.0,578.4,0.0,6.4,ENE,ESE,C,mm,km/h,mm
7196,2026-07-06,11:15:00,20.0,20.0,20.0,21.0,60.0,68.0,0.0,0.0,578.4,1.6,4.8,E,E,C,mm,km/h,mm
7197,2026-07-06,11:30:00,21.0,21.0,20.0,21.0,60.0,64.0,0.0,0.0,578.2,1.6,9.7,NNW,WNW,C,mm,km/h,mm
7198,2026-07-06,11:45:00,22.0,22.0,21.0,21.0,60.0,64.0,0.0,0.0,578.2,0.0,4.8,E,SE,C,mm,km/h,mm
7199,2026-07-06,12:00:00,22.0,22.0,21.0,21.0,60.0,62.0,0.0,0.0,578.1,1.6,6.4,E,E,C,mm,km/h,mm
7200,2026-07-06,12:15:00,22.0,22.0,21.0,21.0,59.0,65.0,0.0,0.0,578.1,1.6,6.4,E,E,C,mm,km/h,mm
7201,2026-07-06,12:30:00,22.0,22.0,22.0,21.0,59.0,62.0,0.0,0.0,578.0,1.6,6.4,NNW,SSW,C,mm,km/h,mm
7202,2026-07-06,12:45:00,23.0,23.0,22.0,21.0,59.0,62.0,0.0,0.0,577.9,1.6,6.4,NW,NW,C,mm,km/h,mm
7203,2026-07-06,13:00:00,23.0,23.0,23.0,21.0,59.0,60.0,0.0,0.0,577.8,1.6,8.0,WSW,WSW,C,mm,km/h,mm
7204,2026-07-06,13:15:00,23.0,23.0,23.0,21.0,59.0,56.0,0.0,0.0,577.6,0.0,9.7,W,W,C,mm,km/h,mm
7205,2026-07-06,13:30:00,24.0,24.0,23.0,21.0,59.0,53.0,0.0,0.0,577.5,1.6,11.3,NW,WNW,C,mm,km/h,mm
7206,2026-07-06,13:45:00,23.0,24.0,23.0,22.0,59.0,58.0,0.0,0.0,577.0,1.6,8.0,NW,N,C,mm,km/h,mm
7207,2026-07-06,14:00:00,24.0,24.0,23.0,22.0,59.0,55.0,0.0,0.0,576.8,1.6,12.9,WSW,W,C,mm,km/h,mm
7208,2026-07-06,14:15:00,24.0,24.0,24.0,22.0,59.0,55.0,0.0,0.0,576.7,1.6,12.9,WSW,SW,C,mm,km/h,mm
7209,2026-07-06,14:30:00,25.0,25.0,24.0,22.0,58.0,54.0,0.0,0.0,576.4,0.0,4.8,W,SW,C,mm,km/h,mm
7210,2026-07-06,14:45:00,24.0,25.0,24.0,22.0,58.0,52.0,0.0,0.0,576.4,1.6,9.7,WSW,WSW,C,mm,km/h,mm
7211,2026-07-06,15:00:00,25.0,25.0,24.0,22.0,58.0,53.0,0.0,0.0,576.3,0.0,4.8,NNW,NNW,C,mm,km/h,mm
7212,2026-07-06,15:15:00,26.0,26.0,25.0,22.0,58.0,53.0,0.0,0.0,576.1,1.6,6.4,WSW,W,C,mm,km/h,mm
7213,2026-07-06,15:30:00,25.0,25.0,24.0,22.0,58.0,52.0,0.0,0.0,575.9,1.6,8.0,E,NW,C,mm,km/h,mm
7214,2026-07-06,15:45:00,25.0,25.0,25.0,22.0,58.0,53.0,0.0,0.0,575.7,0.0,9.7,NNW,SSE,C,mm,km/h,mm
7215,2026-07-06,16:00:00,24.0,25.0,24.0,22.0,58.0,52.0,0.0,0.0,575.7,0.0,1.6,NW,WNW,C,mm,km/h,mm
7216,2026-07-06,16:15:00,24.0,25.0,24.0,22.0,58.0,54.0,0.0,0.0,575.5,1.6,9.7,NNW,NNW,C,mm,km/h,mm
7217,2026-07-06,16:30:00,23.0,24.0,23.0,22.0,58.0,56.0,0.0,0.0,575.3,1.6,12.9,W,W,C,mm,km/h,mm
7218,2026-07-06,16:45:00,23.0,23.0,23.0,22.0,58.0,59.0,0.0,0.0,575.2,1.6,9.7,NW,SW,C,mm,km/h,mm
7219,2026-07-06,17:00:00,23.0,23.0,23.0,22.0,58.0,60.0,0.0,0.0,575.4,1.6,11.3,W,NW,C,mm,km/h,mm
7220,2026-07-06,17:15:00,23.0,23.0,23.0,22.0,58.0,59.0,0.0,0.0,575.2,3.2,9.7,NNW,WNW,C,mm,km/h,mm
7221,2026-07-06,17:30:00,23.0,23.0,23.0,22.0,58.0,58.0,0.0,0.0,575.5,3.2,9.7,WNW,WSW,C,mm,km/h,mm
7222,2026-07-06,17:45:00,23.0,23.0,23.0,22.0,58.0,60.0,0.0,0.0,575.6,3.2,11.3,WSW,NW,C,mm,km/h,mm
7223,2026-07-06,18:00:00,21.0,23.0,21.0,22.0,58.0,50.0,0.0,0.0,575.8,1.6,11.3,E,ESE,C,mm,km/h,mm
7224,2026-07-06,18:15:00,20.0,21.0,20.0,22.0,58.0,52.0,0.0,0.0,575.9,0.0,4.8,ESE,WNW,C,mm,km/h,mm
7225,2026-07-06,18:30:00,19.0,20.0,19.0,22.0,58.0,56.0,0.0,0.0,576.2,0.0,4.8,ESE,E,C,mm,km/h,mm
7226,2026-07-06,18:45:00,19.0,19.0,19.0,22.0,58.0,57.0,0.0,0.0,576.2,0.0,0.0,,,C,mm,km/h,mm
7227,2026-07-06,19:00:00,19.0,19.0,19.0,22.0,58.0,63.0,0.0,0.0,576.7,0.0,0.0,,,C,mm,km/h,mm
7228,2026-07-06,19:15:00,18.0,19.0,18.0,22.0,58.0,64.0,0.0,0.0,576.7,0.0,4.8,ENE,ENE,C,mm,km/h,mm
7229,2026-07-06,19:30:00,17.0,18.0,17.0,22.0,57.0,67.0,0.0,0.0,576.6,0.0,6.4,E,E,C,mm,km/h,mm
7230,2026-07-06,19:45:00,17.0,17.0,17.0,22.0,57.0,70.0,0.0,0.0,576.7,0.0,1.6,NE,E,C,mm,km/h,mm
7231,2026-07-06,20:00:00,17.0,17.0,17.0,22.0,57.0,72.0,0.0,0.0,577.0,0.0,1.6,ENE,ENE,C,mm,km/h,mm
7232,2026-07-06,20:15:00,17.0,17.0,17.0,22.0,57.0,73.0,0.0,0.0,577.4,0.0,1.6,ENE,ENE,C,mm,km/h,mm
7233,2026-07-06,20:30:00,16.0,17.0,16.0,22.0,57.0,73.0,0.0,0.0,577.4,0.0,0.0,,,C,mm,km/h,mm
7234,2026-07-06,20:45:00,16.0,16.0,16.0,22.0,57.0,73.0,0.0,0.0,577.2,0.0,1.6,NNW,NNW,C,mm,km/h,mm
7235,2026-07-06,21:00:00,16.0,16.0,16.0,22.0,57.0,74.0,0.0,0.0,577.5,0.0,0.0,,,C,mm,km/h,mm
7236,2026-07-06,21:15:00,16.0,16.0,16.0,22.0,57.0,76.0,0.0,0.0,577.7,0.0,0.0,,,C,mm,km/h,mm
7237,2026-07-06,21:30:00,16.0,16.0,16.0,22.0,57.0,78.0,0.0,0.0,577.9,0.0,0.0,,,C,mm,km/h,mm
7238,2026-07-06,21:45:00,16.0,16.0,16.0,22.0,57.0,77.0,0.0,0.0,578.0,0.0,0.0,,,C,mm,km/h,mm
7239,2026-07-06,22:00:00,15.0,16.0,15.0,22.0,57.0,80.0,0.0,0.0,578.1,0.0,0.0,,,C,mm,km/h,mm
7240,2026-07-06,22:15:00,15.0,15.0,15.0,22.0,57.0,82.0,0.0,0.0,578.2,0.0,0.0,,,C,mm,km/h,mm
7241,2026-07-06,22:30:00,15.0,15.0,15.0,21.0,57.0,85.0,0.0,0.0,578.3,0.0,0.0,,,C,mm,km/h,mm
7242,2026-07-06,22:45:00,16.0,16.0,15.0,21.0,57.0,83.0,0.0,0.0,578.4,0.0,0.0,,,C,mm,km/h,mm
7243,2026-07-06,23:00:00,16.0,16.0,16.0,21.0,57.0,83.0,0.0,0.0,578.5,0.0,0.0,,,C,mm,km/h,mm
7244,2026-07-06,23:15:00,16.0,16.0,16.0,21.0,57.0,83.0,0.0,0.0,578.5,0.0,1.6,NW,NW,C,mm,km/h,mm
7245,2026-07-06,23:30:00,15.0,16.0,15.0,21.0,57.0,83.0,0.0,0.0,578.5,0.0,1.6,NNE,NNW,C,mm,km/h,mm
7246,2026-07-06,23:45:00,15.0,16.0,15.0,21.0,57.0,83.0,0.0,0.0,578.6,0.0,3.2,SW,WSW,C,mm,km/h,mm
7247,2026-07-07,00:15:00,15.0,15.0,15.0,21.0,57.0,83.0,0.0,0.0,578.6,0.0,6.4,SW,SSW,C,mm,km/h,mm
7248,2026-07-07,00:30:00,15.0,15.0,15.0,21.0,57.0,83.0,0.0,0.0,578.4,0.0,3.2,SSW,SSW,C,mm,km/h,mm
7249,2026-07-07,00:45:00,15.0,15.0,15.0,21.0,57.0,84.0,0.0,0.0,578.3,0.0,0.0,,,C,mm,km/h,mm
7250,2026-07-07,01:00:00,15.0,15.0,15.0,21.0,57.0,84.0,0.0,0.0,578.1,0.0,0.0,,,C,mm,km/h,mm
7251,2026-07-07,01:15:00,15.0,15.0,15.0,21.0,57.0,84.0,0.0,0.0,578.1,0.0,3.2,NE,NW,C,mm,km/h,mm
7252,2026-07-07,01:30:00,15.0,15.0,15.0,21.0,57.0,84.0,0.0,0.0,578.1,0.0,3.2,SSW,SSW,C,mm,km/h,mm
7253,2026-07-07,01:45:00,15.0,15.0,15.0,21.0,57.0,85.0,0.0,0.0,578.1,0.0,4.8,WSW,WSW,C,mm,km/h,mm
7254,2026-07-07,02:00:00,15.0,15.0,15.0,21.0,57.0,84.0,0.0,0.0,578.0,0.0,3.2,WSW,WSW,C,mm,km/h,mm
7255,2026-07-07,02:15:00,15.0,15.0,15.0,21.0,57.0,84.0,0.0,0.0,577.8,0.0,4.8,W,WSW,C,mm,km/h,mm
7256,2026-07-07,02:30:00,15.0,15.0,15.0,21.0,57.0,84.0,0.0,0.0,577.8,0.0,1.6,W,W,C,mm,km/h,mm
7257,2026-07-07,02:45:00,15.0,15.0,15.0,21.0,57.0,84.0,0.0,0.0,577.7,0.0,3.2,W,W,C,mm,km/h,mm
7258,2026-07-07,03:00:00,14.0,15.0,14.0,21.0,57.0,83.0,0.0,0.0,577.7,0.0,3.2,W,W,C,mm,km/h,mm
7259,2026-07-07,03:15:00,14.0,14.0,14.0,21.0,57.0,84.0,0.0,0.0,577.7,0.0,1.6,SW,SW,C,mm,km/h,mm
7260,2026-07-07,03:30:00,14.0,15.0,14.0,21.0,57.0,84.0,0.0,0.0,577.7,0.0,3.2,WSW,WSW,C,mm,km/h,mm
7261,2026-07-07,03:45:00,15.0,15.0,15.0,21.0,57.0,84.0,0.0,0.0,577.5,0.0,0.0,,,C,mm,km/h,mm
7262,2026-07-07,04:00:00,15.0,15.0,15.0,21.0,57.0,83.0,0.0,0.0,577.5,0.0,3.2,WSW,WSW,C,mm,km/h,mm
7263,2026-07-07,04:15:00,14.0,15.0,14.0,21.0,57.0,84.0,0.0,0.0,577.5,0.0,1.6,NW,NNW,C,mm,km/h,mm
7264,2026-07-07,04:30:00,14.0,14.0,14.0,21.0,57.0,85.0,0.0,0.0,577.4,0.0,4.8,W,SSW,C,mm,km/h,mm
7265,2026-07-07,04:45:00,14.0,14.0,14.0,21.0,57.0,85.0,0.0,0.0,577.4,0.0,3.2,W,W,C,mm,km/h,mm
7266,2026-07-07,05:00:00,14.0,14.0,14.0,20.0,57.0,86.0,0.0,0.0,577.7,0.0,0.0,,,C,mm,km/h,mm
7267,2026-07-07,05:15:00,14.0,14.0,14.0,20.0,57.0,86.0,0.0,0.0,577.8,0.0,4.8,WNW,WSW,C,mm,km/h,mm
7268,2026-07-07,05:30:00,14.0,14.0,14.0,20.0,57.0,84.0,0.0,0.0,577.8,1.6,8.0,WSW,WSW,C,mm,km/h,mm
7269,2026-07-07,05:45:00,14.0,14.0,14.0,20.0,57.0,85.0,0.0,0.0,578.0,0.0,4.8,W,W,C,mm,km/h,mm
7270,2026-07-07,06:00:00,14.0,14.0,14.0,20.0,57.0,85.0,0.0,0.0,578.1,0.0,0.0,,,C,mm,km/h,mm
7271,2026-07-07,06:15:00,14.0,14.0,14.0,20.0,57.0,85.0,0.0,0.0,578.3,0.0,0.0,,,C,mm,km/h,mm
7272,2026-07-07,06:30:00,14.0,14.0,14.0,20.0,57.0,85.0,0.0,0.0,578.4,0.0,0.0,,,C,mm,km/h,mm
7273,2026-07-07,06:45:00,15.0,15.0,14.0,20.0,57.0,84.0,0.0,0.0,578.5,0.0,0.0,,,C,mm,km/h,mm
7274,2026-07-07,07:00:00,15.0,15.0,15.0,20.0,57.0,84.0,0.0,0.0,578.6,0.0,0.0,,,C,mm,km/h,mm
7275,2026-07-07,07:15:00,15.0,15.0,15.0,21.0,57.0,83.0,0.0,0.0,578.8,0.0,0.0,,,C,mm,km/h,mm
7276,2026-07-07,07:30:00,15.0,15.0,15.0,21.0,57.0,84.0,0.0,0.0,579.0,0.0,0.0,,,C,mm,km/h,mm
7277,2026-07-07,07:45:00,16.0,16.0,15.0,21.0,57.0,83.0,0.0,0.0,579.1,0.0,0.0,,,C,mm,km/h,mm
7278,2026-07-07,08:00:00,16.0,16.0,16.0,21.0,57.0,82.0,0.0,0.0,579.2,0.0,0.0,,,C,mm,km/h,mm
7279,2026-07-07,08:15:00,16.0,16.0,16.0,21.0,57.0,79.0,0.0,0.0,579.3,0.0,0.0,,,C,mm,km/h,mm
7280,2026-07-07,08:30:00,17.0,17.0,16.0,21.0,59.0,77.0,0.0,0.0,579.3,1.6,6.4,W,W,C,mm,km/h,mm
7281,2026-07-07,08:45:00,18.0,18.0,17.0,21.0,57.0,75.0,0.0,0.0,579.4,0.0,4.8,WSW,WSW,C,mm,km/h,mm
7282,2026-07-07,09:00:00,18.0,18.0,18.0,21.0,57.0,72.0,0.0,0.0,579.5,1.6,6.4,W,W,C,mm,km/h,mm
7283,2026-07-07,09:15:00,18.0,18.0,18.0,21.0,56.0,70.0,0.0,0.0,579.4,0.0,6.4,WSW,WSW,C,mm,km/h,mm
7284,2026-07-07,09:30:00,19.0,19.0,18.0,21.0,56.0,72.0,0.0,0.0,579.3,0.0,8.0,W,NW,C,mm,km/h,mm
7285,2026-07-07,09:45:00,19.0,19.0,19.0,21.0,56.0,69.0,0.0,0.0,579.3,1.6,6.4,NNW,WSW,C,mm,km/h,mm
7286,2026-07-07,10:00:00,19.0,20.0,19.0,21.0,56.0,69.0,0.0,0.0,579.2,0.0,4.8,NNW,NNW,C,mm,km/h,mm
7287,2026-07-07,10:15:00,21.0,21.0,19.0,21.0,56.0,64.0,0.0,0.0,579.3,0.0,4.8,NW,NW,C,mm,km/h,mm
7288,2026-07-07,10:30:00,21.0,21.0,21.0,21.0,56.0,62.0,0.0,0.0,579.1,0.0,3.2,WSW,S,C,mm,km/h,mm
7289,2026-07-07,10:45:00,21.0,21.0,21.0,21.0,55.0,61.0,0.0,0.0,579.0,1.6,12.9,SW,SW,C,mm,km/h,mm
7290,2026-07-07,11:00:00,21.0,21.0,21.0,21.0,55.0,59.0,0.0,0.0,579.1,3.2,11.3,WSW,WSW,C,mm,km/h,mm
7291,2026-07-07,11:15:00,21.0,21.0,21.0,21.0,55.0,58.0,0.0,0.0,579.0,0.0,6.4,ESE,E,C,mm,km/h,mm
7292,2026-07-07,11:30:00,22.0,22.0,21.0,21.0,56.0,57.0,0.0,0.0,579.0,1.6,6.4,NNW,NW,C,mm,km/h,mm
7293,2026-07-07,11:45:00,22.0,22.0,22.0,21.0,56.0,58.0,0.0,0.0,579.0,1.6,6.4,NNW,NW,C,mm,km/h,mm
7294,2026-07-07,12:00:00,22.0,22.0,22.0,21.0,56.0,55.0,0.0,0.0,578.7,1.6,8.0,NNW,SW,C,mm,km/h,mm
7295,2026-07-07,12:15:00,23.0,23.0,22.0,21.0,56.0,54.0,0.0,0.0,578.7,1.6,11.3,NW,WNW,C,mm,km/h,mm
7296,2026-07-07,12:30:00,23.0,23.0,22.0,21.0,56.0,51.0,0.0,0.0,578.5,1.6,9.7,E,NW,C,mm,km/h,mm
7297,2026-07-07,12:45:00,24.0,24.0,23.0,21.0,56.0,49.0,0.0,0.0,578.4,1.6,8.0,WSW,WSW,C,mm,km/h,mm
7298,2026-07-07,13:00:00,24.0,24.0,23.0,21.0,56.0,51.0,0.0,0.0,578.2,1.6,8.0,NNW,NW,C,mm,km/h,mm
7299,2026-07-07,13:15:00,23.0,24.0,23.0,21.0,56.0,48.0,0.0,0.0,578.1,1.6,9.7,WSW,SW,C,mm,km/h,mm
7300,2026-07-07,13:30:00,25.0,25.0,23.0,21.0,56.0,47.0,0.0,0.0,577.9,1.6,8.0,WSW,W,C,mm,km/h,mm
7301,2026-07-07,13:45:00,24.0,25.0,24.0,21.0,56.0,52.0,0.0,0.0,577.6,1.6,16.1,NW,NNW,C,mm,km/h,mm
7302,2026-07-07,14:00:00,25.0,25.0,24.0,21.0,56.0,48.0,0.0,0.0,577.4,1.6,9.7,NW,WNW,C,mm,km/h,mm
7303,2026-07-07,14:15:00,25.0,26.0,25.0,22.0,56.0,44.0,0.0,0.0,577.2,1.6,9.7,WSW,WSW,C,mm,km/h,mm
7304,2026-07-07,14:30:00,26.0,26.0,25.0,22.0,56.0,44.0,0.0,0.0,576.8,3.2,9.7,NW,WSW,C,mm,km/h,mm
7305,2026-07-07,14:45:00,26.0,26.0,26.0,22.0,55.0,44.0,0.0,0.0,576.6,1.6,9.7,NNW,W,C,mm,km/h,mm
7306,2026-07-07,15:00:00,25.0,26.0,25.0,22.0,55.0,45.0,0.0,0.0,576.5,1.6,11.3,NNW,WNW,C,mm,km/h,mm
7307,2026-07-07,15:15:00,25.0,25.0,25.0,22.0,54.0,43.0,0.0,0.0,576.2,0.0,4.8,E,E,C,mm,km/h,mm
7308,2026-07-07,15:30:00,25.0,25.0,25.0,22.0,54.0,47.0,0.0,0.0,576.1,1.6,11.3,W,SSW,C,mm,km/h,mm
7309,2026-07-07,15:45:00,24.0,25.0,24.0,22.0,54.0,50.0,0.0,0.0,576.0,3.2,14.5,NW,W,C,mm,km/h,mm
7310,2026-07-07,16:00:00,23.0,24.0,23.0,22.0,54.0,50.0,0.0,0.0,576.1,4.8,17.7,NNW,NW,C,mm,km/h,mm
7311,2026-07-07,16:15:00,23.0,23.0,23.0,22.0,54.0,51.0,0.0,0.0,576.1,4.8,16.1,NNW,WNW,C,mm,km/h,mm
7312,2026-07-07,16:30:00,23.0,23.0,23.0,22.0,53.0,50.0,0.0,0.0,575.9,3.2,14.5,W,W,C,mm,km/h,mm
7313,2026-07-07,16:45:00,24.0,24.0,23.0,22.0,53.0,50.0,0.0,0.0,576.0,3.2,12.9,NNW,WSW,C,mm,km/h,mm
7314,2026-07-07,17:00:00,23.0,23.0,23.0,22.0,53.0,52.0,0.0,0.0,576.0,1.6,14.5,NNW,SW,C,mm,km/h,mm
7315,2026-07-07,17:15:00,23.0,23.0,23.0,22.0,53.0,54.0,0.0,0.0,576.1,0.0,6.4,NNW,NNW,C,mm,km/h,mm
7316,2026-07-07,17:30:00,22.0,23.0,22.0,22.0,53.0,54.0,0.0,0.0,576.3,1.6,8.0,NW,N,C,mm,km/h,mm
7317,2026-07-07,17:45:00,22.0,22.0,22.0,22.0,53.0,57.0,0.0,0.0,576.3,1.6,12.9,W,WNW,C,mm,km/h,mm
7318,2026-07-07,18:00:00,22.0,22.0,22.0,22.0,53.0,59.0,0.0,0.0,576.3,1.6,11.3,WSW,WNW,C,mm,km/h,mm
7319,2026-07-07,18:15:00,21.0,22.0,21.0,22.0,53.0,62.0,0.0,0.0,576.4,3.2,11.3,NW,NNW,C,mm,km/h,mm
7320,2026-07-07,18:30:00,21.0,21.0,21.0,22.0,54.0,61.0,0.0,0.0,576.4,3.2,12.9,NNW,NNW,C,mm,km/h,mm
7321,2026-07-07,18:45:00,20.0,21.0,20.0,22.0,54.0,64.0,0.0,0.0,576.6,3.2,8.0,NW,NW,C,mm,km/h,mm
7322,2026-07-07,19:00:00,20.0,20.0,20.0,22.0,54.0,65.0,0.0,0.0,577.1,3.2,17.7,NNW,NW,C,mm,km/h,mm
7323,2026-07-07,19:15:00,19.0,20.0,19.0,22.0,54.0,68.0,0.0,0.0,577.5,1.6,12.9,NNW,WSW,C,mm,km/h,mm
7324,2026-07-07,19:30:00,19.0,19.0,19.0,22.0,54.0,69.0,0.0,0.0,577.7,1.6,8.0,NNW,NW,C,mm,km/h,mm
7325,2026-07-07,19:45:00,18.0,19.0,18.0,22.0,54.0,69.0,0.0,0.0,577.8,1.6,8.0,NNW,NW,C,mm,km/h,mm
7326,2026-07-07,20:00:00,18.0,18.0,18.0,22.0,54.0,68.0,0.0,0.0,578.1,1.6,8.0,N,N,C,mm,km/h,mm
7327,2026-07-07,20:15:00,18.0,18.0,18.0,22.0,54.0,67.0,0.0,0.0,578.4,1.6,8.0,W,WSW,C,mm,km/h,mm
7328,2026-07-07,20:30:00,18.0,18.0,18.0,22.0,55.0,74.0,0.0,0.0,578.7,1.6,9.7,W,WNW,C,mm,km/h,mm
7329,2026-07-07,20:45:00,17.0,18.0,17.0,22.0,55.0,75.0,0.0,0.0,578.7,0.0,6.4,WNW,WSW,C,mm,km/h,mm
7330,2026-07-07,21:00:00,17.0,17.0,17.0,22.0,55.0,73.0,0.0,0.0,578.9,0.0,4.8,ENE,ENE,C,mm,km/h,mm
7331,2026-07-07,21:15:00,17.0,17.0,17.0,22.0,55.0,72.0,0.0,0.0,579.0,0.0,3.2,E,SW,C,mm,km/h,mm
7332,2026-07-07,21:30:00,17.0,17.0,17.0,22.0,55.0,73.0,0.0,0.0,579.1,1.6,8.0,WSW,SW,C,mm,km/h,mm
7333,2026-07-07,21:45:00,17.0,17.0,17.0,22.0,55.0,73.0,0.0,0.0,579.4,3.2,12.9,SW,S,C,mm,km/h,mm
7334,2026-07-07,22:00:00,17.0,17.0,17.0,22.0,55.0,76.0,0.0,0.0,579.6,1.6,6.4,SW,WSW,C,mm,km/h,mm
7335,2026-07-07,22:15:00,16.0,17.0,16.0,22.0,55.0,77.0,0.0,0.0,579.6,1.6,8.0,SW,S,C,mm,km/h,mm
7336,2026-07-07,22:30:00,16.0,16.0,16.0,22.0,55.0,78.0,0.0,0.0,579.7,1.6,12.9,SW,S,C,mm,km/h,mm
7337,2026-07-07,22:45:00,16.0,16.0,16.0,21.0,55.0,78.0,0.0,0.0,579.6,1.6,9.7,WSW,SSW,C,mm,km/h,mm
7338,2026-07-07,23:00:00,16.0,16.0,16.0,21.0,55.0,77.0,0.0,0.0,579.6,1.6,8.0,SW,SSW,C,mm,km/h,mm
7339,2026-07-07,23:15:00,16.0,16.0,16.0,21.0,55.0,79.0,0.0,0.0,579.7,1.6,9.7,SW,WSW,C,mm,km/h,mm
7340,2026-07-07,23:30:00,16.0,16.0,16.0,21.0,55.0,79.0,0.0,0.0,579.6,0.0,4.8,SW,SSW,C,mm,km/h,mm
7341,2026-07-07,23:45:00,16.0,16.0,16.0,21.0,55.0,78.0,0.0,0.0,579.4,1.6,8.0,SW,W,C,mm,km/h,mm
7342,2026-07-08,00:15:00,16.0,16.0,16.0,21.0,55.0,77.0,0.0,0.0,579.5,0.0,4.8,SW,SSW,C,mm,km/h,mm
7343,2026-07-08,00:30:00,16.0,16.0,16.0,21.0,54.0,76.0,0.0,0.0,579.3,0.0,3.2,SW,SW,C,mm,km/h,mm
7344,2026-07-08,00:45:00,16.0,16.0,16.0,21.0,54.0,77.0,0.0,0.0,579.1,0.0,1.6,SW,SW,C,mm,km/h,mm
7345,2026-07-08,01:00:00,16.0,16.0,16.0,21.0,55.0,77.0,0.0,0.0,579.0,0.0,4.8,W,W,C,mm,km/h,mm
7346,2026-07-08,01:15:00,16.0,16.0,16.0,21.0,54.0,77.0,0.0,0.0,578.9,0.0,4.8,SSW,SSW,C,mm,km/h,mm
7347,2026-07-08,01:30:00,16.0,16.0,16.0,21.0,54.0,77.0,0.0,0.0,578.7,0.0,8.0,WSW,SW,C,mm,km/h,mm
7348,2026-07-08,01:45:00,16.0,16.0,16.0,21.0,54.0,78.0,0.0,0.0,578.6,0.0,1.6,SW,SW,C,mm,km/h,mm
7349,2026-07-08,02:00:00,15.0,16.0,15.0,21.0,54.0,78.0,0.0,0.0,578.4,0.0,0.0,,,C,mm,km/h,mm
7350,2026-07-08,02:15:00,15.0,15.0,15.0,21.0,54.0,79.0,0.0,0.0,578.4,0.0,1.6,WSW,WSW,C,mm,km/h,mm
7351,2026-07-08,02:30:00,15.0,15.0,15.0,21.0,54.0,80.0,0.0,0.0,578.3,0.0,1.6,WSW,NNW,C,mm,km/h,mm
7352,2026-07-08,02:45:00,15.0,15.0,15.0,21.0,54.0,80.0,0.0,0.0,578.4,0.0,3.2,W,W,C,mm,km/h,mm
7353,2026-07-08,03:00:00,14.0,15.0,14.0,21.0,54.0,80.0,0.0,0.0,578.3,1.6,6.4,W,WSW,C,mm,km/h,mm
7354,2026-07-08,03:15:00,15.0,15.0,14.0,21.0,54.0,81.0,0.0,0.0,578.3,1.6,8.0,W,NW,C,mm,km/h,mm
7355,2026-07-08,03:30:00,15.0,15.0,15.0,21.0,54.0,80.0,0.0,0.0,578.2,0.0,4.8,W,WSW,C,mm,km/h,mm
7356,2026-07-08,03:45:00,15.0,15.0,15.0,21.0,54.0,81.0,0.0,0.0,578.2,1.6,6.4,SW,WSW,C,mm,km/h,mm
7357,2026-07-08,04:00:00,15.0,15.0,15.0,21.0,54.0,82.0,0.0,0.0,578.2,1.6,8.0,SW,SSW,C,mm,km/h,mm
7358,2026-07-08,04:15:00,15.0,15.0,15.0,21.0,54.0,82.0,0.0,0.0,578.3,1.6,9.7,SW,S,C,mm,km/h,mm
7359,2026-07-08,04:30:00,15.0,15.0,15.0,21.0,54.0,81.0,0.0,0.0,578.4,1.6,8.0,SSW,SSE,C,mm,km/h,mm
7360,2026-07-08,04:45:00,15.0,15.0,14.0,21.0,54.0,81.0,0.0,0.0,578.4,0.0,6.4,NE,E,C,mm,km/h,mm
7361,2026-07-08,05:00:00,15.0,15.0,15.0,21.0,54.0,80.0,0.0,0.0,578.5,1.6,8.0,WSW,SW,C,mm,km/h,mm
7362,2026-07-08,05:15:00,15.0,15.0,15.0,21.0,54.0,80.0,0.0,0.0,578.6,1.6,4.8,WSW,SSW,C,mm,km/h,mm
7363,2026-07-08,05:30:00,15.0,15.0,15.0,21.0,54.0,81.0,0.0,0.0,578.9,0.0,8.0,SW,WSW,C,mm,km/h,mm
7364,2026-07-08,05:45:00,15.0,15.0,15.0,21.0,54.0,81.0,0.0,0.0,579.0,1.6,6.4,WSW,SW,C,mm,km/h,mm
7365,2026-07-08,06:00:00,15.0,15.0,15.0,21.0,54.0,81.0,0.0,0.0,579.1,1.6,6.4,SW,SW,C,mm,km/h,mm
7366,2026-07-08,06:15:00,15.0,15.0,15.0,21.0,54.0,80.0,0.0,0.0,579.2,1.6,9.7,SW,S,C,mm,km/h,mm
7367,2026-07-08,06:30:00,15.0,15.0,15.0,21.0,54.0,80.0,0.0,0.0,579.3,0.0,6.4,SSW,SW,C,mm,km/h,mm
7368,2026-07-08,06:45:00,15.0,15.0,15.0,21.0,54.0,78.0,0.0,0.0,579.4,0.0,4.8,W,WSW,C,mm,km/h,mm
7369,2026-07-08,07:00:00,15.0,15.0,15.0,21.0,54.0,78.0,0.0,0.0,579.4,0.0,6.4,WSW,SSW,C,mm,km/h,mm
7370,2026-07-08,07:15:00,15.0,15.0,15.0,21.0,54.0,77.0,0.0,0.0,579.6,1.6,8.0,W,WSW,C,mm,km/h,mm
7371,2026-07-08,07:30:00,15.0,15.0,15.0,21.0,53.0,76.0,0.0,0.0,579.6,0.0,4.8,WSW,WSW,C,mm,km/h,mm
7372,2026-07-08,07:45:00,16.0,16.0,15.0,21.0,53.0,77.0,0.0,0.0,579.8,0.0,4.8,SW,SSW,C,mm,km/h,mm
7373,2026-07-08,08:00:00,16.0,16.0,16.0,21.0,53.0,75.0,0.0,0.0,579.9,0.0,3.2,W,W,C,mm,km/h,mm
7374,2026-07-08,08:15:00,16.0,16.0,16.0,21.0,53.0,74.0,0.0,0.0,579.9,0.0,6.4,WSW,SW,C,mm,km/h,mm
7375,2026-07-08,08:30:00,17.0,17.0,17.0,21.0,53.0,73.0,0.0,0.0,580.0,0.0,6.4,WSW,W,C,mm,km/h,mm
7376,2026-07-08,08:45:00,17.0,17.0,17.0,21.0,53.0,71.0,0.0,0.0,580.0,0.0,8.0,NW,SSW,C,mm,km/h,mm
7377,2026-07-08,09:00:00,17.0,17.0,17.0,21.0,53.0,72.0,0.0,0.0,580.0,0.0,4.8,E,E,C,mm,km/h,mm
7378,2026-07-08,09:15:00,18.0,18.0,17.0,21.0,53.0,69.0,0.0,0.0,580.0,0.0,1.6,WSW,SSW,C,mm,km/h,mm
7379,2026-07-08,09:30:00,19.0,19.0,18.0,21.0,53.0,69.0,0.0,0.0,580.0,0.0,3.2,E,ESE,C,mm,km/h,mm
7380,2026-07-08,09:45:00,20.0,20.0,19.0,21.0,53.0,64.0,0.0,0.0,580.0,0.0,3.2,W,W,C,mm,km/h,mm
7381,2026-07-08,10:00:00,19.0,20.0,19.0,21.0,53.0,64.0,0.0,0.0,579.9,0.0,4.8,SSW,SSW,C,mm,km/h,mm
7382,2026-07-08,10:15:00,20.0,20.0,19.0,21.0,53.0,62.0,0.0,0.0,579.8,0.0,4.8,SW,SW,C,mm,km/h,mm
7383,2026-07-08,10:30:00,20.0,20.0,20.0,21.0,53.0,63.0,0.0,0.0,579.7,1.6,3.2,E,ENE,C,mm,km/h,mm
7384,2026-07-08,10:45:00,20.0,20.0,19.0,21.0,54.0,63.0,0.0,0.0,579.6,1.6,8.0,E,ESE,C,mm,km/h,mm
7385,2026-07-08,11:00:00,20.0,21.0,20.0,21.0,54.0,63.0,0.0,0.0,579.5,1.6,8.0,NW,NW,C,mm,km/h,mm
7386,2026-07-08,11:15:00,21.0,21.0,20.0,21.0,54.0,62.0,0.0,0.0,579.4,1.6,8.0,NW,NW,C,mm,km/h,mm
7387,2026-07-08,11:30:00,21.0,21.0,21.0,21.0,54.0,61.0,0.0,0.0,579.4,1.6,6.4,E,SE,C,mm,km/h,mm
7388,2026-07-08,11:45:00,21.0,21.0,21.0,21.0,54.0,63.0,0.0,0.0,579.3,1.6,9.7,NNW,WNW,C,mm,km/h,mm
7389,2026-07-08,12:00:00,22.0,22.0,21.0,21.0,54.0,60.0,0.0,0.0,579.1,1.6,8.0,W,WNW,C,mm,km/h,mm
7390,2026-07-08,12:15:00,22.0,22.0,22.0,21.0,54.0,58.0,0.0,0.0,579.0,1.6,8.0,SW,SSW,C,mm,km/h,mm
7391,2026-07-08,12:30:00,23.0,23.0,22.0,21.0,54.0,55.0,0.0,0.0,578.9,1.6,8.0,E,E,C,mm,km/h,mm
7392,2026-07-08,12:45:00,22.0,23.0,22.0,21.0,54.0,55.0,0.0,0.0,578.8,0.0,4.8,W,W,C,mm,km/h,mm
7393,2026-07-08,13:00:00,23.0,23.0,22.0,22.0,54.0,53.0,0.0,0.0,578.6,1.6,9.7,WSW,SSE,C,mm,km/h,mm
7394,2026-07-08,13:15:00,23.0,23.0,23.0,22.0,54.0,50.0,0.0,0.0,578.4,1.6,6.4,WSW,WSW,C,mm,km/h,mm
7395,2026-07-08,13:30:00,23.0,24.0,23.0,22.0,54.0,53.0,0.0,0.0,578.3,1.6,6.4,NNW,W,C,mm,km/h,mm
7396,2026-07-08,13:45:00,22.0,23.0,22.0,22.0,54.0,55.0,0.0,0.0,578.0,0.0,8.0,NNW,N,C,mm,km/h,mm
7397,2026-07-08,14:00:00,23.0,23.0,22.0,22.0,54.0,56.0,0.0,0.0,577.7,0.0,4.8,ENE,W,C,mm,km/h,mm
7398,2026-07-08,14:15:00,24.0,24.0,23.0,22.0,54.0,50.0,0.0,0.0,577.3,1.6,9.7,NW,NW,C,mm,km/h,mm
7399,2026-07-08,14:30:00,24.0,24.0,24.0,22.0,54.0,52.0,0.0,0.0,576.9,1.6,8.0,WSW,SW,C,mm,km/h,mm
7400,2026-07-08,14:45:00,24.0,25.0,24.0,22.0,53.0,49.0,0.0,0.0,576.9,1.6,6.4,NNW,W,C,mm,km/h,mm
7401,2026-07-08,15:00:00,24.0,24.0,24.0,22.0,53.0,50.0,0.0,0.0,576.8,0.0,3.2,NNW,NNW,C,mm,km/h,mm
7402,2026-07-08,15:15:00,24.0,24.0,24.0,22.0,52.0,51.0,0.0,0.0,576.7,0.0,3.2,SW,WNW,C,mm,km/h,mm
7403,2026-07-08,15:30:00,24.0,24.0,24.0,22.0,52.0,49.0,0.0,0.0,576.5,0.0,6.4,N,ENE,C,mm,km/h,mm
7404,2026-07-08,15:45:00,23.0,24.0,23.0,22.0,52.0,49.0,0.0,0.0,576.4,1.6,6.4,N,WNW,C,mm,km/h,mm
7405,2026-07-08,16:00:00,23.0,23.0,23.0,22.0,52.0,48.0,0.0,0.0,576.5,1.6,12.9,W,W,C,mm,km/h,mm
7406,2026-07-08,16:15:00,24.0,24.0,23.0,22.0,52.0,49.0,0.0,0.0,576.3,4.8,16.1,W,SW,C,mm,km/h,mm
7407,2026-07-08,16:30:00,24.0,24.0,23.0,22.0,52.0,53.0,0.0,0.0,576.1,3.2,12.9,NNW,WSW,C,mm,km/h,mm
7408,2026-07-08,16:45:00,24.0,24.0,23.0,22.0,52.0,51.0,0.0,0.0,576.0,6.4,16.1,W,SW,C,mm,km/h,mm
7409,2026-07-08,17:00:00,23.0,24.0,23.0,22.0,52.0,52.0,0.0,0.0,576.0,4.8,16.1,WSW,WNW,C,mm,km/h,mm
7410,2026-07-08,17:15:00,22.0,23.0,22.0,22.0,52.0,54.0,0.0,0.0,576.2,4.8,14.5,W,WNW,C,mm,km/h,mm
7411,2026-07-08,17:30:00,22.0,22.0,22.0,22.0,53.0,55.0,0.0,0.0,576.1,6.4,20.9,W,WSW,C,mm,km/h,mm
7412,2026-07-08,17:45:00,22.0,22.0,22.0,22.0,53.0,56.0,0.0,0.0,576.2,4.8,12.9,W,WSW,C,mm,km/h,mm
7413,2026-07-08,18:00:00,21.0,22.0,21.0,22.0,53.0,64.0,0.0,0.0,576.8,1.6,9.7,NW,W,C,mm,km/h,mm
7414,2026-07-08,18:15:00,18.0,21.0,18.0,22.0,53.0,71.0,0.0,0.0,577.0,1.6,8.0,E,ENE,C,mm,km/h,mm
7415,2026-07-08,18:30:00,18.0,18.0,18.0,22.0,53.0,72.0,0.0,0.0,577.4,1.6,6.4,E,N,C,mm,km/h,mm
7416,2026-07-08,18:45:00,16.0,17.0,16.0,22.0,53.0,80.0,0.2,0.0,577.6,1.6,12.9,NW,NW,C,mm,km/h,mm
7417,2026-07-08,19:00:00,15.0,16.0,15.0,22.0,53.0,86.0,0.0,0.0,577.9,0.0,8.0,ESE,SSW,C,mm,km/h,mm
7418,2026-07-08,19:15:00,15.0,15.0,15.0,22.0,53.0,89.0,0.0,0.0,578.2,3.2,9.7,E,E,C,mm,km/h,mm
7419,2026-07-08,19:30:00,15.0,15.0,15.0,22.0,54.0,89.0,0.0,0.0,578.4,3.2,9.7,E,SSE,C,mm,km/h,mm
7420,2026-07-08,19:45:00,15.0,15.0,15.0,22.0,54.0,88.0,0.0,0.0,578.9,1.6,9.7,E,E,C,mm,km/h,mm
7421,2026-07-08,20:00:00,15.0,15.0,15.0,22.0,54.0,89.0,0.2,0.0,579.1,0.0,4.8,E,E,C,mm,km/h,mm
7422,2026-07-08,20:15:00,14.0,15.0,14.0,22.0,54.0,91.0,4.2,30.2,579.1,3.2,9.7,E,E,C,mm,km/h,mm
7423,2026-07-08,20:30:00,14.0,14.0,14.0,22.0,54.0,92.0,0.8,21.6,579.0,1.6,8.0,E,E,C,mm,km/h,mm
7424,2026-07-08,20:45:00,14.0,14.0,14.0,22.0,55.0,92.0,0.2,1.6,579.0,0.0,3.2,E,SE,C,mm,km/h,mm
7425,2026-07-08,21:00:00,14.0,14.0,14.0,22.0,55.0,92.0,0.0,0.0,579.1,0.0,0.0,,,C,mm,km/h,mm
7426,2026-07-08,21:15:00,14.0,14.0,14.0,22.0,55.0,92.0,0.0,0.0,579.1,0.0,0.0,,,C,mm,km/h,mm
7427,2026-07-08,21:30:00,14.0,14.0,14.0,22.0,55.0,92.0,0.0,0.0,579.2,0.0,0.0,,,C,mm,km/h,mm
7428,2026-07-08,21:45:00,14.0,14.0,14.0,22.0,55.0,92.0,0.0,0.0,579.3,0.0,0.0,,,C,mm,km/h,mm
7429,2026-07-08,22:00:00,14.0,14.0,14.0,22.0,55.0,93.0,0.0,0.0,579.4,0.0,0.0,,,C,mm,km/h,mm
7430,2026-07-08,22:15:00,14.0,14.0,14.0,22.0,55.0,93.0,0.0,0.0,579.4,0.0,0.0,,,C,mm,km/h,mm
7431,2026-07-08,22:30:00,14.0,14.0,14.0,22.0,56.0,93.0,0.0,0.0,579.5,0.0,0.0,,,C,mm,km/h,mm
7432,2026-07-08,22:45:00,14.0,14.0,14.0,22.0,56.0,93.0,0.0,0.0,579.7,0.0,0.0,,,C,mm,km/h,mm
7433,2026-07-08,23:00:00,14.0,14.0,14.0,22.0,56.0,93.0,0.0,0.0,579.8,0.0,0.0,,,C,mm,km/h,mm
7434,2026-07-08,23:15:00,14.0,14.0,14.0,22.0,56.0,93.0,0.0,0.0,579.8,0.0,0.0,,,C,mm,km/h,mm
7435,2026-07-08,23:30:00,14.0,14.0,14.0,22.0,56.0,94.0,0.0,0.0,579.9,0.0,0.0,,,C,mm,km/h,mm
7436,2026-07-08,23:45:00,14.0,14.0,14.0,22.0,56.0,94.0,0.0,0.0,580.0,0.0,0.0,,,C,mm,km/h,mm
7437,2026-07-09,00:15:00,14.0,14.0,14.0,21.0,57.0,94.0,0.0,0.0,579.9,0.0,0.0,,,C,mm,km/h,mm
7438,2026-07-09,00:30:00,14.0,14.0,14.0,21.0,57.0,94.0,0.0,0.0,579.8,0.0,0.0,,,C,mm,km/h,mm
7439,2026-07-09,00:45:00,14.0,14.0,14.0,21.0,57.0,94.0,0.0,0.0,579.6,0.0,0.0,,,C,mm,km/h,mm
7440,2026-07-09,01:00:00,14.0,14.0,14.0,21.0,57.0,94.0,0.2,0.0,579.5,0.0,0.0,,,C,mm,km/h,mm
7441,2026-07-09,01:15:00,14.0,14.0,14.0,21.0,57.0,94.0,0.0,0.0,579.2,0.0,0.0,,,C,mm,km/h,mm
7442,2026-07-09,01:30:00,14.0,14.0,13.0,21.0,57.0,94.0,0.0,0.0,579.0,0.0,0.0,,,C,mm,km/h,mm
7443,2026-07-09,01:45:00,14.0,14.0,13.0,21.0,57.0,94.0,0.0,0.0,578.7,0.0,0.0,,,C,mm,km/h,mm
7444,2026-07-09,02:00:00,13.0,14.0,13.0,21.0,57.0,94.0,0.0,0.0,578.4,0.0,0.0,,,C,mm,km/h,mm
7445,2026-07-09,02:15:00,13.0,13.0,13.0,21.0,57.0,94.0,0.0,0.0,578.0,0.0,0.0,,,C,mm,km/h,mm
7446,2026-07-09,02:30:00,13.0,13.0,13.0,21.0,57.0,94.0,0.0,0.0,577.8,0.0,0.0,,,C,mm,km/h,mm
7447,2026-07-09,02:45:00,13.0,13.0,13.0,21.0,57.0,94.0,0.0,0.0,577.5,0.0,0.0,,,C,mm,km/h,mm
7448,2026-07-09,03:00:00,13.0,13.0,13.0,21.0,58.0,94.0,0.0,0.0,577.4,0.0,0.0,,,C,mm,km/h,mm
7449,2026-07-09,03:15:00,13.0,13.0,13.0,21.0,57.0,94.0,0.0,0.0,577.4,0.0,0.0,,,C,mm,km/h,mm
7450,2026-07-09,03:30:00,13.0,13.0,13.0,21.0,58.0,94.0,0.0,0.0,577.3,0.0,0.0,,,C,mm,km/h,mm
7451,2026-07-09,03:45:00,13.0,13.0,13.0,21.0,58.0,94.0,0.0,0.0,577.5,0.0,0.0,,,C,mm,km/h,mm
7452,2026-07-09,04:00:00,13.0,13.0,13.0,21.0,58.0,94.0,0.0,0.0,577.6,0.0,0.0,,,C,mm,km/h,mm
7453,2026-07-09,04:15:00,13.0,13.0,13.0,21.0,58.0,95.0,0.0,0.0,577.8,0.0,0.0,,,C,mm,km/h,mm
7454,2026-07-09,04:30:00,13.0,13.0,13.0,21.0,58.0,95.0,0.0,0.0,577.8,0.0,0.0,,,C,mm,km/h,mm
7455,2026-07-09,04:45:00,13.0,13.0,13.0,21.0,58.0,95.0,0.0,0.0,578.0,0.0,0.0,,,C,mm,km/h,mm
7456,2026-07-09,05:00:00,13.0,13.0,13.0,21.0,58.0,95.0,0.0,0.0,578.1,0.0,0.0,,,C,mm,km/h,mm
7457,2026-07-09,05:15:00,13.0,13.0,13.0,21.0,58.0,95.0,0.0,0.0,578.2,0.0,0.0,,,C,mm,km/h,mm
7458,2026-07-09,05:30:00,13.0,13.0,13.0,21.0,58.0,95.0,0.0,0.0,578.2,0.0,0.0,,,C,mm,km/h,mm
7459,2026-07-09,05:45:00,13.0,13.0,13.0,21.0,58.0,95.0,0.0,0.0,578.3,0.0,0.0,,,C,mm,km/h,mm
7460,2026-07-09,06:00:00,13.0,13.0,13.0,21.0,58.0,95.0,0.0,0.0,578.3,0.0,0.0,,,C,mm,km/h,mm
7461,2026-07-09,06:15:00,13.0,13.0,13.0,21.0,58.0,95.0,0.0,0.0,578.3,0.0,0.0,,,C,mm,km/h,mm
7462,2026-07-09,06:30:00,13.0,13.0,13.0,21.0,58.0,95.0,0.0,0.0,578.4,0.0,0.0,,,C,mm,km/h,mm
7463,2026-07-09,06:45:00,13.0,13.0,13.0,21.0,58.0,96.0,0.0,0.0,578.4,0.0,0.0,,,C,mm,km/h,mm
7464,2026-07-09,07:00:00,13.0,13.0,13.0,21.0,58.0,96.0,0.0,0.0,578.4,0.0,0.0,,,C,mm,km/h,mm
7465,2026-07-09,07:15:00,13.0,14.0,13.0,21.0,60.0,95.0,0.0,0.0,578.5,0.0,0.0,,,C,mm,km/h,mm
7466,2026-07-09,07:30:00,14.0,14.0,13.0,21.0,59.0,95.0,0.0,0.0,578.5,0.0,0.0,,,C,mm,km/h,mm
7467,2026-07-09,07:45:00,14.0,14.0,14.0,21.0,59.0,95.0,0.0,0.0,578.6,0.0,0.0,,,C,mm,km/h,mm
7468,2026-07-09,08:00:00,14.0,14.0,14.0,21.0,59.0,94.0,0.0,0.0,578.6,0.0,0.0,,,C,mm,km/h,mm
7469,2026-07-09,08:15:00,16.0,16.0,14.0,21.0,59.0,91.0,0.0,0.0,578.6,0.0,0.0,,,C,mm,km/h,mm
7470,2026-07-09,08:30:00,17.0,17.0,16.0,21.0,59.0,82.0,0.0,0.0,578.8,0.0,1.6,WSW,NE,C,mm,km/h,mm
7471,2026-07-09,08:45:00,18.0,18.0,17.0,21.0,59.0,78.0,0.0,0.0,578.8,0.0,6.4,W,WNW,C,mm,km/h,mm
7472,2026-07-09,09:00:00,19.0,19.0,18.0,21.0,59.0,75.0,0.0,0.0,578.9,0.0,6.4,NW,WNW,C,mm,km/h,mm
7473,2026-07-09,09:15:00,18.0,19.0,18.0,21.0,59.0,75.0,0.0,0.0,579.0,0.0,6.4,E,S,C,mm,km/h,mm
7474,2026-07-09,09:30:00,18.0,18.0,18.0,21.0,58.0,76.0,0.0,0.0,579.0,0.0,4.8,E,E,C,mm,km/h,mm
7475,2026-07-09,09:45:00,19.0,19.0,18.0,21.0,58.0,72.0,0.0,0.0,579.0,1.6,6.4,ENE,ENE,C,mm,km/h,mm
7476,2026-07-09,10:00:00,20.0,20.0,19.0,21.0,58.0,70.0,0.0,0.0,579.0,0.0,6.4,ENE,ESE,C,mm,km/h,mm
7477,2026-07-09,10:15:00,20.0,21.0,20.0,21.0,58.0,66.0,0.0,0.0,579.0,1.6,8.0,E,E,C,mm,km/h,mm
7478,2026-07-09,10:30:00,20.0,21.0,20.0,21.0,58.0,64.0,0.0,0.0,579.1,3.2,9.7,E,NE,C,mm,km/h,mm
7479,2026-07-09,10:45:00,21.0,21.0,20.0,21.0,58.0,62.0,0.0,0.0,579.0,1.6,6.4,ENE,E,C,mm,km/h,mm
7480,2026-07-09,11:00:00,22.0,22.0,21.0,21.0,58.0,57.0,0.0,0.0,578.9,0.0,4.8,NNW,ENE,C,mm,km/h,mm
7481,2026-07-09,11:15:00,23.0,23.0,22.0,21.0,58.0,55.0,0.0,0.0,578.7,0.0,6.4,SW,S,C,mm,km/h,mm
7482,2026-07-09,11:30:00,23.0,24.0,23.0,21.0,58.0,55.0,0.0,0.0,578.6,1.6,6.4,E,E,C,mm,km/h,mm
7483,2026-07-09,11:45:00,24.0,24.0,23.0,21.0,58.0,51.0,0.0,0.0,578.6,1.6,6.4,ENE,E,C,mm,km/h,mm
7484,2026-07-09,12:00:00,24.0,24.0,24.0,21.0,58.0,51.0,0.0,0.0,578.6,0.0,6.4,ENE,E,C,mm,km/h,mm
7485,2026-07-09,12:15:00,23.0,24.0,23.0,21.0,57.0,51.0,0.0,0.0,578.3,3.2,16.1,E,ESE,C,mm,km/h,mm
7486,2026-07-09,12:30:00,24.0,24.0,23.0,21.0,57.0,50.0,0.0,0.0,578.1,1.6,6.4,E,E,C,mm,km/h,mm
7487,2026-07-09,12:45:00,24.0,24.0,24.0,21.0,56.0,50.0,0.0,0.0,578.0,3.2,9.7,E,E,C,mm,km/h,mm
7488,2026-07-09,13:00:00,24.0,24.0,24.0,21.0,57.0,50.0,0.0,0.0,577.8,0.0,4.8,ENE,N,C,mm,km/h,mm
7489,2026-07-09,13:15:00,25.0,25.0,24.0,21.0,56.0,46.0,0.0,0.0,577.6,1.6,8.0,E,SW,C,mm,km/h,mm
7490,2026-07-09,13:30:00,24.0,25.0,24.0,22.0,56.0,49.0,0.0,0.0,577.5,1.6,8.0,E,SSE,C,mm,km/h,mm
7491,2026-07-09,13:45:00,24.0,24.0,24.0,22.0,56.0,48.0,0.0,0.0,577.3,0.0,6.4,SW,SW,C,mm,km/h,mm
7492,2026-07-09,14:00:00,23.0,24.0,23.0,22.0,56.0,51.0,0.0,0.0,576.9,0.0,8.0,ENE,E,C,mm,km/h,mm
7493,2026-07-09,14:15:00,24.0,24.0,23.0,22.0,56.0,53.0,0.0,0.0,576.8,0.0,6.4,ENE,SSE,C,mm,km/h,mm
7494,2026-07-09,14:30:00,25.0,25.0,24.0,22.0,55.0,50.0,0.0,0.0,576.7,1.6,8.0,NW,W,C,mm,km/h,mm
7495,2026-07-09,14:45:00,24.0,25.0,24.0,22.0,55.0,52.0,0.0,0.0,576.6,1.6,6.4,E,E,C,mm,km/h,mm
7496,2026-07-09,15:00:00,23.0,24.0,23.0,22.0,55.0,50.0,0.0,0.0,576.6,3.2,14.5,E,E,C,mm,km/h,mm
7497,2026-07-09,15:15:00,21.0,23.0,21.0,22.0,55.0,55.0,0.0,0.0,576.7,6.4,11.3,E,E,C,mm,km/h,mm
7498,2026-07-09,15:30:00,21.0,21.0,21.0,22.0,55.0,57.0,0.0,0.0,576.6,1.6,8.0,E,E,C,mm,km/h,mm
7499,2026-07-09,15:45:00,21.0,21.0,21.0,22.0,55.0,62.0,0.0,0.0,576.4,0.0,3.2,E,E,C,mm,km/h,mm
7500,2026-07-09,16:00:00,21.0,21.0,21.0,22.0,54.0,57.0,0.0,0.0,576.2,1.6,6.4,E,E,C,mm,km/h,mm
7501,2026-07-09,16:15:00,21.0,21.0,20.0,22.0,54.0,56.0,0.0,0.0,576.0,1.6,9.7,E,ENE,C,mm,km/h,mm
7502,2026-07-09,16:30:00,23.0,23.0,21.0,22.0,54.0,48.0,0.0,0.0,576.0,0.0,4.8,E,SSE,C,mm,km/h,mm
7503,2026-07-09,16:45:00,24.0,24.0,23.0,22.0,54.0,44.0,0.0,0.0,575.9,1.6,6.4,E,NE,C,mm,km/h,mm
7504,2026-07-09,17:00:00,23.0,24.0,23.0,22.0,54.0,46.0,0.0,0.0,575.9,0.0,3.2,E,E,C,mm,km/h,mm
7505,2026-07-09,17:15:00,22.0,23.0,22.0,22.0,53.0,48.0,0.0,0.0,576.2,0.0,3.2,SW,ENE,C,mm,km/h,mm
7506,2026-07-09,17:30:00,21.0,22.0,21.0,22.0,53.0,60.0,0.0,0.0,576.4,1.6,9.7,W,W,C,mm,km/h,mm
7507,2026-07-09,17:45:00,21.0,21.0,21.0,22.0,53.0,63.0,0.0,0.0,576.6,1.6,8.0,W,WSW,C,mm,km/h,mm
7508,2026-07-09,18:00:00,20.0,21.0,20.0,22.0,54.0,62.0,0.0,0.0,576.9,1.6,9.7,WNW,WNW,C,mm,km/h,mm
7509,2026-07-09,18:15:00,21.0,21.0,20.0,22.0,54.0,62.0,0.0,0.0,576.9,3.2,14.5,W,WSW,C,mm,km/h,mm
7510,2026-07-09,18:30:00,20.0,21.0,20.0,22.0,54.0,61.0,0.0,0.0,576.9,3.2,14.5,WSW,WNW,C,mm,km/h,mm
7511,2026-07-09,18:45:00,19.0,20.0,19.0,22.0,54.0,63.0,0.0,0.0,577.0,6.4,20.9,WSW,WNW,C,mm,km/h,mm
7512,2026-07-09,19:00:00,19.0,19.0,19.0,22.0,54.0,63.0,0.0,0.0,577.3,4.8,16.1,W,WSW,C,mm,km/h,mm
7513,2026-07-09,19:15:00,18.0,19.0,18.0,22.0,55.0,64.0,0.0,0.0,577.9,3.2,11.3,W,S,C,mm,km/h,mm
7514,2026-07-09,19:30:00,19.0,19.0,18.0,22.0,55.0,63.0,0.0,0.0,578.0,4.8,14.5,WSW,WSW,C,mm,km/h,mm
7515,2026-07-09,19:45:00,18.0,19.0,18.0,22.0,55.0,67.0,0.0,0.0,578.3,3.2,12.9,WSW,WSW,C,mm,km/h,mm
7516,2026-07-09,20:00:00,18.0,18.0,18.0,22.0,54.0,69.0,0.0,0.0,578.4,3.2,9.7,SW,SSW,C,mm,km/h,mm
7517,2026-07-09,20:15:00,17.0,18.0,17.0,22.0,54.0,71.0,0.0,0.0,578.5,3.2,9.7,SW,SSW,C,mm,km/h,mm
7518,2026-07-09,20:30:00,17.0,17.0,17.0,22.0,54.0,71.0,0.0,0.0,578.6,1.6,9.7,WSW,SW,C,mm,km/h,mm
7519,2026-07-09,20:45:00,17.0,17.0,17.0,22.0,54.0,71.0,0.0,0.0,578.7,0.0,4.8,WSW,WSW,C,mm,km/h,mm
7520,2026-07-09,21:00:00,17.0,17.0,17.0,22.0,54.0,72.0,0.0,0.0,578.9,0.0,4.8,SSW,WSW,C,mm,km/h,mm
7521,2026-07-09,21:15:00,17.0,17.0,17.0,22.0,54.0,73.0,0.0,0.0,579.0,0.0,3.2,WSW,WSW,C,mm,km/h,mm
7522,2026-07-09,21:30:00,17.0,17.0,17.0,22.0,54.0,74.0,0.0,0.0,579.2,0.0,1.6,SW,SW,C,mm,km/h,mm
7523,2026-07-09,21:45:00,17.0,17.0,17.0,22.0,54.0,75.0,0.0,0.0,579.3,0.0,1.6,NE,SW,C,mm,km/h,mm
7524,2026-07-09,22:00:00,17.0,17.0,17.0,22.0,54.0,74.0,0.0,0.0,579.5,0.0,3.2,WSW,E,C,mm,km/h,mm
7525,2026-07-09,22:15:00,17.0,17.0,17.0,22.0,54.0,74.0,0.0,0.0,579.5,0.0,3.2,WSW,WSW,C,mm,km/h,mm
7526,2026-07-09,22:30:00,16.0,17.0,16.0,22.0,54.0,76.0,0.0,0.0,579.5,0.0,0.0,,,C,mm,km/h,mm
7527,2026-07-09,22:45:00,16.0,16.0,16.0,22.0,54.0,78.0,0.0,0.0,579.6,0.0,0.0,,,C,mm,km/h,mm
7528,2026-07-09,23:00:00,15.0,16.0,15.0,21.0,54.0,83.0,0.0,0.0,579.6,0.0,0.0,,,C,mm,km/h,mm
7529,2026-07-09,23:15:00,14.0,15.0,14.0,21.0,54.0,85.0,0.0,0.0,579.7,0.0,0.0,,,C,mm,km/h,mm
7530,2026-07-09,23:30:00,14.0,14.0,14.0,21.0,54.0,87.0,0.0,0.0,579.7,0.0,0.0,,,C,mm,km/h,mm
7531,2026-07-09,23:45:00,14.0,14.0,14.0,21.0,54.0,89.0,0.0,0.0,579.6,0.0,0.0,,,C,mm,km/h,mm
7532,2026-07-10,00:15:00,14.0,14.0,14.0,21.0,55.0,90.0,0.0,0.0,579.2,0.0,0.0,,,C,mm,km/h,mm
7533,2026-07-10,00:30:00,13.0,14.0,13.0,21.0,55.0,90.0,0.0,0.0,579.1,0.0,0.0,,,C,mm,km/h,mm
7534,2026-07-10,00:45:00,13.0,13.0,13.0,21.0,55.0,91.0,0.0,0.0,579.1,0.0,0.0,,,C,mm,km/h,mm
7535,2026-07-10,01:00:00,13.0,13.0,13.0,21.0,55.0,91.0,0.0,0.0,578.9,0.0,0.0,,,C,mm,km/h,mm
7536,2026-07-10,01:15:00,13.0,13.0,13.0,21.0,55.0,92.0,0.0,0.0,578.6,0.0,0.0,,,C,mm,km/h,mm
7537,2026-07-10,01:30:00,13.0,13.0,13.0,21.0,55.0,92.0,0.0,0.0,578.4,0.0,0.0,,,C,mm,km/h,mm
7538,2026-07-10,01:45:00,13.0,13.0,13.0,21.0,55.0,91.0,0.0,0.0,578.4,0.0,0.0,,,C,mm,km/h,mm
7539,2026-07-10,02:00:00,13.0,13.0,13.0,21.0,56.0,91.0,0.0,0.0,578.2,0.0,0.0,,,C,mm,km/h,mm
7540,2026-07-10,02:15:00,12.0,13.0,12.0,21.0,56.0,92.0,0.0,0.0,578.0,0.0,0.0,,,C,mm,km/h,mm
7541,2026-07-10,02:30:00,12.0,12.0,12.0,21.0,56.0,92.0,0.0,0.0,577.8,0.0,0.0,,,C,mm,km/h,mm
7542,2026-07-10,02:45:00,12.0,12.0,12.0,21.0,56.0,92.0,0.0,0.0,577.6,0.0,0.0,,,C,mm,km/h,mm
7543,2026-07-10,03:00:00,12.0,12.0,12.0,21.0,56.0,92.0,0.0,0.0,577.5,0.0,0.0,,,C,mm,km/h,mm
7544,2026-07-10,03:15:00,12.0,12.0,12.0,21.0,56.0,92.0,0.0,0.0,577.4,0.0,0.0,,,C,mm,km/h,mm
7545,2026-07-10,03:30:00,12.0,12.0,12.0,21.0,56.0,93.0,0.0,0.0,577.3,0.0,0.0,,,C,mm,km/h,mm
7546,2026-07-10,03:45:00,12.0,12.0,12.0,21.0,56.0,93.0,0.0,0.0,577.3,0.0,0.0,,,C,mm,km/h,mm
7547,2026-07-10,04:00:00,12.0,12.0,12.0,21.0,56.0,93.0,0.0,0.0,577.2,0.0,0.0,,,C,mm,km/h,mm
7548,2026-07-10,04:15:00,12.0,12.0,12.0,21.0,56.0,94.0,0.0,0.0,577.3,0.0,0.0,,,C,mm,km/h,mm
7549,2026-07-10,04:30:00,12.0,12.0,12.0,21.0,56.0,93.0,0.0,0.0,577.3,0.0,0.0,,,C,mm,km/h,mm
7550,2026-07-10,04:45:00,12.0,12.0,12.0,21.0,56.0,94.0,0.0,0.0,577.5,0.0,0.0,,,C,mm,km/h,mm
7551,2026-07-10,05:00:00,12.0,12.0,12.0,21.0,56.0,94.0,0.0,0.0,577.7,0.0,0.0,,,C,mm,km/h,mm
7552,2026-07-10,05:15:00,12.0,12.0,12.0,21.0,56.0,94.0,0.0,0.0,577.7,0.0,0.0,,,C,mm,km/h,mm
7553,2026-07-10,05:30:00,12.0,12.0,12.0,21.0,56.0,94.0,0.0,0.0,577.8,0.0,0.0,,,C,mm,km/h,mm
7554,2026-07-10,05:45:00,12.0,12.0,12.0,21.0,56.0,94.0,0.0,0.0,577.9,0.0,0.0,,,C,mm,km/h,mm
7555,2026-07-10,06:00:00,12.0,12.0,12.0,21.0,56.0,94.0,0.0,0.0,578.0,0.0,0.0,,,C,mm,km/h,mm
7556,2026-07-10,06:15:00,12.0,12.0,12.0,21.0,56.0,94.0,0.0,0.0,578.1,0.0,0.0,,,C,mm,km/h,mm
7557,2026-07-10,06:30:00,12.0,12.0,12.0,21.0,56.0,94.0,0.0,0.0,578.3,0.0,0.0,,,C,mm,km/h,mm
7558,2026-07-10,06:45:00,12.0,12.0,12.0,21.0,56.0,94.0,0.0,0.0,578.4,0.0,0.0,,,C,mm,km/h,mm
7559,2026-07-10,07:00:00,12.0,12.0,12.0,21.0,56.0,95.0,0.0,0.0,578.6,0.0,0.0,,,C,mm,km/h,mm
7560,2026-07-10,07:15:00,13.0,13.0,12.0,21.0,56.0,95.0,0.0,0.0,578.8,0.0,0.0,,,C,mm,km/h,mm
7561,2026-07-10,07:30:00,14.0,14.0,13.0,21.0,57.0,92.0,0.0,0.0,578.9,0.0,0.0,,,C,mm,km/h,mm
7562,2026-07-10,07:45:00,15.0,15.0,14.0,21.0,57.0,88.0,0.0,0.0,578.8,0.0,0.0,,,C,mm,km/h,mm
7563,2026-07-10,08:00:00,16.0,16.0,15.0,21.0,57.0,84.0,0.0,0.0,579.0,0.0,0.0,,,C,mm,km/h,mm
7564,2026-07-10,08:15:00,17.0,17.0,16.0,21.0,57.0,80.0,0.0,0.0,579.1,0.0,0.0,,,C,mm,km/h,mm
7565,2026-07-10,08:30:00,18.0,18.0,17.0,21.0,56.0,77.0,0.0,0.0,579.3,0.0,3.2,SSW,SSW,C,mm,km/h,mm
7566,2026-07-10,08:45:00,18.0,18.0,18.0,21.0,56.0,75.0,0.0,0.0,579.3,0.0,1.6,NNE,NNE,C,mm,km/h,mm
7567,2026-07-10,09:00:00,18.0,18.0,18.0,21.0,56.0,73.0,0.0,0.0,579.3,0.0,4.8,ENE,E,C,mm,km/h,mm
7568,2026-07-10,09:15:00,19.0,19.0,18.0,21.0,56.0,70.0,0.0,0.0,579.4,0.0,4.8,E,E,C,mm,km/h,mm
7569,2026-07-10,09:30:00,20.0,20.0,19.0,21.0,55.0,65.0,0.0,0.0,579.4,0.0,1.6,W,NE,C,mm,km/h,mm
7570,2026-07-10,09:45:00,21.0,21.0,20.0,21.0,55.0,64.0,0.0,0.0,579.5,0.0,3.2,NE,NE,C,mm,km/h,mm
7571,2026-07-10,10:00:00,21.0,21.0,21.0,21.0,55.0,63.0,0.0,0.0,579.5,0.0,6.4,NW,NW,C,mm,km/h,mm
7572,2026-07-10,10:15:00,21.0,22.0,21.0,21.0,55.0,61.0,0.0,0.0,579.5,1.6,6.4,E,NW,C,mm,km/h,mm
7573,2026-07-10,10:30:00,22.0,22.0,21.0,21.0,55.0,60.0,0.0,0.0,579.4,0.0,6.4,WSW,E,C,mm,km/h,mm
7574,2026-07-10,10:45:00,22.0,22.0,22.0,21.0,55.0,58.0,0.0,0.0,579.3,0.0,4.8,NE,ENE,C,mm,km/h,mm
7575,2026-07-10,11:00:00,23.0,23.0,22.0,21.0,55.0,58.0,0.0,0.0,579.2,0.0,3.2,WSW,ENE,C,mm,km/h,mm
7576,2026-07-10,11:15:00,23.0,23.0,23.0,21.0,55.0,58.0,0.0,0.0,579.0,0.0,4.8,SW,ENE,C,mm,km/h,mm
7577,2026-07-10,11:30:00,23.0,24.0,23.0,21.0,55.0,56.0,0.0,0.0,578.9,1.6,4.8,ENE,E,C,mm,km/h,mm
7578,2026-07-10,11:45:00,23.0,23.0,23.0,21.0,55.0,56.0,0.0,0.0,578.7,1.6,6.4,E,E,C,mm,km/h,mm
7579,2026-07-10,12:00:00,23.0,23.0,23.0,21.0,55.0,54.0,0.0,0.0,578.6,1.6,4.8,WSW,WSW,C,mm,km/h,mm
7580,2026-07-10,12:15:00,23.0,23.0,23.0,21.0,55.0,54.0,0.0,0.0,578.4,0.0,3.2,E,SW,C,mm,km/h,mm
7581,2026-07-10,12:30:00,24.0,24.0,23.0,21.0,55.0,56.0,0.0,0.0,578.4,0.0,6.4,ENE,ENE,C,mm,km/h,mm
7582,2026-07-10,12:45:00,24.0,24.0,24.0,22.0,55.0,53.0,0.0,0.0,578.1,0.0,4.8,NNW,NW,C,mm,km/h,mm
7583,2026-07-10,13:00:00,25.0,25.0,24.0,22.0,55.0,52.0,0.0,0.0,577.9,1.6,11.3,NW,WSW,C,mm,km/h,mm
7584,2026-07-10,13:15:00,26.0,26.0,25.0,22.0,55.0,47.0,0.0,0.0,577.9,1.6,8.0,NNW,NW,C,mm,km/h,mm
7585,2026-07-10,13:30:00,26.0,26.0,26.0,22.0,54.0,46.0,0.0,0.0,577.5,1.6,8.0,W,NW,C,mm,km/h,mm
7586,2026-07-10,13:45:00,26.0,26.0,26.0,22.0,54.0,45.0,0.0,0.0,577.2,1.6,8.0,E,WNW,C,mm,km/h,mm
7587,2026-07-10,14:00:00,27.0,27.0,26.0,22.0,54.0,40.0,0.0,0.0,577.0,1.6,8.0,SW,SW,C,mm,km/h,mm
7588,2026-07-10,14:15:00,28.0,28.0,27.0,22.0,53.0,37.0,0.0,0.0,576.8,1.6,12.9,NNW,W,C,mm,km/h,mm
7589,2026-07-10,14:30:00,28.0,28.0,28.0,22.0,53.0,38.0,0.0,0.0,576.6,1.6,9.7,NNW,NW,C,mm,km/h,mm
7590,2026-07-10,14:45:00,27.0,28.0,27.0,22.0,52.0,41.0,0.0,0.0,576.5,1.6,6.4,NNW,E,C,mm,km/h,mm
7591,2026-07-10,15:00:00,28.0,28.0,27.0,22.0,52.0,41.0,0.0,0.0,576.2,1.6,6.4,NNW,NNW,C,mm,km/h,mm
7592,2026-07-10,15:15:00,28.0,28.0,28.0,23.0,51.0,36.0,0.0,0.0,576.1,3.2,9.7,NW,WSW,C,mm,km/h,mm
7593,2026-07-10,15:30:00,26.0,28.0,26.0,23.0,51.0,47.0,0.0,0.0,576.3,1.6,11.3,NNW,NW,C,mm,km/h,mm
7594,2026-07-10,15:45:00,24.0,26.0,24.0,23.0,50.0,50.0,0.0,0.0,576.2,3.2,11.3,NNW,NNW,C,mm,km/h,mm
7595,2026-07-10,16:00:00,23.0,24.0,23.0,23.0,50.0,56.0,0.0,0.0,576.5,4.8,22.5,NW,N,C,mm,km/h,mm
7596,2026-07-10,16:15:00,22.0,23.0,22.0,23.0,51.0,61.0,0.0,0.0,576.3,6.4,25.7,NW,NNW,C,mm,km/h,mm
7597,2026-07-10,16:30:00,21.0,22.0,21.0,22.0,52.0,58.0,0.0,0.0,576.3,8.0,24.1,W,WSW,C,mm,km/h,mm
7598,2026-07-10,16:45:00,20.0,21.0,20.0,22.0,52.0,58.0,0.0,0.0,576.3,8.0,20.9,W,WNW,C,mm,km/h,mm
7599,2026-07-10,17:00:00,20.0,20.0,20.0,22.0,52.0,57.0,0.0,0.0,576.6,8.0,17.7,W,WNW,C,mm,km/h,mm
7600,2026-07-10,17:15:00,20.0,20.0,20.0,22.0,52.0,56.0,0.0,0.0,576.7,9.7,22.5,WSW,WNW,C,mm,km/h,mm
7601,2026-07-10,17:30:00,20.0,20.0,20.0,22.0,52.0,58.0,0.0,0.0,576.9,4.8,14.5,WSW,WSW,C,mm,km/h,mm
7602,2026-07-10,17:45:00,19.0,20.0,19.0,22.0,52.0,64.0,0.0,0.0,576.8,3.2,17.7,NNE,WNW,C,mm,km/h,mm
7603,2026-07-10,18:00:00,19.0,19.0,19.0,22.0,52.0,66.0,0.0,0.0,577.0,1.6,9.7,SW,S,C,mm,km/h,mm
7604,2026-07-10,18:15:00,19.0,19.0,19.0,22.0,52.0,65.0,0.0,0.0,577.3,1.6,14.5,SSW,S,C,mm,km/h,mm
7605,2026-07-10,18:30:00,19.0,19.0,19.0,22.0,52.0,66.0,0.0,0.0,577.8,0.0,4.8,WSW,WSW,C,mm,km/h,mm
7606,2026-07-10,18:45:00,19.0,19.0,19.0,22.0,52.0,66.0,0.0,0.0,578.1,1.6,9.7,W,WNW,C,mm,km/h,mm
7607,2026-07-10,19:00:00,18.0,19.0,18.0,22.0,53.0,68.0,0.0,0.0,578.2,1.6,8.0,WSW,WSW,C,mm,km/h,mm
7608,2026-07-10,19:15:00,18.0,18.0,18.0,22.0,53.0,70.0,0.0,0.0,578.3,0.0,3.2,W,WSW,C,mm,km/h,mm
7609,2026-07-10,19:30:00,18.0,18.0,18.0,22.0,53.0,73.0,0.0,0.0,578.3,0.0,4.8,ENE,ENE,C,mm,km/h,mm
7610,2026-07-10,19:45:00,17.0,18.0,17.0,22.0,53.0,75.0,0.0,0.0,578.4,0.0,1.6,E,E,C,mm,km/h,mm
7611,2026-07-10,20:00:00,17.0,17.0,17.0,22.0,53.0,74.0,0.0,0.0,578.4,0.0,1.6,NE,NE,C,mm,km/h,mm
7612,2026-07-10,20:15:00,17.0,17.0,17.0,22.0,53.0,73.0,0.0,0.0,578.4,0.0,3.2,NE,NE,C,mm,km/h,mm
7613,2026-07-10,20:30:00,17.0,17.0,17.0,22.0,53.0,73.0,0.0,0.0,578.5,0.0,1.6,ENE,ENE,C,mm,km/h,mm
7614,2026-07-10,20:45:00,17.0,17.0,17.0,22.0,53.0,74.0,0.0,0.0,578.6,0.0,3.2,SW,SSW,C,mm,km/h,mm
7615,2026-07-10,21:00:00,17.0,17.0,17.0,22.0,53.0,75.0,0.0,0.0,578.6,0.0,0.0,,,C,mm,km/h,mm
7616,2026-07-10,21:15:00,17.0,17.0,17.0,22.0,53.0,77.0,0.0,0.0,578.7,0.0,1.6,ENE,ENE,C,mm,km/h,mm
7617,2026-07-10,21:30:00,16.0,17.0,16.0,22.0,53.0,78.0,0.0,0.0,578.8,0.0,3.2,E,E,C,mm,km/h,mm
7618,2026-07-10,21:45:00,16.0,16.0,16.0,22.0,54.0,78.0,0.0,0.0,578.9,0.0,0.0,,,C,mm,km/h,mm
7619,2026-07-10,22:00:00,16.0,16.0,16.0,22.0,54.0,79.0,0.0,0.0,579.0,0.0,0.0,,,C,mm,km/h,mm
7620,2026-07-10,22:15:00,16.0,16.0,16.0,21.0,54.0,79.0,0.0,0.0,579.2,0.0,1.6,NE,NE,C,mm,km/h,mm
7621,2026-07-10,22:30:00,16.0,16.0,16.0,21.0,54.0,80.0,0.0,0.0,579.2,0.0,0.0,,,C,mm,km/h,mm
7622,2026-07-10,22:45:00,16.0,16.0,16.0,21.0,54.0,81.0,0.0,0.0,579.3,0.0,1.6,WNW,N,C,mm,km/h,mm
7623,2026-07-10,23:00:00,16.0,16.0,16.0,21.0,54.0,82.0,0.0,0.0,579.3,0.0,0.0,,,C,mm,km/h,mm
7624,2026-07-10,23:15:00,16.0,16.0,16.0,21.0,54.0,84.0,0.0,0.0,579.3,0.0,0.0,,,C,mm,km/h,mm
7625,2026-07-10,23:30:00,16.0,16.0,16.0,21.0,54.0,80.0,0.0,0.0,579.4,0.0,3.2,SSW,SSW,C,mm,km/h,mm
7626,2026-07-10,23:45:00,17.0,17.0,16.0,21.0,55.0,78.0,0.0,0.0,579.4,0.0,0.0,,,C,mm,km/h,mm
7627,2026-07-11,00:15:00,17.0,17.0,17.0,21.0,55.0,79.0,0.0,0.0,579.2,0.0,1.6,NNW,NNW,C,mm,km/h,mm
7628,2026-07-11,00:30:00,17.0,17.0,17.0,21.0,55.0,79.0,0.0,0.0,579.3,0.0,3.2,WNW,W,C,mm,km/h,mm
7629,2026-07-11,00:45:00,17.0,17.0,17.0,21.0,55.0,80.0,0.0,0.0,579.2,0.0,1.6,W,W,C,mm,km/h,mm
7630,2026-07-11,01:00:00,16.0,17.0,16.0,21.0,55.0,80.0,0.0,0.0,579.1,0.0,0.0,,,C,mm,km/h,mm
7631,2026-07-11,01:15:00,17.0,17.0,16.0,21.0,55.0,81.0,0.0,0.0,579.0,0.0,1.6,WSW,WSW,C,mm,km/h,mm
7632,2026-07-11,01:30:00,17.0,17.0,17.0,21.0,55.0,82.0,0.0,0.0,579.0,0.0,1.6,NW,NW,C,mm,km/h,mm
7633,2026-07-11,01:45:00,16.0,17.0,16.0,21.0,55.0,83.0,0.0,0.0,578.7,0.0,1.6,NW,NW,C,mm,km/h,mm
7634,2026-07-11,02:00:00,16.0,16.0,16.0,21.0,55.0,84.0,0.0,0.0,578.6,0.0,0.0,,,C,mm,km/h,mm
7635,2026-07-11,02:15:00,15.0,16.0,15.0,21.0,56.0,85.0,0.0,0.0,578.6,0.0,0.0,,,C,mm,km/h,mm
7636,2026-07-11,02:30:00,15.0,15.0,15.0,21.0,56.0,87.0,0.0,0.0,578.5,0.0,0.0,,,C,mm,km/h,mm
7637,2026-07-11,02:45:00,15.0,15.0,15.0,21.0,56.0,87.0,0.0,0.0,578.4,0.0,0.0,,,C,mm,km/h,mm
7638,2026-07-11,03:00:00,15.0,15.0,15.0,21.0,56.0,86.0,0.0,0.0,578.3,0.0,0.0,,,C,mm,km/h,mm
7639,2026-07-11,03:15:00,16.0,16.0,15.0,21.0,56.0,85.0,0.0,0.0,578.2,0.0,0.0,,,C,mm,km/h,mm
7640,2026-07-11,03:30:00,16.0,16.0,16.0,21.0,56.0,84.0,0.0,0.0,578.2,0.0,0.0,,,C,mm,km/h,mm
7641,2026-07-11,03:45:00,16.0,16.0,16.0,21.0,56.0,85.0,0.0,0.0,578.2,0.0,1.6,NNW,NNW,C,mm,km/h,mm
7642,2026-07-11,04:00:00,16.0,16.0,16.0,21.0,56.0,86.0,0.0,0.0,578.2,0.0,0.0,,,C,mm,km/h,mm
7643,2026-07-11,04:15:00,16.0,16.0,16.0,21.0,57.0,86.0,0.0,0.0,578.2,0.0,4.8,SSW,SSW,C,mm,km/h,mm
7644,2026-07-11,04:30:00,16.0,16.0,16.0,21.0,57.0,86.0,0.0,0.0,578.3,0.0,3.2,SW,SW,C,mm,km/h,mm
7645,2026-07-11,04:45:00,16.0,16.0,16.0,21.0,57.0,87.0,0.0,0.0,578.4,0.0,4.8,SSW,WSW,C,mm,km/h,mm
7646,2026-07-11,05:00:00,15.0,16.0,15.0,21.0,57.0,87.0,0.0,0.0,578.5,0.0,4.8,SW,SW,C,mm,km/h,mm
7647,2026-07-11,05:15:00,15.0,15.0,15.0,21.0,57.0,87.0,0.0,0.0,578.6,0.0,6.4,SSW,SSW,C,mm,km/h,mm
7648,2026-07-11,05:30:00,15.0,15.0,15.0,21.0,57.0,87.0,0.0,0.0,578.4,0.0,4.8,W,SSW,C,mm,km/h,mm
7649,2026-07-11,05:45:00,15.0,15.0,15.0,21.0,57.0,87.0,0.0,0.0,578.4,0.0,3.2,SW,WSW,C,mm,km/h,mm
7650,2026-07-11,06:00:00,15.0,15.0,15.0,21.0,57.0,88.0,0.0,0.0,578.5,0.0,3.2,W,W,C,mm,km/h,mm
7651,2026-07-11,06:15:00,15.0,15.0,15.0,21.0,57.0,88.0,0.0,0.0,578.6,0.0,1.6,W,W,C,mm,km/h,mm
7652,2026-07-11,06:30:00,15.0,15.0,15.0,21.0,57.0,87.0,0.0,0.0,578.7,0.0,4.8,SW,WSW,C,mm,km/h,mm
7653,2026-07-11,06:45:00,15.0,15.0,15.0,21.0,57.0,86.0,0.0,0.0,578.8,0.0,6.4,S,WSW,C,mm,km/h,mm
7654,2026-07-11,07:00:00,15.0,15.0,15.0,21.0,57.0,86.0,0.0,0.0,579.0,0.0,4.8,SSW,SW,C,mm,km/h,mm
7655,2026-07-11,07:15:00,16.0,16.0,15.0,21.0,57.0,84.0,0.0,0.0,579.0,0.0,4.8,WSW,WSW,C,mm,km/h,mm
7656,2026-07-11,07:30:00,16.0,16.0,16.0,21.0,57.0,82.0,0.0,0.0,579.1,0.0,4.8,W,WSW,C,mm,km/h,mm
7657,2026-07-11,07:45:00,17.0,17.0,16.0,21.0,57.0,80.0,0.0,0.0,579.3,0.0,3.2,WSW,WSW,C,mm,km/h,mm
7658,2026-07-11,08:00:00,18.0,18.0,17.0,21.0,57.0,77.0,0.0,0.0,579.3,0.0,3.2,NW,NW,C,mm,km/h,mm
7659,2026-07-11,08:15:00,18.0,18.0,18.0,21.0,57.0,76.0,0.0,0.0,579.3,0.0,1.6,NNE,W,C,mm,km/h,mm
7660,2026-07-11,08:30:00,17.0,18.0,17.0,21.0,57.0,77.0,0.0,0.0,579.4,0.0,0.0,,,C,mm,km/h,mm
7661,2026-07-11,08:45:00,18.0,18.0,17.0,21.0,57.0,77.0,0.0,0.0,579.3,0.0,1.6,NW,NW,C,mm,km/h,mm
7662,2026-07-11,09:00:00,19.0,19.0,18.0,21.0,57.0,74.0,0.0,0.0,579.3,0.0,1.6,ESE,NNW,C,mm,km/h,mm
7663,2026-07-11,09:15:00,20.0,20.0,19.0,21.0,57.0,69.0,0.0,0.0,579.6,0.0,4.8,NW,NW,C,mm,km/h,mm
7664,2026-07-11,09:30:00,20.0,21.0,20.0,21.0,57.0,67.0,0.0,0.0,579.4,1.6,11.3,WSW,WSW,C,mm,km/h,mm
7665,2026-07-11,09:45:00,20.0,20.0,20.0,21.0,57.0,69.0,0.0,0.0,579.3,1.6,9.7,WSW,SSW,C,mm,km/h,mm
7666,2026-07-11,10:00:00,21.0,21.0,20.0,21.0,57.0,65.0,0.0,0.0,579.3,3.2,11.3,WSW,SW,C,mm,km/h,mm
7667,2026-07-11,10:15:00,22.0,22.0,21.0,21.0,57.0,63.0,0.0,0.0,579.5,3.2,14.5,WSW,WNW,C,mm,km/h,mm
7668,2026-07-11,10:30:00,23.0,23.0,22.0,21.0,57.0,60.0,0.0,0.0,579.4,3.2,9.7,WSW,SW,C,mm,km/h,mm
7669,2026-07-11,10:45:00,23.0,23.0,23.0,21.0,57.0,55.0,0.0,0.0,579.3,1.6,11.3,W,WSW,C,mm,km/h,mm
7670,2026-07-11,11:00:00,23.0,24.0,23.0,21.0,57.0,56.0,0.0,0.0,579.2,1.6,9.7,W,SW,C,mm,km/h,mm
7671,2026-07-11,11:15:00,23.0,24.0,23.0,21.0,57.0,58.0,0.0,0.0,579.1,1.6,6.4,NNW,NNE,C,mm,km/h,mm
7672,2026-07-11,11:30:00,23.0,24.0,23.0,21.0,57.0,56.0,0.0,0.0,579.0,1.6,14.5,SW,SE,C,mm,km/h,mm
7673,2026-07-11,11:45:00,23.0,24.0,23.0,21.0,57.0,57.0,0.0,0.0,579.0,3.2,14.5,WSW,SSW,C,mm,km/h,mm
7674,2026-07-11,12:00:00,23.0,23.0,23.0,21.0,57.0,57.0,0.0,0.0,579.0,1.6,14.5,WSW,W,C,mm,km/h,mm
7675,2026-07-11,12:15:00,23.0,23.0,23.0,21.0,57.0,58.0,0.0,0.0,578.9,1.6,12.9,NNW,WSW,C,mm,km/h,mm
7676,2026-07-11,12:30:00,23.0,23.0,23.0,21.0,57.0,55.0,0.0,0.0,578.8,1.6,8.0,N,SW,C,mm,km/h,mm
7677,2026-07-11,12:45:00,25.0,25.0,23.0,21.0,57.0,50.0,0.0,0.0,578.6,1.6,9.7,WSW,SSW,C,mm,km/h,mm
7678,2026-07-11,13:00:00,24.0,25.0,24.0,21.0,57.0,51.0,0.0,0.0,578.5,1.6,12.9,W,SW,C,mm,km/h,mm
7679,2026-07-11,13:15:00,24.0,24.0,24.0,21.0,57.0,52.0,0.0,0.0,578.3,1.6,9.7,NW,SSW,C,mm,km/h,mm
7680,2026-07-11,13:30:00,24.0,25.0,24.0,21.0,57.0,51.0,0.0,0.0,578.0,3.2,14.5,W,WSW,C,mm,km/h,mm
7681,2026-07-11,13:45:00,24.0,24.0,24.0,21.0,57.0,53.0,0.0,0.0,577.7,3.2,16.1,W,NW,C,mm,km/h,mm
7682,2026-07-11,14:00:00,24.0,24.0,24.0,21.0,56.0,50.0,0.0,0.0,577.3,1.6,4.8,NNW,NW,C,mm,km/h,mm
7683,2026-07-11,14:15:00,26.0,26.0,24.0,21.0,56.0,49.0,0.0,0.0,577.1,1.6,11.3,W,SSW,C,mm,km/h,mm
7684,2026-07-11,14:30:00,26.0,26.0,25.0,21.0,56.0,47.0,0.0,0.0,576.9,3.2,14.5,WSW,SW,C,mm,km/h,mm
7685,2026-07-11,14:45:00,25.0,26.0,25.0,21.0,56.0,46.0,0.0,0.0,576.7,1.6,9.7,NNW,W,C,mm,km/h,mm
7686,2026-07-11,15:00:00,24.0,25.0,24.0,21.0,56.0,52.0,0.0,0.0,576.8,3.2,19.3,NNW,WNW,C,mm,km/h,mm
7687,2026-07-11,15:15:00,21.0,24.0,21.0,21.0,55.0,62.0,0.0,0.0,576.9,4.8,16.1,NNW,N,C,mm,km/h,mm
7688,2026-07-11,15:30:00,20.0,21.0,20.0,21.0,56.0,65.0,0.0,0.0,577.0,1.6,11.3,NNW,NW,C,mm,km/h,mm
7689,2026-07-11,15:45:00,21.0,21.0,20.0,21.0,56.0,64.0,0.0,0.0,577.1,1.6,9.7,NW,SW,C,mm,km/h,mm
7690,2026-07-11,16:00:00,22.0,22.0,21.0,21.0,56.0,64.0,0.0,0.0,576.9,3.2,16.1,WSW,WSW,C,mm,km/h,mm
7691,2026-07-11,16:15:00,22.0,22.0,22.0,21.0,56.0,62.0,0.0,0.0,576.7,3.2,14.5,WSW,SW,C,mm,km/h,mm
7692,2026-07-11,16:30:00,22.0,22.0,22.0,21.0,56.0,58.0,0.0,0.0,576.7,3.2,12.9,W,W,C,mm,km/h,mm
7693,2026-07-11,16:45:00,22.0,22.0,22.0,21.0,56.0,64.0,0.0,0.0,576.8,3.2,9.7,W,W,C,mm,km/h,mm
7694,2026-07-11,17:00:00,21.0,22.0,21.0,21.0,56.0,66.0,0.0,0.0,576.9,3.2,12.9,SW,S,C,mm,km/h,mm
7695,2026-07-11,17:15:00,20.0,21.0,20.0,21.0,56.0,68.0,0.0,0.0,576.8,3.2,14.5,WSW,WSW,C,mm,km/h,mm
7696,2026-07-11,17:30:00,20.0,20.0,20.0,21.0,56.0,69.0,0.0,0.0,576.9,3.2,9.7,WSW,NW,C,mm,km/h,mm
7697,2026-07-11,17:45:00,20.0,21.0,20.0,21.0,57.0,69.0,0.0,0.0,576.7,3.2,11.3,WSW,WNW,C,mm,km/h,mm
7698,2026-07-11,18:00:00,20.0,20.0,20.0,21.0,57.0,68.0,0.0,0.0,576.9,3.2,14.5,SW,W,C,mm,km/h,mm
7699,2026-07-11,18:15:00,20.0,20.0,20.0,21.0,57.0,68.0,0.0,0.0,577.2,1.6,8.0,WSW,SSW,C,mm,km/h,mm
7700,2026-07-11,18:30:00,20.0,20.0,20.0,21.0,57.0,71.0,0.0,0.0,577.3,0.0,3.2,E,W,C,mm,km/h,mm
7701,2026-07-11,18:45:00,19.0,20.0,19.0,21.0,57.0,76.0,0.0,0.0,577.5,0.0,4.8,E,E,C,mm,km/h,mm
7702,2026-07-11,19:00:00,18.0,19.0,18.0,21.0,57.0,84.0,0.2,0.0,577.4,1.6,9.7,E,ENE,C,mm,km/h,mm
7703,2026-07-11,19:15:00,17.0,18.0,17.0,21.0,57.0,87.0,0.4,5.0,577.5,1.6,6.4,E,SE,C,mm,km/h,mm
7704,2026-07-11,19:30:00,17.0,17.0,17.0,21.0,57.0,89.0,0.4,5.0,577.5,1.6,9.7,E,E,C,mm,km/h,mm
7705,2026-07-11,19:45:00,17.0,17.0,17.0,21.0,58.0,90.0,0.2,1.6,577.7,0.0,1.6,NE,NE,C,mm,km/h,mm
7706,2026-07-11,20:00:00,17.0,17.0,17.0,21.0,58.0,90.0,0.0,0.0,578.0,0.0,3.2,SW,SW,C,mm,km/h,mm
7707,2026-07-11,20:15:00,16.0,17.0,16.0,21.0,58.0,91.0,0.0,0.0,578.1,0.0,0.0,,,C,mm,km/h,mm
7708,2026-07-11,20:30:00,16.0,16.0,16.0,21.0,59.0,90.0,0.0,0.0,578.2,0.0,0.0,,,C,mm,km/h,mm
7709,2026-07-11,20:45:00,16.0,16.0,16.0,21.0,59.0,90.0,0.0,0.0,578.2,0.0,1.6,NE,NE,C,mm,km/h,mm
7710,2026-07-11,21:00:00,16.0,16.0,16.0,21.0,59.0,91.0,0.0,0.0,578.4,0.0,1.6,W,N,C,mm,km/h,mm
7711,2026-07-11,21:15:00,16.0,16.0,16.0,21.0,59.0,91.0,0.0,0.0,578.5,0.0,1.6,NNE,NNE,C,mm,km/h,mm
7712,2026-07-11,21:30:00,16.0,16.0,16.0,21.0,59.0,91.0,0.0,0.0,578.6,0.0,0.0,,,C,mm,km/h,mm
7713,2026-07-11,21:45:00,16.0,16.0,16.0,21.0,59.0,91.0,0.0,0.0,578.8,0.0,0.0,,,C,mm,km/h,mm
7714,2026-07-11,22:00:00,16.0,16.0,16.0,21.0,59.0,92.0,0.0,0.0,578.9,0.0,0.0,,,C,mm,km/h,mm
7715,2026-07-11,22:15:00,16.0,16.0,16.0,21.0,60.0,92.0,0.0,0.0,579.0,0.0,0.0,,,C,mm,km/h,mm
7716,2026-07-11,22:30:00,16.0,16.0,16.0,21.0,60.0,92.0,0.0,0.0,579.0,0.0,1.6,NW,NW,C,mm,km/h,mm
7717,2026-07-11,22:45:00,15.0,16.0,15.0,21.0,60.0,92.0,0.0,0.0,579.0,0.0,0.0,,,C,mm,km/h,mm
7718,2026-07-11,23:00:00,15.0,15.0,15.0,21.0,60.0,92.0,0.0,0.0,579.3,0.0,0.0,,,C,mm,km/h,mm
7719,2026-07-11,23:15:00,16.0,16.0,15.0,21.0,60.0,87.0,0.0,0.0,579.4,0.0,3.2,SSW,SSE,C,mm,km/h,mm
7720,2026-07-11,23:30:00,16.0,16.0,16.0,21.0,60.0,84.0,0.0,0.0,579.3,0.0,1.6,WNW,SSW,C,mm,km/h,mm
7721,2026-07-11,23:45:00,16.0,16.0,16.0,21.0,60.0,83.0,0.0,0.0,579.3,0.0,3.2,WNW,W,C,mm,km/h,mm
7722,2026-07-12,00:15:00,16.0,16.0,16.0,21.0,60.0,84.0,0.0,0.0,579.1,0.0,1.6,WNW,WNW,C,mm,km/h,mm
7723,2026-07-12,00:30:00,16.0,16.0,16.0,21.0,59.0,84.0,0.0,0.0,579.1,0.0,1.6,NE,NE,C,mm,km/h,mm
7724,2026-07-12,00:45:00,15.0,16.0,15.0,21.0,59.0,84.0,0.0,0.0,579.0,0.0,3.2,SSW,SSW,C,mm,km/h,mm
7725,2026-07-12,01:00:00,15.0,15.0,15.0,21.0,59.0,84.0,0.0,0.0,579.1,0.0,4.8,SW,SSE,C,mm,km/h,mm
7726,2026-07-12,01:15:00,15.0,15.0,15.0,21.0,59.0,84.0,0.0,0.0,579.1,0.0,6.4,WSW,SSW,C,mm,km/h,mm
7727,2026-07-12,01:30:00,15.0,15.0,15.0,21.0,58.0,85.0,0.0,0.0,578.9,0.0,6.4,WSW,SSW,C,mm,km/h,mm
7728,2026-07-12,01:45:00,15.0,15.0,15.0,21.0,58.0,85.0,0.0,0.0,578.8,1.6,6.4,SW,SW,C,mm,km/h,mm
7729,2026-07-12,02:00:00,15.0,15.0,15.0,21.0,58.0,85.0,0.0,0.0,578.6,1.6,8.0,W,WSW,C,mm,km/h,mm
7730,2026-07-12,02:15:00,15.0,15.0,15.0,21.0,58.0,85.0,0.0,0.0,578.5,1.6,8.0,WSW,WSW,C,mm,km/h,mm
7731,2026-07-12,02:30:00,15.0,15.0,15.0,21.0,58.0,85.0,0.0,0.0,578.4,0.0,4.8,SW,W,C,mm,km/h,mm
7732,2026-07-12,02:45:00,14.0,15.0,14.0,21.0,58.0,85.0,0.0,0.0,578.3,0.0,4.8,WSW,WSW,C,mm,km/h,mm
7733,2026-07-12,03:00:00,14.0,14.0,14.0,21.0,57.0,86.0,0.0,0.0,578.1,0.0,0.0,,,C,mm,km/h,mm
7734,2026-07-12,03:15:00,14.0,14.0,14.0,21.0,57.0,85.0,0.0,0.0,578.1,0.0,1.6,ENE,NNE,C,mm,km/h,mm
7735,2026-07-12,03:30:00,14.0,14.0,14.0,21.0,57.0,84.0,0.0,0.0,578.1,0.0,1.6,ENE,ENE,C,mm,km/h,mm
7736,2026-07-12,03:45:00,14.0,14.0,14.0,21.0,57.0,85.0,0.0,0.0,578.1,0.0,3.2,SE,S,C,mm,km/h,mm
7737,2026-07-12,04:00:00,14.0,15.0,14.0,21.0,57.0,86.0,0.0,0.0,578.2,0.0,3.2,WSW,WNW,C,mm,km/h,mm
7738,2026-07-12,04:15:00,15.0,15.0,14.0,21.0,57.0,86.0,0.0,0.0,578.4,1.6,8.0,W,W,C,mm,km/h,mm
7739,2026-07-12,04:30:00,15.0,15.0,15.0,21.0,57.0,86.0,0.0,0.0,578.3,0.0,4.8,SW,SW,C,mm,km/h,mm
7740,2026-07-12,04:45:00,15.0,15.0,15.0,21.0,57.0,86.0,0.0,0.0,578.3,0.0,3.2,SW,SW,C,mm,km/h,mm
7741,2026-07-12,05:00:00,15.0,15.0,15.0,21.0,57.0,86.0,0.0,0.0,578.4,0.0,4.8,WSW,W,C,mm,km/h,mm
7742,2026-07-12,05:15:00,15.0,15.0,15.0,21.0,57.0,86.0,0.0,0.0,578.5,0.0,3.2,SSW,WSW,C,mm,km/h,mm
7743,2026-07-12,05:30:00,15.0,15.0,15.0,21.0,57.0,84.0,0.0,0.0,578.6,0.0,3.2,W,SSW,C,mm,km/h,mm
7744,2026-07-12,05:45:00,15.0,15.0,15.0,21.0,57.0,85.0,0.0,0.0,578.7,0.0,3.2,W,WSW,C,mm,km/h,mm
7745,2026-07-12,06:00:00,14.0,15.0,14.0,21.0,57.0,84.0,0.0,0.0,578.7,0.0,1.6,WNW,WNW,C,mm,km/h,mm
7746,2026-07-12,06:15:00,14.0,14.0,14.0,21.0,57.0,83.0,0.0,0.0,578.8,0.0,3.2,SW,SW,C,mm,km/h,mm
7747,2026-07-12,06:30:00,14.0,14.0,14.0,21.0,57.0,83.0,0.0,0.0,578.9,0.0,0.0,,,C,mm,km/h,mm
7748,2026-07-12,06:45:00,14.0,14.0,14.0,20.0,57.0,83.0,0.0,0.0,579.1,0.0,3.2,WSW,WSW,C,mm,km/h,mm
7749,2026-07-12,07:00:00,14.0,14.0,14.0,20.0,57.0,82.0,0.0,0.0,579.1,0.0,3.2,SW,SW,C,mm,km/h,mm
7750,2026-07-12,07:15:00,15.0,15.0,14.0,20.0,56.0,80.0,0.0,0.0,579.0,0.0,3.2,SSW,W,C,mm,km/h,mm
7751,2026-07-12,07:30:00,15.0,15.0,15.0,20.0,56.0,79.0,0.0,0.0,579.1,1.6,6.4,W,N,C,mm,km/h,mm
7752,2026-07-12,07:45:00,16.0,16.0,15.0,20.0,56.0,78.0,0.0,0.0,579.1,1.6,6.4,WSW,S,C,mm,km/h,mm
7753,2026-07-12,08:00:00,17.0,17.0,16.0,20.0,56.0,74.0,0.0,0.0,579.0,1.6,8.0,SW,WSW,C,mm,km/h,mm
7754,2026-07-12,08:15:00,18.0,18.0,17.0,20.0,56.0,69.0,0.0,0.0,579.1,1.6,6.4,W,SW,C,mm,km/h,mm
7755,2026-07-12,08:30:00,17.0,18.0,17.0,20.0,56.0,70.0,0.0,0.0,579.1,0.0,1.6,N,N,C,mm,km/h,mm
7756,2026-07-12,08:45:00,18.0,18.0,17.0,20.0,56.0,70.0,0.0,0.0,579.1,0.0,3.2,ENE,ENE,C,mm,km/h,mm
7757,2026-07-12,09:00:00,19.0,19.0,18.0,20.0,56.0,67.0,0.0,0.0,579.1,0.0,4.8,WSW,WSW,C,mm,km/h,mm
7758,2026-07-12,09:15:00,19.0,20.0,19.0,20.0,56.0,66.0,0.0,0.0,579.0,0.0,6.4,WSW,WSW,C,mm,km/h,mm
7759,2026-07-12,09:30:00,19.0,19.0,19.0,20.0,56.0,69.0,0.0,0.0,579.0,1.6,4.8,E,WSW,C,mm,km/h,mm
7760,2026-07-12,09:45:00,20.0,20.0,19.0,20.0,56.0,64.0,0.0,0.0,579.1,1.6,6.4,E,E,C,mm,km/h,mm
7761,2026-07-12,10:00:00,19.0,20.0,19.0,20.0,56.0,64.0,0.0,0.0,579.0,1.6,6.4,E,E,C,mm,km/h,mm
7762,2026-07-12,10:15:00,20.0,20.0,19.0,20.0,56.0,61.0,0.0,0.0,578.8,1.6,9.7,WSW,SW,C,mm,km/h,mm
7763,2026-07-12,10:30:00,21.0,21.0,20.0,20.0,56.0,57.0,0.0,0.0,578.7,1.6,6.4,WNW,SSW,C,mm,km/h,mm
7764,2026-07-12,10:45:00,22.0,22.0,21.0,20.0,56.0,59.0,0.0,0.0,578.9,0.0,3.2,NE,NE,C,mm,km/h,mm
7765,2026-07-12,11:00:00,22.0,22.0,22.0,20.0,56.0,56.0,0.0,0.0,578.9,1.6,4.8,E,E,C,mm,km/h,mm
7766,2026-07-12,11:15:00,23.0,23.0,22.0,20.0,56.0,52.0,0.0,0.0,578.8,1.6,6.4,NNW,NW,C,mm,km/h,mm
7767,2026-07-12,11:30:00,24.0,24.0,23.0,21.0,55.0,52.0,0.0,0.0,578.8,1.6,6.4,NW,NW,C,mm,km/h,mm
7768,2026-07-12,11:45:00,24.0,24.0,23.0,21.0,55.0,51.0,0.0,0.0,578.5,3.2,17.7,W,W,C,mm,km/h,mm
7769,2026-07-12,12:00:00,23.0,24.0,23.0,21.0,55.0,52.0,0.0,0.0,578.6,3.2,9.7,E,WSW,C,mm,km/h,mm
7770,2026-07-12,12:15:00,24.0,24.0,23.0,21.0,55.0,52.0,0.0,0.0,578.4,1.6,9.7,NW,NNW,C,mm,km/h,mm
7771,2026-07-12,12:30:00,25.0,25.0,24.0,21.0,55.0,49.0,0.0,0.0,578.4,1.6,11.3,NNW,WNW,C,mm,km/h,mm
7772,2026-07-12,12:45:00,25.0,25.0,25.0,21.0,55.0,48.0,0.0,0.0,578.1,1.6,9.7,NW,SSE,C,mm,km/h,mm
7773,2026-07-12,13:00:00,25.0,26.0,25.0,21.0,55.0,48.0,0.0,0.0,578.0,1.6,8.0,NW,WNW,C,mm,km/h,mm
7774,2026-07-12,13:15:00,25.0,25.0,24.0,21.0,55.0,48.0,0.0,0.0,577.8,1.6,11.3,W,WNW,C,mm,km/h,mm
7775,2026-07-12,13:30:00,24.0,25.0,24.0,21.0,55.0,50.0,0.0,0.0,577.7,1.6,11.3,SW,SSW,C,mm,km/h,mm
7776,2026-07-12,13:45:00,24.0,24.0,24.0,21.0,55.0,50.0,0.0,0.0,577.4,1.6,11.3,SW,S,C,mm,km/h,mm
7777,2026-07-12,14:00:00,24.0,24.0,24.0,21.0,55.0,49.0,0.0,0.0,577.2,1.6,9.7,NW,N,C,mm,km/h,mm
7778,2026-07-12,14:15:00,26.0,26.0,24.0,21.0,55.0,48.0,0.0,0.0,577.1,1.6,4.8,NNW,SSW,C,mm,km/h,mm
7779,2026-07-12,14:30:00,26.0,26.0,25.0,21.0,55.0,47.0,0.0,0.0,576.8,3.2,11.3,WSW,WSW,C,mm,km/h,mm
7780,2026-07-12,14:45:00,25.0,26.0,25.0,21.0,55.0,51.0,0.0,0.0,576.7,3.2,14.5,W,SSW,C,mm,km/h,mm
7781,2026-07-12,15:00:00,23.0,25.0,23.0,21.0,54.0,54.0,0.0,0.0,576.7,4.8,14.5,W,WSW,C,mm,km/h,mm
7782,2026-07-12,15:15:00,24.0,24.0,23.0,21.0,54.0,56.0,0.0,0.0,576.6,4.8,16.1,W,W,C,mm,km/h,mm
7783,2026-07-12,15:30:00,25.0,25.0,24.0,21.0,54.0,53.0,0.0,0.0,576.4,6.4,16.1,WSW,SW,C,mm,km/h,mm
7784,2026-07-12,15:45:00,24.0,25.0,24.0,21.0,55.0,54.0,0.0,0.0,575.9,4.8,17.7,NNW,WNW,C,mm,km/h,mm
7785,2026-07-12,16:00:00,24.0,24.0,24.0,21.0,55.0,54.0,0.0,0.0,575.7,4.8,20.9,W,WSW,C,mm,km/h,mm
7786,2026-07-12,16:15:00,23.0,24.0,23.0,21.0,55.0,58.0,0.0,0.0,575.9,3.2,16.1,NW,WNW,C,mm,km/h,mm
7787,2026-07-12,16:30:00,20.0,23.0,20.0,21.0,55.0,73.0,0.0,0.0,576.3,1.6,12.9,ENE,WNW,C,mm,km/h,mm
7788,2026-07-12,16:45:00,18.0,20.0,18.0,21.0,56.0,84.0,2.2,19.8,576.6,1.6,6.4,NW,NNW,C,mm,km/h,mm
7789,2026-07-12,17:00:00,17.0,18.0,17.0,21.0,57.0,88.0,2.2,41.2,576.7,1.6,11.3,NNW,NW,C,mm,km/h,mm
7790,2026-07-12,17:15:00,16.0,17.0,16.0,21.0,57.0,86.0,0.0,0.8,576.7,3.2,12.9,W,W,C,mm,km/h,mm
7791,2026-07-12,17:30:00,16.0,16.0,16.0,21.0,57.0,88.0,0.0,0.0,576.8,0.0,0.0,,,C,mm,km/h,mm
7792,2026-07-12,17:45:00,16.0,16.0,16.0,21.0,57.0,90.0,0.0,0.0,577.3,0.0,0.0,,,C,mm,km/h,mm
7793,2026-07-12,18:00:00,16.0,16.0,16.0,21.0,57.0,90.0,0.0,0.0,577.3,0.0,1.6,NNE,NNE,C,mm,km/h,mm
7794,2026-07-12,18:15:00,16.0,17.0,16.0,21.0,58.0,89.0,0.2,0.0,577.2,0.0,0.0,,,C,mm,km/h,mm
7795,2026-07-12,18:30:00,17.0,17.0,16.0,21.0,58.0,88.0,0.0,0.0,577.2,0.0,6.4,WSW,SW,C,mm,km/h,mm
7796,2026-07-12,18:45:00,17.0,17.0,17.0,21.0,58.0,88.0,0.0,0.0,577.3,0.0,0.0,,,C,mm,km/h,mm
7797,2026-07-12,19:00:00,17.0,17.0,17.0,21.0,58.0,90.0,0.0,0.0,577.4,0.0,0.0,,,C,mm,km/h,mm
7798,2026-07-12,19:15:00,16.0,17.0,16.0,21.0,58.0,91.0,0.0,0.0,577.7,0.0,0.0,,,C,mm,km/h,mm
7799,2026-07-12,19:30:00,17.0,17.0,17.0,21.0,59.0,91.0,0.0,0.0,577.8,0.0,3.2,E,E,C,mm,km/h,mm
7800,2026-07-12,19:45:00,16.0,17.0,16.0,21.0,59.0,91.0,0.0,0.0,577.8,0.0,0.0,,,C,mm,km/h,mm
7801,2026-07-12,20:00:00,17.0,17.0,16.0,21.0,59.0,91.0,0.0,0.0,578.0,0.0,0.0,,,C,mm,km/h,mm
7802,2026-07-12,20:15:00,17.0,17.0,16.0,21.0,59.0,91.0,0.0,0.0,578.1,0.0,0.0,,,C,mm,km/h,mm
7803,2026-07-12,20:30:00,17.0,17.0,17.0,21.0,59.0,91.0,0.0,0.0,578.2,0.0,0.0,,,C,mm,km/h,mm
7804,2026-07-12,20:45:00,17.0,17.0,17.0,21.0,59.0,92.0,0.0,0.0,578.4,0.0,0.0,,,C,mm,km/h,mm
7805,2026-07-12,21:00:00,17.0,17.0,17.0,21.0,60.0,91.0,0.0,0.0,578.6,0.0,0.0,,,C,mm,km/h,mm
7806,2026-07-12,21:15:00,17.0,17.0,17.0,21.0,60.0,91.0,0.0,0.0,578.7,0.0,0.0,,,C,mm,km/h,mm
7807,2026-07-12,21:30:00,17.0,17.0,17.0,21.0,60.0,92.0,0.0,0.0,578.7,0.0,0.0,,,C,mm,km/h,mm
7808,2026-07-12,21:45:00,16.0,17.0,16.0,21.0,60.0,91.0,0.0,0.0,578.7,0.0,0.0,,,C,mm,km/h,mm
7809,2026-07-12,22:00:00,16.0,16.0,16.0,21.0,60.0,88.0,0.0,0.0,578.7,0.0,0.0,,,C,mm,km/h,mm
7810,2026-07-12,22:15:00,16.0,16.0,16.0,21.0,60.0,90.0,0.0,0.0,578.8,0.0,0.0,,,C,mm,km/h,mm
7811,2026-07-12,22:30:00,16.0,16.0,16.0,21.0,60.0,91.0,0.0,0.0,579.0,0.0,0.0,,,C,mm,km/h,mm
7812,2026-07-12,22:45:00,16.0,16.0,16.0,21.0,60.0,90.0,0.0,0.0,579.2,0.0,1.6,SSW,SSW,C,mm,km/h,mm
7813,2026-07-12,23:00:00,16.0,16.0,16.0,21.0,60.0,88.0,0.0,0.0,579.2,0.0,1.6,SSW,SSW,C,mm,km/h,mm
7814,2026-07-12,23:15:00,16.0,16.0,16.0,21.0,60.0,87.0,0.0,0.0,579.1,0.0,0.0,,,C,mm,km/h,mm
7815,2026-07-12,23:30:00,16.0,16.0,16.0,21.0,60.0,86.0,0.0,0.0,579.2,0.0,1.6,SSW,SSW,C,mm,km/h,mm
7816,2026-07-12,23:45:00,16.0,16.0,16.0,21.0,60.0,86.0,0.0,0.0,579.0,0.0,0.0,,,C,mm,km/h,mm
7817,2026-07-13,00:15:00,16.0,16.0,16.0,21.0,60.0,86.0,0.0,0.0,578.8,0.0,1.6,SSW,SSW,C,mm,km/h,mm
7818,2026-07-13,00:30:00,15.0,16.0,15.0,21.0,60.0,88.0,0.0,0.0,578.7,0.0,0.0,,,C,mm,km/h,mm
7819,2026-07-13,00:45:00,15.0,15.0,15.0,21.0,60.0,88.0,0.0,0.0,578.7,0.0,1.6,SSW,SSW,C,mm,km/h,mm
7820,2026-07-13,01:00:00,15.0,15.0,15.0,21.0,60.0,87.0,0.0,0.0,578.9,0.0,3.2,SW,SW,C,mm,km/h,mm
7821,2026-07-13,01:15:00,15.0,15.0,15.0,21.0,60.0,88.0,0.0,0.0,578.8,0.0,0.0,,,C,mm,km/h,mm
7822,2026-07-13,01:30:00,15.0,15.0,15.0,21.0,60.0,88.0,0.0,0.0,578.8,0.0,3.2,WSW,WSW,C,mm,km/h,mm
7823,2026-07-13,01:45:00,15.0,15.0,15.0,21.0,60.0,88.0,0.0,0.0,578.9,0.0,3.2,SSW,SW,C,mm,km/h,mm
7824,2026-07-13,02:00:00,15.0,15.0,15.0,21.0,59.0,87.0,0.0,0.0,578.8,0.0,1.6,SW,SSW,C,mm,km/h,mm
7825,2026-07-13,02:15:00,15.0,15.0,15.0,21.0,59.0,88.0,0.0,0.0,579.0,0.0,4.8,W,WSW,C,mm,km/h,mm
7826,2026-07-13,02:30:00,15.0,15.0,15.0,21.0,59.0,88.0,0.0,0.0,578.9,0.0,4.8,W,W,C,mm,km/h,mm
7827,2026-07-13,02:45:00,15.0,15.0,15.0,21.0,59.0,88.0,0.0,0.0,578.9,0.0,1.6,WSW,WSW,C,mm,km/h,mm
7828,2026-07-13,03:00:00,15.0,15.0,15.0,21.0,59.0,88.0,0.0,0.0,578.8,0.0,0.0,,,C,mm,km/h,mm
7829,2026-07-13,03:15:00,15.0,15.0,15.0,21.0,59.0,88.0,0.0,0.0,578.7,0.0,3.2,W,W,C,mm,km/h,mm
7830,2026-07-13,03:30:00,15.0,15.0,15.0,21.0,59.0,87.0,0.0,0.0,578.6,0.0,1.6,SW,WSW,C,mm,km/h,mm
7831,2026-07-13,03:45:00,15.0,15.0,15.0,21.0,59.0,87.0,0.0,0.0,578.4,0.0,4.8,SW,SSW,C,mm,km/h,mm
7832,2026-07-13,04:00:00,15.0,15.0,15.0,21.0,59.0,88.0,0.0,0.0,578.5,0.0,0.0,,,C,mm,km/h,mm
7833,2026-07-13,04:15:00,15.0,15.0,15.0,21.0,59.0,88.0,0.0,0.0,578.4,0.0,0.0,,,C,mm,km/h,mm
7834,2026-07-13,04:30:00,15.0,15.0,15.0,21.0,59.0,88.0,0.0,0.0,578.5,0.0,0.0,,,C,mm,km/h,mm
7835,2026-07-13,04:45:00,15.0,15.0,15.0,21.0,59.0,88.0,0.0,0.0,578.5,0.0,0.0,,,C,mm,km/h,mm
7836,2026-07-13,05:00:00,14.0,15.0,14.0,21.0,59.0,88.0,0.0,0.0,578.5,0.0,0.0,,,C,mm,km/h,mm
7837,2026-07-13,05:15:00,14.0,14.0,14.0,21.0,59.0,89.0,0.0,0.0,578.5,0.0,3.2,SW,SW,C,mm,km/h,mm
7838,2026-07-13,05:30:00,14.0,14.0,14.0,20.0,59.0,89.0,0.0,0.0,578.5,0.0,1.6,SW,SW,C,mm,km/h,mm
7839,2026-07-13,05:45:00,14.0,14.0,14.0,20.0,59.0,89.0,0.0,0.0,578.6,0.0,1.6,W,W,C,mm,km/h,mm
7840,2026-07-13,06:00:00,14.0,14.0,14.0,20.0,59.0,90.0,0.0,0.0,578.7,0.0,0.0,,,C,mm,km/h,mm
7841,2026-07-13,06:15:00,14.0,14.0,14.0,20.0,59.0,90.0,0.0,0.0,578.6,0.0,0.0,,,C,mm,km/h,mm
7842,2026-07-13,06:30:00,14.0,14.0,14.0,20.0,59.0,90.0,0.0,0.0,578.6,0.0,3.2,WNW,WNW,C,mm,km/h,mm
7843,2026-07-13,06:45:00,14.0,14.0,14.0,21.0,59.0,89.0,0.0,0.0,578.6,0.0,1.6,SW,N,C,mm,km/h,mm
7844,2026-07-13,07:00:00,14.0,14.0,14.0,21.0,59.0,89.0,0.0,0.0,579.1,0.0,0.0,,,C,mm,km/h,mm
7845,2026-07-13,07:15:00,15.0,15.0,14.0,21.0,59.0,87.0,0.0,0.0,579.2,0.0,0.0,,,C,mm,km/h,mm
7846,2026-07-13,07:30:00,16.0,16.0,15.0,21.0,59.0,86.0,0.0,0.0,579.4,0.0,0.0,,,C,mm,km/h,mm
7847,2026-07-13,07:45:00,16.0,16.0,16.0,21.0,59.0,87.0,0.0,0.0,579.6,0.0,1.6,WSW,WSW,C,mm,km/h,mm
7848,2026-07-13,08:00:00,17.0,17.0,16.0,21.0,59.0,85.0,0.0,0.0,579.7,0.0,1.6,NNW,NW,C,mm,km/h,mm
7849,2026-07-13,08:15:00,18.0,18.0,17.0,21.0,59.0,80.0,0.0,0.0,579.7,0.0,6.4,WSW,WSW,C,mm,km/h,mm
7850,2026-07-13,08:30:00,18.0,18.0,18.0,21.0,59.0,76.0,0.0,0.0,579.6,0.0,8.0,W,WSW,C,mm,km/h,mm
7851,2026-07-13,08:45:00,18.0,18.0,18.0,21.0,59.0,77.0,0.0,0.0,579.5,1.6,6.4,SW,WSW,C,mm,km/h,mm
7852,2026-07-13,09:00:00,18.0,19.0,18.0,21.0,59.0,75.0,0.0,0.0,579.5,0.0,4.8,SW,SW,C,mm,km/h,mm
7853,2026-07-13,09:15:00,18.0,18.0,18.0,21.0,59.0,76.0,0.0,0.0,579.6,1.6,4.8,NE,SSW,C,mm,km/h,mm
7854,2026-07-13,09:30:00,18.0,18.0,18.0,21.0,59.0,76.0,0.0,0.0,579.8,1.6,8.0,SW,WSW,C,mm,km/h,mm
7855,2026-07-13,09:45:00,18.0,18.0,18.0,21.0,59.0,75.0,0.0,0.0,579.9,1.6,9.7,SW,SW,C,mm,km/h,mm
7856,2026-07-13,10:00:00,18.0,19.0,18.0,21.0,59.0,74.0,0.0,0.0,579.9,3.2,9.7,WSW,SSW,C,mm,km/h,mm
7857,2026-07-13,10:15:00,19.0,19.0,18.0,21.0,59.0,72.0,0.0,0.0,580.0,3.2,14.5,SW,WNW,C,mm,km/h,mm
7858,2026-07-13,10:30:00,19.0,19.0,19.0,21.0,59.0,71.0,0.0,0.0,579.9,3.2,12.9,WSW,WSW,C,mm,km/h,mm
7859,2026-07-13,10:45:00,20.0,20.0,19.0,21.0,58.0,69.0,0.0,0.0,579.8,1.6,8.0,WSW,SW,C,mm,km/h,mm
7860,2026-07-13,11:00:00,20.0,20.0,20.0,21.0,58.0,68.0,0.0,0.0,579.7,3.2,9.7,SW,SW,C,mm,km/h,mm
7861,2026-07-13,11:15:00,21.0,21.0,20.0,21.0,58.0,65.0,0.0,0.0,579.7,1.6,9.7,WSW,W,C,mm,km/h,mm
7862,2026-07-13,11:30:00,22.0,22.0,21.0,21.0,58.0,62.0,0.0,0.0,579.6,3.2,11.3,W,WSW,C,mm,km/h,mm
7863,2026-07-13,11:45:00,22.0,22.0,22.0,21.0,58.0,63.0,0.0,0.0,579.3,3.2,12.9,WSW,W,C,mm,km/h,mm
7864,2026-07-13,12:00:00,23.0,23.0,22.0,21.0,58.0,61.0,0.0,0.0,579.3,1.6,9.7,NNW,NW,C,mm,km/h,mm
7865,2026-07-13,12:15:00,22.0,23.0,22.0,21.0,58.0,59.0,0.0,0.0,579.1,3.2,11.3,WSW,WSW,C,mm,km/h,mm
7866,2026-07-13,12:30:00,22.0,22.0,22.0,21.0,58.0,58.0,0.0,0.0,579.0,1.6,6.4,SW,W,C,mm,km/h,mm
7867,2026-07-13,12:45:00,22.0,22.0,22.0,21.0,58.0,60.0,0.0,0.0,578.9,1.6,8.0,W,SSE,C,mm,km/h,mm
7868,2026-07-13,13:00:00,21.0,22.0,21.0,21.0,58.0,62.0,0.0,0.0,578.9,1.6,8.0,WSW,W,C,mm,km/h,mm
7869,2026-07-13,13:15:00,21.0,21.0,21.0,21.0,58.0,66.0,0.0,0.0,578.9,0.0,4.8,W,W,C,mm,km/h,mm
7870,2026-07-13,13:30:00,20.0,21.0,20.0,21.0,58.0,69.0,0.0,0.0,578.5,0.0,3.2,NNW,NNW,C,mm,km/h,mm
7871,2026-07-13,13:45:00,21.0,21.0,20.0,21.0,58.0,63.0,0.0,0.0,578.5,1.6,9.7,W,S,C,mm,km/h,mm
7872,2026-07-13,14:00:00,22.0,22.0,21.0,21.0,58.0,60.0,0.0,0.0,578.3,3.2,8.0,W,W,C,mm,km/h,mm
7873,2026-07-13,14:15:00,22.0,22.0,22.0,22.0,59.0,59.0,0.0,0.0,578.1,3.2,8.0,WSW,WNW,C,mm,km/h,mm
7874,2026-07-13,14:30:00,23.0,23.0,22.0,22.0,58.0,60.0,0.0,0.0,578.0,1.6,9.7,W,W,C,mm,km/h,mm
7875,2026-07-13,14:45:00,24.0,24.0,23.0,22.0,58.0,55.0,0.0,0.0,577.5,0.0,4.8,ENE,WSW,C,mm,km/h,mm
7876,2026-07-13,15:00:00,25.0,25.0,24.0,22.0,57.0,55.0,0.0,0.0,577.3,1.6,11.3,WSW,SSW,C,mm,km/h,mm
7877,2026-07-13,15:15:00,23.0,25.0,23.0,22.0,57.0,58.0,0.0,0.0,577.3,6.4,14.5,W,SW,C,mm,km/h,mm
7878,2026-07-13,15:30:00,23.0,23.0,23.0,22.0,57.0,61.0,0.0,0.0,577.3,6.4,14.5,WSW,SSE,C,mm,km/h,mm
7879,2026-07-13,15:45:00,23.0,23.0,23.0,22.0,56.0,62.0,0.0,0.0,577.2,6.4,17.7,SW,SW,C,mm,km/h,mm
7880,2026-07-13,16:00:00,23.0,23.0,23.0,22.0,56.0,58.0,0.0,0.0,577.0,6.4,19.3,SW,W,C,mm,km/h,mm
7881,2026-07-13,16:15:00,23.0,23.0,23.0,22.0,56.0,58.0,0.0,0.0,577.0,4.8,14.5,SW,NNE,C,mm,km/h,mm
7882,2026-07-13,16:30:00,23.0,23.0,23.0,22.0,56.0,57.0,0.0,0.0,576.8,4.8,14.5,SW,WNW,C,mm,km/h,mm
7883,2026-07-13,16:45:00,23.0,23.0,23.0,22.0,56.0,59.0,0.0,0.0,576.9,3.2,11.3,WSW,WNW,C,mm,km/h,mm
7884,2026-07-13,17:00:00,23.0,23.0,23.0,22.0,56.0,60.0,0.0,0.0,576.8,4.8,12.9,W,WNW,C,mm,km/h,mm
7885,2026-07-13,17:15:00,22.0,23.0,22.0,22.0,56.0,63.0,0.0,0.0,576.8,6.4,19.3,WSW,WNW,C,mm,km/h,mm
7886,2026-07-13,17:30:00,21.0,22.0,21.0,22.0,56.0,65.0,0.0,0.0,576.9,4.8,14.5,SW,WSW,C,mm,km/h,mm
7887,2026-07-13,17:45:00,21.0,21.0,21.0,22.0,56.0,66.0,0.0,0.0,577.3,3.2,9.7,E,ESE,C,mm,km/h,mm
7888,2026-07-13,18:00:00,18.0,21.0,18.0,22.0,56.0,76.0,0.0,0.0,577.4,3.2,9.7,E,E,C,mm,km/h,mm
7889,2026-07-13,18:15:00,17.0,18.0,17.0,22.0,56.0,85.0,4.4,60.0,577.6,1.6,9.7,E,ESE,C,mm,km/h,mm
7890,2026-07-13,18:30:00,16.0,17.0,16.0,22.0,56.0,89.0,1.0,17.6,577.5,0.0,4.8,WSW,W,C,mm,km/h,mm
7891,2026-07-13,18:45:00,16.0,16.0,16.0,22.0,57.0,89.0,0.2,1.6,577.4,1.6,6.4,W,W,C,mm,km/h,mm
7892,2026-07-13,19:00:00,16.0,16.0,16.0,22.0,57.0,88.0,0.0,0.0,577.6,0.0,4.8,SSW,S,C,mm,km/h,mm
7893,2026-07-13,19:15:00,16.0,16.0,16.0,22.0,57.0,89.0,0.0,0.0,578.0,0.0,4.8,SSW,SW,C,mm,km/h,mm
7894,2026-07-13,19:30:00,16.0,16.0,15.0,22.0,57.0,89.0,0.0,0.0,578.1,0.0,3.2,SW,NE,C,mm,km/h,mm
7895,2026-07-13,19:45:00,15.0,15.0,15.0,22.0,57.0,90.0,0.0,0.0,578.2,0.0,4.8,E,E,C,mm,km/h,mm
7896,2026-07-13,20:00:00,15.0,15.0,15.0,22.0,57.0,91.0,0.0,0.0,578.3,0.0,4.8,ENE,ENE,C,mm,km/h,mm
7897,2026-07-13,20:15:00,15.0,15.0,15.0,22.0,58.0,90.0,0.0,0.0,578.5,0.0,4.8,E,E,C,mm,km/h,mm
7898,2026-07-13,20:30:00,15.0,15.0,15.0,22.0,57.0,89.0,0.0,0.0,578.6,0.0,3.2,NE,NE,C,mm,km/h,mm
7899,2026-07-13,20:45:00,15.0,15.0,15.0,22.0,57.0,89.0,0.0,0.0,578.6,0.0,1.6,SW,SSW,C,mm,km/h,mm
7900,2026-07-13,21:00:00,16.0,16.0,15.0,22.0,57.0,88.0,0.0,0.0,578.6,0.0,4.8,SW,SW,C,mm,km/h,mm
7901,2026-07-13,21:15:00,16.0,16.0,16.0,22.0,57.0,87.0,0.0,0.0,578.8,0.0,3.2,SW,SW,C,mm,km/h,mm
7902,2026-07-13,21:30:00,16.0,16.0,16.0,22.0,57.0,85.0,0.0,0.0,579.0,0.0,6.4,SW,SW,C,mm,km/h,mm
7903,2026-07-13,21:45:00,15.0,16.0,15.0,22.0,57.0,86.0,0.0,0.0,579.1,0.0,1.6,E,W,C,mm,km/h,mm
7904,2026-07-13,22:00:00,15.0,15.0,15.0,22.0,57.0,88.0,0.0,0.0,579.2,0.0,0.0,,,C,mm,km/h,mm
7905,2026-07-13,22:15:00,15.0,15.0,15.0,22.0,57.0,87.0,0.0,0.0,579.5,0.0,3.2,WSW,WSW,C,mm,km/h,mm
7906,2026-07-13,22:30:00,15.0,15.0,15.0,22.0,57.0,88.0,0.0,0.0,579.7,0.0,0.0,,,C,mm,km/h,mm
7907,2026-07-13,22:45:00,15.0,15.0,15.0,22.0,57.0,88.0,0.0,0.0,579.6,0.0,1.6,W,W,C,mm,km/h,mm
7908,2026-07-13,23:00:00,15.0,15.0,15.0,22.0,57.0,88.0,0.0,0.0,579.7,0.0,4.8,W,S,C,mm,km/h,mm
7909,2026-07-13,23:15:00,15.0,15.0,15.0,22.0,57.0,88.0,0.0,0.0,579.5,0.0,3.2,WSW,WSW,C,mm,km/h,mm
7910,2026-07-13,23:30:00,15.0,15.0,15.0,22.0,57.0,88.0,0.0,0.0,579.6,0.0,1.6,NNE,S,C,mm,km/h,mm
7911,2026-07-13,23:45:00,15.0,15.0,15.0,22.0,57.0,87.0,0.0,0.0,579.6,0.0,1.6,W,W,C,mm,km/h,mm
7912,2026-07-14,00:15:00,15.0,15.0,14.0,21.0,57.0,86.0,0.0,0.0,579.7,0.0,6.4,WSW,SW,C,mm,km/h,mm
7913,2026-07-14,00:30:00,15.0,15.0,15.0,21.0,57.0,85.0,0.0,0.0,579.6,0.0,4.8,SW,SW,C,mm,km/h,mm
7914,2026-07-14,00:45:00,15.0,15.0,15.0,21.0,56.0,85.0,0.0,0.0,579.5,0.0,8.0,WSW,SSW,C,mm,km/h,mm
7915,2026-07-14,01:00:00,15.0,15.0,15.0,21.0,56.0,85.0,0.0,0.0,579.4,0.0,3.2,W,W,C,mm,km/h,mm
7916,2026-07-14,01:15:00,15.0,15.0,15.0,21.0,56.0,85.0,0.0,0.0,579.2,0.0,4.8,SW,SSW,C,mm,km/h,mm
7917,2026-07-14,01:30:00,15.0,15.0,15.0,21.0,56.0,85.0,0.0,0.0,579.0,0.0,6.4,SW,S,C,mm,km/h,mm
7918,2026-07-14,01:45:00,15.0,15.0,14.0,21.0,56.0,84.0,0.0,0.0,579.0,0.0,8.0,SW,SW,C,mm,km/h,mm
7919,2026-07-14,02:00:00,14.0,15.0,14.0,21.0,56.0,84.0,0.0,0.0,578.8,0.0,4.8,W,W,C,mm,km/h,mm
7920,2026-07-14,02:15:00,14.0,14.0,14.0,21.0,56.0,84.0,0.0,0.0,578.8,0.0,4.8,SSW,SSW,C,mm,km/h,mm
7921,2026-07-14,02:30:00,14.0,14.0,14.0,21.0,55.0,85.0,0.0,0.0,578.8,0.0,3.2,SSW,WSW,C,mm,km/h,mm
7922,2026-07-14,02:45:00,14.0,14.0,14.0,21.0,55.0,85.0,0.0,0.0,578.7,0.0,0.0,,,C,mm,km/h,mm
7923,2026-07-14,03:00:00,13.0,14.0,13.0,21.0,55.0,87.0,0.0,0.0,578.8,0.0,0.0,,,C,mm,km/h,mm
7924,2026-07-14,03:15:00,13.0,13.0,13.0,21.0,55.0,85.0,0.0,0.0,578.8,0.0,1.6,N,SSW,C,mm,km/h,mm
7925,2026-07-14,03:30:00,13.0,13.0,13.0,21.0,55.0,83.0,0.0,0.0,578.7,0.0,1.6,W,WNW,C,mm,km/h,mm
7926,2026-07-14,03:45:00,14.0,14.0,13.0,21.0,55.0,81.0,0.0,0.0,578.7,0.0,3.2,WSW,SW,C,mm,km/h,mm
7927,2026-07-14,04:00:00,14.0,14.0,14.0,21.0,55.0,81.0,0.0,0.0,578.6,0.0,1.6,W,WNW,C,mm,km/h,mm
7928,2026-07-14,04:15:00,13.0,14.0,13.0,21.0,55.0,84.0,0.0,0.0,578.6,0.0,0.0,,,C,mm,km/h,mm
7929,2026-07-14,04:30:00,13.0,13.0,13.0,21.0,55.0,85.0,0.0,0.0,578.7,0.0,0.0,,,C,mm,km/h,mm
7930,2026-07-14,04:45:00,14.0,14.0,13.0,21.0,54.0,84.0,0.0,0.0,578.7,0.0,3.2,SW,ENE,C,mm,km/h,mm
7931,2026-07-14,05:00:00,14.0,14.0,14.0,21.0,54.0,84.0,0.0,0.0,578.6,0.0,4.8,S,SSW,C,mm,km/h,mm
7932,2026-07-14,05:15:00,14.0,14.0,14.0,21.0,54.0,85.0,0.0,0.0,578.6,0.0,4.8,S,WSW,C,mm,km/h,mm
7933,2026-07-14,05:30:00,14.0,14.0,14.0,21.0,54.0,86.0,0.0,0.0,578.4,0.0,4.8,SW,SW,C,mm,km/h,mm
7934,2026-07-14,05:45:00,14.0,14.0,14.0,21.0,55.0,87.0,0.0,0.0,578.5,0.0,8.0,SW,SSW,C,mm,km/h,mm
7935,2026-07-14,06:00:00,14.0,14.0,14.0,21.0,55.0,87.0,0.0,0.0,578.6,0.0,3.2,NNW,SE,C,mm,km/h,mm
7936,2026-07-14,06:15:00,14.0,14.0,14.0,21.0,55.0,87.0,0.0,0.0,578.6,0.0,3.2,SSW,SSW,C,mm,km/h,mm
7937,2026-07-14,06:30:00,14.0,14.0,14.0,21.0,55.0,87.0,0.0,0.0,578.7,0.0,4.8,WSW,WSW,C,mm,km/h,mm
7938,2026-07-14,06:45:00,14.0,14.0,14.0,21.0,55.0,86.0,0.0,0.0,578.8,0.0,4.8,W,WSW,C,mm,km/h,mm
7939,2026-07-14,07:00:00,14.0,14.0,14.0,21.0,55.0,85.0,0.0,0.0,579.0,0.0,3.2,W,WSW,C,mm,km/h,mm
7940,2026-07-14,07:15:00,15.0,15.0,14.0,21.0,55.0,84.0,0.0,0.0,579.0,0.0,4.8,W,WSW,C,mm,km/h,mm
7941,2026-07-14,07:30:00,15.0,15.0,15.0,21.0,54.0,81.0,0.0,0.0,579.0,0.0,3.2,WSW,WSW,C,mm,km/h,mm
7942,2026-07-14,07:45:00,15.0,15.0,15.0,21.0,54.0,80.0,0.0,0.0,579.0,0.0,3.2,WSW,W,C,mm,km/h,mm
7943,2026-07-14,08:00:00,16.0,16.0,15.0,21.0,55.0,75.0,0.0,0.0,579.0,0.0,1.6,W,W,C,mm,km/h,mm
7944,2026-07-14,08:15:00,17.0,17.0,16.0,21.0,54.0,74.0,0.0,0.0,579.0,0.0,3.2,W,W,C,mm,km/h,mm
7945,2026-07-14,08:30:00,17.0,17.0,17.0,21.0,53.0,72.0,0.0,0.0,579.0,0.0,3.2,WSW,WSW,C,mm,km/h,mm
7946,2026-07-14,08:45:00,18.0,18.0,17.0,21.0,53.0,70.0,0.0,0.0,579.0,0.0,4.8,WSW,SW,C,mm,km/h,mm
7947,2026-07-14,09:00:00,18.0,18.0,17.0,21.0,53.0,72.0,0.0,0.0,579.0,0.0,1.6,SW,WSW,C,mm,km/h,mm
7948,2026-07-14,09:15:00,18.0,18.0,18.0,21.0,53.0,71.0,0.0,0.0,579.0,0.0,4.8,E,NNW,C,mm,km/h,mm
7949,2026-07-14,09:30:00,19.0,19.0,18.0,21.0,53.0,67.0,0.0,0.0,579.0,1.6,8.0,NW,NW,C,mm,km/h,mm
7950,2026-07-14,09:45:00,20.0,20.0,19.0,21.0,53.0,64.0,0.0,0.0,578.9,1.6,6.4,NW,ENE,C,mm,km/h,mm
7951,2026-07-14,10:00:00,20.0,20.0,19.0,21.0,53.0,63.0,0.0,0.0,578.7,0.0,4.8,WNW,NW,C,mm,km/h,mm
7952,2026-07-14,10:15:00,20.0,20.0,20.0,21.0,53.0,62.0,0.0,0.0,578.8,0.0,3.2,E,ENE,C,mm,km/h,mm
7953,2026-07-14,10:30:00,21.0,21.0,20.0,21.0,53.0,57.0,0.0,0.0,578.8,0.0,4.8,E,NNW,C,mm,km/h,mm
7954,2026-07-14,10:45:00,21.0,21.0,21.0,21.0,53.0,59.0,0.0,0.0,578.7,0.0,4.8,NW,NW,C,mm,km/h,mm
7955,2026-07-14,11:00:00,21.0,22.0,21.0,21.0,53.0,55.0,0.0,0.0,578.7,3.2,11.3,E,ESE,C,mm,km/h,mm
7956,2026-07-14,11:15:00,22.0,22.0,21.0,22.0,53.0,56.0,0.0,0.0,578.6,0.0,3.2,ENE,ENE,C,mm,km/h,mm
7957,2026-07-14,11:30:00,23.0,23.0,22.0,22.0,53.0,49.0,0.0,0.0,578.4,0.0,4.8,E,ENE,C,mm,km/h,mm
7958,2026-07-14,11:45:00,23.0,23.0,23.0,22.0,53.0,47.0,0.0,0.0,578.4,1.6,4.8,E,E,C,mm,km/h,mm
7959,2026-07-14,12:00:00,23.0,23.0,23.0,22.0,53.0,47.0,0.0,0.0,578.2,0.0,4.8,E,ENE,C,mm,km/h,mm
7960,2026-07-14,12:15:00,24.0,24.0,23.0,22.0,52.0,46.0,0.0,0.0,578.3,1.6,8.0,E,NW,C,mm,km/h,mm
7961,2026-07-14,12:30:00,24.0,24.0,24.0,22.0,52.0,43.0,0.0,0.0,578.0,1.6,8.0,ENE,E,C,mm,km/h,mm
7962,2026-07-14,12:45:00,23.0,24.0,23.0,22.0,51.0,44.0,0.0,0.0,577.7,3.2,12.9,E,NW,C,mm,km/h,mm
7963,2026-07-14,13:00:00,24.0,24.0,23.0,22.0,49.0,43.0,0.0,0.0,577.6,1.6,9.7,E,ESE,C,mm,km/h,mm
7964,2026-07-14,13:15:00,25.0,25.0,24.0,22.0,49.0,42.0,0.0,0.0,577.5,0.0,8.0,ENE,ENE,C,mm,km/h,mm
7965,2026-07-14,13:30:00,25.0,25.0,25.0,22.0,49.0,39.0,0.0,0.0,577.3,3.2,12.9,NW,NW,C,mm,km/h,mm
7966,2026-07-14,13:45:00,26.0,26.0,25.0,22.0,49.0,39.0,0.0,0.0,577.2,1.6,8.0,NW,NW,C,mm,km/h,mm
7967,2026-07-14,14:00:00,26.0,26.0,25.0,22.0,49.0,39.0,0.0,0.0,577.0,1.6,9.7,WSW,WNW,C,mm,km/h,mm
7968,2026-07-14,14:15:00,26.0,26.0,26.0,22.0,50.0,38.0,0.0,0.0,576.8,1.6,11.3,NNW,W,C,mm,km/h,mm
7969,2026-07-14,14:30:00,26.0,26.0,26.0,22.0,49.0,35.0,0.0,0.0,576.7,3.2,12.9,NNW,WNW,C,mm,km/h,mm
7970,2026-07-14,14:45:00,26.0,27.0,26.0,22.0,48.0,32.0,0.0,0.0,576.6,0.0,6.4,NNW,NW,C,mm,km/h,mm
7971,2026-07-14,15:00:00,26.0,27.0,26.0,22.0,48.0,33.0,0.0,0.0,576.3,1.6,6.4,E,SW,C,mm,km/h,mm
7972,2026-07-14,15:15:00,27.0,27.0,26.0,22.0,48.0,36.0,0.0,0.0,576.3,0.0,9.7,E,WNW,C,mm,km/h,mm
7973,2026-07-14,15:30:00,27.0,27.0,27.0,22.0,48.0,32.0,0.0,0.0,576.1,1.6,4.8,NNW,ENE,C,mm,km/h,mm
7974,2026-07-14,15:45:00,27.0,27.0,27.0,22.0,48.0,30.0,0.0,0.0,576.0,1.6,9.7,E,WNW,C,mm,km/h,mm
7975,2026-07-14,16:00:00,27.0,27.0,27.0,22.0,47.0,31.0,0.0,0.0,575.8,1.6,8.0,NNW,WNW,C,mm,km/h,mm
7976,2026-07-14,16:15:00,27.0,27.0,27.0,22.0,47.0,32.0,0.0,0.0,575.7,1.6,9.7,NNW,WNW,C,mm,km/h,mm
7977,2026-07-14,16:30:00,27.0,27.0,27.0,22.0,47.0,30.0,0.0,0.0,575.6,1.6,6.4,SW,WSW,C,mm,km/h,mm
7978,2026-07-14,16:45:00,27.0,27.0,27.0,22.0,47.0,28.0,0.0,0.0,575.5,0.0,4.8,WSW,W,C,mm,km/h,mm
7979,2026-07-14,17:00:00,27.0,28.0,27.0,22.0,47.0,31.0,0.0,0.0,575.4,0.0,3.2,ENE,ENE,C,mm,km/h,mm
7980,2026-07-14,17:15:00,26.0,27.0,26.0,22.0,47.0,36.0,0.0,0.0,575.4,0.0,4.8,NNW,NW,C,mm,km/h,mm
7981,2026-07-14,17:30:00,25.0,26.0,25.0,22.0,47.0,36.0,0.0,0.0,575.3,3.2,14.5,W,WNW,C,mm,km/h,mm
7982,2026-07-14,17:45:00,25.0,25.0,25.0,22.0,47.0,37.0,0.0,0.0,575.4,1.6,16.1,WSW,NW,C,mm,km/h,mm
7983,2026-07-14,18:00:00,24.0,25.0,24.0,22.0,47.0,40.0,0.0,0.0,575.7,0.0,16.1,NW,WNW,C,mm,km/h,mm
7984,2026-07-14,18:15:00,24.0,24.0,24.0,22.0,47.0,46.0,0.0,0.0,575.7,0.0,1.6,NW,NNW,C,mm,km/h,mm
7985,2026-07-14,18:30:00,23.0,24.0,23.0,22.0,47.0,50.0,0.0,0.0,575.7,0.0,6.4,E,WNW,C,mm,km/h,mm
7986,2026-07-14,18:45:00,23.0,23.0,23.0,22.0,47.0,52.0,0.0,0.0,575.7,0.0,0.0,,,C,mm,km/h,mm
7987,2026-07-14,19:00:00,22.0,23.0,22.0,22.0,47.0,52.0,0.0,0.0,575.9,0.0,0.0,,,C,mm,km/h,mm
7988,2026-07-14,19:15:00,22.0,22.0,22.0,22.0,47.0,54.0,0.0,0.0,576.0,0.0,6.4,W,W,C,mm,km/h,mm
7989,2026-07-14,19:30:00,22.0,22.0,22.0,22.0,47.0,57.0,0.0,0.0,576.3,1.6,9.7,NNW,WSW,C,mm,km/h,mm
7990,2026-07-14,19:45:00,21.0,22.0,21.0,22.0,48.0,65.0,0.0,0.0,576.7,3.2,16.1,NW,NW,C,mm,km/h,mm
7991,2026-07-14,20:00:00,20.0,21.0,20.0,22.0,48.0,72.0,0.0,0.0,576.9,0.0,6.4,NW,WSW,C,mm,km/h,mm
7992,2026-07-14,20:15:00,19.0,20.0,19.0,22.0,49.0,73.0,0.0,0.0,577.1,0.0,6.4,NNW,NNW,C,mm,km/h,mm
7993,2026-07-14,20:30:00,19.0,19.0,19.0,22.0,49.0,70.0,0.0,0.0,577.3,0.0,8.0,NNW,NNW,C,mm,km/h,mm
7994,2026-07-14,20:45:00,19.0,19.0,19.0,22.0,49.0,71.0,0.0,0.0,577.3,0.0,8.0,NW,W,C,mm,km/h,mm
7995,2026-07-14,21:00:00,19.0,19.0,19.0,22.0,50.0,72.0,0.0,0.0,577.5,0.0,6.4,WNW,NW,C,mm,km/h,mm
7996,2026-07-14,21:15:00,18.0,19.0,18.0,22.0,50.0,74.0,0.0,0.0,577.7,0.0,3.2,NW,SSW,C,mm,km/h,mm
7997,2026-07-14,21:30:00,18.0,18.0,18.0,22.0,50.0,73.0,0.0,0.0,577.8,0.0,3.2,SW,SW,C,mm,km/h,mm
7998,2026-07-14,21:45:00,18.0,19.0,18.0,22.0,51.0,73.0,0.0,0.0,578.0,0.0,6.4,S,S,C,mm,km/h,mm
7999,2026-07-14,22:00:00,18.0,19.0,18.0,22.0,51.0,73.0,0.0,0.0,578.1,0.0,3.2,WSW,WSW,C,mm,km/h,mm
8000,2026-07-14,22:15:00,18.0,18.0,18.0,22.0,51.0,72.0,0.0,0.0,578.4,0.0,8.0,W,W,C,mm,km/h,mm
8001,2026-07-14,22:30:00,18.0,18.0,18.0,22.0,51.0,73.0,0.0,0.0,578.6,1.6,9.7,W,WSW,C,mm,km/h,mm
8002,2026-07-14,22:45:00,18.0,18.0,18.0,22.0,52.0,73.0,0.0,0.0,578.7,0.0,3.2,SW,SW,C,mm,km/h,mm
8003,2026-07-14,23:00:00,18.0,18.0,18.0,22.0,52.0,71.0,0.0,0.0,578.7,0.0,4.8,SW,SSW,C,mm,km/h,mm
8004,2026-07-14,23:15:00,17.0,18.0,17.0,22.0,52.0,72.0,0.0,0.0,578.6,1.6,4.8,WSW,WNW,C,mm,km/h,mm
8005,2026-07-14,23:30:00,17.0,17.0,17.0,22.0,52.0,73.0,0.0,0.0,578.7,0.0,6.4,WSW,SW,C,mm,km/h,mm
8006,2026-07-14,23:45:00,17.0,17.0,17.0,22.0,52.0,73.0,0.0,0.0,578.9,1.6,6.4,SW,SW,C,mm,km/h,mm
8007,2026-07-15,00:15:00,17.0,17.0,17.0,22.0,52.0,74.0,0.0,0.0,578.6,1.6,4.8,WSW,SSW,C,mm,km/h,mm
8008,2026-07-15,00:30:00,17.0,17.0,17.0,22.0,52.0,74.0,0.0,0.0,578.6,1.6,11.3,WSW,WSW,C,mm,km/h,mm
8009,2026-07-15,00:45:00,17.0,17.0,17.0,22.0,52.0,74.0,0.0,0.0,578.6,1.6,9.7,WSW,SW,C,mm,km/h,mm
8010,2026-07-15,01:00:00,17.0,17.0,17.0,22.0,52.0,73.0,0.0,0.0,578.5,0.0,4.8,SSW,SW,C,mm,km/h,mm
8011,2026-07-15,01:15:00,17.0,17.0,17.0,22.0,52.0,73.0,0.0,0.0,578.4,0.0,4.8,WSW,SSE,C,mm,km/h,mm
8012,2026-07-15,01:30:00,17.0,17.0,17.0,22.0,52.0,74.0,0.0,0.0,578.3,1.6,6.4,SW,WNW,C,mm,km/h,mm
8013,2026-07-15,01:45:00,17.0,17.0,17.0,22.0,52.0,75.0,0.0,0.0,578.1,1.6,6.4,WSW,S,C,mm,km/h,mm
8014,2026-07-15,02:00:00,17.0,17.0,17.0,22.0,52.0,77.0,0.0,0.0,578.0,1.6,9.7,SW,WSW,C,mm,km/h,mm
8015,2026-07-15,02:15:00,16.0,17.0,16.0,22.0,52.0,80.0,0.0,0.0,578.1,1.6,8.0,W,WSW,C,mm,km/h,mm
8016,2026-07-15,02:30:00,16.0,16.0,16.0,22.0,52.0,80.0,0.0,0.0,577.9,1.6,6.4,SW,SW,C,mm,km/h,mm
8017,2026-07-15,02:45:00,16.0,16.0,16.0,22.0,52.0,81.0,0.0,0.0,577.8,1.6,6.4,WSW,W,C,mm,km/h,mm
8018,2026-07-15,03:00:00,16.0,16.0,16.0,22.0,53.0,80.0,0.0,0.0,577.7,1.6,8.0,SSW,S,C,mm,km/h,mm
8019,2026-07-15,03:15:00,16.0,16.0,16.0,22.0,53.0,80.0,0.0,0.0,577.6,0.0,6.4,SW,WNW,C,mm,km/h,mm
8020,2026-07-15,03:30:00,16.0,16.0,16.0,22.0,53.0,80.0,0.0,0.0,577.8,0.0,4.8,SSW,SSW,C,mm,km/h,mm
8021,2026-07-15,03:45:00,16.0,16.0,16.0,22.0,53.0,80.0,0.0,0.0,577.7,0.0,0.0,,,C,mm,km/h,mm
8022,2026-07-15,04:00:00,16.0,16.0,16.0,22.0,53.0,79.0,0.0,0.0,577.7,0.0,0.0,,,C,mm,km/h,mm
8023,2026-07-15,04:15:00,16.0,16.0,16.0,22.0,53.0,79.0,0.0,0.0,577.7,0.0,1.6,SSW,SSW,C,mm,km/h,mm
8024,2026-07-15,04:30:00,16.0,16.0,16.0,22.0,53.0,81.0,0.0,0.0,577.7,0.0,1.6,SSE,SSE,C,mm,km/h,mm
8025,2026-07-15,04:45:00,16.0,16.0,15.0,21.0,53.0,82.0,0.0,0.0,577.8,0.0,1.6,WNW,NNW,C,mm,km/h,mm
8026,2026-07-15,05:00:00,15.0,16.0,15.0,22.0,53.0,82.0,0.0,0.0,577.8,0.0,1.6,WSW,WSW,C,mm,km/h,mm
8027,2026-07-15,05:15:00,15.0,16.0,15.0,21.0,53.0,82.0,0.0,0.0,577.9,0.0,0.0,,,C,mm,km/h,mm
8028,2026-07-15,05:30:00,16.0,16.0,15.0,21.0,53.0,82.0,0.0,0.0,577.9,0.0,1.6,WSW,WSW,C,mm,km/h,mm
8029,2026-07-15,05:45:00,16.0,16.0,15.0,21.0,54.0,82.0,0.0,0.0,577.7,0.0,4.8,SW,SSW,C,mm,km/h,mm
8030,2026-07-15,06:00:00,16.0,16.0,16.0,21.0,54.0,82.0,0.0,0.0,577.7,0.0,6.4,WSW,WSW,C,mm,km/h,mm
8031,2026-07-15,06:15:00,15.0,16.0,15.0,21.0,54.0,84.0,0.0,0.0,577.8,0.0,3.2,WSW,WSW,C,mm,km/h,mm
8032,2026-07-15,06:30:00,15.0,15.0,15.0,21.0,54.0,84.0,0.0,0.0,577.9,0.0,0.0,,,C,mm,km/h,mm
8033,2026-07-15,06:45:00,15.0,15.0,15.0,21.0,54.0,86.0,0.0,0.0,578.1,0.0,0.0,,,C,mm,km/h,mm
8034,2026-07-15,07:00:00,15.0,15.0,15.0,21.0,54.0,84.0,0.0,0.0,578.4,0.0,0.0,,,C,mm,km/h,mm
8035,2026-07-15,07:15:00,16.0,16.0,15.0,22.0,54.0,83.0,0.0,0.0,578.6,0.0,0.0,,,C,mm,km/h,mm
8036,2026-07-15,07:30:00,16.0,16.0,16.0,22.0,54.0,81.0,0.0,0.0,578.5,0.0,1.6,WSW,WSW,C,mm,km/h,mm
8037,2026-07-15,07:45:00,16.0,17.0,16.0,22.0,54.0,80.0,0.0,0.0,578.6,0.0,1.6,NNE,NNE,C,mm,km/h,mm
8038,2026-07-15,08:00:00,17.0,17.0,16.0,22.0,54.0,79.0,0.0,0.0,578.7,0.0,0.0,,,C,mm,km/h,mm
8039,2026-07-15,08:15:00,17.0,17.0,17.0,22.0,54.0,78.0,0.0,0.0,578.7,0.0,0.0,,,C,mm,km/h,mm
8040,2026-07-15,08:30:00,17.0,17.0,17.0,22.0,54.0,78.0,0.0,0.0,578.6,0.0,1.6,NNE,NNE,C,mm,km/h,mm
8041,2026-07-15,08:45:00,18.0,18.0,17.0,22.0,54.0,76.0,0.0,0.0,578.5,0.0,0.0,,,C,mm,km/h,mm
8042,2026-07-15,09:00:00,19.0,19.0,18.0,22.0,54.0,73.0,0.0,0.0,578.5,0.0,4.8,NW,WSW,C,mm,km/h,mm
8043,2026-07-15,09:15:00,19.0,20.0,19.0,22.0,54.0,69.0,0.0,0.0,578.4,0.0,6.4,WSW,WSW,C,mm,km/h,mm
8044,2026-07-15,09:30:00,19.0,19.0,19.0,22.0,54.0,70.0,0.0,0.0,578.3,0.0,6.4,ENE,WSW,C,mm,km/h,mm
8045,2026-07-15,09:45:00,20.0,20.0,19.0,22.0,54.0,69.0,0.0,0.0,578.2,3.2,9.7,W,WNW,C,mm,km/h,mm
8046,2026-07-15,10:00:00,21.0,21.0,20.0,22.0,54.0,64.0,0.0,0.0,578.2,3.2,11.3,WSW,SW,C,mm,km/h,mm
8047,2026-07-15,10:15:00,21.0,21.0,20.0,22.0,54.0,65.0,0.0,0.0,578.2,1.6,6.4,WSW,W,C,mm,km/h,mm
8048,2026-07-15,10:30:00,22.0,22.0,21.0,22.0,54.0,61.0,0.0,0.0,578.3,1.6,8.0,NNW,WSW,C,mm,km/h,mm
8049,2026-07-15,10:45:00,22.0,22.0,22.0,22.0,54.0,61.0,0.0,0.0,578.1,1.6,8.0,SW,W,C,mm,km/h,mm
8050,2026-07-15,11:00:00,22.0,22.0,22.0,22.0,54.0,58.0,0.0,0.0,578.1,1.6,8.0,NNW,NW,C,mm,km/h,mm
8051,2026-07-15,11:15:00,23.0,23.0,22.0,22.0,55.0,58.0,0.0,0.0,578.0,0.0,3.2,E,ENE,C,mm,km/h,mm
8052,2026-07-15,11:30:00,23.0,23.0,23.0,22.0,54.0,57.0,0.0,0.0,578.0,0.0,4.8,E,NE,C,mm,km/h,mm
8053,2026-07-15,11:45:00,24.0,24.0,23.0,22.0,54.0,55.0,0.0,0.0,578.0,1.6,9.7,E,ESE,C,mm,km/h,mm
8054,2026-07-15,12:00:00,23.0,24.0,23.0,22.0,54.0,53.0,0.0,0.0,577.4,1.6,6.4,E,WNW,C,mm,km/h,mm
8055,2026-07-15,12:15:00,25.0,25.0,23.0,22.0,54.0,50.0,0.0,0.0,577.3,1.6,6.4,NNW,SW,C,mm,km/h,mm
8056,2026-07-15,12:30:00,25.0,25.0,25.0,22.0,53.0,48.0,0.0,0.0,577.2,0.0,8.0,NNW,SW,C,mm,km/h,mm
8057,2026-07-15,12:45:00,24.0,25.0,24.0,22.0,53.0,50.0,0.0,0.0,577.1,3.2,9.7,E,E,C,mm,km/h,mm
8058,2026-07-15,13:00:00,24.0,24.0,24.0,23.0,53.0,50.0,0.0,0.0,576.9,1.6,9.7,NNW,SSW,C,mm,km/h,mm
8059,2026-07-15,13:15:00,25.0,25.0,24.0,23.0,52.0,49.0,0.0,0.0,576.8,0.0,9.7,NNW,NW,C,mm,km/h,mm
8060,2026-07-15,13:30:00,26.0,26.0,25.0,23.0,52.0,44.0,0.0,0.0,576.7,1.6,9.7,W,SW,C,mm,km/h,mm
8061,2026-07-15,13:45:00,26.0,26.0,26.0,23.0,51.0,40.0,0.0,0.0,576.4,1.6,14.5,W,NW,C,mm,km/h,mm
8062,2026-07-15,14:00:00,26.0,26.0,26.0,23.0,51.0,42.0,0.0,0.0,576.3,1.6,8.0,E,E,C,mm,km/h,mm
8063,2026-07-15,14:15:00,27.0,27.0,26.0,23.0,51.0,42.0,0.0,0.0,576.2,0.0,9.7,NNW,WNW,C,mm,km/h,mm
8064,2026-07-15,14:30:00,26.0,27.0,26.0,23.0,51.0,42.0,0.0,0.0,576.0,1.6,8.0,NNW,NNE,C,mm,km/h,mm
8065,2026-07-15,14:45:00,26.0,26.0,26.0,23.0,50.0,41.0,0.0,0.0,575.7,1.6,12.9,W,WNW,C,mm,km/h,mm
8066,2026-07-15,15:00:00,25.0,26.0,25.0,23.0,50.0,43.0,0.0,0.0,575.5,1.6,14.5,WNW,NE,C,mm,km/h,mm
8067,2026-07-15,15:15:00,26.0,26.0,25.0,23.0,50.0,45.0,0.0,0.0,575.3,1.6,8.0,NNW,NNW,C,mm,km/h,mm
8068,2026-07-15,15:30:00,25.0,26.0,25.0,23.0,50.0,46.0,0.0,0.0,575.2,1.6,20.9,NNW,SW,C,mm,km/h,mm
8069,2026-07-15,15:45:00,24.0,25.0,24.0,23.0,50.0,50.0,0.0,0.0,575.2,3.2,17.7,W,W,C,mm,km/h,mm
8070,2026-07-15,16:00:00,24.0,25.0,24.0,23.0,50.0,53.0,0.0,0.0,575.1,4.8,19.3,W,WNW,C,mm,km/h,mm
8071,2026-07-15,16:15:00,24.0,24.0,24.0,23.0,50.0,55.0,0.0,0.0,575.0,9.7,22.5,W,WNW,C,mm,km/h,mm
8072,2026-07-15,16:30:00,23.0,24.0,23.0,23.0,51.0,56.0,0.0,0.0,574.8,8.0,20.9,W,W,C,mm,km/h,mm
8073,2026-07-15,16:45:00,22.0,23.0,22.0,23.0,51.0,57.0,0.0,0.0,575.4,4.8,17.7,W,WSW,C,mm,km/h,mm
8074,2026-07-15,17:00:00,22.0,22.0,22.0,23.0,51.0,63.0,0.0,0.0,575.4,4.8,19.3,WSW,W,C,mm,km/h,mm
8075,2026-07-15,17:15:00,21.0,22.0,21.0,23.0,52.0,62.0,0.0,0.0,575.5,1.6,11.3,NNW,SW,C,mm,km/h,mm
8076,2026-07-15,17:30:00,21.0,21.0,21.0,23.0,52.0,63.0,0.0,0.0,575.5,1.6,8.0,WSW,NNE,C,mm,km/h,mm
8077,2026-07-15,17:45:00,21.0,21.0,21.0,23.0,52.0,63.0,0.0,0.0,575.6,3.2,14.5,WSW,WSW,C,mm,km/h,mm
8078,2026-07-15,18:00:00,21.0,21.0,21.0,23.0,52.0,64.0,0.0,0.0,575.4,3.2,9.7,W,WSW,C,mm,km/h,mm
8079,2026-07-15,18:15:00,21.0,21.0,21.0,23.0,52.0,64.0,0.0,0.0,575.3,1.6,14.5,W,SW,C,mm,km/h,mm
8080,2026-07-15,18:30:00,21.0,21.0,21.0,23.0,52.0,65.0,0.0,0.0,575.5,1.6,9.7,WSW,WNW,C,mm,km/h,mm
8081,2026-07-15,18:45:00,21.0,21.0,21.0,23.0,52.0,64.0,0.0,0.0,575.5,1.6,9.7,W,SW,C,mm,km/h,mm
8082,2026-07-15,19:00:00,21.0,21.0,21.0,23.0,52.0,65.0,0.0,0.0,575.5,1.6,9.7,W,SW,C,mm,km/h,mm
8083,2026-07-15,19:15:00,20.0,21.0,20.0,22.0,53.0,67.0,0.0,0.0,575.7,0.0,4.8,NW,W,C,mm,km/h,mm
8084,2026-07-15,19:30:00,20.0,20.0,20.0,22.0,53.0,67.0,0.0,0.0,575.8,1.6,9.7,W,SW,C,mm,km/h,mm
8085,2026-07-15,19:45:00,20.0,20.0,20.0,22.0,53.0,68.0,0.0,0.0,575.9,1.6,8.0,W,W,C,mm,km/h,mm
8086,2026-07-15,20:00:00,19.0,20.0,19.0,22.0,53.0,70.0,0.0,0.0,576.2,1.6,8.0,W,WSW,C,mm,km/h,mm
8087,2026-07-15,20:15:00,19.0,19.0,19.0,22.0,53.0,71.0,0.0,0.0,576.4,0.0,6.4,WSW,WSW,C,mm,km/h,mm
8088,2026-07-15,20:30:00,19.0,19.0,19.0,22.0,53.0,71.0,0.0,0.0,576.7,0.0,6.4,WSW,W,C,mm,km/h,mm
8089,2026-07-15,20:45:00,18.0,19.0,18.0,22.0,53.0,71.0,0.0,0.0,576.7,0.0,3.2,WNW,SW,C,mm,km/h,mm
8090,2026-07-15,21:00:00,18.0,18.0,18.0,22.0,53.0,72.0,0.0,0.0,576.9,0.0,1.6,W,NNE,C,mm,km/h,mm
8091,2026-07-15,21:15:00,18.0,18.0,18.0,22.0,53.0,71.0,0.0,0.0,577.1,0.0,1.6,W,W,C,mm,km/h,mm
8092,2026-07-15,21:30:00,18.0,18.0,18.0,22.0,53.0,73.0,0.0,0.0,577.1,0.0,0.0,,,C,mm,km/h,mm
8093,2026-07-15,21:45:00,18.0,18.0,18.0,22.0,53.0,71.0,0.0,0.0,577.2,0.0,1.6,WNW,NNE,C,mm,km/h,mm
8094,2026-07-15,22:00:00,18.0,18.0,18.0,22.0,53.0,70.0,0.0,0.0,577.3,0.0,1.6,WNW,WNW,C,mm,km/h,mm
8095,2026-07-15,22:15:00,18.0,18.0,18.0,22.0,53.0,72.0,0.0,0.0,577.5,0.0,3.2,NNW,NNW,C,mm,km/h,mm
8096,2026-07-15,22:30:00,18.0,18.0,18.0,22.0,53.0,72.0,0.0,0.0,577.6,0.0,3.2,E,E,C,mm,km/h,mm
8097,2026-07-15,22:45:00,18.0,18.0,18.0,22.0,54.0,72.0,0.0,0.0,577.9,0.0,0.0,,,C,mm,km/h,mm
8098,2026-07-15,23:00:00,18.0,18.0,18.0,22.0,54.0,72.0,0.0,0.0,578.1,0.0,1.6,W,NE,C,mm,km/h,mm
8099,2026-07-15,23:15:00,18.0,18.0,18.0,22.0,54.0,72.0,0.0,0.0,578.1,0.0,3.2,SW,SW,C,mm,km/h,mm
8100,2026-07-15,23:30:00,18.0,18.0,18.0,22.0,54.0,72.0,0.0,0.0,578.2,1.6,8.0,WSW,W,C,mm,km/h,mm
8101,2026-07-15,23:45:00,18.0,18.0,18.0,22.0,53.0,73.0,0.0,0.0,578.2,1.6,8.0,SW,S,C,mm,km/h,mm
8102,2026-07-16,00:15:00,17.0,17.0,17.0,22.0,53.0,74.0,0.0,0.0,578.0,1.6,8.0,W,SW,C,mm,km/h,mm
8103,2026-07-16,00:30:00,17.0,17.0,17.0,22.0,53.0,74.0,0.0,0.0,577.9,0.0,6.4,WSW,SW,C,mm,km/h,mm
8104,2026-07-16,00:45:00,17.0,17.0,17.0,22.0,53.0,74.0,0.0,0.0,577.7,0.0,6.4,W,WSW,C,mm,km/h,mm
8105,2026-07-16,01:00:00,17.0,17.0,17.0,22.0,53.0,74.0,0.0,0.0,577.5,0.0,6.4,W,SW,C,mm,km/h,mm
8106,2026-07-16,01:15:00,17.0,17.0,17.0,22.0,53.0,74.0,0.0,0.0,577.6,1.6,6.4,WSW,SW,C,mm,km/h,mm
8107,2026-07-16,01:30:00,17.0,17.0,17.0,22.0,53.0,75.0,0.0,0.0,577.3,0.0,3.2,WSW,WSW,C,mm,km/h,mm
8108,2026-07-16,01:45:00,16.0,17.0,16.0,22.0,53.0,76.0,0.0,0.0,577.5,0.0,4.8,WSW,W,C,mm,km/h,mm
8109,2026-07-16,02:00:00,16.0,16.0,16.0,22.0,53.0,77.0,0.0,0.0,577.7,0.0,0.0,,,C,mm,km/h,mm
8110,2026-07-16,02:15:00,16.0,16.0,16.0,22.0,53.0,78.0,0.0,0.0,577.8,0.0,0.0,,,C,mm,km/h,mm
8111,2026-07-16,02:30:00,16.0,16.0,15.0,22.0,53.0,78.0,0.0,0.0,577.7,0.0,4.8,W,S,C,mm,km/h,mm
8112,2026-07-16,02:45:00,15.0,16.0,15.0,22.0,53.0,79.0,0.0,0.0,577.7,0.0,9.7,WSW,WSW,C,mm,km/h,mm
8113,2026-07-16,03:00:00,15.0,15.0,15.0,22.0,53.0,79.0,0.0,0.0,577.6,1.6,11.3,SW,S,C,mm,km/h,mm
8114,2026-07-16,03:15:00,15.0,15.0,15.0,22.0,52.0,79.0,0.0,0.0,577.4,1.6,11.3,WSW,S,C,mm,km/h,mm
8115,2026-07-16,03:30:00,15.0,15.0,15.0,22.0,52.0,79.0,0.0,0.0,577.5,0.0,3.2,W,SW,C,mm,km/h,mm
8116,2026-07-16,03:45:00,15.0,15.0,15.0,22.0,52.0,80.0,0.0,0.0,577.4,0.0,1.6,SW,SE,C,mm,km/h,mm
8117,2026-07-16,04:00:00,14.0,15.0,14.0,22.0,52.0,79.0,0.0,0.0,577.3,1.6,6.4,SW,WSW,C,mm,km/h,mm
8118,2026-07-16,04:15:00,14.0,15.0,14.0,22.0,52.0,79.0,0.0,0.0,577.4,0.0,6.4,W,WNW,C,mm,km/h,mm
8119,2026-07-16,04:30:00,14.0,14.0,14.0,21.0,52.0,80.0,0.0,0.0,577.4,0.0,3.2,SSW,WSW,C,mm,km/h,mm
8120,2026-07-16,04:45:00,14.0,14.0,14.0,21.0,52.0,80.0,0.0,0.0,577.5,0.0,1.6,SW,SW,C,mm,km/h,mm
8121,2026-07-16,05:00:00,14.0,14.0,14.0,21.0,52.0,81.0,0.0,0.0,577.5,0.0,3.2,WSW,S,C,mm,km/h,mm
8122,2026-07-16,05:15:00,14.0,14.0,14.0,21.0,52.0,81.0,0.0,0.0,577.7,0.0,4.8,SW,SSW,C,mm,km/h,mm
8123,2026-07-16,05:30:00,14.0,14.0,14.0,21.0,52.0,81.0,0.0,0.0,577.8,0.0,8.0,WSW,WSW,C,mm,km/h,mm
8124,2026-07-16,05:45:00,14.0,14.0,14.0,21.0,51.0,81.0,0.0,0.0,577.6,0.0,6.4,SW,W,C,mm,km/h,mm
8125,2026-07-16,06:00:00,13.0,14.0,13.0,21.0,51.0,81.0,0.0,0.0,577.5,0.0,3.2,SSE,SW,C,mm,km/h,mm
8126,2026-07-16,06:15:00,13.0,13.0,13.0,21.0,51.0,80.0,0.0,0.0,577.6,1.6,8.0,SSW,SW,C,mm,km/h,mm
8127,2026-07-16,06:30:00,13.0,13.0,13.0,21.0,51.0,80.0,0.0,0.0,577.8,0.0,1.6,SW,SW,C,mm,km/h,mm
8128,2026-07-16,06:45:00,13.0,13.0,13.0,21.0,51.0,80.0,0.0,0.0,577.9,0.0,1.6,W,WSW,C,mm,km/h,mm
8129,2026-07-16,07:00:00,14.0,14.0,13.0,21.0,51.0,80.0,0.0,0.0,578.3,0.0,1.6,W,WNW,C,mm,km/h,mm
8130,2026-07-16,07:15:00,14.0,14.0,14.0,21.0,51.0,82.0,0.0,0.0,578.3,0.0,1.6,NNW,NW,C,mm,km/h,mm
8131,2026-07-16,07:30:00,15.0,15.0,14.0,21.0,51.0,80.0,0.0,0.0,578.5,0.0,3.2,NNE,NNE,C,mm,km/h,mm
8132,2026-07-16,07:45:00,15.0,15.0,15.0,22.0,51.0,76.0,0.0,0.0,578.5,0.0,3.2,NNW,ENE,C,mm,km/h,mm
8133,2026-07-16,08:00:00,16.0,16.0,15.0,22.0,51.0,73.0,0.0,0.0,578.6,0.0,1.6,NNE,NNE,C,mm,km/h,mm
8134,2026-07-16,08:15:00,17.0,17.0,16.0,22.0,51.0,72.0,0.0,0.0,578.6,0.0,1.6,NE,NE,C,mm,km/h,mm
8135,2026-07-16,08:30:00,18.0,18.0,17.0,22.0,50.0,70.0,0.0,0.0,578.8,0.0,6.4,E,E,C,mm,km/h,mm
8136,2026-07-16,08:45:00,18.0,18.0,18.0,22.0,50.0,69.0,0.0,0.0,578.8,1.6,6.4,E,E,C,mm,km/h,mm
8137,2026-07-16,09:00:00,19.0,19.0,18.0,22.0,50.0,66.0,0.0,0.0,578.7,1.6,8.0,NE,NE,C,mm,km/h,mm
8138,2026-07-16,09:15:00,19.0,19.0,19.0,22.0,50.0,65.0,0.0,0.0,578.6,1.6,8.0,WSW,SW,C,mm,km/h,mm
8139,2026-07-16,09:30:00,20.0,20.0,19.0,22.0,50.0,63.0,0.0,0.0,578.6,3.2,11.3,WSW,W,C,mm,km/h,mm
8140,2026-07-16,09:45:00,21.0,21.0,20.0,22.0,50.0,61.0,0.0,0.0,578.6,1.6,12.9,W,WSW,C,mm,km/h,mm
8141,2026-07-16,10:00:00,21.0,21.0,21.0,22.0,50.0,61.0,0.0,0.0,578.8,1.6,9.7,SW,SSW,C,mm,km/h,mm
8142,2026-07-16,10:15:00,22.0,22.0,21.0,22.0,50.0,58.0,0.0,0.0,578.7,1.6,11.3,WSW,NW,C,mm,km/h,mm
8143,2026-07-16,10:30:00,21.0,22.0,21.0,22.0,50.0,59.0,0.0,0.0,578.6,1.6,8.0,S,WSW,C,mm,km/h,mm
8144,2026-07-16,10:45:00,22.0,22.0,21.0,22.0,50.0,59.0,0.0,0.0,578.5,1.6,9.7,W,SW,C,mm,km/h,mm
8145,2026-07-16,11:00:00,22.0,22.0,22.0,22.0,50.0,56.0,0.0,0.0,578.4,1.6,8.0,WSW,NW,C,mm,km/h,mm
8146,2026-07-16,11:15:00,23.0,23.0,22.0,22.0,50.0,54.0,0.0,0.0,578.2,1.6,9.7,WSW,WSW,C,mm,km/h,mm
8147,2026-07-16,11:30:00,23.0,23.0,22.0,22.0,50.0,57.0,0.0,0.0,578.1,1.6,6.4,SW,SW,C,mm,km/h,mm
8148,2026-07-16,11:45:00,23.0,23.0,23.0,22.0,50.0,56.0,0.0,0.0,578.0,1.6,9.7,E,NW,C,mm,km/h,mm
8149,2026-07-16,12:00:00,23.0,23.0,23.0,22.0,50.0,52.0,0.0,0.0,577.7,1.6,8.0,E,ESE,C,mm,km/h,mm
8150,2026-07-16,12:15:00,24.0,24.0,23.0,23.0,49.0,46.0,0.0,0.0,577.5,1.6,9.7,E,NW,C,mm,km/h,mm
8151,2026-07-16,12:30:00,25.0,25.0,24.0,22.0,47.0,45.0,0.0,0.0,577.4,1.6,8.0,NNW,NNW,C,mm,km/h,mm
8152,2026-07-16,12:45:00,25.0,25.0,25.0,22.0,44.0,48.0,0.0,0.0,577.3,1.6,6.4,NNW,WNW,C,mm,km/h,mm
8153,2026-07-16,13:00:00,25.0,25.0,25.0,22.0,43.0,45.0,0.0,0.0,577.2,3.2,9.7,E,E,C,mm,km/h,mm
8154,2026-07-16,13:15:00,25.0,25.0,25.0,22.0,43.0,50.0,0.0,0.0,576.9,3.2,14.5,E,S,C,mm,km/h,mm
8155,2026-07-16,13:30:00,25.0,26.0,25.0,21.0,43.0,45.0,0.0,0.0,576.9,4.8,19.3,WSW,S,C,mm,km/h,mm
8156,2026-07-16,13:45:00,26.0,26.0,25.0,21.0,44.0,44.0,0.0,0.0,576.7,3.2,16.1,WSW,S,C,mm,km/h,mm
8157,2026-07-16,14:00:00,27.0,27.0,26.0,22.0,46.0,46.0,0.0,0.0,576.6,4.8,14.5,WSW,WSW,C,mm,km/h,mm
8158,2026-07-16,14:15:00,27.0,27.0,26.0,22.0,47.0,41.0,0.0,0.0,576.2,3.2,14.5,WSW,SW,C,mm,km/h,mm
8159,2026-07-16,14:30:00,27.0,28.0,27.0,22.0,47.0,40.0,0.0,0.0,576.0,3.2,11.3,WSW,W,C,mm,km/h,mm
8160,2026-07-16,14:45:00,27.0,27.0,27.0,22.0,48.0,41.0,0.0,0.0,575.9,3.2,12.9,W,S,C,mm,km/h,mm
8161,2026-07-16,15:00:00,27.0,27.0,27.0,22.0,48.0,41.0,0.0,0.0,575.9,1.6,9.7,NNW,N,C,mm,km/h,mm
8162,2026-07-16,15:15:00,27.0,27.0,27.0,22.0,49.0,45.0,0.0,0.0,575.7,4.8,22.5,W,W,C,mm,km/h,mm
8163,2026-07-16,15:30:00,27.0,27.0,26.0,22.0,49.0,45.0,0.0,0.0,575.7,6.4,17.7,NW,W,C,mm,km/h,mm
8164,2026-07-16,15:45:00,26.0,27.0,26.0,22.0,49.0,46.0,0.0,0.0,575.6,4.8,19.3,NNW,W,C,mm,km/h,mm
8165,2026-07-16,16:00:00,25.0,26.0,25.0,22.0,50.0,50.0,0.0,0.0,575.6,8.0,25.7,W,WNW,C,mm,km/h,mm
8166,2026-07-16,16:15:00,25.0,25.0,24.0,22.0,50.0,50.0,0.0,0.0,575.3,9.7,20.9,WSW,W,C,mm,km/h,mm
8167,2026-07-16,16:30:00,26.0,26.0,25.0,22.0,50.0,49.0,0.0,0.0,575.2,6.4,19.3,W,WSW,C,mm,km/h,mm
8168,2026-07-16,16:45:00,24.0,26.0,24.0,22.0,50.0,51.0,0.0,0.0,575.3,3.2,12.9,WNW,W,C,mm,km/h,mm
8169,2026-07-16,17:00:00,24.0,24.0,24.0,22.0,50.0,52.0,0.0,0.0,575.1,3.2,9.7,NNW,NW,C,mm,km/h,mm
8170,2026-07-16,17:15:00,24.0,24.0,24.0,22.0,50.0,50.0,0.0,0.0,575.1,1.6,12.9,WSW,W,C,mm,km/h,mm
8171,2026-07-16,17:30:00,23.0,24.0,23.0,22.0,50.0,54.0,0.0,0.0,575.2,3.2,16.1,NNW,NW,C,mm,km/h,mm
8172,2026-07-16,17:45:00,20.0,23.0,20.0,22.0,50.0,75.0,1.2,14.8,575.5,1.6,6.4,E,NW,C,mm,km/h,mm
8173,2026-07-16,18:00:00,19.0,19.0,19.0,22.0,51.0,72.0,0.0,0.0,575.6,0.0,11.3,NNE,NNW,C,mm,km/h,mm
8174,2026-07-16,18:15:00,20.0,20.0,19.0,22.0,51.0,66.0,0.0,0.0,575.6,1.6,12.9,NW,W,C,mm,km/h,mm
8175,2026-07-16,18:30:00,21.0,21.0,20.0,22.0,51.0,62.0,0.0,0.0,575.8,1.6,11.3,NNW,N,C,mm,km/h,mm
8176,2026-07-16,18:45:00,21.0,21.0,21.0,22.0,51.0,62.0,0.0,0.0,575.8,3.2,12.9,NNW,NW,C,mm,km/h,mm
8177,2026-07-16,19:00:00,21.0,21.0,21.0,22.0,51.0,62.0,0.0,0.0,575.9,1.6,16.1,NNW,W,C,mm,km/h,mm
8178,2026-07-16,19:15:00,20.0,21.0,20.0,22.0,51.0,63.0,0.0,0.0,576.0,3.2,12.9,NNW,N,C,mm,km/h,mm
8179,2026-07-16,19:30:00,20.0,20.0,20.0,22.0,51.0,65.0,0.0,0.0,576.2,1.6,12.9,NNW,W,C,mm,km/h,mm
8180,2026-07-16,19:45:00,19.0,20.0,19.0,22.0,51.0,67.0,0.0,0.0,576.4,0.0,8.0,W,NNW,C,mm,km/h,mm
8181,2026-07-16,20:00:00,19.0,19.0,19.0,22.0,52.0,68.0,0.0,0.0,576.6,1.6,12.9,WSW,NW,C,mm,km/h,mm
8182,2026-07-16,20:15:00,19.0,19.0,19.0,22.0,52.0,69.0,0.0,0.0,576.8,1.6,11.3,W,WNW,C,mm,km/h,mm
8183,2026-07-16,20:30:00,18.0,19.0,18.0,22.0,52.0,70.0,0.0,0.0,577.0,1.6,8.0,W,WNW,C,mm,km/h,mm
8184,2026-07-16,20:45:00,18.0,18.0,18.0,22.0,52.0,70.0,0.0,0.0,577.2,1.6,9.7,WSW,WSW,C,mm,km/h,mm
8185,2026-07-16,21:00:00,18.0,18.0,18.0,22.0,52.0,72.0,0.0,0.0,577.3,0.0,8.0,WSW,WNW,C,mm,km/h,mm
8186,2026-07-16,21:15:00,17.0,18.0,17.0,22.0,52.0,73.0,0.0,0.0,577.6,0.0,4.8,WSW,SSW,C,mm,km/h,mm
8187,2026-07-16,21:30:00,17.0,17.0,17.0,22.0,52.0,74.0,0.0,0.0,577.8,0.0,4.8,SW,SW,C,mm,km/h,mm
8188,2026-07-16,21:45:00,17.0,17.0,17.0,22.0,52.0,75.0,0.0,0.0,578.2,0.0,3.2,WSW,WSW,C,mm,km/h,mm
8189,2026-07-16,22:00:00,17.0,17.0,17.0,22.0,52.0,75.0,0.0,0.0,578.3,0.0,6.4,SW,SSW,C,mm,km/h,mm
8190,2026-07-16,22:15:00,17.0,17.0,17.0,22.0,52.0,76.0,0.0,0.0,578.5,0.0,3.2,WSW,WSW,C,mm,km/h,mm
8191,2026-07-16,22:30:00,17.0,17.0,17.0,22.0,52.0,76.0,0.0,0.0,578.6,0.0,4.8,SSW,SW,C,mm,km/h,mm
8192,2026-07-16,22:45:00,17.0,17.0,17.0,22.0,52.0,76.0,0.0,0.0,578.8,0.0,6.4,SW,SSW,C,mm,km/h,mm
8193,2026-07-16,23:00:00,16.0,17.0,16.0,22.0,52.0,76.0,0.0,0.0,578.7,1.6,9.7,SW,SSE,C,mm,km/h,mm
8194,2026-07-16,23:15:00,16.0,16.0,16.0,22.0,52.0,77.0,0.0,0.0,579.0,0.0,6.4,SW,SSW,C,mm,km/h,mm
8195,2026-07-16,23:30:00,16.0,16.0,16.0,22.0,52.0,77.0,0.0,0.0,579.0,1.6,8.0,WSW,SW,C,mm,km/h,mm
8196,2026-07-16,23:45:00,16.0,16.0,16.0,22.0,52.0,77.0,0.0,0.0,579.2,3.2,12.9,WSW,W,C,mm,km/h,mm
8197,2026-07-17,00:15:00,16.0,16.0,16.0,22.0,52.0,78.0,0.0,0.0,579.2,3.2,11.3,W,WNW,C,mm,km/h,mm
8198,2026-07-17,00:30:00,16.0,16.0,16.0,22.0,52.0,78.0,0.0,0.0,579.1,1.6,6.4,W,W,C,mm,km/h,mm
8199,2026-07-17,00:45:00,15.0,16.0,15.0,22.0,52.0,79.0,0.0,0.0,579.0,0.0,6.4,W,W,C,mm,km/h,mm
8200,2026-07-17,01:00:00,15.0,15.0,15.0,22.0,52.0,80.0,0.0,0.0,578.9,0.0,6.4,WSW,SSW,C,mm,km/h,mm
8201,2026-07-17,01:15:00,15.0,15.0,15.0,22.0,52.0,81.0,0.0,0.0,579.0,1.6,8.0,SW,SW,C,mm,km/h,mm
8202,2026-07-17,01:30:00,15.0,15.0,15.0,22.0,52.0,81.0,0.0,0.0,578.8,1.6,8.0,WSW,SW,C,mm,km/h,mm
8203,2026-07-17,01:45:00,15.0,15.0,15.0,22.0,52.0,82.0,0.0,0.0,578.8,1.6,9.7,WSW,WSW,C,mm,km/h,mm
8204,2026-07-17,02:00:00,15.0,15.0,15.0,22.0,52.0,82.0,0.0,0.0,578.7,0.0,4.8,SW,NNW,C,mm,km/h,mm
8205,2026-07-17,02:15:00,15.0,15.0,15.0,21.0,52.0,82.0,0.0,0.0,578.5,0.0,6.4,SSW,SW,C,mm,km/h,mm
8206,2026-07-17,02:30:00,15.0,15.0,15.0,21.0,52.0,82.0,0.0,0.0,578.6,1.6,4.8,SW,SSW,C,mm,km/h,mm
8207,2026-07-17,02:45:00,15.0,15.0,15.0,21.0,52.0,82.0,0.0,0.0,578.6,1.6,4.8,W,SW,C,mm,km/h,mm
8208,2026-07-17,03:00:00,14.0,15.0,14.0,21.0,52.0,83.0,0.0,0.0,578.7,0.0,6.4,W,W,C,mm,km/h,mm
8209,2026-07-17,03:15:00,14.0,14.0,14.0,21.0,52.0,82.0,0.0,0.0,578.6,0.0,4.8,WSW,WSW,C,mm,km/h,mm
8210,2026-07-17,03:30:00,14.0,14.0,14.0,21.0,52.0,83.0,0.0,0.0,578.5,0.0,3.2,WSW,SW,C,mm,km/h,mm
8211,2026-07-17,03:45:00,14.0,14.0,14.0,21.0,52.0,83.0,0.0,0.0,578.9,0.0,6.4,SW,S,C,mm,km/h,mm
8212,2026-07-17,04:00:00,15.0,15.0,14.0,21.0,52.0,82.0,0.0,0.0,578.9,0.0,6.4,SW,S,C,mm,km/h,mm
8213,2026-07-17,04:15:00,15.0,15.0,15.0,21.0,52.0,82.0,0.0,0.0,578.9,0.0,3.2,W,W,C,mm,km/h,mm
8214,2026-07-17,04:30:00,15.0,15.0,15.0,21.0,52.0,82.0,0.0,0.0,578.7,1.6,6.4,SW,S,C,mm,km/h,mm
8215,2026-07-17,04:45:00,15.0,15.0,15.0,21.0,52.0,82.0,0.0,0.0,578.7,1.6,8.0,SW,S,C,mm,km/h,mm
8216,2026-07-17,05:00:00,14.0,15.0,14.0,21.0,52.0,82.0,0.0,0.0,578.8,0.0,1.6,N,SW,C,mm,km/h,mm
8217,2026-07-17,05:15:00,14.0,15.0,14.0,21.0,52.0,82.0,0.0,0.0,578.6,0.0,1.6,W,NW,C,mm,km/h,mm
8218,2026-07-17,05:30:00,14.0,14.0,14.0,21.0,52.0,83.0,0.0,0.0,578.6,0.0,8.0,W,SSW,C,mm,km/h,mm
8219,2026-07-17,05:45:00,14.0,14.0,14.0,21.0,52.0,83.0,0.0,0.0,578.9,0.0,4.8,SSW,SSW,C,mm,km/h,mm
8220,2026-07-17,06:00:00,14.0,14.0,14.0,21.0,52.0,82.0,0.0,0.0,578.5,0.0,4.8,WSW,SSW,C,mm,km/h,mm
8221,2026-07-17,06:15:00,14.0,14.0,14.0,21.0,52.0,82.0,0.0,0.0,578.4,0.0,8.0,WSW,SW,C,mm,km/h,mm
8222,2026-07-17,06:30:00,14.0,14.0,14.0,21.0,52.0,82.0,0.0,0.0,578.6,0.0,4.8,W,W,C,mm,km/h,mm
8223,2026-07-17,06:45:00,14.0,14.0,14.0,21.0,53.0,83.0,0.0,0.0,578.8,0.0,0.0,,,C,mm,km/h,mm
8224,2026-07-17,07:00:00,14.0,14.0,14.0,21.0,53.0,84.0,0.0,0.0,578.9,0.0,0.0,,,C,mm,km/h,mm
8225,2026-07-17,07:15:00,14.0,14.0,14.0,21.0,53.0,84.0,0.0,0.0,578.9,0.0,0.0,,,C,mm,km/h,mm
8226,2026-07-17,07:30:00,15.0,15.0,14.0,21.0,53.0,82.0,0.0,0.0,578.9,0.0,1.6,W,W,C,mm,km/h,mm
8227,2026-07-17,07:45:00,15.0,15.0,15.0,21.0,53.0,80.0,0.0,0.0,579.0,0.0,0.0,,,C,mm,km/h,mm
8228,2026-07-17,08:00:00,16.0,16.0,15.0,21.0,53.0,79.0,0.0,0.0,579.1,0.0,1.6,W,W,C,mm,km/h,mm
8229,2026-07-17,08:15:00,17.0,17.0,16.0,21.0,53.0,74.0,0.0,0.0,579.4,0.0,1.6,ENE,ENE,C,mm,km/h,mm
8230,2026-07-17,08:30:00,17.0,18.0,17.0,21.0,53.0,73.0,0.0,0.0,579.7,0.0,3.2,SW,SW,C,mm,km/h,mm
8231,2026-07-17,08:45:00,17.0,17.0,17.0,21.0,53.0,73.0,0.0,0.0,579.9,0.0,3.2,WNW,WNW,C,mm,km/h,mm
8232,2026-07-17,09:00:00,18.0,18.0,17.0,21.0,53.0,69.0,0.0,0.0,579.7,0.0,4.8,WSW,SW,C,mm,km/h,mm
8233,2026-07-17,09:15:00,18.0,19.0,18.0,21.0,53.0,69.0,0.0,0.0,579.7,1.6,6.4,E,E,C,mm,km/h,mm
8234,2026-07-17,09:30:00,18.0,18.0,18.0,21.0,53.0,69.0,0.0,0.0,579.8,1.6,4.8,E,E,C,mm,km/h,mm
8235,2026-07-17,09:45:00,18.0,18.0,18.0,21.0,53.0,69.0,0.0,0.0,580.0,0.0,1.6,SW,SW,C,mm,km/h,mm
8236,2026-07-17,10:00:00,19.0,19.0,18.0,21.0,53.0,68.0,0.0,0.0,579.8,0.0,4.8,NE,SSW,C,mm,km/h,mm
8237,2026-07-17,10:15:00,21.0,21.0,19.0,21.0,53.0,62.0,0.0,0.0,579.6,0.0,1.6,W,S,C,mm,km/h,mm
8238,2026-07-17,10:30:00,21.0,21.0,21.0,21.0,53.0,59.0,0.0,0.0,579.4,1.6,6.4,NNW,NW,C,mm,km/h,mm
8239,2026-07-17,10:45:00,21.0,22.0,21.0,21.0,53.0,59.0,0.0,0.0,579.4,0.0,4.8,E,NNW,C,mm,km/h,mm
8240,2026-07-17,11:00:00,21.0,21.0,21.0,21.0,53.0,60.0,0.0,0.0,579.4,0.0,4.8,WSW,WSW,C,mm,km/h,mm
8241,2026-07-17,11:15:00,21.0,21.0,21.0,21.0,53.0,61.0,0.0,0.0,579.3,0.0,6.4,WSW,WSW,C,mm,km/h,mm
8242,2026-07-17,11:30:00,21.0,21.0,21.0,21.0,53.0,59.0,0.0,0.0,579.3,0.0,6.4,E,E,C,mm,km/h,mm
8243,2026-07-17,11:45:00,21.0,21.0,21.0,21.0,53.0,61.0,0.0,0.0,579.2,1.6,8.0,W,E,C,mm,km/h,mm
8244,2026-07-17,12:00:00,22.0,22.0,21.0,21.0,53.0,56.0,0.0,0.0,579.2,1.6,9.7,NNW,W,C,mm,km/h,mm
8245,2026-07-17,12:15:00,23.0,23.0,22.0,21.0,53.0,56.0,0.0,0.0,579.2,1.6,8.0,NW,SSW,C,mm,km/h,mm
8246,2026-07-17,12:30:00,23.0,23.0,22.0,21.0,53.0,55.0,0.0,0.0,579.1,1.6,4.8,NNW,SSW,C,mm,km/h,mm
8247,2026-07-17,12:45:00,23.0,23.0,23.0,21.0,53.0,56.0,0.0,0.0,579.0,1.6,6.4,E,WNW,C,mm,km/h,mm
8248,2026-07-17,13:00:00,23.0,23.0,23.0,21.0,53.0,57.0,0.0,0.0,578.9,0.0,1.6,ESE,ESE,C,mm,km/h,mm
8249,2026-07-17,13:15:00,22.0,23.0,22.0,21.0,53.0,59.0,0.0,0.0,578.7,0.0,3.2,ESE,SSE,C,mm,km/h,mm
8250,2026-07-17,13:30:00,22.0,22.0,22.0,21.0,53.0,57.0,0.0,0.0,578.6,0.0,1.6,NNE,NNE,C,mm,km/h,mm
8251,2026-07-17,13:45:00,23.0,23.0,22.0,21.0,53.0,56.0,0.0,0.0,578.5,0.0,4.8,NNW,NNW,C,mm,km/h,mm
8252,2026-07-17,14:00:00,23.0,23.0,23.0,21.0,53.0,54.0,0.0,0.0,578.4,0.0,6.4,WSW,WSW,C,mm,km/h,mm
8253,2026-07-17,14:15:00,24.0,24.0,23.0,22.0,53.0,53.0,0.0,0.0,578.4,0.0,6.4,SSW,SSE,C,mm,km/h,mm
8254,2026-07-17,14:30:00,24.0,25.0,24.0,22.0,53.0,52.0,0.0,0.0,578.2,0.0,6.4,NNW,NNW,C,mm,km/h,mm
8255,2026-07-17,14:45:00,23.0,24.0,23.0,21.0,53.0,54.0,0.0,0.0,578.1,0.0,3.2,NNW,NNW,C,mm,km/h,mm
8256,2026-07-17,15:00:00,24.0,24.0,23.0,21.0,53.0,52.0,0.0,0.0,577.9,0.0,1.6,ENE,N,C,mm,km/h,mm
8257,2026-07-17,15:15:00,24.0,24.0,24.0,21.0,53.0,52.0,0.0,0.0,577.9,0.0,4.8,E,SE,C,mm,km/h,mm
8258,2026-07-17,15:30:00,24.0,24.0,24.0,21.0,53.0,52.0,0.0,0.0,577.7,0.0,6.4,W,ESE,C,mm,km/h,mm
8259,2026-07-17,15:45:00,24.0,24.0,24.0,21.0,53.0,52.0,0.0,0.0,577.7,0.0,1.6,E,E,C,mm,km/h,mm
8260,2026-07-17,16:00:00,23.0,24.0,23.0,21.0,53.0,61.0,0.0,0.0,577.7,3.2,16.1,W,WNW,C,mm,km/h,mm
8261,2026-07-17,16:15:00,22.0,23.0,22.0,22.0,53.0,61.0,0.0,0.0,577.6,1.6,12.9,NNW,W,C,mm,km/h,mm
8262,2026-07-17,16:30:00,21.0,22.0,21.0,21.0,53.0,66.0,0.0,0.0,577.6,3.2,14.5,WSW,SW,C,mm,km/h,mm
8263,2026-07-17,16:45:00,21.0,21.0,21.0,21.0,54.0,67.0,0.0,0.0,577.6,1.6,8.0,W,SW,C,mm,km/h,mm
8264,2026-07-17,17:00:00,20.0,21.0,20.0,21.0,54.0,68.0,0.0,0.0,577.5,3.2,14.5,W,WNW,C,mm,km/h,mm
8265,2026-07-17,17:15:00,20.0,21.0,20.0,21.0,54.0,69.0,0.0,0.0,577.5,3.2,17.7,W,WSW,C,mm,km/h,mm
8266,2026-07-17,17:30:00,21.0,21.0,20.0,21.0,54.0,68.0,0.0,0.0,577.5,1.6,9.7,WSW,WSW,C,mm,km/h,mm
8267,2026-07-17,17:45:00,21.0,21.0,21.0,21.0,54.0,69.0,0.0,0.0,577.5,0.0,8.0,WSW,W,C,mm,km/h,mm
8268,2026-07-17,18:00:00,21.0,21.0,21.0,21.0,54.0,66.0,0.0,0.0,577.5,1.6,11.3,WSW,WSW,C,mm,km/h,mm
8269,2026-07-17,18:15:00,21.0,21.0,21.0,21.0,55.0,66.0,0.0,0.0,577.6,1.6,9.7,NNW,NW,C,mm,km/h,mm
8270,2026-07-17,18:30:00,20.0,21.0,20.0,21.0,55.0,66.0,0.0,0.0,577.7,1.6,11.3,WSW,W,C,mm,km/h,mm
8271,2026-07-17,18:45:00,20.0,20.0,20.0,21.0,55.0,66.0,0.0,0.0,577.7,3.2,14.5,NW,SW,C,mm,km/h,mm
8272,2026-07-17,19:00:00,19.0,20.0,19.0,21.0,55.0,68.0,0.0,0.0,577.8,3.2,12.9,WSW,WNW,C,mm,km/h,mm
8273,2026-07-17,19:15:00,19.0,19.0,19.0,21.0,55.0,70.0,0.0,0.0,577.9,4.8,19.3,WSW,SSW,C,mm,km/h,mm
8274,2026-07-17,19:30:00,19.0,19.0,19.0,21.0,55.0,70.0,0.0,0.0,578.2,3.2,17.7,WSW,WSW,C,mm,km/h,mm
8275,2026-07-17,19:45:00,19.0,19.0,19.0,21.0,55.0,71.0,0.0,0.0,578.2,1.6,6.4,W,WNW,C,mm,km/h,mm
8276,2026-07-17,20:00:00,18.0,19.0,18.0,21.0,55.0,71.0,0.0,0.0,578.4,1.6,6.4,W,SW,C,mm,km/h,mm
8277,2026-07-17,20:15:00,18.0,18.0,18.0,21.0,55.0,71.0,0.0,0.0,578.6,1.6,9.7,W,SSW,C,mm,km/h,mm
8278,2026-07-17,20:30:00,18.0,18.0,18.0,21.0,55.0,71.0,0.0,0.0,578.8,1.6,8.0,W,W,C,mm,km/h,mm
8279,2026-07-17,20:45:00,18.0,18.0,18.0,21.0,55.0,73.0,0.0,0.0,579.0,1.6,8.0,WSW,SSE,C,mm,km/h,mm
8280,2026-07-17,21:00:00,18.0,18.0,18.0,21.0,55.0,72.0,0.0,0.0,579.3,1.6,6.4,WSW,W,C,mm,km/h,mm
8281,2026-07-17,21:15:00,18.0,18.0,18.0,21.0,55.0,72.0,0.0,0.0,579.4,1.6,9.7,SW,SSW,C,mm,km/h,mm
8282,2026-07-17,21:30:00,18.0,18.0,18.0,21.0,55.0,72.0,0.0,0.0,579.6,0.0,4.8,SW,SSW,C,mm,km/h,mm
8283,2026-07-17,21:45:00,18.0,18.0,18.0,21.0,55.0,71.0,0.0,0.0,579.8,0.0,4.8,SW,SSW,C,mm,km/h,mm
8284,2026-07-17,22:00:00,18.0,18.0,18.0,21.0,55.0,72.0,0.0,0.0,580.1,0.0,4.8,WSW,W,C,mm,km/h,mm
8285,2026-07-17,22:15:00,17.0,18.0,17.0,21.0,55.0,72.0,0.0,0.0,580.3,1.6,8.0,WSW,W,C,mm,km/h,mm
8286,2026-07-17,22:30:00,17.0,18.0,17.0,21.0,55.0,73.0,0.0,0.0,580.3,0.0,9.7,ENE,SSW,C,mm,km/h,mm
8287,2026-07-17,22:45:00,17.0,17.0,17.0,21.0,55.0,73.0,0.0,0.0,580.1,0.0,4.8,W,SSW,C,mm,km/h,mm
8288,2026-07-17,23:00:00,17.0,17.0,17.0,21.0,55.0,74.0,0.0,0.0,580.2,0.0,3.2,WSW,WSW,C,mm,km/h,mm
8289,2026-07-17,23:15:00,17.0,17.0,17.0,21.0,55.0,75.0,0.0,0.0,580.1,0.0,0.0,,,C,mm,km/h,mm
8290,2026-07-17,23:30:00,17.0,17.0,17.0,21.0,55.0,74.0,0.0,0.0,579.9,0.0,1.6,W,W,C,mm,km/h,mm
8291,2026-07-17,23:45:00,17.0,17.0,17.0,21.0,55.0,74.0,0.0,0.0,579.8,0.0,1.6,W,W,C,mm,km/h,mm
8292,2026-07-20,00:15:00,17.0,17.0,17.0,21.0,53.0,71.0,0.0,0.0,578.8,0.0,4.8,WNW,W,C,mm,km/h,mm
8293,2026-07-20,00:30:00,17.0,17.0,17.0,21.0,53.0,73.0,0.0,0.0,578.7,0.0,1.6,WNW,WNW,C,mm,km/h,mm
8294,2026-07-20,00:45:00,16.0,17.0,16.0,21.0,53.0,74.0,0.0,0.0,578.7,0.0,0.0,,,C,mm,km/h,mm
8295,2026-07-20,01:00:00,16.0,16.0,16.0,21.0,53.0,78.0,0.0,0.0,578.6,0.0,0.0,,,C,mm,km/h,mm
8296,2026-07-20,01:15:00,15.0,16.0,15.0,21.0,53.0,81.0,0.0,0.0,578.6,0.0,0.0,,,C,mm,km/h,mm
8297,2026-07-20,01:30:00,14.0,15.0,14.0,21.0,53.0,83.0,0.0,0.0,578.6,0.0,0.0,,,C,mm,km/h,mm
8298,2026-07-20,01:45:00,14.0,14.0,14.0,21.0,53.0,85.0,0.0,0.0,578.6,0.0,0.0,,,C,mm,km/h,mm
8299,2026-07-20,02:00:00,14.0,14.0,14.0,21.0,53.0,87.0,0.0,0.0,578.6,0.0,0.0,,,C,mm,km/h,mm
8300,2026-07-20,02:15:00,14.0,14.0,14.0,21.0,54.0,89.0,0.0,0.0,578.5,0.0,0.0,,,C,mm,km/h,mm
8301,2026-07-20,02:30:00,14.0,14.0,14.0,21.0,54.0,90.0,0.0,0.0,578.5,0.0,0.0,,,C,mm,km/h,mm
8302,2026-07-20,02:45:00,14.0,14.0,14.0,21.0,54.0,90.0,0.0,0.0,578.4,0.0,0.0,,,C,mm,km/h,mm
8303,2026-07-20,03:00:00,14.0,14.0,13.0,21.0,54.0,91.0,0.0,0.0,578.4,0.0,0.0,,,C,mm,km/h,mm
8304,2026-07-20,03:15:00,13.0,14.0,13.0,21.0,54.0,91.0,0.0,0.0,578.4,0.0,0.0,,,C,mm,km/h,mm
8305,2026-07-20,03:30:00,14.0,14.0,13.0,21.0,54.0,91.0,0.0,0.0,578.5,0.0,0.0,,,C,mm,km/h,mm
8306,2026-07-20,03:45:00,13.0,14.0,13.0,21.0,54.0,91.0,0.0,0.0,578.6,0.0,0.0,,,C,mm,km/h,mm
8307,2026-07-20,04:00:00,13.0,13.0,13.0,21.0,55.0,92.0,0.0,0.0,578.7,0.0,0.0,,,C,mm,km/h,mm
8308,2026-07-20,04:15:00,13.0,14.0,13.0,21.0,55.0,92.0,0.0,0.0,578.6,0.0,0.0,,,C,mm,km/h,mm
8309,2026-07-20,04:30:00,13.0,14.0,13.0,21.0,55.0,91.0,0.0,0.0,578.7,0.0,0.0,,,C,mm,km/h,mm
8310,2026-07-20,04:45:00,14.0,14.0,13.0,21.0,55.0,91.0,0.0,0.0,578.7,0.0,0.0,,,C,mm,km/h,mm
8311,2026-07-20,05:00:00,13.0,14.0,13.0,21.0,55.0,91.0,0.0,0.0,578.8,0.0,0.0,,,C,mm,km/h,mm
8312,2026-07-20,05:15:00,13.0,13.0,13.0,21.0,55.0,91.0,0.0,0.0,578.8,0.0,0.0,,,C,mm,km/h,mm
8313,2026-07-20,05:30:00,13.0,13.0,13.0,21.0,55.0,92.0,0.0,0.0,578.9,0.0,0.0,,,C,mm,km/h,mm
8314,2026-07-20,05:45:00,13.0,13.0,13.0,21.0,55.0,93.0,0.0,0.0,579.0,0.0,0.0,,,C,mm,km/h,mm
8315,2026-07-20,06:00:00,13.0,13.0,13.0,21.0,55.0,93.0,0.0,0.0,579.0,0.0,0.0,,,C,mm,km/h,mm
8316,2026-07-20,06:15:00,13.0,13.0,13.0,21.0,55.0,93.0,0.0,0.0,579.2,0.0,0.0,,,C,mm,km/h,mm
8317,2026-07-20,06:30:00,13.0,13.0,13.0,21.0,55.0,93.0,0.0,0.0,579.2,0.0,0.0,,,C,mm,km/h,mm
8318,2026-07-20,06:45:00,13.0,13.0,13.0,21.0,55.0,93.0,0.0,0.0,579.2,0.0,0.0,,,C,mm,km/h,mm
8319,2026-07-20,07:00:00,13.0,13.0,13.0,21.0,56.0,93.0,0.0,0.0,579.2,0.0,0.0,,,C,mm,km/h,mm
8320,2026-07-20,07:15:00,14.0,14.0,13.0,21.0,56.0,93.0,0.0,0.0,579.3,0.0,0.0,,,C,mm,km/h,mm
8321,2026-07-20,07:30:00,15.0,15.0,14.0,21.0,56.0,90.0,0.0,0.0,579.3,0.0,0.0,,,C,mm,km/h,mm
8322,2026-07-20,07:45:00,16.0,16.0,15.0,21.0,56.0,85.0,0.0,0.0,579.3,0.0,0.0,,,C,mm,km/h,mm
8323,2026-07-20,08:00:00,17.0,17.0,16.0,21.0,56.0,80.0,0.0,0.0,579.4,0.0,0.0,,,C,mm,km/h,mm
8324,2026-07-20,08:15:00,19.0,19.0,17.0,21.0,56.0,74.0,0.0,0.0,579.4,0.0,0.0,,,C,mm,km/h,mm
8325,2026-07-20,08:30:00,19.0,19.0,18.0,21.0,56.0,74.0,0.0,0.0,579.5,0.0,1.6,N,N,C,mm,km/h,mm
8326,2026-07-20,08:45:00,19.0,19.0,19.0,21.0,56.0,73.0,0.0,0.0,579.4,0.0,1.6,NE,ENE,C,mm,km/h,mm
8327,2026-07-20,09:00:00,20.0,20.0,19.0,21.0,56.0,71.0,0.0,0.0,579.5,0.0,3.2,E,E,C,mm,km/h,mm
8328,2026-07-20,09:15:00,20.0,20.0,20.0,21.0,56.0,68.0,0.0,0.0,579.5,0.0,1.6,E,ESE,C,mm,km/h,mm
8329,2026-07-20,09:30:00,20.0,20.0,20.0,21.0,56.0,70.0,0.0,0.0,579.4,0.0,3.2,NE,E,C,mm,km/h,mm
8330,2026-07-20,09:45:00,22.0,22.0,20.0,21.0,56.0,66.0,0.0,0.0,579.3,0.0,4.8,NE,ENE,C,mm,km/h,mm
8331,2026-07-20,10:00:00,22.0,22.0,22.0,21.0,56.0,62.0,0.0,0.0,579.2,0.0,8.0,W,W,C,mm,km/h,mm
8332,2026-07-20,10:15:00,23.0,23.0,22.0,21.0,56.0,59.0,0.0,0.0,579.1,0.0,4.8,NW,NNW,C,mm,km/h,mm
8333,2026-07-20,10:30:00,24.0,24.0,23.0,21.0,56.0,57.0,0.0,0.0,579.0,0.0,6.4,ENE,NW,C,mm,km/h,mm
8334,2026-07-20,10:45:00,24.0,24.0,23.0,21.0,56.0,56.0,0.0,0.0,578.9,1.6,6.4,NW,NW,C,mm,km/h,mm
8335,2026-07-20,11:00:00,25.0,25.0,24.0,21.0,56.0,53.0,0.0,0.0,578.8,0.0,4.8,W,NNW,C,mm,km/h,mm
8336,2026-07-20,11:15:00,25.0,25.0,24.0,21.0,56.0,52.0,0.0,0.0,578.7,0.0,6.4,SW,WSW,C,mm,km/h,mm
8337,2026-07-20,11:30:00,25.0,25.0,25.0,21.0,56.0,50.0,0.0,0.0,578.5,1.6,6.4,NW,NNW,C,mm,km/h,mm
8338,2026-07-20,11:45:00,25.0,26.0,25.0,21.0,56.0,52.0,0.0,0.0,578.4,1.6,4.8,NNW,NNW,C,mm,km/h,mm
8339,2026-07-20,12:00:00,26.0,26.0,25.0,21.0,56.0,50.0,0.0,0.0,578.3,1.6,9.7,NNE,WSW,C,mm,km/h,mm
8340,2026-07-20,12:15:00,26.0,27.0,26.0,21.0,56.0,48.0,0.0,0.0,578.1,0.0,4.8,NW,ENE,C,mm,km/h,mm
8341,2026-07-20,12:30:00,26.0,26.0,25.0,21.0,56.0,45.0,0.0,0.0,578.0,1.6,8.0,W,NNW,C,mm,km/h,mm
8342,2026-07-20,12:45:00,26.0,26.0,26.0,21.0,56.0,46.0,0.0,0.0,577.9,1.6,8.0,WSW,NE,C,mm,km/h,mm
8343,2026-07-20,13:00:00,27.0,27.0,26.0,21.0,56.0,45.0,0.0,0.0,577.6,1.6,9.7,SW,WSW,C,mm,km/h,mm
8344,2026-07-20,13:15:00,27.0,27.0,27.0,21.0,55.0,39.0,0.0,0.0,577.5,3.2,17.7,W,NW,C,mm,km/h,mm
8345,2026-07-20,13:30:00,26.0,27.0,26.0,21.0,55.0,42.0,0.0,0.0,577.3,3.2,17.7,W,NNW,C,mm,km/h,mm
8346,2026-07-20,13:45:00,27.0,27.0,26.0,21.0,55.0,40.0,0.0,0.0,577.3,3.2,14.5,W,NNW,C,mm,km/h,mm
8347,2026-07-20,14:00:00,27.0,28.0,27.0,21.0,55.0,40.0,0.0,0.0,577.0,1.6,9.7,SSW,NNW,C,mm,km/h,mm
8348,2026-07-20,14:15:00,28.0,28.0,27.0,21.0,54.0,38.0,0.0,0.0,576.9,3.2,12.9,WNW,WSW,C,mm,km/h,mm
8349,2026-07-20,14:30:00,27.0,28.0,27.0,21.0,54.0,41.0,0.0,0.0,576.7,1.6,8.0,SSW,SW,C,mm,km/h,mm
8350,2026-07-20,14:45:00,28.0,28.0,27.0,21.0,54.0,37.0,0.0,0.0,576.3,3.2,14.5,SW,W,C,mm,km/h,mm
8351,2026-07-20,15:00:00,28.0,28.0,28.0,21.0,53.0,36.0,0.0,0.0,576.0,1.6,11.3,SW,E,C,mm,km/h,mm
8352,2026-07-20,15:15:00,28.0,28.0,28.0,21.0,53.0,37.0,0.0,0.0,575.6,1.6,9.7,SW,SSW,C,mm,km/h,mm
8353,2026-07-20,15:30:00,29.0,29.0,28.0,21.0,53.0,36.0,0.0,0.0,575.5,3.2,17.7,W,WSW,C,mm,km/h,mm
8354,2026-07-20,15:45:00,29.0,29.0,29.0,21.0,52.0,36.0,0.0,0.0,575.2,4.8,22.5,ESE,W,C,mm,km/h,mm
8355,2026-07-20,16:00:00,28.0,29.0,28.0,21.0,52.0,37.0,0.0,0.0,575.2,6.4,17.7,NNW,WSW,C,mm,km/h,mm
8356,2026-07-20,16:15:00,29.0,29.0,28.0,22.0,52.0,38.0,0.0,0.0,575.2,4.8,19.3,WSW,WSW,C,mm,km/h,mm
8357,2026-07-20,16:30:00,25.0,29.0,25.0,22.0,51.0,42.0,0.0,0.0,575.6,6.4,27.4,W,NNW,C,mm,km/h,mm
8358,2026-07-20,16:45:00,21.0,25.0,21.0,22.0,51.0,55.0,0.0,0.0,576.1,6.4,22.5,SW,NNW,C,mm,km/h,mm
8359,2026-07-20,17:00:00,19.0,21.0,19.0,22.0,51.0,71.0,0.2,0.0,576.8,1.6,9.7,N,E,C,mm,km/h,mm
8360,2026-07-20,17:15:00,19.0,19.0,18.0,22.0,51.0,71.0,0.2,1.6,576.9,3.2,11.3,ESE,E,C,mm,km/h,mm
8361,2026-07-20,17:30:00,18.0,19.0,18.0,22.0,52.0,70.0,0.0,0.0,577.4,0.0,6.4,ESE,E,C,mm,km/h,mm
8362,2026-07-20,17:45:00,18.0,19.0,18.0,22.0,52.0,77.0,0.2,0.0,577.6,1.6,11.3,ESE,E,C,mm,km/h,mm
8363,2026-07-20,18:00:00,17.0,18.0,17.0,22.0,53.0,73.0,0.0,0.0,577.3,4.8,14.5,ENE,E,C,mm,km/h,mm
8364,2026-07-20,18:15:00,17.0,17.0,17.0,22.0,53.0,73.0,0.0,0.0,577.5,1.6,11.3,ESE,E,C,mm,km/h,mm
8365,2026-07-20,18:30:00,18.0,18.0,17.0,22.0,53.0,66.0,0.0,0.0,577.5,1.6,9.7,ENE,E,C,mm,km/h,mm
8366,2026-07-20,18:45:00,18.0,18.0,18.0,22.0,53.0,68.0,0.0,0.0,577.4,0.0,4.8,E,E,C,mm,km/h,mm
8367,2026-07-20,19:00:00,17.0,18.0,17.0,22.0,53.0,71.0,0.2,0.0,577.4,0.0,4.8,SW,NNE,C,mm,km/h,mm
8368,2026-07-20,19:15:00,17.0,17.0,17.0,22.0,53.0,74.0,0.0,0.0,577.5,0.0,1.6,W,W,C,mm,km/h,mm
8369,2026-07-20,19:30:00,17.0,17.0,17.0,22.0,53.0,73.0,0.0,0.0,577.4,0.0,1.6,NNW,W,C,mm,km/h,mm
8370,2026-07-20,19:45:00,17.0,17.0,17.0,22.0,53.0,72.0,0.0,0.0,577.6,0.0,0.0,,,C,mm,km/h,mm
8371,2026-07-20,20:00:00,16.0,17.0,16.0,22.0,53.0,74.0,0.0,0.0,577.5,0.0,1.6,WNW,WNW,C,mm,km/h,mm
8372,2026-07-20,20:15:00,16.0,16.0,16.0,22.0,53.0,74.0,0.0,0.0,577.7,0.0,3.2,W,W,C,mm,km/h,mm
8373,2026-07-20,20:30:00,16.0,16.0,16.0,22.0,53.0,75.0,0.0,0.0,577.7,0.0,0.0,,,C,mm,km/h,mm
8374,2026-07-20,20:45:00,16.0,16.0,16.0,22.0,53.0,75.0,0.0,0.0,577.7,0.0,0.0,,,C,mm,km/h,mm
8375,2026-07-20,21:00:00,16.0,16.0,16.0,22.0,53.0,76.0,0.0,0.0,577.8,0.0,1.6,NNW,NNW,C,mm,km/h,mm
8376,2026-07-20,21:15:00,15.0,16.0,15.0,22.0,53.0,79.0,0.0,0.0,577.9,0.0,0.0,,,C,mm,km/h,mm
8377,2026-07-20,21:30:00,15.0,15.0,15.0,22.0,53.0,79.0,0.0,0.0,577.9,0.0,0.0,,,C,mm,km/h,mm
8378,2026-07-20,21:45:00,14.0,15.0,14.0,22.0,53.0,82.0,0.0,0.0,578.1,0.0,0.0,,,C,mm,km/h,mm
8379,2026-07-20,22:00:00,14.0,14.0,14.0,22.0,53.0,83.0,0.0,0.0,578.3,0.0,0.0,,,C,mm,km/h,mm
8380,2026-07-20,22:15:00,14.0,14.0,14.0,22.0,53.0,84.0,0.0,0.0,578.4,0.0,0.0,,,C,mm,km/h,mm
8381,2026-07-20,22:30:00,14.0,14.0,14.0,21.0,53.0,83.0,0.0,0.0,578.4,0.0,0.0,,,C,mm,km/h,mm
8382,2026-07-20,22:45:00,14.0,14.0,14.0,21.0,53.0,84.0,0.0,0.0,578.6,0.0,0.0,,,C,mm,km/h,mm
8383,2026-07-20,23:00:00,14.0,14.0,14.0,21.0,53.0,83.0,0.0,0.0,578.6,0.0,0.0,,,C,mm,km/h,mm
8384,2026-07-20,23:15:00,14.0,15.0,14.0,21.0,53.0,82.0,0.0,0.0,578.6,0.0,0.0,,,C,mm,km/h,mm
8385,2026-07-20,23:30:00,14.0,14.0,14.0,21.0,53.0,80.0,0.0,0.0,578.7,0.0,0.0,,,C,mm,km/h,mm
8386,2026-07-20,23:45:00,14.0,14.0,14.0,21.0,53.0,82.0,0.0,0.0,578.7,0.0,0.0,,,C,mm,km/h,mm
8387,2026-07-21,00:15:00,13.0,13.0,13.0,21.0,53.0,84.0,0.0,0.0,578.6,0.0,0.0,,,C,mm,km/h,mm
8388,2026-07-21,00:30:00,12.0,13.0,12.0,21.0,53.0,85.0,0.0,0.0,578.5,0.0,0.0,,,C,mm,km/h,mm
8389,2026-07-21,00:45:00,12.0,13.0,12.0,21.0,53.0,88.0,0.0,0.0,578.5,0.0,0.0,,,C,mm,km/h,mm
8390,2026-07-21,01:00:00,13.0,13.0,12.0,21.0,53.0,89.0,0.0,0.0,578.5,0.0,0.0,,,C,mm,km/h,mm
8391,2026-07-21,01:15:00,13.0,13.0,13.0,21.0,53.0,89.0,0.0,0.0,578.4,0.0,0.0,,,C,mm,km/h,mm
8392,2026-07-21,01:30:00,13.0,13.0,13.0,21.0,53.0,88.0,0.0,0.0,578.3,0.0,0.0,,,C,mm,km/h,mm
8393,2026-07-21,01:45:00,12.0,13.0,12.0,21.0,53.0,89.0,0.0,0.0,578.2,0.0,0.0,,,C,mm,km/h,mm
8394,2026-07-21,02:00:00,12.0,12.0,12.0,21.0,53.0,89.0,0.0,0.0,578.2,0.0,0.0,,,C,mm,km/h,mm
8395,2026-07-21,02:15:00,12.0,12.0,12.0,21.0,53.0,90.0,0.0,0.0,578.1,0.0,0.0,,,C,mm,km/h,mm
8396,2026-07-21,02:30:00,12.0,12.0,11.0,21.0,53.0,91.0,0.0,0.0,578.0,0.0,0.0,,,C,mm,km/h,mm
8397,2026-07-21,02:45:00,11.0,12.0,11.0,21.0,53.0,91.0,0.0,0.0,577.9,0.0,0.0,,,C,mm,km/h,mm
8398,2026-07-21,03:00:00,11.0,11.0,11.0,21.0,53.0,91.0,0.0,0.0,577.8,0.0,0.0,,,C,mm,km/h,mm
8399,2026-07-21,03:15:00,11.0,11.0,11.0,21.0,53.0,92.0,0.0,0.0,577.8,0.0,0.0,,,C,mm,km/h,mm
8400,2026-07-21,03:30:00,11.0,11.0,11.0,21.0,53.0,92.0,0.0,0.0,577.7,0.0,0.0,,,C,mm,km/h,mm
8401,2026-07-21,03:45:00,11.0,11.0,11.0,21.0,53.0,92.0,0.0,0.0,577.6,0.0,0.0,,,C,mm,km/h,mm
8402,2026-07-21,04:00:00,11.0,11.0,11.0,21.0,53.0,92.0,0.0,0.0,577.6,0.0,0.0,,,C,mm,km/h,mm
8403,2026-07-21,04:15:00,11.0,11.0,11.0,21.0,53.0,92.0,0.0,0.0,577.8,0.0,0.0,,,C,mm,km/h,mm
8404,2026-07-21,04:30:00,11.0,11.0,11.0,21.0,53.0,92.0,0.0,0.0,577.7,0.0,0.0,,,C,mm,km/h,mm
8405,2026-07-21,04:45:00,11.0,11.0,10.0,21.0,53.0,93.0,0.0,0.0,577.6,0.0,0.0,,,C,mm,km/h,mm
8406,2026-07-21,05:00:00,11.0,11.0,11.0,21.0,53.0,93.0,0.0,0.0,577.6,0.0,0.0,,,C,mm,km/h,mm
8407,2026-07-21,05:15:00,11.0,11.0,10.0,21.0,53.0,93.0,0.0,0.0,577.8,0.0,0.0,,,C,mm,km/h,mm
8408,2026-07-21,05:30:00,10.0,11.0,10.0,21.0,53.0,93.0,0.0,0.0,577.8,0.0,0.0,,,C,mm,km/h,mm
8409,2026-07-21,05:45:00,11.0,11.0,10.0,21.0,53.0,93.0,0.0,0.0,577.9,0.0,0.0,,,C,mm,km/h,mm
8410,2026-07-21,06:00:00,10.0,11.0,10.0,21.0,53.0,93.0,0.0,0.0,577.9,0.0,0.0,,,C,mm,km/h,mm
8411,2026-07-21,06:15:00,11.0,11.0,10.0,21.0,53.0,94.0,0.0,0.0,578.0,0.0,0.0,,,C,mm,km/h,mm
8412,2026-07-21,06:30:00,11.0,11.0,11.0,21.0,53.0,94.0,0.0,0.0,578.1,0.0,0.0,,,C,mm,km/h,mm
8413,2026-07-21,06:45:00,11.0,11.0,11.0,21.0,53.0,94.0,0.0,0.0,578.2,0.0,0.0,,,C,mm,km/h,mm
8414,2026-07-21,07:00:00,11.0,11.0,11.0,21.0,53.0,94.0,0.0,0.0,578.3,0.0,0.0,,,C,mm,km/h,mm
8415,2026-07-21,07:15:00,12.0,12.0,11.0,21.0,53.0,95.0,0.0,0.0,578.3,0.0,0.0,,,C,mm,km/h,mm
8416,2026-07-21,07:30:00,13.0,13.0,12.0,21.0,53.0,94.0,0.0,0.0,578.4,0.0,0.0,,,C,mm,km/h,mm
8417,2026-07-21,07:45:00,14.0,14.0,13.0,21.0,53.0,90.0,0.0,0.0,578.5,0.0,0.0,,,C,mm,km/h,mm
8418,2026-07-21,08:00:00,15.0,15.0,14.0,21.0,53.0,84.0,0.0,0.0,578.5,0.0,0.0,,,C,mm,km/h,mm
8419,2026-07-21,08:15:00,17.0,17.0,15.0,21.0,53.0,77.0,0.0,0.0,578.5,0.0,1.6,ENE,ENE,C,mm,km/h,mm
8420,2026-07-21,08:30:00,18.0,18.0,17.0,21.0,53.0,71.0,0.0,0.0,578.6,0.0,0.0,,,C,mm,km/h,mm
8421,2026-07-21,08:45:00,18.0,18.0,18.0,21.0,53.0,70.0,0.0,0.0,578.5,0.0,3.2,SW,WSW,C,mm,km/h,mm
8422,2026-07-21,09:00:00,19.0,19.0,18.0,21.0,53.0,69.0,0.0,0.0,578.6,0.0,1.6,N,N,C,mm,km/h,mm
8423,2026-07-21,09:15:00,20.0,20.0,19.0,21.0,54.0,65.0,0.0,0.0,578.4,0.0,3.2,WSW,WSW,C,mm,km/h,mm
8424,2026-07-21,09:30:00,20.0,20.0,20.0,21.0,54.0,68.0,0.0,0.0,578.5,1.6,9.7,W,W,C,mm,km/h,mm
8425,2026-07-21,09:45:00,21.0,21.0,20.0,21.0,54.0,64.0,0.0,0.0,578.4,0.0,1.6,S,ESE,C,mm,km/h,mm
8426,2026-07-21,10:00:00,21.0,22.0,21.0,21.0,54.0,63.0,0.0,0.0,578.3,0.0,6.4,WSW,E,C,mm,km/h,mm
8427,2026-07-21,10:15:00,22.0,22.0,21.0,21.0,54.0,63.0,0.0,0.0,578.3,1.6,8.0,WSW,W,C,mm,km/h,mm
8428,2026-07-21,10:30:00,23.0,23.0,22.0,21.0,54.0,58.0,0.0,0.0,578.4,0.0,8.0,SW,WSW,C,mm,km/h,mm
8429,2026-07-21,10:45:00,23.0,23.0,22.0,21.0,54.0,56.0,0.0,0.0,578.2,1.6,8.0,W,W,C,mm,km/h,mm
8430,2026-07-21,11:00:00,24.0,24.0,23.0,21.0,54.0,55.0,0.0,0.0,578.1,1.6,16.1,WSW,WSW,C,mm,km/h,mm
8431,2026-07-21,11:15:00,24.0,24.0,23.0,21.0,54.0,54.0,0.0,0.0,578.2,3.2,16.1,W,W,C,mm,km/h,mm
8432,2026-07-21,11:30:00,24.0,24.0,24.0,21.0,54.0,52.0,0.0,0.0,578.1,3.2,12.9,WSW,WSW,C,mm,km/h,mm
8433,2026-07-21,11:45:00,25.0,25.0,24.0,21.0,54.0,49.0,0.0,0.0,577.8,3.2,12.9,W,WSW,C,mm,km/h,mm
8434,2026-07-21,12:00:00,25.0,25.0,25.0,21.0,54.0,46.0,0.0,0.0,577.7,1.6,12.9,WNW,WSW,C,mm,km/h,mm
8435,2026-07-21,12:15:00,25.0,25.0,25.0,21.0,54.0,44.0,0.0,0.0,577.7,3.2,12.9,W,W,C,mm,km/h,mm
8436,2026-07-21,12:30:00,26.0,26.0,25.0,21.0,54.0,40.0,0.0,0.0,577.5,3.2,12.9,S,SW,C,mm,km/h,mm
8437,2026-07-21,12:45:00,26.0,26.0,26.0,21.0,54.0,35.0,0.0,0.0,577.4,4.8,20.9,W,W,C,mm,km/h,mm
8438,2026-07-21,13:00:00,26.0,26.0,26.0,21.0,53.0,30.0,0.0,0.0,577.2,4.8,20.9,W,WSW,C,mm,km/h,mm
8439,2026-07-21,13:15:00,26.0,27.0,26.0,21.0,53.0,32.0,0.0,0.0,577.1,6.4,16.1,NW,WSW,C,mm,km/h,mm
8440,2026-07-21,13:30:00,27.0,27.0,26.0,21.0,52.0,30.0,0.0,0.0,577.1,3.2,12.9,W,WSW,C,mm,km/h,mm
8441,2026-07-21,13:45:00,27.0,27.0,27.0,21.0,51.0,35.0,0.0,0.0,577.0,4.8,14.5,WSW,WSW,C,mm,km/h,mm
8442,2026-07-21,14:00:00,27.0,27.0,27.0,21.0,51.0,33.0,0.0,0.0,576.7,4.8,12.9,NW,W,C,mm,km/h,mm
8443,2026-07-21,14:15:00,27.0,27.0,27.0,21.0,50.0,32.0,0.0,0.0,576.6,6.4,17.7,W,WSW,C,mm,km/h,mm
8444,2026-07-21,14:30:00,28.0,28.0,27.0,21.0,50.0,34.0,0.0,0.0,576.3,3.2,11.3,WSW,W,C,mm,km/h,mm
8445,2026-07-21,14:45:00,27.0,28.0,27.0,21.0,50.0,39.0,0.0,0.0,576.3,6.4,16.1,SW,W,C,mm,km/h,mm
8446,2026-07-21,15:00:00,27.0,27.0,27.0,21.0,49.0,39.0,0.0,0.0,576.1,4.8,22.5,NW,WSW,C,mm,km/h,mm
8447,2026-07-21,15:15:00,27.0,27.0,27.0,21.0,49.0,37.0,0.0,0.0,575.8,6.4,20.9,SW,W,C,mm,km/h,mm
8448,2026-07-21,15:30:00,27.0,28.0,27.0,21.0,49.0,35.0,0.0,0.0,575.7,6.4,25.7,WSW,W,C,mm,km/h,mm
8449,2026-07-21,15:45:00,28.0,28.0,27.0,21.0,49.0,32.0,0.0,0.0,575.5,4.8,19.3,WSW,WSW,C,mm,km/h,mm
8450,2026-07-21,16:00:00,28.0,28.0,27.0,21.0,49.0,33.0,0.0,0.0,575.5,4.8,19.3,WSW,WSW,C,mm,km/h,mm
8451,2026-07-21,16:15:00,28.0,28.0,27.0,21.0,49.0,33.0,0.0,0.0,575.3,4.8,24.1,N,WSW,C,mm,km/h,mm
8452,2026-07-21,16:30:00,28.0,28.0,27.0,21.0,48.0,28.0,0.0,0.0,575.3,8.0,24.1,WNW,WSW,C,mm,km/h,mm
8453,2026-07-21,16:45:00,28.0,28.0,28.0,21.0,48.0,30.0,0.0,0.0,575.2,3.2,16.1,W,NW,C,mm,km/h,mm
8454,2026-07-21,17:00:00,27.0,28.0,27.0,21.0,48.0,31.0,0.0,0.0,575.2,4.8,19.3,SW,W,C,mm,km/h,mm
8455,2026-07-21,17:15:00,27.0,27.0,27.0,21.0,47.0,31.0,0.0,0.0,575.2,8.0,24.1,S,WSW,C,mm,km/h,mm
8456,2026-07-21,17:30:00,26.0,27.0,26.0,21.0,47.0,33.0,0.0,0.0,575.3,6.4,16.1,S,W,C,mm,km/h,mm
8457,2026-07-21,17:45:00,26.0,26.0,26.0,21.0,47.0,34.0,0.0,0.0,575.3,4.8,17.7,W,NW,C,mm,km/h,mm
8458,2026-07-21,18:00:00,26.0,26.0,26.0,22.0,47.0,37.0,0.0,0.0,575.3,3.2,12.9,NW,NNW,C,mm,km/h,mm
8459,2026-07-21,18:15:00,25.0,26.0,25.0,22.0,46.0,38.0,0.0,0.0,575.6,3.2,16.1,WSW,NW,C,mm,km/h,mm
8460,2026-07-21,18:30:00,24.0,25.0,24.0,22.0,46.0,39.0,0.0,0.0,575.6,3.2,14.5,WNW,W,C,mm,km/h,mm
8461,2026-07-21,18:45:00,23.0,24.0,23.0,22.0,46.0,40.0,0.0,0.0,575.8,3.2,9.7,NNW,NNW,C,mm,km/h,mm
8462,2026-07-21,19:00:00,22.0,23.0,22.0,22.0,46.0,44.0,0.0,0.0,576.1,0.0,6.4,W,NW,C,mm,km/h,mm
8463,2026-07-21,19:15:00,22.0,22.0,22.0,22.0,46.0,49.0,0.0,0.0,576.4,1.6,20.9,WNW,NNW,C,mm,km/h,mm
8464,2026-07-21,19:30:00,21.0,22.0,21.0,22.0,46.0,49.0,0.0,0.0,576.6,1.6,14.5,SW,NNW,C,mm,km/h,mm
8465,2026-07-21,19:45:00,21.0,21.0,21.0,22.0,46.0,50.0,0.0,0.0,576.7,0.0,4.8,NNW,W,C,mm,km/h,mm
8466,2026-07-21,20:00:00,21.0,21.0,21.0,22.0,46.0,50.0,0.0,0.0,576.8,1.6,9.7,SW,WSW,C,mm,km/h,mm
8467,2026-07-21,20:15:00,20.0,21.0,20.0,22.0,46.0,51.0,0.0,0.0,577.0,0.0,6.4,WNW,W,C,mm,km/h,mm
8468,2026-07-21,20:30:00,20.0,20.0,20.0,22.0,46.0,53.0,0.0,0.0,577.0,0.0,6.4,W,WNW,C,mm,km/h,mm
8469,2026-07-21,20:45:00,19.0,20.0,19.0,22.0,47.0,57.0,0.0,0.0,577.3,0.0,6.4,WSW,W,C,mm,km/h,mm
8470,2026-07-21,21:00:00,19.0,19.0,19.0,22.0,47.0,55.0,0.0,0.0,577.4,1.6,8.0,WSW,WSW,C,mm,km/h,mm
8471,2026-07-21,21:15:00,19.0,19.0,19.0,22.0,47.0,56.0,0.0,0.0,577.6,1.6,8.0,NW,W,C,mm,km/h,mm
8472,2026-07-21,21:30:00,18.0,19.0,18.0,22.0,47.0,60.0,0.0,0.0,577.8,0.0,4.8,WSW,W,C,mm,km/h,mm
8473,2026-07-21,21:45:00,18.0,18.0,18.0,22.0,47.0,61.0,0.0,0.0,578.0,1.6,8.0,S,WSW,C,mm,km/h,mm
8474,2026-07-21,22:00:00,18.0,18.0,18.0,22.0,47.0,61.0,0.0,0.0,578.1,1.6,8.0,WNW,W,C,mm,km/h,mm
8475,2026-07-21,22:15:00,18.0,18.0,18.0,22.0,47.0,62.0,0.0,0.0,578.1,1.6,6.4,NW,WSW,C,mm,km/h,mm
8476,2026-07-21,22:30:00,17.0,18.0,17.0,22.0,47.0,63.0,0.0,0.0,578.1,0.0,4.8,W,W,C,mm,km/h,mm
8477,2026-07-21,22:45:00,17.0,17.0,17.0,22.0,47.0,63.0,0.0,0.0,578.1,1.6,9.7,WSW,WSW,C,mm,km/h,mm
8478,2026-07-21,23:00:00,17.0,17.0,17.0,22.0,47.0,65.0,0.0,0.0,578.1,1.6,8.0,S,WSW,C,mm,km/h,mm
8479,2026-07-21,23:15:00,17.0,17.0,17.0,22.0,47.0,65.0,0.0,0.0,578.0,1.6,12.9,W,WSW,C,mm,km/h,mm
8480,2026-07-21,23:30:00,17.0,17.0,17.0,22.0,48.0,66.0,0.0,0.0,577.9,3.2,9.7,WSW,WSW,C,mm,km/h,mm
8481,2026-07-21,23:45:00,16.0,17.0,16.0,22.0,48.0,66.0,0.0,0.0,578.0,3.2,9.7,WNW,WSW,C,mm,km/h,mm
8482,2026-07-22,00:15:00,16.0,16.0,16.0,22.0,47.0,68.0,0.0,0.0,578.1,1.6,8.0,SSW,WSW,C,mm,km/h,mm
8483,2026-07-22,00:30:00,16.0,16.0,16.0,22.0,47.0,67.0,0.0,0.0,578.0,1.6,9.7,WSW,W,C,mm,km/h,mm
8484,2026-07-22,00:45:00,16.0,16.0,16.0,22.0,47.0,68.0,0.0,0.0,577.7,1.6,8.0,W,WSW,C,mm,km/h,mm
8485,2026-07-22,01:00:00,16.0,16.0,16.0,22.0,47.0,68.0,0.0,0.0,577.6,1.6,8.0,W,WSW,C,mm,km/h,mm
8486,2026-07-22,01:15:00,15.0,16.0,15.0,22.0,47.0,70.0,0.0,0.0,577.5,0.0,4.8,SW,SW,C,mm,km/h,mm
8487,2026-07-22,01:30:00,15.0,15.0,15.0,22.0,47.0,71.0,0.0,0.0,577.3,0.0,6.4,W,W,C,mm,km/h,mm
8488,2026-07-22,01:45:00,15.0,15.0,15.0,22.0,47.0,71.0,0.0,0.0,577.1,0.0,6.4,WSW,W,C,mm,km/h,mm
8489,2026-07-22,02:00:00,15.0,15.0,15.0,22.0,47.0,72.0,0.0,0.0,576.8,0.0,3.2,SSW,WNW,C,mm,km/h,mm
8490,2026-07-22,02:15:00,15.0,15.0,15.0,22.0,47.0,73.0,0.0,0.0,576.6,0.0,6.4,WSW,W,C,mm,km/h,mm
8491,2026-07-22,02:30:00,15.0,15.0,15.0,22.0,47.0,74.0,0.0,0.0,576.7,0.0,4.8,W,WSW,C,mm,km/h,mm
8492,2026-07-22,02:45:00,15.0,15.0,15.0,22.0,47.0,74.0,0.0,0.0,576.5,0.0,4.8,SW,SW,C,mm,km/h,mm
8493,2026-07-22,03:00:00,14.0,15.0,14.0,21.0,47.0,76.0,0.0,0.0,576.4,0.0,0.0,,,C,mm,km/h,mm
8494,2026-07-22,03:15:00,14.0,14.0,14.0,21.0,47.0,79.0,0.0,0.0,576.6,0.0,1.6,W,W,C,mm,km/h,mm
8495,2026-07-22,03:30:00,14.0,14.0,14.0,21.0,48.0,81.0,0.0,0.0,576.5,0.0,1.6,W,W,C,mm,km/h,mm
8496,2026-07-22,03:45:00,14.0,14.0,14.0,21.0,48.0,81.0,0.0,0.0,576.1,0.0,1.6,W,W,C,mm,km/h,mm
8497,2026-07-22,04:00:00,14.0,14.0,14.0,21.0,48.0,83.0,0.0,0.0,576.2,0.0,1.6,N,N,C,mm,km/h,mm
8498,2026-07-22,04:15:00,14.0,14.0,14.0,21.0,48.0,83.0,0.0,0.0,576.3,0.0,1.6,ENE,ENE,C,mm,km/h,mm
8499,2026-07-22,04:30:00,13.0,14.0,13.0,21.0,48.0,84.0,0.0,0.0,576.3,0.0,0.0,,,C,mm,km/h,mm
8500,2026-07-22,04:45:00,13.0,13.0,13.0,21.0,49.0,84.0,0.0,0.0,576.4,0.0,0.0,,,C,mm,km/h,mm
8501,2026-07-22,05:00:00,13.0,13.0,13.0,21.0,49.0,85.0,0.0,0.0,576.5,0.0,0.0,,,C,mm,km/h,mm
8502,2026-07-22,05:15:00,13.0,13.0,13.0,21.0,49.0,83.0,0.0,0.0,576.4,0.0,0.0,,,C,mm,km/h,mm
8503,2026-07-22,05:30:00,12.0,13.0,12.0,21.0,49.0,86.0,0.0,0.0,576.6,0.0,0.0,,,C,mm,km/h,mm
8504,2026-07-22,05:45:00,12.0,12.0,12.0,21.0,49.0,86.0,0.0,0.0,576.7,0.0,0.0,,,C,mm,km/h,mm
8505,2026-07-22,06:00:00,12.0,12.0,12.0,21.0,49.0,88.0,0.0,0.0,576.7,0.0,0.0,,,C,mm,km/h,mm
8506,2026-07-22,06:15:00,11.0,12.0,11.0,21.0,49.0,89.0,0.0,0.0,576.9,0.0,0.0,,,C,mm,km/h,mm
8507,2026-07-22,06:30:00,12.0,12.0,11.0,21.0,49.0,85.0,0.0,0.0,577.2,0.0,0.0,,,C,mm,km/h,mm
8508,2026-07-22,06:45:00,12.0,12.0,12.0,21.0,49.0,84.0,0.0,0.0,577.2,0.0,0.0,,,C,mm,km/h,mm
8509,2026-07-22,07:00:00,13.0,13.0,12.0,21.0,49.0,81.0,0.0,0.0,577.4,0.0,0.0,,,C,mm,km/h,mm
8510,2026-07-22,07:15:00,13.0,13.0,13.0,21.0,49.0,80.0,0.0,0.0,577.5,0.0,0.0,,,C,mm,km/h,mm
8511,2026-07-22,07:30:00,14.0,14.0,13.0,21.0,49.0,79.0,0.0,0.0,577.8,0.0,3.2,W,W,C,mm,km/h,mm
8512,2026-07-22,07:45:00,14.0,14.0,14.0,21.0,49.0,79.0,0.0,0.0,577.8,0.0,1.6,NW,WNW,C,mm,km/h,mm
8513,2026-07-22,08:00:00,15.0,15.0,14.0,21.0,49.0,77.0,0.0,0.0,577.7,0.0,6.4,WSW,WSW,C,mm,km/h,mm
8514,2026-07-22,08:15:00,17.0,17.0,15.0,21.0,49.0,72.0,0.0,0.0,577.8,0.0,4.8,W,WSW,C,mm,km/h,mm
8515,2026-07-22,08:30:00,18.0,18.0,17.0,21.0,49.0,67.0,0.0,0.0,577.9,0.0,1.6,WSW,WSW,C,mm,km/h,mm
8516,2026-07-22,08:45:00,18.0,18.0,18.0,21.0,49.0,66.0,0.0,0.0,578.0,1.6,8.0,SSW,ENE,C,mm,km/h,mm
8517,2026-07-22,09:00:00,19.0,19.0,18.0,21.0,49.0,64.0,0.0,0.0,577.8,1.6,8.0,WSW,W,C,mm,km/h,mm
8518,2026-07-22,09:15:00,20.0,20.0,19.0,21.0,49.0,60.0,0.0,0.0,578.0,0.0,6.4,SSW,W,C,mm,km/h,mm
8519,2026-07-22,09:30:00,20.0,20.0,20.0,21.0,49.0,60.0,0.0,0.0,578.1,0.0,4.8,WNW,W,C,mm,km/h,mm
8520,2026-07-22,09:45:00,21.0,21.0,20.0,21.0,49.0,55.0,0.0,0.0,578.1,1.6,8.0,WSW,WSW,C,mm,km/h,mm
8521,2026-07-22,10:00:00,21.0,21.0,20.0,21.0,49.0,55.0,0.0,0.0,577.9,1.6,11.3,S,SSW,C,mm,km/h,mm
8522,2026-07-22,10:15:00,22.0,22.0,21.0,21.0,49.0,53.0,0.0,0.0,577.8,1.6,8.0,NW,NNW,C,mm,km/h,mm
8523,2026-07-22,10:30:00,22.0,22.0,21.0,21.0,50.0,53.0,0.0,0.0,577.8,1.6,6.4,NNW,W,C,mm,km/h,mm
8524,2026-07-22,10:45:00,23.0,23.0,22.0,21.0,49.0,48.0,0.0,0.0,577.8,1.6,9.7,NW,NNW,C,mm,km/h,mm
8525,2026-07-22,11:00:00,22.0,23.0,22.0,21.0,49.0,51.0,0.0,0.0,577.6,0.0,4.8,NE,E,C,mm,km/h,mm
8526,2026-07-22,11:15:00,23.0,23.0,22.0,21.0,49.0,46.0,0.0,0.0,577.4,1.6,6.4,E,ENE,C,mm,km/h,mm
8527,2026-07-22,11:30:00,23.0,23.0,23.0,21.0,49.0,46.0,0.0,0.0,577.3,1.6,8.0,E,E,C,mm,km/h,mm
8528,2026-07-22,11:45:00,23.0,23.0,23.0,21.0,49.0,46.0,0.0,0.0,577.2,1.6,6.4,SE,E,C,mm,km/h,mm
8529,2026-07-22,12:00:00,23.0,23.0,23.0,21.0,49.0,42.0,0.0,0.0,577.0,0.0,6.4,ESE,E,C,mm,km/h,mm
8530,2026-07-22,12:15:00,24.0,24.0,23.0,21.0,49.0,37.0,0.0,0.0,577.0,1.6,6.4,ESE,E,C,mm,km/h,mm
8531,2026-07-22,12:30:00,25.0,25.0,24.0,21.0,48.0,34.0,0.0,0.0,576.9,3.2,9.7,W,E,C,mm,km/h,mm
8532,2026-07-22,12:45:00,25.0,25.0,24.0,21.0,48.0,35.0,0.0,0.0,576.7,1.6,11.3,WSW,NNW,C,mm,km/h,mm
8533,2026-07-22,13:00:00,26.0,26.0,25.0,21.0,48.0,34.0,0.0,0.0,576.4,1.6,8.0,NW,W,C,mm,km/h,mm
8534,2026-07-22,13:15:00,26.0,26.0,26.0,21.0,48.0,36.0,0.0,0.0,576.2,0.0,4.8,SSW,NNW,C,mm,km/h,mm
8535,2026-07-22,13:30:00,25.0,26.0,25.0,21.0,48.0,35.0,0.0,0.0,575.8,1.6,8.0,E,E,C,mm,km/h,mm
8536,2026-07-22,13:45:00,26.0,27.0,25.0,21.0,47.0,35.0,0.0,0.0,575.8,1.6,8.0,NW,WSW,C,mm,km/h,mm
8537,2026-07-22,14:00:00,27.0,27.0,26.0,21.0,47.0,33.0,0.0,0.0,575.6,1.6,8.0,SW,WSW,C,mm,km/h,mm
8538,2026-07-22,14:15:00,26.0,27.0,26.0,21.0,47.0,34.0,0.0,0.0,575.5,1.6,14.5,S,E,C,mm,km/h,mm
8539,2026-07-22,14:30:00,27.0,27.0,26.0,21.0,47.0,32.0,0.0,0.0,575.4,1.6,9.7,WNW,WSW,C,mm,km/h,mm
8540,2026-07-22,14:45:00,27.0,28.0,27.0,21.0,47.0,30.0,0.0,0.0,575.3,3.2,9.7,W,W,C,mm,km/h,mm
8541,2026-07-22,15:00:00,27.0,27.0,27.0,21.0,47.0,31.0,0.0,0.0,575.1,1.6,8.0,E,E,C,mm,km/h,mm
8542,2026-07-22,15:15:00,27.0,28.0,27.0,21.0,47.0,30.0,0.0,0.0,575.0,3.2,9.7,S,ESE,C,mm,km/h,mm
8543,2026-07-22,15:30:00,28.0,28.0,27.0,21.0,46.0,30.0,0.0,0.0,574.8,1.6,9.7,E,E,C,mm,km/h,mm
8544,2026-07-22,15:45:00,28.0,29.0,28.0,21.0,46.0,27.0,0.0,0.0,574.7,0.0,6.4,NNW,NNW,C,mm,km/h,mm
8545,2026-07-22,16:00:00,28.0,28.0,28.0,21.0,46.0,30.0,0.0,0.0,574.5,1.6,6.4,NW,NNW,C,mm,km/h,mm
8546,2026-07-22,16:15:00,29.0,29.0,28.0,21.0,46.0,27.0,0.0,0.0,574.5,1.6,6.4,NNW,NNW,C,mm,km/h,mm
8547,2026-07-22,16:30:00,28.0,29.0,28.0,21.0,45.0,27.0,0.0,0.0,574.3,1.6,6.4,NW,NNW,C,mm,km/h,mm
8548,2026-07-22,16:45:00,28.0,28.0,28.0,22.0,44.0,29.0,0.0,0.0,574.2,1.6,11.3,N,NNW,C,mm,km/h,mm
8549,2026-07-22,17:00:00,28.0,28.0,27.0,22.0,44.0,31.0,0.0,0.0,574.2,3.2,12.9,W,W,C,mm,km/h,mm
8550,2026-07-22,17:15:00,28.0,28.0,28.0,22.0,44.0,30.0,0.0,0.0,574.2,6.4,24.1,WNW,W,C,mm,km/h,mm
8551,2026-07-22,17:30:00,27.0,28.0,27.0,22.0,44.0,37.0,0.0,0.0,574.3,8.0,22.5,SW,WSW,C,mm,km/h,mm
8552,2026-07-22,17:45:00,26.0,27.0,26.0,22.0,45.0,42.0,0.0,0.0,574.1,8.0,24.1,WNW,WSW,C,mm,km/h,mm
8553,2026-07-22,18:00:00,21.0,26.0,21.0,22.0,45.0,62.0,1.4,27.4,574.6,4.8,19.3,NW,NW,C,mm,km/h,mm
8554,2026-07-22,18:15:00,18.0,21.0,18.0,22.0,46.0,80.0,1.2,13.6,575.1,0.0,9.7,N,NNW,C,mm,km/h,mm
8555,2026-07-22,18:30:00,17.0,18.0,17.0,22.0,47.0,82.0,1.8,17.0,575.6,1.6,14.5,NNW,NNW,C,mm,km/h,mm
8556,2026-07-22,18:45:00,16.0,17.0,16.0,22.0,49.0,84.0,2.8,50.0,575.8,3.2,17.7,NW,NNW,C,mm,km/h,mm
8557,2026-07-22,19:00:00,16.0,16.0,16.0,22.0,49.0,85.0,2.2,22.6,575.9,1.6,11.3,NW,NNW,C,mm,km/h,mm
8558,2026-07-22,19:15:00,16.0,16.0,16.0,22.0,49.0,88.0,0.6,6.6,576.1,0.0,4.8,NW,NW,C,mm,km/h,mm
8559,2026-07-22,19:30:00,15.0,16.0,15.0,22.0,50.0,83.0,4.4,110.8,576.3,4.8,17.7,SSW,WSW,C,mm,km/h,mm
8560,2026-07-22,19:45:00,15.0,15.0,14.0,22.0,50.0,85.0,1.0,49.8,576.4,4.8,19.3,WSW,W,C,mm,km/h,mm
8561,2026-07-22,20:00:00,15.0,15.0,15.0,22.0,51.0,87.0,0.0,0.0,576.4,0.0,4.8,WSW,W,C,mm,km/h,mm
8562,2026-07-22,20:15:00,15.0,15.0,15.0,22.0,51.0,90.0,0.0,0.0,576.5,0.0,0.0,,,C,mm,km/h,mm
8563,2026-07-22,20:30:00,15.0,15.0,15.0,22.0,51.0,90.0,0.0,0.0,576.7,0.0,3.2,WNW,NW,C,mm,km/h,mm
8564,2026-07-22,20:45:00,15.0,15.0,15.0,22.0,51.0,86.0,0.0,0.0,576.8,0.0,4.8,W,W,C,mm,km/h,mm
8565,2026-07-22,21:00:00,16.0,16.0,15.0,22.0,52.0,84.0,0.0,0.0,576.9,0.0,3.2,W,W,C,mm,km/h,mm
8566,2026-07-22,21:15:00,15.0,16.0,15.0,22.0,52.0,88.0,0.0,0.0,577.0,0.0,0.0,,,C,mm,km/h,mm
8567,2026-07-22,21:30:00,15.0,15.0,15.0,22.0,52.0,89.0,0.0,0.0,577.2,0.0,0.0,,,C,mm,km/h,mm
8568,2026-07-22,21:45:00,16.0,16.0,15.0,22.0,52.0,84.0,0.0,0.0,577.5,0.0,3.2,WSW,SW,C,mm,km/h,mm
8569,2026-07-22,22:00:00,16.0,16.0,16.0,22.0,53.0,83.0,0.0,0.0,577.6,1.6,6.4,S,SSW,C,mm,km/h,mm
8570,2026-07-22,22:15:00,16.0,16.0,16.0,22.0,53.0,82.0,0.0,0.0,577.7,0.0,3.2,NW,WSW,C,mm,km/h,mm
8571,2026-07-22,22:30:00,16.0,16.0,16.0,22.0,53.0,82.0,0.0,0.0,577.8,0.0,1.6,WSW,WSW,C,mm,km/h,mm
8572,2026-07-22,22:45:00,16.0,16.0,16.0,22.0,53.0,83.0,0.0,0.0,577.9,0.0,3.2,SSW,SSW,C,mm,km/h,mm
8573,2026-07-22,23:00:00,15.0,16.0,15.0,22.0,53.0,85.0,0.0,0.0,577.9,0.0,0.0,,,C,mm,km/h,mm
8574,2026-07-22,23:15:00,15.0,15.0,15.0,22.0,53.0,85.0,0.0,0.0,577.9,0.0,3.2,SSW,SSW,C,mm,km/h,mm
8575,2026-07-22,23:30:00,15.0,15.0,15.0,22.0,53.0,85.0,0.0,0.0,577.9,0.0,1.6,SSW,NW,C,mm,km/h,mm
8576,2026-07-22,23:45:00,15.0,15.0,15.0,22.0,53.0,87.0,0.0,0.0,577.8,0.0,1.6,W,W,C,mm,km/h,mm
8577,2026-07-23,00:15:00,15.0,15.0,15.0,22.0,54.0,89.0,0.0,0.0,577.5,0.0,0.0,,,C,mm,km/h,mm
8578,2026-07-23,00:30:00,14.0,15.0,14.0,22.0,54.0,89.0,0.0,0.0,577.7,0.0,0.0,,,C,mm,km/h,mm
8579,2026-07-23,00:45:00,14.0,14.0,14.0,22.0,54.0,90.0,0.0,0.0,577.7,0.0,0.0,,,C,mm,km/h,mm
8580,2026-07-23,01:00:00,14.0,14.0,14.0,22.0,54.0,90.0,0.0,0.0,577.7,0.0,0.0,,,C,mm,km/h,mm
8581,2026-07-23,01:15:00,14.0,14.0,14.0,22.0,54.0,90.0,0.0,0.0,577.5,0.0,0.0,,,C,mm,km/h,mm
8582,2026-07-23,01:30:00,14.0,14.0,14.0,22.0,54.0,89.0,0.0,0.0,577.4,0.0,0.0,,,C,mm,km/h,mm
8583,2026-07-23,01:45:00,13.0,14.0,13.0,22.0,54.0,89.0,0.0,0.0,577.4,0.0,0.0,,,C,mm,km/h,mm
8584,2026-07-23,02:00:00,13.0,13.0,13.0,22.0,54.0,91.0,0.0,0.0,577.3,0.0,0.0,,,C,mm,km/h,mm
8585,2026-07-23,02:15:00,13.0,13.0,13.0,22.0,54.0,91.0,0.0,0.0,577.3,0.0,0.0,,,C,mm,km/h,mm
8586,2026-07-23,02:30:00,13.0,13.0,13.0,22.0,54.0,92.0,0.0,0.0,577.3,0.0,0.0,,,C,mm,km/h,mm
8587,2026-07-23,02:45:00,13.0,13.0,13.0,21.0,54.0,92.0,0.0,0.0,577.4,0.0,0.0,,,C,mm,km/h,mm
8588,2026-07-23,03:00:00,12.0,13.0,12.0,21.0,54.0,92.0,0.0,0.0,577.4,0.0,0.0,,,C,mm,km/h,mm
8589,2026-07-23,03:15:00,13.0,13.0,12.0,21.0,54.0,93.0,0.0,0.0,577.4,0.0,0.0,,,C,mm,km/h,mm
8590,2026-07-23,03:30:00,13.0,13.0,13.0,21.0,54.0,93.0,0.0,0.0,577.2,0.0,1.6,W,W,C,mm,km/h,mm
8591,2026-07-23,03:45:00,13.0,13.0,13.0,21.0,54.0,92.0,0.0,0.0,577.3,0.0,0.0,,,C,mm,km/h,mm
8592,2026-07-23,04:00:00,13.0,13.0,13.0,21.0,54.0,92.0,0.0,0.0,577.3,0.0,0.0,,,C,mm,km/h,mm
8593,2026-07-23,04:15:00,13.0,13.0,13.0,21.0,54.0,92.0,0.0,0.0,577.3,0.0,0.0,,,C,mm,km/h,mm
8594,2026-07-23,04:30:00,13.0,13.0,13.0,21.0,54.0,91.0,0.0,0.0,577.3,0.0,0.0,,,C,mm,km/h,mm
8595,2026-07-23,04:45:00,13.0,13.0,13.0,21.0,54.0,91.0,0.0,0.0,577.3,0.0,0.0,,,C,mm,km/h,mm
8596,2026-07-23,05:00:00,13.0,13.0,13.0,21.0,54.0,91.0,0.0,0.0,577.3,0.0,0.0,,,C,mm,km/h,mm
8597,2026-07-23,05:15:00,13.0,13.0,13.0,21.0,54.0,91.0,0.0,0.0,577.3,0.0,1.6,W,W,C,mm,km/h,mm
8598,2026-07-23,05:30:00,13.0,13.0,13.0,21.0,54.0,91.0,0.0,0.0,577.4,0.0,0.0,,,C,mm,km/h,mm
8599,2026-07-23,05:45:00,13.0,13.0,13.0,21.0,54.0,91.0,0.0,0.0,577.5,0.0,0.0,,,C,mm,km/h,mm
8600,2026-07-23,06:00:00,12.0,13.0,12.0,21.0,54.0,92.0,0.0,0.0,577.6,0.0,0.0,,,C,mm,km/h,mm
8601,2026-07-23,06:15:00,12.0,12.0,12.0,21.0,54.0,93.0,0.0,0.0,577.7,0.0,0.0,,,C,mm,km/h,mm
8602,2026-07-23,06:30:00,12.0,12.0,12.0,21.0,54.0,93.0,0.0,0.0,577.8,0.0,0.0,,,C,mm,km/h,mm
8603,2026-07-23,06:45:00,12.0,12.0,12.0,21.0,54.0,93.0,0.0,0.0,578.0,0.0,1.6,W,W,C,mm,km/h,mm
8604,2026-07-23,07:00:00,13.0,13.0,12.0,21.0,54.0,92.0,0.0,0.0,578.1,0.0,0.0,,,C,mm,km/h,mm
8605,2026-07-23,07:15:00,13.0,13.0,13.0,21.0,54.0,91.0,0.0,0.0,578.3,0.0,0.0,,,C,mm,km/h,mm
8606,2026-07-23,07:30:00,14.0,14.0,13.0,21.0,54.0,89.0,0.0,0.0,578.3,0.0,0.0,,,C,mm,km/h,mm
8607,2026-07-23,07:45:00,15.0,15.0,14.0,21.0,54.0,87.0,0.0,0.0,578.2,0.0,0.0,,,C,mm,km/h,mm
8608,2026-07-23,08:00:00,15.0,15.0,15.0,21.0,54.0,83.0,0.0,0.0,578.3,0.0,4.8,SW,SW,C,mm,km/h,mm
8609,2026-07-23,08:15:00,16.0,16.0,15.0,21.0,54.0,79.0,0.0,0.0,578.2,0.0,4.8,WSW,WSW,C,mm,km/h,mm
8610,2026-07-23,08:30:00,17.0,17.0,16.0,21.0,54.0,77.0,0.0,0.0,578.2,0.0,1.6,WSW,WNW,C,mm,km/h,mm
8611,2026-07-23,08:45:00,18.0,18.0,17.0,21.0,54.0,74.0,0.2,0.0,578.1,1.6,4.8,W,W,C,mm,km/h,mm
8612,2026-07-23,09:00:00,18.0,18.0,18.0,21.0,54.0,72.0,0.0,0.0,578.0,1.6,4.8,WSW,W,C,mm,km/h,mm
8613,2026-07-23,09:15:00,19.0,19.0,18.0,21.0,54.0,71.0,0.0,0.0,577.9,0.0,3.2,N,N,C,mm,km/h,mm
8614,2026-07-23,09:30:00,20.0,20.0,19.0,21.0,54.0,68.0,0.0,0.0,577.9,0.0,4.8,SW,SSW,C,mm,km/h,mm
8615,2026-07-23,09:45:00,21.0,21.0,20.0,21.0,54.0,65.0,0.0,0.0,577.9,1.6,6.4,WSW,WSW,C,mm,km/h,mm
8616,2026-07-23,10:00:00,21.0,21.0,21.0,21.0,54.0,63.0,0.0,0.0,577.8,0.0,6.4,E,E,C,mm,km/h,mm
8617,2026-07-23,10:15:00,22.0,22.0,21.0,21.0,54.0,62.0,0.0,0.0,577.9,0.0,8.0,SW,WSW,C,mm,km/h,mm
8618,2026-07-23,10:30:00,22.0,22.0,22.0,21.0,54.0,61.0,0.0,0.0,577.8,0.0,4.8,SW,WSW,C,mm,km/h,mm
8619,2026-07-23,10:45:00,23.0,23.0,22.0,21.0,54.0,62.0,0.0,0.0,577.7,0.0,6.4,NNW,NNW,C,mm,km/h,mm
8620,2026-07-23,11:00:00,23.0,23.0,23.0,21.0,54.0,54.0,0.0,0.0,577.6,1.6,8.0,NW,NNW,C,mm,km/h,mm
8621,2026-07-23,11:15:00,23.0,23.0,23.0,21.0,54.0,55.0,0.0,0.0,577.5,1.6,6.4,NW,ENE,C,mm,km/h,mm
8622,2026-07-23,11:30:00,24.0,24.0,23.0,21.0,54.0,50.0,0.0,0.0,577.4,0.0,8.0,WSW,WSW,C,mm,km/h,mm
8623,2026-07-23,11:45:00,24.0,25.0,24.0,21.0,54.0,51.0,0.0,0.0,577.3,1.6,11.3,WSW,E,C,mm,km/h,mm
8624,2026-07-23,12:00:00,24.0,24.0,24.0,21.0,54.0,50.0,0.0,0.0,577.1,1.6,6.4,E,ESE,C,mm,km/h,mm
8625,2026-07-23,12:15:00,25.0,25.0,24.0,21.0,54.0,43.0,0.0,0.0,577.0,1.6,8.0,E,E,C,mm,km/h,mm
8626,2026-07-23,12:30:00,24.0,25.0,24.0,21.0,54.0,44.0,0.0,0.0,577.0,1.6,6.4,E,E,C,mm,km/h,mm
8627,2026-07-23,12:45:00,26.0,26.0,24.0,21.0,54.0,46.0,0.0,0.0,576.9,1.6,9.7,WSW,WSW,C,mm,km/h,mm
8628,2026-07-23,13:00:00,26.0,26.0,26.0,21.0,54.0,42.0,0.0,0.0,576.7,1.6,11.3,WSW,W,C,mm,km/h,mm
8629,2026-07-23,13:15:00,26.0,26.0,26.0,21.0,53.0,38.0,0.0,0.0,576.6,1.6,11.3,WSW,NNW,C,mm,km/h,mm
8630,2026-07-23,13:30:00,27.0,27.0,26.0,21.0,53.0,36.0,0.0,0.0,576.3,3.2,14.5,NW,NNW,C,mm,km/h,mm
8631,2026-07-23,13:45:00,27.0,27.0,27.0,21.0,52.0,35.0,0.0,0.0,576.0,0.0,4.8,NNW,SSW,C,mm,km/h,mm
8632,2026-07-23,14:00:00,28.0,28.0,27.0,21.0,52.0,32.0,0.0,0.0,575.8,1.6,8.0,NNE,NNW,C,mm,km/h,mm
8633,2026-07-23,14:15:00,28.0,28.0,28.0,21.0,51.0,30.0,0.0,0.0,575.7,1.6,11.3,NW,NW,C,mm,km/h,mm
8634,2026-07-23,14:30:00,27.0,28.0,27.0,21.0,51.0,34.0,0.0,0.0,575.5,1.6,8.0,WNW,ESE,C,mm,km/h,mm
8635,2026-07-23,14:45:00,28.0,28.0,27.0,21.0,50.0,36.0,0.0,0.0,575.3,1.6,11.3,SW,WSW,C,mm,km/h,mm
8636,2026-07-23,15:00:00,28.0,28.0,28.0,21.0,50.0,34.0,0.0,0.0,575.1,3.2,12.9,W,W,C,mm,km/h,mm
8637,2026-07-23,15:15:00,28.0,28.0,28.0,21.0,50.0,34.0,0.0,0.0,575.1,4.8,19.3,WSW,W,C,mm,km/h,mm
8638,2026-07-23,15:30:00,27.0,28.0,27.0,21.0,50.0,36.0,0.0,0.0,575.1,4.8,16.1,WNW,WSW,C,mm,km/h,mm
8639,2026-07-23,15:45:00,28.0,28.0,27.0,21.0,50.0,40.0,0.0,0.0,575.0,4.8,22.5,SSW,WSW,C,mm,km/h,mm
8640,2026-07-23,16:00:00,27.0,28.0,27.0,21.0,50.0,39.0,0.0,0.0,575.0,4.8,12.9,WNW,WSW,C,mm,km/h,mm
8641,2026-07-23,16:15:00,27.0,27.0,27.0,21.0,50.0,40.0,0.0,0.0,575.1,6.4,20.9,WNW,WSW,C,mm,km/h,mm
8642,2026-07-23,16:30:00,27.0,27.0,27.0,22.0,50.0,41.0,0.0,0.0,575.0,8.0,22.5,SSW,W,C,mm,km/h,mm
8643,2026-07-23,16:45:00,27.0,27.0,27.0,22.0,50.0,41.0,0.0,0.0,574.9,4.8,19.3,SSW,NNW,C,mm,km/h,mm
8644,2026-07-23,17:00:00,27.0,27.0,27.0,22.0,50.0,39.0,0.0,0.0,574.9,6.4,19.3,WSW,W,C,mm,km/h,mm
8645,2026-07-23,17:15:00,27.0,27.0,27.0,22.0,50.0,38.0,0.0,0.0,574.9,4.8,20.9,WSW,NW,C,mm,km/h,mm
8646,2026-07-23,17:30:00,27.0,27.0,26.0,22.0,50.0,38.0,0.0,0.0,575.0,6.4,25.7,WSW,W,C,mm,km/h,mm
8647,2026-07-23,17:45:00,26.0,27.0,26.0,22.0,49.0,38.0,0.0,0.0,575.2,4.8,16.1,W,NNW,C,mm,km/h,mm
8648,2026-07-23,18:00:00,25.0,26.0,25.0,22.0,49.0,38.0,0.0,0.0,575.4,3.2,17.7,WNW,NW,C,mm,km/h,mm
8649,2026-07-23,18:15:00,24.0,25.0,24.0,22.0,49.0,41.0,0.0,0.0,575.5,3.2,17.7,W,NNW,C,mm,km/h,mm
8650,2026-07-23,18:30:00,23.0,24.0,23.0,22.0,48.0,44.0,0.0,0.0,575.6,3.2,11.3,WSW,W,C,mm,km/h,mm
8651,2026-07-23,18:45:00,22.0,23.0,22.0,22.0,48.0,46.0,0.0,0.0,575.8,1.6,11.3,NW,NNW,C,mm,km/h,mm
8652,2026-07-23,19:00:00,22.0,22.0,22.0,22.0,48.0,45.0,0.0,0.0,576.1,0.0,6.4,NW,W,C,mm,km/h,mm
8653,2026-07-23,19:15:00,22.0,22.0,22.0,22.0,48.0,43.0,0.0,0.0,576.3,1.6,11.3,WNW,WSW,C,mm,km/h,mm
8654,2026-07-23,19:30:00,21.0,22.0,21.0,22.0,48.0,45.0,0.0,0.0,576.5,3.2,11.3,NNW,W,C,mm,km/h,mm
8655,2026-07-23,19:45:00,21.0,21.0,21.0,22.0,48.0,47.0,0.0,0.0,576.6,1.6,9.7,WSW,WNW,C,mm,km/h,mm
8656,2026-07-23,20:00:00,21.0,21.0,21.0,22.0,48.0,50.0,0.0,0.0,576.7,3.2,12.9,WSW,W,C,mm,km/h,mm
8657,2026-07-23,20:15:00,20.0,21.0,20.0,22.0,48.0,51.0,0.0,0.0,576.9,4.8,19.3,W,W,C,mm,km/h,mm
8658,2026-07-23,20:30:00,20.0,20.0,20.0,22.0,48.0,54.0,0.0,0.0,577.1,3.2,16.1,WSW,WSW,C,mm,km/h,mm
8659,2026-07-23,20:45:00,20.0,20.0,20.0,22.0,48.0,55.0,0.0,0.0,577.5,4.8,14.5,SW,WSW,C,mm,km/h,mm
8660,2026-07-23,21:00:00,19.0,20.0,19.0,22.0,48.0,56.0,0.0,0.0,577.8,1.6,9.7,SW,W,C,mm,km/h,mm
8661,2026-07-23,21:15:00,19.0,19.0,19.0,22.0,48.0,57.0,0.0,0.0,577.9,0.0,6.4,SSE,W,C,mm,km/h,mm
8662,2026-07-23,21:30:00,19.0,19.0,19.0,22.0,48.0,59.0,0.0,0.0,577.9,0.0,6.4,WSW,W,C,mm,km/h,mm
8663,2026-07-23,21:45:00,18.0,19.0,18.0,22.0,48.0,61.0,0.0,0.0,578.1,1.6,6.4,W,WSW,C,mm,km/h,mm
8664,2026-07-23,22:00:00,18.0,18.0,18.0,22.0,48.0,61.0,0.0,0.0,578.1,3.2,9.7,WSW,WSW,C,mm,km/h,mm
8665,2026-07-23,22:15:00,18.0,18.0,18.0,22.0,48.0,62.0,0.0,0.0,578.2,3.2,12.9,SSW,WSW,C,mm,km/h,mm
8666,2026-07-23,22:30:00,18.0,18.0,18.0,22.0,48.0,63.0,0.0,0.0,578.2,1.6,9.7,SW,SW,C,mm,km/h,mm
8667,2026-07-23,22:45:00,17.0,18.0,17.0,22.0,48.0,63.0,0.0,0.0,578.4,1.6,12.9,S,WSW,C,mm,km/h,mm
8668,2026-07-23,23:00:00,17.0,17.0,17.0,22.0,48.0,64.0,0.0,0.0,578.5,1.6,9.7,SSW,SW,C,mm,km/h,mm
8669,2026-07-23,23:15:00,17.0,17.0,17.0,22.0,48.0,63.0,0.0,0.0,578.5,1.6,6.4,SSE,W,C,mm,km/h,mm
8670,2026-07-23,23:30:00,17.0,17.0,17.0,22.0,48.0,64.0,0.0,0.0,578.6,1.6,6.4,SSW,W,C,mm,km/h,mm
8671,2026-07-23,23:45:00,16.0,17.0,16.0,22.0,48.0,63.0,0.0,0.0,578.7,0.0,6.4,SW,WSW,C,mm,km/h,mm
8672,2026-07-24,00:15:00,16.0,16.0,16.0,22.0,47.0,65.0,0.0,0.0,578.8,1.6,6.4,SSW,W,C,mm,km/h,mm
8673,2026-07-24,00:30:00,16.0,16.0,16.0,22.0,47.0,65.0,0.0,0.0,578.7,1.6,8.0,S,SW,C,mm,km/h,mm
8674,2026-07-24,00:45:00,16.0,16.0,16.0,22.0,47.0,67.0,0.0,0.0,578.5,0.0,6.4,SW,WSW,C,mm,km/h,mm
8675,2026-07-24,01:00:00,16.0,16.0,16.0,22.0,47.0,67.0,0.0,0.0,578.5,0.0,4.8,S,SSW,C,mm,km/h,mm
8676,2026-07-24,01:15:00,16.0,16.0,16.0,22.0,47.0,68.0,0.0,0.0,578.4,1.6,9.7,W,W,C,mm,km/h,mm
8677,2026-07-24,01:30:00,16.0,16.0,16.0,22.0,47.0,68.0,0.0,0.0,578.2,0.0,9.7,WNW,WSW,C,mm,km/h,mm
8678,2026-07-24,01:45:00,16.0,16.0,16.0,22.0,47.0,68.0,0.0,0.0,578.1,1.6,6.4,SSW,WSW,C,mm,km/h,mm
8679,2026-07-24,02:00:00,15.0,16.0,15.0,22.0,47.0,70.0,0.0,0.0,578.1,0.0,8.0,SSW,SSW,C,mm,km/h,mm
8680,2026-07-24,02:15:00,15.0,15.0,15.0,22.0,47.0,71.0,0.0,0.0,578.0,0.0,3.2,WSW,SSW,C,mm,km/h,mm
8681,2026-07-24,02:30:00,15.0,15.0,15.0,22.0,47.0,71.0,0.0,0.0,577.8,0.0,1.6,SW,SW,C,mm,km/h,mm
8682,2026-07-24,02:45:00,15.0,15.0,15.0,22.0,47.0,73.0,0.0,0.0,577.8,0.0,0.0,,,C,mm,km/h,mm
8683,2026-07-24,03:00:00,14.0,15.0,14.0,22.0,47.0,75.0,0.0,0.0,577.8,0.0,0.0,,,C,mm,km/h,mm
8684,2026-07-24,03:15:00,13.0,14.0,13.0,22.0,47.0,77.0,0.0,0.0,577.6,0.0,0.0,,,C,mm,km/h,mm
8685,2026-07-24,03:30:00,13.0,13.0,13.0,22.0,47.0,81.0,0.0,0.0,577.5,0.0,0.0,,,C,mm,km/h,mm
8686,2026-07-24,03:45:00,12.0,13.0,12.0,22.0,47.0,82.0,0.0,0.0,577.5,0.0,0.0,,,C,mm,km/h,mm
8687,2026-07-24,04:00:00,12.0,12.0,12.0,22.0,47.0,84.0,0.0,0.0,577.5,0.0,0.0,,,C,mm,km/h,mm
8688,2026-07-24,04:15:00,12.0,12.0,12.0,21.0,47.0,87.0,0.0,0.0,577.5,0.0,0.0,,,C,mm,km/h,mm
8689,2026-07-24,04:30:00,11.0,12.0,11.0,21.0,48.0,87.0,0.0,0.0,577.5,0.0,0.0,,,C,mm,km/h,mm
8690,2026-07-24,04:45:00,11.0,11.0,11.0,21.0,48.0,88.0,0.0,0.0,577.7,0.0,0.0,,,C,mm,km/h,mm
8691,2026-07-24,05:00:00,11.0,12.0,11.0,21.0,48.0,88.0,0.0,0.0,577.8,0.0,0.0,,,C,mm,km/h,mm
8692,2026-07-24,05:15:00,12.0,12.0,11.0,21.0,48.0,88.0,0.0,0.0,577.7,0.0,0.0,,,C,mm,km/h,mm
8693,2026-07-24,05:30:00,11.0,12.0,11.0,21.0,48.0,89.0,0.0,0.0,577.7,0.0,0.0,,,C,mm,km/h,mm
8694,2026-07-24,05:45:00,11.0,11.0,11.0,21.0,48.0,89.0,0.0,0.0,577.8,0.0,0.0,,,C,mm,km/h,mm
8695,2026-07-24,06:00:00,11.0,11.0,11.0,21.0,48.0,90.0,0.0,0.0,577.9,0.0,0.0,,,C,mm,km/h,mm
8696,2026-07-24,06:15:00,11.0,11.0,11.0,21.0,49.0,90.0,0.0,0.0,578.0,0.0,0.0,,,C,mm,km/h,mm
8697,2026-07-24,06:30:00,11.0,11.0,11.0,21.0,49.0,91.0,0.0,0.0,578.0,0.0,0.0,,,C,mm,km/h,mm
8698,2026-07-24,06:45:00,12.0,12.0,11.0,21.0,49.0,91.0,0.0,0.0,578.2,0.0,0.0,,,C,mm,km/h,mm
8699,2026-07-24,07:00:00,13.0,13.0,12.0,21.0,49.0,86.0,0.0,0.0,578.2,0.0,0.0,,,C,mm,km/h,mm
8700,2026-07-24,07:15:00,14.0,14.0,13.0,21.0,49.0,82.0,0.0,0.0,578.4,0.0,3.2,W,WNW,C,mm,km/h,mm
8701,2026-07-24,07:30:00,15.0,15.0,14.0,21.0,49.0,78.0,0.0,0.0,578.4,0.0,3.2,W,W,C,mm,km/h,mm
8702,2026-07-24,07:45:00,15.0,15.0,15.0,21.0,49.0,75.0,0.0,0.0,578.7,0.0,0.0,,,C,mm,km/h,mm
8703,2026-07-24,08:00:00,16.0,16.0,15.0,21.0,49.0,72.0,0.0,0.0,578.8,0.0,0.0,,,C,mm,km/h,mm
8704,2026-07-24,08:15:00,18.0,18.0,16.0,21.0,49.0,67.0,0.0,0.0,578.9,0.0,1.6,W,W,C,mm,km/h,mm
8705,2026-07-24,08:30:00,18.0,18.0,18.0,21.0,49.0,66.0,0.0,0.0,578.8,0.0,1.6,W,W,C,mm,km/h,mm
8706,2026-07-24,08:45:00,19.0,19.0,18.0,21.0,49.0,63.0,0.0,0.0,578.8,0.0,1.6,WNW,WNW,C,mm,km/h,mm
8707,2026-07-24,09:00:00,21.0,21.0,19.0,21.0,49.0,58.0,0.0,0.0,578.7,0.0,1.6,WNW,NNE,C,mm,km/h,mm
8708,2026-07-24,09:15:00,20.0,21.0,20.0,21.0,49.0,59.0,0.0,0.0,578.7,0.0,4.8,WSW,ESE,C,mm,km/h,mm
8709,2026-07-24,09:30:00,21.0,21.0,20.0,21.0,49.0,56.0,0.0,0.0,578.7,1.6,8.0,W,WSW,C,mm,km/h,mm
8710,2026-07-24,09:45:00,21.0,21.0,21.0,21.0,49.0,55.0,0.0,0.0,578.8,0.0,4.8,E,E,C,mm,km/h,mm
8711,2026-07-24,10:00:00,22.0,22.0,21.0,21.0,49.0,53.0,0.0,0.0,578.8,1.6,6.4,NNW,NNW,C,mm,km/h,mm
8712,2026-07-24,10:15:00,23.0,23.0,22.0,21.0,49.0,49.0,0.0,0.0,578.6,0.0,3.2,N,N,C,mm,km/h,mm
8713,2026-07-24,10:30:00,23.0,23.0,23.0,21.0,49.0,49.0,0.0,0.0,578.5,1.6,9.7,SW,ENE,C,mm,km/h,mm
8714,2026-07-24,10:45:00,23.0,23.0,23.0,21.0,49.0,52.0,0.0,0.0,578.4,1.6,6.4,WSW,NNW,C,mm,km/h,mm
8715,2026-07-24,11:00:00,24.0,24.0,23.0,21.0,49.0,46.0,0.0,0.0,578.4,1.6,8.0,WNW,WSW,C,mm,km/h,mm
8716,2026-07-24,11:15:00,24.0,25.0,24.0,21.0,49.0,45.0,0.0,0.0,578.2,1.6,9.7,WSW,NNW,C,mm,km/h,mm
8717,2026-07-24,11:30:00,25.0,25.0,24.0,21.0,49.0,42.0,0.0,0.0,578.0,1.6,9.7,WSW,WSW,C,mm,km/h,mm
8718,2026-07-24,11:45:00,26.0,26.0,25.0,21.0,49.0,39.0,0.0,0.0,578.0,1.6,8.0,WSW,W,C,mm,km/h,mm
8719,2026-07-24,12:00:00,26.0,26.0,25.0,21.0,49.0,36.0,0.0,0.0,577.8,0.0,6.4,WNW,N,C,mm,km/h,mm
8720,2026-07-24,12:15:00,25.0,26.0,25.0,21.0,49.0,33.0,0.0,0.0,577.7,1.6,8.0,SE,E,C,mm,km/h,mm
8721,2026-07-24,12:30:00,26.0,26.0,25.0,21.0,48.0,30.0,0.0,0.0,577.5,1.6,11.3,WNW,E,C,mm,km/h,mm
8722,2026-07-24,12:45:00,27.0,27.0,26.0,21.0,48.0,31.0,0.0,0.0,577.3,3.2,16.1,NW,NW,C,mm,km/h,mm
8723,2026-07-24,13:00:00,27.0,27.0,27.0,21.0,47.0,29.0,0.0,0.0,577.3,3.2,16.1,NW,NNW,C,mm,km/h,mm
8724,2026-07-24,13:15:00,27.0,27.0,27.0,21.0,47.0,32.0,0.0,0.0,577.3,1.6,12.9,WNW,NNW,C,mm,km/h,mm
8725,2026-07-24,13:30:00,27.0,27.0,27.0,21.0,46.0,32.0,0.0,0.0,577.1,1.6,8.0,NNW,E,C,mm,km/h,mm
8726,2026-07-24,13:45:00,27.0,27.0,27.0,21.0,46.0,32.0,0.0,0.0,576.8,1.6,9.7,NW,NNW,C,mm,km/h,mm
8727,2026-07-24,14:00:00,28.0,28.0,27.0,21.0,46.0,31.0,0.0,0.0,576.7,1.6,9.7,WNW,NNW,C,mm,km/h,mm
8728,2026-07-24,14:15:00,27.0,28.0,27.0,21.0,45.0,32.0,0.0,0.0,576.5,1.6,9.7,NW,E,C,mm,km/h,mm
8729,2026-07-24,14:30:00,27.0,27.0,27.0,21.0,45.0,32.0,0.0,0.0,576.2,1.6,8.0,ESE,ESE,C,mm,km/h,mm
8730,2026-07-24,14:45:00,28.0,28.0,27.0,21.0,45.0,33.0,0.0,0.0,576.1,1.6,9.7,NNW,NNW,C,mm,km/h,mm
8731,2026-07-24,15:00:00,28.0,28.0,28.0,22.0,45.0,32.0,0.0,0.0,576.0,1.6,8.0,SSE,NW,C,mm,km/h,mm
8732,2026-07-24,15:15:00,28.0,28.0,27.0,22.0,45.0,31.0,0.0,0.0,575.8,1.6,6.4,N,E,C,mm,km/h,mm
8733,2026-07-24,15:30:00,28.0,28.0,28.0,22.0,45.0,27.0,0.0,0.0,575.6,4.8,11.3,SW,WSW,C,mm,km/h,mm
8734,2026-07-24,15:45:00,28.0,28.0,28.0,22.0,45.0,30.0,0.0,0.0,575.5,4.8,12.9,W,WSW,C,mm,km/h,mm
8735,2026-07-24,16:00:00,28.0,28.0,27.0,22.0,45.0,35.0,0.0,0.0,575.5,4.8,11.3,WSW,WSW,C,mm,km/h,mm
8736,2026-07-24,16:15:00,28.0,28.0,28.0,22.0,45.0,38.0,0.0,0.0,575.5,4.8,19.3,WNW,W,C,mm,km/h,mm
8737,2026-07-24,16:30:00,27.0,28.0,27.0,22.0,45.0,38.0,0.0,0.0,575.4,6.4,25.7,NW,WSW,C,mm,km/h,mm
8738,2026-07-24,16:45:00,27.0,27.0,27.0,22.0,45.0,37.0,0.0,0.0,575.3,4.8,16.1,WNW,WSW,C,mm,km/h,mm
8739,2026-07-24,17:00:00,27.0,27.0,27.0,22.0,45.0,37.0,0.0,0.0,575.3,6.4,17.7,WSW,WSW,C,mm,km/h,mm
8740,2026-07-24,17:15:00,27.0,27.0,27.0,22.0,45.0,36.0,0.0,0.0,575.3,4.8,16.1,SSE,W,C,mm,km/h,mm
8741,2026-07-24,17:30:00,27.0,27.0,27.0,22.0,45.0,37.0,0.0,0.0,575.3,6.4,16.1,SW,WSW,C,mm,km/h,mm
8742,2026-07-24,17:45:00,27.0,27.0,27.0,22.0,45.0,36.0,0.0,0.0,575.4,4.8,16.1,W,W,C,mm,km/h,mm
8743,2026-07-24,18:00:00,26.0,27.0,26.0,22.0,45.0,38.0,0.0,0.0,575.5,3.2,16.1,W,NNW,C,mm,km/h,mm
8744,2026-07-24,18:15:00,25.0,26.0,25.0,22.0,45.0,44.0,0.0,0.0,575.7,3.2,11.3,WSW,NNW,C,mm,km/h,mm
8745,2026-07-24,18:30:00,24.0,25.0,24.0,22.0,45.0,48.0,0.0,0.0,576.0,1.6,8.0,SW,WNW,C,mm,km/h,mm
8746,2026-07-24,18:45:00,23.0,24.0,23.0,22.0,45.0,55.0,0.0,0.0,576.2,0.0,11.3,NW,NW,C,mm,km/h,mm
8747,2026-07-24,19:00:00,22.0,23.0,22.0,22.0,46.0,63.0,0.0,0.0,576.4,3.2,16.1,WNW,NW,C,mm,km/h,mm
8748,2026-07-24,19:15:00,20.0,22.0,20.0,22.0,46.0,70.0,0.0,0.0,576.6,1.6,8.0,WNW,NNW,C,mm,km/h,mm
8749,2026-07-24,19:30:00,19.0,20.0,19.0,22.0,47.0,62.0,0.2,0.0,576.6,1.6,14.5,WNW,NNW,C,mm,km/h,mm
8750,2026-07-24,19:45:00,19.0,19.0,19.0,22.0,47.0,63.0,0.0,0.0,576.8,3.2,14.5,WSW,W,C,mm,km/h,mm
8751,2026-07-24,20:00:00,19.0,19.0,19.0,22.0,47.0,66.0,0.0,0.0,576.9,4.8,16.1,W,WSW,C,mm,km/h,mm
8752,2026-07-24,20:15:00,19.0,19.0,19.0,22.0,47.0,69.0,0.0,0.0,577.1,1.6,9.7,SW,W,C,mm,km/h,mm
8753,2026-07-24,20:30:00,19.0,19.0,19.0,22.0,47.0,70.0,0.0,0.0,577.2,1.6,11.3,NNW,W,C,mm,km/h,mm
8754,2026-07-24,20:45:00,19.0,19.0,19.0,22.0,47.0,70.0,0.0,0.0,577.3,3.2,11.3,W,WSW,C,mm,km/h,mm
8755,2026-07-24,21:00:00,19.0,19.0,18.0,22.0,48.0,70.0,0.0,0.0,577.3,0.0,8.0,SW,SW,C,mm,km/h,mm
8756,2026-07-24,21:15:00,18.0,19.0,18.0,22.0,48.0,71.0,0.0,0.0,577.5,0.0,3.2,SSW,SSE,C,mm,km/h,mm
8757,2026-07-24,21:30:00,18.0,18.0,18.0,22.0,48.0,72.0,0.0,0.0,577.8,0.0,1.6,NW,NW,C,mm,km/h,mm
8758,2026-07-24,21:45:00,18.0,18.0,18.0,22.0,48.0,71.0,0.0,0.0,578.2,0.0,4.8,W,WNW,C,mm,km/h,mm
8759,2026-07-24,22:00:00,18.0,18.0,18.0,22.0,49.0,73.0,0.0,0.0,578.6,0.0,3.2,WSW,WSW,C,mm,km/h,mm
8760,2026-07-24,22:15:00,18.0,18.0,18.0,22.0,49.0,73.0,0.0,0.0,578.9,1.6,6.4,WSW,WSW,C,mm,km/h,mm
8761,2026-07-24,22:30:00,18.0,18.0,18.0,22.0,49.0,74.0,0.0,0.0,579.0,0.0,6.4,WSW,W,C,mm,km/h,mm
8762,2026-07-24,22:45:00,18.0,18.0,18.0,22.0,49.0,73.0,0.0,0.0,579.1,1.6,6.4,S,W,C,mm,km/h,mm
8763,2026-07-24,23:00:00,18.0,18.0,18.0,22.0,49.0,73.0,0.0,0.0,579.2,1.6,4.8,WSW,WSW,C,mm,km/h,mm
8764,2026-07-24,23:15:00,18.0,18.0,18.0,22.0,49.0,74.0,0.0,0.0,579.2,1.6,6.4,SSE,WSW,C,mm,km/h,mm
8765,2026-07-24,23:30:00,17.0,18.0,17.0,22.0,50.0,74.0,0.0,0.0,579.1,1.6,8.0,SSW,WSW,C,mm,km/h,mm
8766,2026-07-24,23:45:00,17.0,17.0,17.0,22.0,50.0,75.0,0.0,0.0,579.2,1.6,4.8,WSW,W,C,mm,km/h,mm
8767,2026-07-25,00:15:00,17.0,17.0,17.0,22.0,50.0,75.0,0.0,0.0,579.1,0.0,4.8,WSW,WSW,C,mm,km/h,mm
8768,2026-07-25,00:30:00,17.0,17.0,17.0,22.0,50.0,74.0,0.0,0.0,579.0,1.6,9.7,W,WSW,C,mm,km/h,mm
8769,2026-07-25,00:45:00,17.0,17.0,17.0,22.0,50.0,75.0,0.0,0.0,579.2,1.6,9.7,SSE,WSW,C,mm,km/h,mm
8770,2026-07-25,01:00:00,17.0,17.0,17.0,22.0,50.0,76.0,0.0,0.0,579.0,1.6,8.0,SSW,WSW,C,mm,km/h,mm
8771,2026-07-25,01:15:00,17.0,17.0,17.0,22.0,50.0,77.0,0.0,0.0,578.8,0.0,8.0,S,SW,C,mm,km/h,mm
8772,2026-07-25,01:30:00,17.0,17.0,17.0,22.0,50.0,77.0,0.0,0.0,579.1,1.6,9.7,SW,WSW,C,mm,km/h,mm
8773,2026-07-25,01:45:00,17.0,17.0,17.0,22.0,51.0,77.0,0.0,0.0,579.0,1.6,9.7,SW,W,C,mm,km/h,mm
8774,2026-07-25,02:00:00,17.0,17.0,17.0,22.0,51.0,77.0,0.0,0.0,578.9,1.6,8.0,W,SW,C,mm,km/h,mm
8775,2026-07-25,02:15:00,16.0,17.0,16.0,22.0,51.0,78.0,0.0,0.0,578.8,1.6,8.0,SSW,WSW,C,mm,km/h,mm
8776,2026-07-25,02:30:00,16.0,16.0,16.0,22.0,51.0,79.0,0.0,0.0,578.6,1.6,8.0,NW,WSW,C,mm,km/h,mm
8777,2026-07-25,02:45:00,16.0,16.0,16.0,22.0,51.0,79.0,0.0,0.0,578.6,1.6,9.7,W,W,C,mm,km/h,mm
8778,2026-07-25,03:00:00,16.0,16.0,16.0,22.0,51.0,79.0,0.0,0.0,578.5,1.6,6.4,WNW,W,C,mm,km/h,mm
8779,2026-07-25,03:15:00,16.0,16.0,16.0,22.0,51.0,79.0,0.0,0.0,578.4,1.6,9.7,W,W,C,mm,km/h,mm
8780,2026-07-25,03:30:00,16.0,16.0,16.0,22.0,51.0,78.0,0.0,0.0,578.4,1.6,6.4,W,W,C,mm,km/h,mm
8781,2026-07-25,03:45:00,16.0,16.0,16.0,22.0,51.0,78.0,0.0,0.0,578.2,1.6,6.4,W,W,C,mm,km/h,mm
8782,2026-07-25,04:00:00,16.0,16.0,16.0,22.0,51.0,80.0,0.0,0.0,578.1,0.0,1.6,WSW,WSW,C,mm,km/h,mm
8783,2026-07-25,04:15:00,16.0,16.0,16.0,22.0,51.0,80.0,0.0,0.0,578.2,0.0,4.8,WSW,W,C,mm,km/h,mm
8784,2026-07-25,04:30:00,16.0,16.0,16.0,22.0,51.0,80.0,0.0,0.0,578.3,1.6,6.4,WSW,W,C,mm,km/h,mm
8785,2026-07-25,04:45:00,16.0,16.0,15.0,22.0,51.0,80.0,0.0,0.0,578.2,0.0,4.8,WSW,W,C,mm,km/h,mm
8786,2026-07-25,05:00:00,15.0,15.0,15.0,22.0,51.0,81.0,0.0,0.0,578.4,0.0,3.2,W,WNW,C,mm,km/h,mm
8787,2026-07-25,05:15:00,15.0,15.0,15.0,22.0,51.0,81.0,0.0,0.0,578.5,0.0,6.4,W,W,C,mm,km/h,mm
8788,2026-07-25,05:30:00,16.0,16.0,15.0,22.0,51.0,81.0,0.0,0.0,578.6,0.0,4.8,SW,WSW,C,mm,km/h,mm
8789,2026-07-25,05:45:00,16.0,16.0,16.0,22.0,51.0,81.0,0.0,0.0,578.9,0.0,4.8,SW,SW,C,mm,km/h,mm
8790,2026-07-25,06:00:00,15.0,16.0,15.0,22.0,51.0,81.0,0.0,0.0,578.9,0.0,4.8,SSW,SSW,C,mm,km/h,mm
8791,2026-07-25,06:15:00,15.0,15.0,15.0,22.0,51.0,82.0,0.0,0.0,578.9,0.0,4.8,SSE,SSW,C,mm,km/h,mm
8792,2026-07-25,06:30:00,15.0,15.0,15.0,22.0,51.0,82.0,0.0,0.0,578.9,0.0,1.6,ENE,ENE,C,mm,km/h,mm
8793,2026-07-25,06:45:00,15.0,15.0,15.0,22.0,51.0,82.0,0.0,0.0,579.0,0.0,1.6,ESE,ESE,C,mm,km/h,mm
8794,2026-07-25,07:00:00,15.0,15.0,15.0,22.0,51.0,82.0,0.0,0.0,579.1,0.0,3.2,SW,WSW,C,mm,km/h,mm
8795,2026-07-25,07:15:00,15.0,15.0,15.0,22.0,51.0,81.0,0.0,0.0,579.3,0.0,4.8,SSW,SW,C,mm,km/h,mm
8796,2026-07-25,07:30:00,16.0,16.0,15.0,22.0,51.0,79.0,0.0,0.0,579.4,1.6,6.4,WSW,WSW,C,mm,km/h,mm
8797,2026-07-25,07:45:00,16.0,16.0,16.0,22.0,51.0,77.0,0.0,0.0,579.4,1.6,6.4,W,W,C,mm,km/h,mm
8798,2026-07-25,08:00:00,17.0,17.0,16.0,22.0,51.0,75.0,0.0,0.0,579.6,0.0,4.8,WSW,WSW,C,mm,km/h,mm
8799,2026-07-25,08:15:00,18.0,18.0,17.0,22.0,51.0,71.0,0.0,0.0,579.7,0.0,6.4,WSW,W,C,mm,km/h,mm
8800,2026-07-25,08:30:00,18.0,18.0,18.0,22.0,51.0,68.0,0.0,0.0,579.6,1.6,9.7,W,W,C,mm,km/h,mm
8801,2026-07-25,08:45:00,19.0,19.0,18.0,22.0,51.0,65.0,0.0,0.0,579.8,1.6,8.0,SW,WSW,C,mm,km/h,mm
8802,2026-07-25,09:00:00,20.0,20.0,19.0,22.0,51.0,64.0,0.0,0.0,579.8,0.0,1.6,NE,NNW,C,mm,km/h,mm
8803,2026-07-25,09:15:00,21.0,21.0,20.0,22.0,51.0,61.0,0.0,0.0,579.8,1.6,9.7,WSW,WSW,C,mm,km/h,mm
8804,2026-07-25,09:30:00,21.0,21.0,21.0,22.0,51.0,60.0,0.0,0.0,579.8,1.6,9.7,SW,SW,C,mm,km/h,mm
8805,2026-07-25,09:45:00,21.0,22.0,21.0,22.0,51.0,60.0,0.0,0.0,579.8,1.6,9.7,WSW,WSW,C,mm,km/h,mm
8806,2026-07-25,10:00:00,22.0,22.0,21.0,22.0,51.0,60.0,0.0,0.0,579.8,1.6,8.0,SW,W,C,mm,km/h,mm
8807,2026-07-25,10:15:00,22.0,22.0,22.0,22.0,51.0,58.0,0.0,0.0,579.8,1.6,8.0,W,NNW,C,mm,km/h,mm
8808,2026-07-25,10:30:00,23.0,23.0,22.0,22.0,51.0,54.0,0.0,0.0,579.8,1.6,8.0,S,WSW,C,mm,km/h,mm
8809,2026-07-25,10:45:00,23.0,23.0,23.0,22.0,51.0,55.0,0.0,0.0,579.7,1.6,8.0,N,NNW,C,mm,km/h,mm
8810,2026-07-25,11:00:00,23.0,23.0,23.0,22.0,51.0,54.0,0.0,0.0,579.6,1.6,8.0,NNW,NW,C,mm,km/h,mm
8811,2026-07-25,11:15:00,23.0,24.0,23.0,22.0,51.0,49.0,0.0,0.0,579.5,1.6,9.7,WSW,W,C,mm,km/h,mm
8812,2026-07-25,11:30:00,24.0,24.0,24.0,22.0,51.0,45.0,0.0,0.0,579.4,1.6,6.4,WSW,NNW,C,mm,km/h,mm
8813,2026-07-25,11:45:00,24.0,24.0,24.0,22.0,51.0,43.0,0.0,0.0,579.4,1.6,11.3,WSW,NNW,C,mm,km/h,mm
8814,2026-07-25,12:00:00,25.0,25.0,24.0,22.0,50.0,45.0,0.0,0.0,579.1,1.6,8.0,S,ENE,C,mm,km/h,mm
8815,2026-07-25,12:15:00,25.0,25.0,25.0,22.0,50.0,41.0,0.0,0.0,579.0,3.2,14.5,WSW,W,C,mm,km/h,mm
8816,2026-07-25,12:30:00,26.0,26.0,25.0,22.0,50.0,38.0,0.0,0.0,578.9,1.6,8.0,SW,WSW,C,mm,km/h,mm
8817,2026-07-25,12:45:00,26.0,26.0,26.0,22.0,50.0,35.0,0.0,0.0,578.8,1.6,9.7,NW,NNW,C,mm,km/h,mm
8818,2026-07-25,13:00:00,26.0,26.0,26.0,22.0,50.0,33.0,0.0,0.0,578.5,3.2,17.7,SSE,NW,C,mm,km/h,mm
8819,2026-07-25,13:15:00,26.0,26.0,26.0,22.0,49.0,32.0,0.0,0.0,578.5,3.2,16.1,WNW,NNW,C,mm,km/h,mm
8820,2026-07-25,13:30:00,26.0,26.0,26.0,22.0,48.0,31.0,0.0,0.0,578.4,1.6,14.5,WSW,NNW,C,mm,km/h,mm
8821,2026-07-25,13:45:00,27.0,27.0,26.0,22.0,48.0,28.0,0.0,0.0,578.2,4.8,16.1,SSE,W,C,mm,km/h,mm
8822,2026-07-25,14:00:00,27.0,27.0,27.0,22.0,48.0,29.0,0.0,0.0,578.0,1.6,11.3,NNW,NNW,C,mm,km/h,mm
8823,2026-07-25,14:15:00,27.0,27.0,27.0,22.0,48.0,27.0,0.0,0.0,577.8,3.2,19.3,SW,WSW,C,mm,km/h,mm
8824,2026-07-25,14:30:00,27.0,27.0,27.0,22.0,47.0,27.0,0.0,0.0,577.7,3.2,11.3,WNW,WSW,C,mm,km/h,mm
8825,2026-07-25,14:45:00,27.0,27.0,27.0,22.0,47.0,28.0,0.0,0.0,577.5,4.8,19.3,WNW,NNW,C,mm,km/h,mm
8826,2026-07-25,15:00:00,27.0,27.0,27.0,22.0,46.0,30.0,0.0,0.0,577.1,6.4,17.7,SSW,WSW,C,mm,km/h,mm
8827,2026-07-25,15:15:00,28.0,28.0,27.0,22.0,46.0,31.0,0.0,0.0,577.1,4.8,14.5,WSW,WSW,C,mm,km/h,mm
8828,2026-07-25,15:30:00,27.0,28.0,27.0,22.0,46.0,28.0,0.0,0.0,576.8,6.4,25.7,W,WSW,C,mm,km/h,mm
8829,2026-07-25,15:45:00,27.0,28.0,27.0,22.0,46.0,28.0,0.0,0.0,576.7,4.8,20.9,NW,WSW,C,mm,km/h,mm
8830,2026-07-25,16:00:00,27.0,27.0,27.0,22.0,45.0,29.0,0.0,0.0,576.5,4.8,16.1,WSW,NNW,C,mm,km/h,mm
8831,2026-07-25,16:15:00,27.0,28.0,27.0,22.0,45.0,31.0,0.0,0.0,576.6,3.2,14.5,WSW,WNW,C,mm,km/h,mm
8832,2026-07-25,16:30:00,27.0,27.0,26.0,22.0,45.0,32.0,0.0,0.0,576.4,6.4,16.1,WNW,W,C,mm,km/h,mm
8833,2026-07-25,16:45:00,27.0,27.0,27.0,22.0,45.0,34.0,0.0,0.0,576.3,4.8,17.7,WNW,NW,C,mm,km/h,mm
8834,2026-07-25,17:00:00,27.0,27.0,27.0,22.0,44.0,35.0,0.0,0.0,576.3,4.8,14.5,W,W,C,mm,km/h,mm
8835,2026-07-25,17:15:00,26.0,27.0,26.0,22.0,44.0,33.0,0.0,0.0,576.3,4.8,19.3,W,W,C,mm,km/h,mm
8836,2026-07-25,17:30:00,26.0,26.0,26.0,22.0,44.0,34.0,0.0,0.0,576.3,4.8,17.7,NW,WSW,C,mm,km/h,mm
8837,2026-07-25,17:45:00,25.0,26.0,25.0,22.0,44.0,36.0,0.0,0.0,576.5,4.8,16.1,SW,NNW,C,mm,km/h,mm
8838,2026-07-25,18:00:00,25.0,25.0,25.0,22.0,44.0,37.0,0.0,0.0,576.7,4.8,12.9,SW,W,C,mm,km/h,mm
8839,2026-07-25,18:15:00,24.0,25.0,24.0,22.0,44.0,39.0,0.0,0.0,576.8,4.8,20.9,S,W,C,mm,km/h,mm
8840,2026-07-25,18:30:00,23.0,24.0,23.0,22.0,44.0,40.0,0.0,0.0,577.1,4.8,19.3,WSW,NNW,C,mm,km/h,mm
8841,2026-07-25,18:45:00,22.0,23.0,22.0,22.0,44.0,43.0,0.0,0.0,577.3,4.8,20.9,WNW,W,C,mm,km/h,mm
8842,2026-07-25,19:00:00,22.0,22.0,22.0,22.0,44.0,45.0,0.0,0.0,577.3,4.8,17.7,W,W,C,mm,km/h,mm
8843,2026-07-25,19:15:00,21.0,22.0,21.0,22.0,44.0,47.0,0.0,0.0,577.5,4.8,17.7,WSW,WSW,C,mm,km/h,mm
8844,2026-07-25,19:30:00,20.0,21.0,20.0,22.0,45.0,49.0,0.0,0.0,577.6,3.2,11.3,WNW,WSW,C,mm,km/h,mm
8845,2026-07-25,19:45:00,20.0,20.0,20.0,22.0,44.0,49.0,0.0,0.0,577.7,3.2,20.9,W,WNW,C,mm,km/h,mm
8846,2026-07-25,20:00:00,20.0,20.0,20.0,22.0,44.0,49.0,0.0,0.0,577.9,6.4,19.3,NNW,W,C,mm,km/h,mm
8847,2026-07-25,20:15:00,19.0,20.0,19.0,22.0,44.0,42.0,0.0,0.0,578.0,4.8,16.1,SSW,W,C,mm,km/h,mm
8848,2026-07-25,20:30:00,19.0,19.0,19.0,22.0,44.0,43.0,0.0,0.0,578.4,3.2,17.7,SW,W,C,mm,km/h,mm
8849,2026-07-25,20:45:00,19.0,19.0,19.0,22.0,44.0,39.0,0.0,0.0,578.7,3.2,12.9,SW,WSW,C,mm,km/h,mm
8850,2026-07-25,21:00:00,18.0,19.0,18.0,22.0,43.0,42.0,0.0,0.0,578.8,4.8,14.5,W,W,C,mm,km/h,mm
8851,2026-07-25,21:15:00,18.0,18.0,18.0,22.0,43.0,43.0,0.0,0.0,578.9,1.6,12.9,SSW,W,C,mm,km/h,mm
8852,2026-07-25,21:30:00,18.0,18.0,18.0,22.0,43.0,43.0,0.0,0.0,579.1,1.6,9.7,SSW,W,C,mm,km/h,mm
8853,2026-07-25,21:45:00,18.0,18.0,18.0,22.0,43.0,43.0,0.0,0.0,579.3,1.6,11.3,SW,W,C,mm,km/h,mm
8854,2026-07-25,22:00:00,18.0,18.0,18.0,22.0,42.0,49.0,0.0,0.0,579.7,3.2,11.3,W,WSW,C,mm,km/h,mm
8855,2026-07-25,22:15:00,18.0,18.0,18.0,22.0,42.0,51.0,0.0,0.0,579.8,6.4,19.3,WSW,WSW,C,mm,km/h,mm
8856,2026-07-25,22:30:00,17.0,18.0,17.0,22.0,41.0,53.0,0.0,0.0,579.9,4.8,14.5,W,W,C,mm,km/h,mm
8857,2026-07-25,22:45:00,17.0,17.0,17.0,22.0,42.0,57.0,0.0,0.0,580.0,3.2,11.3,W,WSW,C,mm,km/h,mm
8858,2026-07-25,23:00:00,17.0,17.0,17.0,22.0,42.0,58.0,0.0,0.0,580.0,1.6,12.9,WSW,WSW,C,mm,km/h,mm
8859,2026-07-25,23:15:00,17.0,17.0,17.0,22.0,42.0,61.0,0.0,0.0,580.1,0.0,6.4,S,SW,C,mm,km/h,mm
8860,2026-07-25,23:30:00,16.0,17.0,16.0,22.0,42.0,65.0,0.0,0.0,580.0,0.0,4.8,SW,WSW,C,mm,km/h,mm
8861,2026-07-25,23:45:00,16.0,16.0,16.0,22.0,42.0,67.0,0.0,0.0,580.0,0.0,6.4,NW,WSW,C,mm,km/h,mm
8862,2026-07-26,00:15:00,16.0,16.0,16.0,22.0,43.0,69.0,0.0,0.0,580.1,1.6,9.7,WSW,WSW,C,mm,km/h,mm
8863,2026-07-26,00:30:00,16.0,16.0,16.0,22.0,43.0,69.0,0.0,0.0,580.0,1.6,6.4,W,W,C,mm,km/h,mm
8864,2026-07-26,00:45:00,16.0,16.0,16.0,22.0,43.0,68.0,0.0,0.0,579.9,1.6,6.4,NW,W,C,mm,km/h,mm
8865,2026-07-26,01:00:00,16.0,16.0,16.0,22.0,43.0,67.0,0.0,0.0,579.9,1.6,6.4,WSW,W,C,mm,km/h,mm
8866,2026-07-26,01:15:00,15.0,16.0,15.0,22.0,43.0,67.0,0.0,0.0,579.7,1.6,6.4,W,SW,C,mm,km/h,mm
8867,2026-07-26,01:30:00,15.0,16.0,15.0,22.0,43.0,69.0,0.0,0.0,579.7,1.6,8.0,SW,W,C,mm,km/h,mm
8868,2026-07-26,01:45:00,15.0,15.0,15.0,22.0,43.0,71.0,0.0,0.0,579.5,0.0,6.4,SSW,SW,C,mm,km/h,mm
8869,2026-07-26,02:00:00,15.0,15.0,15.0,22.0,43.0,72.0,0.0,0.0,579.3,0.0,6.4,SW,SW,C,mm,km/h,mm
8870,2026-07-26,02:15:00,15.0,15.0,15.0,22.0,44.0,72.0,0.0,0.0,579.3,0.0,6.4,WSW,SW,C,mm,km/h,mm
8871,2026-07-26,02:30:00,15.0,15.0,15.0,22.0,44.0,73.0,0.0,0.0,579.2,0.0,3.2,WSW,W,C,mm,km/h,mm
8872,2026-07-26,02:45:00,15.0,15.0,14.0,22.0,44.0,74.0,0.0,0.0,579.0,1.6,6.4,WSW,W,C,mm,km/h,mm
8873,2026-07-26,03:00:00,14.0,15.0,14.0,22.0,44.0,74.0,0.0,0.0,579.0,0.0,4.8,WSW,WSW,C,mm,km/h,mm
8874,2026-07-26,03:15:00,14.0,14.0,14.0,22.0,44.0,75.0,0.0,0.0,578.7,0.0,1.6,WSW,N,C,mm,km/h,mm
8875,2026-07-26,03:30:00,14.0,14.0,14.0,22.0,44.0,76.0,0.0,0.0,578.6,0.0,3.2,SW,SW,C,mm,km/h,mm
8876,2026-07-26,03:45:00,14.0,14.0,14.0,22.0,44.0,77.0,0.0,0.0,578.7,0.0,4.8,SW,WSW,C,mm,km/h,mm
8877,2026-07-26,04:00:00,14.0,14.0,14.0,22.0,45.0,78.0,0.0,0.0,578.8,0.0,6.4,WSW,W,C,mm,km/h,mm
8878,2026-07-26,04:15:00,14.0,14.0,14.0,22.0,45.0,78.0,0.0,0.0,578.8,0.0,4.8,WSW,W,C,mm,km/h,mm
8879,2026-07-26,04:30:00,14.0,14.0,14.0,22.0,45.0,79.0,0.0,0.0,578.6,0.0,3.2,W,WNW,C,mm,km/h,mm
8880,2026-07-26,04:45:00,14.0,14.0,14.0,22.0,45.0,79.0,0.0,0.0,578.6,0.0,6.4,SW,W,C,mm,km/h,mm
8881,2026-07-26,05:00:00,13.0,14.0,13.0,22.0,45.0,80.0,0.0,0.0,578.7,0.0,4.8,WSW,WSW,C,mm,km/h,mm
8882,2026-07-26,05:15:00,13.0,14.0,13.0,22.0,45.0,80.0,0.0,0.0,578.9,0.0,0.0,,,C,mm,km/h,mm
8883,2026-07-26,05:30:00,13.0,13.0,13.0,22.0,45.0,81.0,0.0,0.0,578.7,0.0,0.0,,,C,mm,km/h,mm
8884,2026-07-26,05:45:00,13.0,13.0,13.0,22.0,45.0,80.0,0.0,0.0,578.6,0.0,3.2,SSW,SSW,C,mm,km/h,mm
8885,2026-07-26,06:00:00,14.0,14.0,13.0,22.0,46.0,79.0,0.0,0.0,578.9,0.0,6.4,SW,SW,C,mm,km/h,mm
8886,2026-07-26,06:15:00,14.0,14.0,14.0,22.0,46.0,79.0,0.0,0.0,579.0,0.0,4.8,SSW,SW,C,mm,km/h,mm
8887,2026-07-26,06:30:00,14.0,14.0,14.0,22.0,46.0,78.0,0.0,0.0,579.0,0.0,1.6,W,NE,C,mm,km/h,mm
8888,2026-07-26,06:45:00,14.0,14.0,14.0,22.0,46.0,78.0,0.0,0.0,579.2,1.6,6.4,W,W,C,mm,km/h,mm
8889,2026-07-26,07:00:00,14.0,14.0,14.0,22.0,46.0,78.0,0.0,0.0,579.4,0.0,8.0,WNW,WSW,C,mm,km/h,mm
8890,2026-07-26,07:15:00,14.0,14.0,14.0,22.0,46.0,78.0,0.0,0.0,579.4,0.0,3.2,WSW,WSW,C,mm,km/h,mm
8891,2026-07-26,07:30:00,15.0,15.0,14.0,22.0,46.0,77.0,0.0,0.0,579.6,0.0,1.6,W,W,C,mm,km/h,mm
8892,2026-07-26,07:45:00,15.0,15.0,15.0,22.0,46.0,75.0,0.0,0.0,579.9,0.0,1.6,W,W,C,mm,km/h,mm
8893,2026-07-26,08:00:00,15.0,15.0,15.0,22.0,46.0,74.0,0.0,0.0,580.0,0.0,0.0,,,C,mm,km/h,mm
8894,2026-07-26,08:15:00,16.0,16.0,15.0,22.0,46.0,71.0,0.0,0.0,580.0,0.0,1.6,NE,NE,C,mm,km/h,mm
8895,2026-07-26,08:30:00,16.0,16.0,16.0,21.0,46.0,70.0,0.0,0.0,580.2,1.6,11.3,SSW,W,C,mm,km/h,mm
8896,2026-07-26,08:45:00,17.0,17.0,16.0,21.0,46.0,70.0,0.0,0.0,580.2,1.6,4.8,WSW,WSW,C,mm,km/h,mm
8897,2026-07-26,09:00:00,18.0,18.0,17.0,21.0,46.0,67.0,0.0,0.0,580.2,0.0,4.8,WSW,SW,C,mm,km/h,mm
8898,2026-07-26,09:15:00,18.0,18.0,18.0,21.0,47.0,66.0,0.0,0.0,580.2,0.0,6.4,WNW,WSW,C,mm,km/h,mm
8899,2026-07-26,09:30:00,19.0,19.0,18.0,21.0,47.0,62.0,0.0,0.0,580.0,0.0,6.4,WNW,NNW,C,mm,km/h,mm
8900,2026-07-26,09:45:00,20.0,20.0,19.0,21.0,47.0,62.0,0.0,0.0,579.8,0.0,3.2,NNW,NNW,C,mm,km/h,mm
8901,2026-07-26,10:00:00,20.0,20.0,19.0,21.0,47.0,60.0,0.0,0.0,579.7,0.0,6.4,W,W,C,mm,km/h,mm
8902,2026-07-26,10:15:00,21.0,21.0,20.0,21.0,47.0,57.0,0.0,0.0,579.6,0.0,6.4,NW,NNW,C,mm,km/h,mm
8903,2026-07-26,10:30:00,21.0,21.0,21.0,21.0,47.0,56.0,0.0,0.0,579.5,1.6,8.0,WNW,WSW,C,mm,km/h,mm
8904,2026-07-26,10:45:00,22.0,22.0,21.0,21.0,47.0,55.0,0.0,0.0,579.3,0.0,3.2,SSW,SW,C,mm,km/h,mm
8905,2026-07-26,11:00:00,22.0,22.0,22.0,21.0,47.0,54.0,0.0,0.0,579.3,0.0,4.8,WSW,W,C,mm,km/h,mm
8906,2026-07-26,11:15:00,23.0,23.0,22.0,21.0,47.0,49.0,0.0,0.0,579.3,1.6,9.7,NNW,NNW,C,mm,km/h,mm
8907,2026-07-26,11:30:00,22.0,23.0,22.0,21.0,47.0,51.0,0.0,0.0,579.1,1.6,6.4,E,E,C,mm,km/h,mm
8908,2026-07-26,11:45:00,22.0,22.0,22.0,21.0,47.0,55.0,0.0,0.0,579.0,1.6,8.0,S,E,C,mm,km/h,mm
8909,2026-07-26,12:00:00,23.0,23.0,22.0,21.0,47.0,52.0,0.0,0.0,579.0,0.0,4.8,NW,E,C,mm,km/h,mm
8910,2026-07-26,12:15:00,23.0,24.0,23.0,22.0,47.0,49.0,0.0,0.0,578.9,1.6,9.7,E,E,C,mm,km/h,mm
8911,2026-07-26,12:30:00,24.0,25.0,23.0,22.0,47.0,46.0,0.0,0.0,578.7,1.6,8.0,WNW,NW,C,mm,km/h,mm
8912,2026-07-26,12:45:00,24.0,25.0,24.0,22.0,47.0,48.0,0.0,0.0,578.6,1.6,9.7,N,E,C,mm,km/h,mm
8913,2026-07-26,13:00:00,25.0,25.0,24.0,22.0,47.0,45.0,0.0,0.0,578.4,1.6,9.7,NW,NW,C,mm,km/h,mm
8914,2026-07-26,13:15:00,25.0,25.0,25.0,22.0,47.0,43.0,0.0,0.0,578.1,3.2,11.3,W,NNW,C,mm,km/h,mm
8915,2026-07-26,13:30:00,26.0,26.0,25.0,22.0,47.0,37.0,0.0,0.0,577.9,3.2,12.9,WNW,WSW,C,mm,km/h,mm
8916,2026-07-26,13:45:00,26.0,26.0,25.0,22.0,47.0,38.0,0.0,0.0,577.8,3.2,19.3,WSW,WSW,C,mm,km/h,mm
8917,2026-07-26,14:00:00,27.0,27.0,26.0,22.0,47.0,36.0,0.0,0.0,577.7,3.2,12.9,W,WSW,C,mm,km/h,mm
8918,2026-07-26,14:15:00,27.0,27.0,26.0,22.0,47.0,36.0,0.0,0.0,577.5,3.2,11.3,WSW,SW,C,mm,km/h,mm
8919,2026-07-26,14:30:00,26.0,27.0,26.0,22.0,47.0,39.0,0.0,0.0,577.3,1.6,8.0,NW,NW,C,mm,km/h,mm
8920,2026-07-26,14:45:00,25.0,26.0,25.0,22.0,47.0,38.0,0.0,0.0,577.0,0.0,8.0,NW,SW,C,mm,km/h,mm
8921,2026-07-26,15:00:00,25.0,26.0,25.0,22.0,46.0,37.0,0.0,0.0,576.8,0.0,8.0,NW,NW,C,mm,km/h,mm
8922,2026-07-26,15:15:00,24.0,25.0,24.0,22.0,46.0,42.0,0.0,0.0,576.7,1.6,6.4,ENE,E,C,mm,km/h,mm
8923,2026-07-26,15:30:00,24.0,24.0,23.0,22.0,46.0,43.0,0.0,0.0,576.7,1.6,8.0,SE,E,C,mm,km/h,mm
8924,2026-07-26,15:45:00,25.0,25.0,24.0,22.0,46.0,41.0,0.0,0.0,576.6,1.6,9.7,E,E,C,mm,km/h,mm
8925,2026-07-26,16:00:00,25.0,25.0,24.0,22.0,46.0,41.0,0.0,0.0,576.5,1.6,6.4,E,ESE,C,mm,km/h,mm
8926,2026-07-26,16:15:00,24.0,25.0,24.0,22.0,46.0,41.0,0.0,0.0,576.4,0.0,3.2,ESE,E,C,mm,km/h,mm
8927,2026-07-26,16:30:00,23.0,24.0,23.0,22.0,45.0,45.0,0.0,0.0,576.4,1.6,12.9,NW,NNW,C,mm,km/h,mm
8928,2026-07-26,16:45:00,22.0,23.0,22.0,22.0,45.0,52.0,0.0,0.0,576.5,1.6,9.7,WNW,NNW,C,mm,km/h,mm
8929,2026-07-26,17:00:00,19.0,22.0,19.0,22.0,46.0,69.0,1.2,26.8,576.7,3.2,17.7,NNW,NW,C,mm,km/h,mm
8930,2026-07-26,17:15:00,17.0,19.0,17.0,22.0,46.0,76.0,2.2,20.8,576.9,3.2,17.7,W,W,C,mm,km/h,mm
8931,2026-07-26,17:30:00,15.0,17.0,15.0,22.0,46.0,84.0,2.4,29.6,577.1,3.2,8.0,WSW,NW,C,mm,km/h,mm
8932,2026-07-26,17:45:00,15.0,15.0,15.0,22.0,47.0,86.0,0.2,3.4,577.3,0.0,4.8,WNW,W,C,mm,km/h,mm
8933,2026-07-26,18:00:00,15.0,15.0,15.0,22.0,48.0,86.0,0.0,0.0,577.4,0.0,3.2,WSW,W,C,mm,km/h,mm
8934,2026-07-26,18:15:00,15.0,15.0,15.0,22.0,48.0,89.0,0.0,0.0,577.3,0.0,0.0,,,C,mm,km/h,mm
8935,2026-07-26,18:30:00,15.0,15.0,15.0,22.0,49.0,89.0,0.0,0.0,577.4,0.0,0.0,,,C,mm,km/h,mm
8936,2026-07-26,18:45:00,16.0,16.0,15.0,22.0,49.0,90.0,0.0,0.0,578.0,0.0,0.0,,,C,mm,km/h,mm
8937,2026-07-26,19:00:00,16.0,16.0,16.0,22.0,50.0,89.0,0.0,0.0,578.1,0.0,0.0,,,C,mm,km/h,mm
8938,2026-07-26,19:15:00,16.0,16.0,15.0,22.0,50.0,90.0,0.0,0.0,578.2,0.0,0.0,,,C,mm,km/h,mm
8939,2026-07-26,19:30:00,16.0,16.0,16.0,22.0,50.0,90.0,0.0,0.0,578.4,0.0,0.0,,,C,mm,km/h,mm
8940,2026-07-26,19:45:00,16.0,16.0,16.0,22.0,51.0,90.0,0.0,0.0,578.4,0.0,0.0,,,C,mm,km/h,mm
8941,2026-07-26,20:00:00,16.0,16.0,16.0,22.0,51.0,89.0,0.0,0.0,578.4,0.0,0.0,,,C,mm,km/h,mm
8942,2026-07-26,20:15:00,16.0,16.0,16.0,22.0,52.0,87.0,0.0,0.0,578.6,0.0,0.0,,,C,mm,km/h,mm
8943,2026-07-26,20:30:00,16.0,16.0,16.0,22.0,52.0,86.0,0.0,0.0,578.7,0.0,0.0,,,C,mm,km/h,mm
8944,2026-07-26,20:45:00,16.0,16.0,16.0,22.0,52.0,84.0,0.0,0.0,578.9,0.0,1.6,NNE,NNE,C,mm,km/h,mm
8945,2026-07-26,21:00:00,16.0,16.0,16.0,22.0,52.0,83.0,0.0,0.0,579.0,0.0,0.0,,,C,mm,km/h,mm
8946,2026-07-26,21:15:00,16.0,16.0,16.0,22.0,52.0,84.0,0.0,0.0,579.0,0.0,0.0,,,C,mm,km/h,mm
8947,2026-07-26,21:30:00,16.0,16.0,16.0,22.0,52.0,86.0,0.0,0.0,579.1,0.0,0.0,,,C,mm,km/h,mm
8948,2026-07-26,21:45:00,16.0,16.0,16.0,22.0,52.0,87.0,0.0,0.0,579.3,0.0,0.0,,,C,mm,km/h,mm
8949,2026-07-26,22:00:00,16.0,16.0,16.0,22.0,52.0,86.0,0.0,0.0,579.3,0.0,0.0,,,C,mm,km/h,mm
8950,2026-07-26,22:15:00,16.0,16.0,16.0,22.0,53.0,84.0,0.0,0.0,579.4,0.0,0.0,,,C,mm,km/h,mm
8951,2026-07-26,22:30:00,16.0,16.0,16.0,22.0,53.0,83.0,0.0,0.0,579.5,0.0,0.0,,,C,mm,km/h,mm
8952,2026-07-26,22:45:00,16.0,16.0,16.0,22.0,53.0,82.0,0.0,0.0,579.4,0.0,0.0,,,C,mm,km/h,mm
8953,2026-07-26,23:00:00,16.0,16.0,16.0,22.0,53.0,82.0,0.0,0.0,579.6,0.0,0.0,,,C,mm,km/h,mm
8954,2026-07-26,23:15:00,17.0,17.0,16.0,22.0,53.0,80.0,0.0,0.0,579.5,0.0,1.6,N,N,C,mm,km/h,mm
8955,2026-07-26,23:30:00,16.0,17.0,16.0,22.0,53.0,80.0,0.0,0.0,579.5,0.0,3.2,SW,WSW,C,mm,km/h,mm
8956,2026-07-26,23:45:00,16.0,16.0,16.0,22.0,53.0,79.0,0.0,0.0,579.4,0.0,4.8,W,SW,C,mm,km/h,mm
8957,2026-07-27,00:15:00,16.0,16.0,16.0,22.0,52.0,79.0,0.0,0.0,579.3,0.0,4.8,SSW,SW,C,mm,km/h,mm
8958,2026-07-27,00:30:00,16.0,16.0,16.0,22.0,52.0,79.0,0.0,0.0,579.1,0.0,3.2,SW,SW,C,mm,km/h,mm
8959,2026-07-27,00:45:00,16.0,16.0,16.0,22.0,52.0,80.0,0.0,0.0,579.1,0.0,1.6,NE,SSE,C,mm,km/h,mm
8960,2026-07-27,01:00:00,16.0,16.0,16.0,22.0,52.0,80.0,0.0,0.0,579.0,0.0,3.2,SSW,SSW,C,mm,km/h,mm
8961,2026-07-27,01:15:00,15.0,16.0,15.0,22.0,52.0,81.0,0.0,0.0,578.9,0.0,3.2,NE,NE,C,mm,km/h,mm
8962,2026-07-27,01:30:00,15.0,15.0,15.0,22.0,52.0,82.0,0.0,0.0,578.8,0.0,1.6,SW,SW,C,mm,km/h,mm
8963,2026-07-27,01:45:00,15.0,15.0,15.0,22.0,52.0,82.0,0.0,0.0,578.7,0.0,1.6,WSW,WNW,C,mm,km/h,mm
8964,2026-07-27,02:00:00,15.0,15.0,15.0,22.0,52.0,82.0,0.0,0.0,578.6,0.0,1.6,SW,SW,C,mm,km/h,mm
8965,2026-07-27,02:15:00,15.0,15.0,15.0,22.0,52.0,83.0,0.0,0.0,578.5,0.0,1.6,SSW,S,C,mm,km/h,mm
8966,2026-07-27,02:30:00,15.0,15.0,15.0,22.0,52.0,83.0,0.0,0.0,578.3,0.0,1.6,N,N,C,mm,km/h,mm
8967,2026-07-27,02:45:00,14.0,15.0,14.0,22.0,52.0,84.0,0.0,0.0,578.3,0.0,0.0,,,C,mm,km/h,mm
8968,2026-07-27,03:00:00,14.0,14.0,14.0,22.0,52.0,84.0,0.0,0.0,578.2,0.0,0.0,,,C,mm,km/h,mm
8969,2026-07-27,03:15:00,14.0,14.0,14.0,22.0,52.0,85.0,0.0,0.0,578.1,0.0,0.0,,,C,mm,km/h,mm
8970,2026-07-27,03:30:00,14.0,14.0,13.0,22.0,52.0,87.0,0.0,0.0,578.1,0.0,0.0,,,C,mm,km/h,mm
8971,2026-07-27,03:45:00,14.0,14.0,14.0,21.0,52.0,87.0,0.0,0.0,578.0,0.0,0.0,,,C,mm,km/h,mm
8972,2026-07-27,04:00:00,14.0,14.0,14.0,21.0,52.0,86.0,0.0,0.0,577.9,0.0,0.0,,,C,mm,km/h,mm
8973,2026-07-27,04:15:00,14.0,14.0,14.0,21.0,52.0,87.0,0.0,0.0,577.9,0.0,0.0,,,C,mm,km/h,mm
8974,2026-07-27,04:30:00,14.0,14.0,14.0,21.0,52.0,88.0,0.0,0.0,578.0,0.0,0.0,,,C,mm,km/h,mm
8975,2026-07-27,04:45:00,13.0,14.0,13.0,21.0,52.0,89.0,0.0,0.0,577.8,0.0,0.0,,,C,mm,km/h,mm
8976,2026-07-27,05:00:00,13.0,13.0,13.0,21.0,52.0,90.0,0.0,0.0,577.8,0.0,0.0,,,C,mm,km/h,mm
8977,2026-07-27,05:15:00,13.0,13.0,13.0,21.0,52.0,91.0,0.0,0.0,577.8,0.0,0.0,,,C,mm,km/h,mm
8978,2026-07-27,05:30:00,12.0,13.0,12.0,21.0,52.0,90.0,0.0,0.0,578.0,0.0,0.0,,,C,mm,km/h,mm
8979,2026-07-27,05:45:00,12.0,12.0,12.0,21.0,52.0,91.0,0.0,0.0,578.0,0.0,0.0,,,C,mm,km/h,mm
8980,2026-07-27,06:00:00,12.0,12.0,12.0,21.0,52.0,92.0,0.0,0.0,577.9,0.0,0.0,,,C,mm,km/h,mm
8981,2026-07-27,06:15:00,12.0,12.0,12.0,21.0,52.0,92.0,0.0,0.0,578.0,0.0,0.0,,,C,mm,km/h,mm
8982,2026-07-27,06:30:00,12.0,12.0,12.0,21.0,53.0,92.0,0.0,0.0,578.0,0.0,0.0,,,C,mm,km/h,mm
8983,2026-07-27,06:45:00,12.0,12.0,12.0,21.0,53.0,92.0,0.0,0.0,578.2,0.0,0.0,,,C,mm,km/h,mm
8984,2026-07-27,07:00:00,13.0,13.0,12.0,21.0,53.0,93.0,0.0,0.0,578.2,0.0,0.0,,,C,mm,km/h,mm
8985,2026-07-27,07:15:00,13.0,13.0,13.0,21.0,53.0,93.0,0.0,0.0,578.2,0.0,0.0,,,C,mm,km/h,mm
8986,2026-07-27,07:30:00,14.0,14.0,13.0,21.0,53.0,91.0,0.0,0.0,578.2,0.0,0.0,,,C,mm,km/h,mm
8987,2026-07-27,07:45:00,15.0,15.0,14.0,21.0,53.0,87.0,0.0,0.0,578.3,0.0,0.0,,,C,mm,km/h,mm
8988,2026-07-27,08:00:00,16.0,16.0,15.0,21.0,53.0,81.0,0.0,0.0,578.4,0.0,0.0,,,C,mm,km/h,mm
8989,2026-07-27,08:15:00,17.0,17.0,16.0,21.0,53.0,79.0,0.0,0.0,578.4,0.0,0.0,,,C,mm,km/h,mm
8990,2026-07-27,08:30:00,17.0,17.0,17.0,21.0,53.0,76.0,0.0,0.0,578.4,0.0,1.6,NE,NE,C,mm,km/h,mm
8991,2026-07-27,08:45:00,18.0,18.0,17.0,21.0,53.0,74.0,0.0,0.0,578.3,0.0,0.0,,,C,mm,km/h,mm
8992,2026-07-27,09:00:00,19.0,19.0,18.0,21.0,53.0,70.0,0.0,0.0,578.3,0.0,3.2,WSW,WSW,C,mm,km/h,mm
8993,2026-07-27,09:15:00,19.0,19.0,19.0,21.0,53.0,68.0,0.0,0.0,578.3,0.0,0.0,,,C,mm,km/h,mm
8994,2026-07-27,09:30:00,19.0,19.0,19.0,21.0,53.0,68.0,0.0,0.0,578.4,0.0,3.2,E,E,C,mm,km/h,mm
8995,2026-07-27,09:45:00,21.0,21.0,19.0,21.0,53.0,66.0,0.0,0.0,578.4,0.0,3.2,N,NNW,C,mm,km/h,mm
8996,2026-07-27,10:00:00,21.0,21.0,21.0,21.0,53.0,68.0,0.0,0.0,578.6,0.0,4.8,ENE,E,C,mm,km/h,mm
8997,2026-07-27,10:15:00,21.0,21.0,21.0,21.0,53.0,62.0,0.0,0.0,578.6,0.0,3.2,SE,N,C,mm,km/h,mm
8998,2026-07-27,10:30:00,21.0,21.0,21.0,21.0,53.0,62.0,0.0,0.0,578.7,0.0,3.2,NNW,NW,C,mm,km/h,mm
8999,2026-07-27,10:45:00,22.0,22.0,21.0,21.0,53.0,60.0,0.0,0.0,578.6,0.0,6.4,NW,NW,C,mm,km/h,mm
9000,2026-07-27,11:00:00,22.0,22.0,22.0,21.0,53.0,59.0,0.0,0.0,578.6,0.0,3.2,WSW,W,C,mm,km/h,mm
9001,2026-07-27,11:15:00,23.0,23.0,22.0,21.0,53.0,57.0,0.0,0.0,578.6,1.6,8.0,NNW,W,C,mm,km/h,mm
9002,2026-07-27,11:30:00,23.0,23.0,23.0,21.0,53.0,54.0,0.0,0.0,578.5,1.6,6.4,WSW,NE,C,mm,km/h,mm
9003,2026-07-27,11:45:00,23.0,23.0,23.0,21.0,53.0,54.0,0.0,0.0,578.5,1.6,6.4,WNW,SW,C,mm,km/h,mm
9004,2026-07-27,12:00:00,23.0,23.0,23.0,21.0,53.0,53.0,0.0,0.0,578.3,1.6,12.9,WNW,NNW,C,mm,km/h,mm
9005,2026-07-27,12:15:00,22.0,23.0,22.0,21.0,53.0,55.0,0.0,0.0,578.3,3.2,16.1,WSW,W,C,mm,km/h,mm
9006,2026-07-27,12:30:00,23.0,23.0,22.0,21.0,53.0,53.0,0.0,0.0,578.1,1.6,8.0,SW,WNW,C,mm,km/h,mm
9007,2026-07-27,12:45:00,23.0,23.0,23.0,21.0,53.0,51.0,0.0,0.0,578.0,1.6,6.4,WSW,NNW,C,mm,km/h,mm
9008,2026-07-27,13:00:00,24.0,24.0,23.0,21.0,52.0,51.0,0.0,0.0,577.9,1.6,8.0,NNW,NW,C,mm,km/h,mm
9009,2026-07-27,13:15:00,24.0,24.0,24.0,21.0,52.0,53.0,0.0,0.0,577.6,0.0,4.8,NW,NNW,C,mm,km/h,mm
9010,2026-07-27,13:30:00,24.0,24.0,23.0,21.0,52.0,53.0,0.0,0.0,577.5,0.0,3.2,NNW,NNW,C,mm,km/h,mm
9011,2026-07-27,13:45:00,24.0,24.0,23.0,21.0,52.0,53.0,0.0,0.0,577.3,0.0,4.8,NW,NNW,C,mm,km/h,mm
9012,2026-07-27,14:00:00,24.0,24.0,24.0,21.0,52.0,49.0,0.0,0.0,577.1,0.0,6.4,NW,NNW,C,mm,km/h,mm
9013,2026-07-27,14:15:00,24.0,24.0,23.0,21.0,52.0,48.0,0.0,0.0,576.9,0.0,4.8,E,E,C,mm,km/h,mm
9014,2026-07-27,14:30:00,23.0,24.0,23.0,22.0,51.0,50.0,0.0,0.0,576.8,0.0,4.8,NNW,NNW,C,mm,km/h,mm
9015,2026-07-27,14:45:00,23.0,23.0,23.0,22.0,51.0,51.0,0.0,0.0,576.7,0.0,3.2,N,N,C,mm,km/h,mm
9016,2026-07-27,15:00:00,23.0,23.0,23.0,22.0,51.0,51.0,0.0,0.0,576.7,0.0,1.6,N,NE,C,mm,km/h,mm
9017,2026-07-27,15:15:00,23.0,23.0,23.0,22.0,51.0,51.0,0.0,0.0,576.5,0.0,3.2,E,E,C,mm,km/h,mm
9018,2026-07-27,15:30:00,23.0,23.0,23.0,22.0,51.0,51.0,0.0,0.0,576.6,0.0,6.4,NW,WSW,C,mm,km/h,mm
9019,2026-07-27,15:45:00,22.0,23.0,22.0,22.0,50.0,55.0,0.0,0.0,576.2,3.2,14.5,NW,NNW,C,mm,km/h,mm
9020,2026-07-27,16:00:00,21.0,22.0,21.0,22.0,50.0,55.0,0.0,0.0,576.4,4.8,17.7,WNW,NW,C,mm,km/h,mm
9021,2026-07-27,16:15:00,20.0,21.0,20.0,22.0,50.0,58.0,0.0,0.0,576.2,3.2,19.3,NNW,NNW,C,mm,km/h,mm
9022,2026-07-27,16:30:00,21.0,21.0,20.0,22.0,50.0,56.0,0.0,0.0,576.0,0.0,6.4,NNW,NNW,C,mm,km/h,mm
9023,2026-07-27,16:45:00,21.0,21.0,21.0,22.0,50.0,55.0,0.0,0.0,576.0,0.0,3.2,NNE,WNW,C,mm,km/h,mm
9024,2026-07-27,17:00:00,21.0,21.0,21.0,22.0,50.0,61.0,0.0,0.0,576.1,0.0,4.8,ENE,ENE,C,mm,km/h,mm
9025,2026-07-27,17:15:00,19.0,21.0,19.0,22.0,50.0,67.0,0.0,0.0,576.2,0.0,1.6,E,E,C,mm,km/h,mm
9026,2026-07-27,17:30:00,20.0,20.0,19.0,22.0,50.0,66.0,0.0,0.0,576.2,0.0,1.6,NNW,NNW,C,mm,km/h,mm
9027,2026-07-27,17:45:00,20.0,20.0,19.0,22.0,50.0,61.0,0.0,0.0,576.3,0.0,1.6,NNW,NNW,C,mm,km/h,mm
9028,2026-07-27,18:00:00,20.0,20.0,20.0,22.0,50.0,60.0,0.0,0.0,576.3,0.0,3.2,E,E,C,mm,km/h,mm
9029,2026-07-27,18:15:00,19.0,20.0,19.0,22.0,51.0,59.0,0.0,0.0,576.4,0.0,0.0,,,C,mm,km/h,mm
9030,2026-07-27,18:30:00,19.0,19.0,19.0,22.0,51.0,60.0,0.0,0.0,576.3,0.0,0.0,,,C,mm,km/h,mm
9031,2026-07-27,18:45:00,19.0,19.0,19.0,22.0,51.0,63.0,0.0,0.0,576.6,0.0,0.0,,,C,mm,km/h,mm
9032,2026-07-27,19:00:00,18.0,19.0,18.0,22.0,51.0,64.0,0.0,0.0,576.7,0.0,0.0,,,C,mm,km/h,mm
9033,2026-07-27,19:15:00,18.0,18.0,18.0,22.0,51.0,68.0,0.0,0.0,577.2,0.0,0.0,,,C,mm,km/h,mm
9034,2026-07-27,19:30:00,18.0,18.0,18.0,22.0,51.0,71.0,0.0,0.0,577.3,0.0,1.6,N,N,C,mm,km/h,mm
9035,2026-07-27,19:45:00,18.0,18.0,18.0,22.0,51.0,69.0,0.0,0.0,577.2,0.0,0.0,,,C,mm,km/h,mm
9036,2026-07-27,20:00:00,18.0,18.0,18.0,22.0,51.0,72.0,0.0,0.0,577.3,0.0,0.0,,,C,mm,km/h,mm
9037,2026-07-27,20:15:00,18.0,18.0,18.0,22.0,51.0,74.0,0.0,0.0,577.2,0.0,0.0,,,C,mm,km/h,mm
9038,2026-07-27,20:30:00,17.0,18.0,17.0,22.0,51.0,76.0,0.0,0.0,577.3,0.0,0.0,,,C,mm,km/h,mm
9039,2026-07-27,20:45:00,17.0,17.0,17.0,22.0,52.0,78.0,0.0,0.0,577.3,0.0,0.0,,,C,mm,km/h,mm
9040,2026-07-27,21:00:00,17.0,17.0,16.0,22.0,52.0,80.0,0.0,0.0,577.4,0.0,0.0,,,C,mm,km/h,mm
9041,2026-07-27,21:15:00,17.0,17.0,17.0,22.0,52.0,78.0,0.0,0.0,577.5,0.0,3.2,WSW,W,C,mm,km/h,mm
9042,2026-07-27,21:30:00,18.0,18.0,17.0,22.0,52.0,76.0,0.0,0.0,577.6,0.0,6.4,WSW,W,C,mm,km/h,mm
9043,2026-07-27,21:45:00,18.0,18.0,18.0,22.0,52.0,75.0,0.0,0.0,578.1,0.0,6.4,W,W,C,mm,km/h,mm
9044,2026-07-27,22:00:00,18.0,18.0,18.0,22.0,52.0,74.0,0.0,0.0,578.3,0.0,0.0,,,C,mm,km/h,mm
9045,2026-07-27,22:15:00,18.0,18.0,18.0,22.0,52.0,73.0,0.0,0.0,578.2,0.0,0.0,,,C,mm,km/h,mm
9046,2026-07-27,22:30:00,18.0,18.0,18.0,22.0,53.0,74.0,0.0,0.0,578.2,0.0,0.0,,,C,mm,km/h,mm
9047,2026-07-27,22:45:00,18.0,18.0,18.0,22.0,53.0,74.0,0.0,0.0,578.3,0.0,0.0,,,C,mm,km/h,mm
9048,2026-07-27,23:00:00,18.0,18.0,18.0,22.0,53.0,76.0,0.0,0.0,578.1,0.0,0.0,,,C,mm,km/h,mm
9049,2026-07-27,23:15:00,17.0,18.0,17.0,22.0,53.0,76.0,0.0,0.0,578.2,0.0,0.0,,,C,mm,km/h,mm
9050,2026-07-27,23:30:00,17.0,17.0,17.0,22.0,53.0,76.0,0.0,0.0,578.3,0.0,0.0,,,C,mm,km/h,mm
9051,2026-07-27,23:45:00,17.0,17.0,17.0,22.0,53.0,77.0,0.0,0.0,578.2,0.0,0.0,,,C,mm,km/h,mm
9052,2026-07-28,00:15:00,17.0,17.0,17.0,22.0,53.0,78.0,0.0,0.0,578.0,0.0,0.0,,,C,mm,km/h,mm
9053,2026-07-28,00:30:00,17.0,17.0,17.0,22.0,53.0,78.0,0.0,0.0,577.8,0.0,1.6,WNW,WNW,C,mm,km/h,mm
9054,2026-07-28,00:45:00,16.0,17.0,16.0,22.0,53.0,79.0,0.0,0.0,577.7,0.0,3.2,SSW,SSW,C,mm,km/h,mm
9055,2026-07-28,01:00:00,16.0,16.0,16.0,22.0,53.0,80.0,0.0,0.0,577.6,0.0,1.6,W,W,C,mm,km/h,mm
9056,2026-07-28,01:15:00,16.0,16.0,16.0,22.0,53.0,82.0,0.0,0.0,577.4,0.0,0.0,,,C,mm,km/h,mm
9057,2026-07-28,01:30:00,16.0,16.0,16.0,22.0,53.0,84.0,0.0,0.0,577.3,0.0,0.0,,,C,mm,km/h,mm
9058,2026-07-28,01:45:00,15.0,16.0,15.0,22.0,53.0,84.0,0.0,0.0,577.1,0.0,0.0,,,C,mm,km/h,mm
9059,2026-07-28,02:00:00,15.0,15.0,15.0,22.0,53.0,84.0,0.0,0.0,577.0,0.0,0.0,,,C,mm,km/h,mm
9060,2026-07-28,02:15:00,15.0,15.0,15.0,22.0,53.0,85.0,0.0,0.0,576.6,0.0,0.0,,,C,mm,km/h,mm
9061,2026-07-28,02:30:00,14.0,15.0,14.0,22.0,53.0,87.0,0.0,0.0,576.6,0.0,0.0,,,C,mm,km/h,mm
9062,2026-07-28,02:45:00,14.0,14.0,14.0,22.0,53.0,88.0,0.0,0.0,576.6,0.0,0.0,,,C,mm,km/h,mm
9063,2026-07-28,03:00:00,13.0,14.0,13.0,22.0,53.0,89.0,0.0,0.0,576.6,0.0,0.0,,,C,mm,km/h,mm
9064,2026-07-28,03:15:00,13.0,13.0,13.0,21.0,53.0,90.0,0.0,0.0,576.6,0.0,0.0,,,C,mm,km/h,mm
9065,2026-07-28,03:30:00,13.0,13.0,13.0,21.0,54.0,91.0,0.0,0.0,576.7,0.0,0.0,,,C,mm,km/h,mm
9066,2026-07-28,03:45:00,13.0,13.0,13.0,21.0,54.0,90.0,0.0,0.0,576.9,0.0,0.0,,,C,mm,km/h,mm
9067,2026-07-28,04:00:00,13.0,13.0,13.0,21.0,54.0,92.0,0.0,0.0,576.8,0.0,0.0,,,C,mm,km/h,mm
9068,2026-07-28,04:15:00,13.0,13.0,13.0,21.0,54.0,91.0,0.0,0.0,576.6,0.0,0.0,,,C,mm,km/h,mm
9069,2026-07-28,04:30:00,13.0,13.0,13.0,21.0,54.0,92.0,0.0,0.0,576.6,0.0,0.0,,,C,mm,km/h,mm
9070,2026-07-28,04:45:00,13.0,13.0,13.0,21.0,54.0,91.0,0.0,0.0,576.4,0.0,0.0,,,C,mm,km/h,mm
9071,2026-07-28,05:00:00,13.0,13.0,13.0,21.0,54.0,91.0,0.0,0.0,576.4,0.0,0.0,,,C,mm,km/h,mm
9072,2026-07-28,05:15:00,13.0,13.0,13.0,21.0,54.0,92.0,0.0,0.0,576.3,0.0,0.0,,,C,mm,km/h,mm
9073,2026-07-28,05:30:00,13.0,13.0,13.0,21.0,54.0,92.0,0.0,0.0,576.2,0.0,0.0,,,C,mm,km/h,mm
9074,2026-07-28,05:45:00,13.0,13.0,13.0,21.0,54.0,92.0,0.0,0.0,576.5,0.0,0.0,,,C,mm,km/h,mm
9075,2026-07-28,06:00:00,14.0,14.0,13.0,21.0,54.0,92.0,0.0,0.0,576.5,0.0,0.0,,,C,mm,km/h,mm
9076,2026-07-28,06:15:00,14.0,14.0,14.0,21.0,54.0,91.0,0.0,0.0,576.6,0.0,0.0,,,C,mm,km/h,mm
9077,2026-07-28,06:30:00,14.0,14.0,14.0,21.0,54.0,90.0,0.0,0.0,576.7,0.0,0.0,,,C,mm,km/h,mm
9078,2026-07-28,06:45:00,14.0,14.0,14.0,21.0,54.0,89.0,0.0,0.0,577.0,0.0,0.0,,,C,mm,km/h,mm
9079,2026-07-28,07:00:00,14.0,14.0,14.0,21.0,54.0,89.0,0.0,0.0,577.1,0.0,0.0,,,C,mm,km/h,mm
9080,2026-07-28,07:15:00,14.0,14.0,14.0,21.0,54.0,90.0,0.0,0.0,577.1,0.0,0.0,,,C,mm,km/h,mm
9081,2026-07-28,07:30:00,15.0,15.0,14.0,21.0,54.0,88.0,0.0,0.0,577.4,0.0,0.0,,,C,mm,km/h,mm
9082,2026-07-28,07:45:00,15.0,15.0,15.0,21.0,54.0,86.0,0.0,0.0,577.6,0.0,1.6,N,N,C,mm,km/h,mm
9083,2026-07-28,08:00:00,16.0,16.0,15.0,21.0,54.0,84.0,0.0,0.0,577.8,0.0,0.0,,,C,mm,km/h,mm
9084,2026-07-28,08:15:00,16.0,16.0,16.0,21.0,54.0,82.0,0.0,0.0,577.9,0.0,0.0,,,C,mm,km/h,mm
9085,2026-07-28,08:30:00,16.0,16.0,16.0,21.0,54.0,82.0,0.0,0.0,577.8,0.0,0.0,,,C,mm,km/h,mm
9086,2026-07-28,08:45:00,16.0,16.0,16.0,21.0,55.0,81.0,0.0,0.0,578.0,0.0,0.0,,,C,mm,km/h,mm
9087,2026-07-28,09:00:00,17.0,17.0,16.0,21.0,55.0,79.0,0.0,0.0,578.0,0.0,0.0,,,C,mm,km/h,mm
9088,2026-07-28,09:15:00,17.0,17.0,17.0,21.0,55.0,78.0,0.0,0.0,578.0,0.0,0.0,,,C,mm,km/h,mm
9089,2026-07-28,09:30:00,18.0,18.0,17.0,21.0,55.0,76.0,0.0,0.0,578.0,0.0,1.6,NNW,NNW,C,mm,km/h,mm
9090,2026-07-28,09:45:00,19.0,19.0,18.0,21.0,55.0,73.0,0.0,0.0,578.1,0.0,8.0,WNW,NW,C,mm,km/h,mm
9091,2026-07-28,10:00:00,19.0,19.0,19.0,21.0,55.0,71.0,0.0,0.0,578.0,0.0,8.0,W,NW,C,mm,km/h,mm
9092,2026-07-28,10:15:00,21.0,21.0,19.0,21.0,55.0,67.0,0.0,0.0,577.9,0.0,6.4,NW,NW,C,mm,km/h,mm
9093,2026-07-28,10:30:00,21.0,21.0,21.0,21.0,55.0,64.0,0.0,0.0,577.7,1.6,6.4,NW,ENE,C,mm,km/h,mm
9094,2026-07-28,10:45:00,21.0,21.0,20.0,21.0,55.0,66.0,0.0,0.0,577.5,0.0,4.8,E,E,C,mm,km/h,mm
9095,2026-07-28,11:00:00,21.0,21.0,21.0,21.0,55.0,61.0,0.0,0.0,577.4,1.6,8.0,ENE,E,C,mm,km/h,mm
9096,2026-07-28,11:15:00,22.0,22.0,21.0,21.0,54.0,58.0,0.0,0.0,577.5,0.0,6.4,E,ENE,C,mm,km/h,mm
9097,2026-07-28,11:30:00,23.0,23.0,22.0,21.0,54.0,58.0,0.0,0.0,577.3,0.0,6.4,ESE,E,C,mm,km/h,mm
9098,2026-07-28,11:45:00,23.0,24.0,23.0,21.0,54.0,54.0,0.0,0.0,577.3,0.0,6.4,S,ENE,C,mm,km/h,mm
9099,2026-07-28,12:00:00,24.0,24.0,23.0,21.0,54.0,53.0,0.0,0.0,577.2,0.0,3.2,ESE,E,C,mm,km/h,mm
9100,2026-07-28,12:15:00,24.0,24.0,23.0,21.0,54.0,53.0,0.0,0.0,577.1,0.0,4.8,NNW,NNW,C,mm,km/h,mm
9101,2026-07-28,12:30:00,24.0,24.0,23.0,21.0,54.0,54.0,0.0,0.0,577.0,1.6,8.0,E,E,C,mm,km/h,mm
9102,2026-07-28,12:45:00,24.0,24.0,23.0,21.0,54.0,51.0,0.0,0.0,576.8,0.0,8.0,NW,WNW,C,mm,km/h,mm
9103,2026-07-28,13:00:00,24.0,24.0,24.0,21.0,54.0,56.0,0.0,0.0,576.6,0.0,4.8,SW,W,C,mm,km/h,mm
9104,2026-07-28,13:15:00,24.0,24.0,23.0,21.0,54.0,52.0,0.0,0.0,576.3,1.6,8.0,E,ENE,C,mm,km/h,mm
9105,2026-07-28,13:30:00,25.0,25.0,24.0,21.0,54.0,51.0,0.0,0.0,576.1,0.0,4.8,NE,NE,C,mm,km/h,mm
9106,2026-07-28,13:45:00,25.0,25.0,25.0,21.0,54.0,49.0,0.0,0.0,575.8,0.0,4.8,WSW,NNW,C,mm,km/h,mm
9107,2026-07-28,14:00:00,26.0,26.0,25.0,21.0,53.0,48.0,0.0,0.0,575.7,1.6,6.4,WNW,NNW,C,mm,km/h,mm
9108,2026-07-28,14:15:00,25.0,26.0,25.0,21.0,53.0,48.0,0.0,0.0,575.4,1.6,8.0,E,E,C,mm,km/h,mm
9109,2026-07-28,14:30:00,26.0,26.0,25.0,21.0,53.0,45.0,0.0,0.0,575.0,1.6,16.1,WNW,W,C,mm,km/h,mm
9110,2026-07-28,14:45:00,26.0,26.0,26.0,22.0,53.0,46.0,0.0,0.0,574.7,0.0,4.8,SW,ENE,C,mm,km/h,mm
9111,2026-07-28,15:00:00,26.0,27.0,26.0,22.0,53.0,46.0,0.0,0.0,574.7,1.6,11.3,WNW,NW,C,mm,km/h,mm
9112,2026-07-28,15:15:00,26.0,26.0,26.0,22.0,53.0,43.0,0.0,0.0,574.5,0.0,4.8,NNW,NNW,C,mm,km/h,mm
9113,2026-07-28,15:30:00,26.0,26.0,26.0,22.0,53.0,43.0,0.0,0.0,574.2,0.0,4.8,NW,NW,C,mm,km/h,mm
9114,2026-07-28,15:45:00,25.0,26.0,25.0,22.0,52.0,47.0,0.0,0.0,574.1,0.0,9.7,E,E,C,mm,km/h,mm
9115,2026-07-28,16:00:00,25.0,26.0,25.0,22.0,52.0,45.0,0.0,0.0,574.0,0.0,3.2,ENE,E,C,mm,km/h,mm
9116,2026-07-28,16:15:00,24.0,25.0,24.0,22.0,52.0,50.0,0.0,0.0,574.0,3.2,20.9,N,NW,C,mm,km/h,mm
9117,2026-07-28,16:30:00,22.0,24.0,22.0,22.0,52.0,56.0,0.0,0.0,574.1,4.8,19.3,NW,NW,C,mm,km/h,mm
9118,2026-07-28,16:45:00,22.0,22.0,22.0,22.0,52.0,55.0,0.0,0.0,574.0,3.2,12.9,NW,NNW,C,mm,km/h,mm
9119,2026-07-28,17:00:00,22.0,22.0,22.0,22.0,51.0,54.0,0.0,0.0,574.1,1.6,12.9,WNW,NNW,C,mm,km/h,mm
9120,2026-07-28,17:15:00,23.0,23.0,22.0,22.0,51.0,53.0,0.0,0.0,574.1,3.2,16.1,NNW,NNW,C,mm,km/h,mm
9121,2026-07-28,17:30:00,22.0,23.0,22.0,22.0,51.0,54.0,0.0,0.0,574.0,1.6,11.3,NNW,NNW,C,mm,km/h,mm
9122,2026-07-28,17:45:00,21.0,22.0,21.0,22.0,51.0,57.0,0.0,0.0,574.0,3.2,14.5,NNW,N,C,mm,km/h,mm
9123,2026-07-28,18:00:00,21.0,21.0,21.0,22.0,51.0,59.0,0.0,0.0,573.9,1.6,14.5,NNW,NNW,C,mm,km/h,mm
9124,2026-07-28,18:15:00,20.0,21.0,20.0,22.0,51.0,63.0,0.0,0.0,573.9,0.0,14.5,NW,NNE,C,mm,km/h,mm
9125,2026-07-28,18:30:00,20.0,20.0,20.0,22.0,51.0,62.0,0.0,0.0,574.3,1.6,6.4,SSE,WSW,C,mm,km/h,mm
9126,2026-07-28,18:45:00,20.0,20.0,20.0,22.0,51.0,63.0,0.0,0.0,574.7,1.6,9.7,NW,WSW,C,mm,km/h,mm
9127,2026-07-28,19:00:00,20.0,20.0,20.0,22.0,52.0,62.0,0.0,0.0,574.6,0.0,8.0,NW,NNW,C,mm,km/h,mm
9128,2026-07-28,19:15:00,20.0,20.0,20.0,22.0,52.0,63.0,0.0,0.0,574.6,0.0,6.4,W,WSW,C,mm,km/h,mm
9129,2026-07-28,19:30:00,20.0,20.0,20.0,22.0,52.0,65.0,0.0,0.0,575.0,0.0,3.2,SW,WNW,C,mm,km/h,mm
9130,2026-07-28,19:45:00,19.0,20.0,19.0,22.0,52.0,71.0,0.2,4.6,575.1,0.0,3.2,WNW,WNW,C,mm,km/h,mm
9131,2026-07-28,20:00:00,17.0,19.0,17.0,22.0,52.0,84.0,1.6,12.2,575.2,0.0,0.0,,,C,mm,km/h,mm
9132,2026-07-28,20:15:00,17.0,17.0,17.0,22.0,52.0,86.0,0.4,2.4,575.2,0.0,1.6,W,W,C,mm,km/h,mm
9133,2026-07-28,20:30:00,17.0,17.0,17.0,22.0,53.0,86.0,0.2,1.8,575.5,0.0,6.4,WSW,WSW,C,mm,km/h,mm
9134,2026-07-28,20:45:00,17.0,17.0,17.0,22.0,53.0,87.0,0.0,0.0,575.8,0.0,4.8,WSW,WSW,C,mm,km/h,mm
9135,2026-07-28,21:00:00,17.0,17.0,17.0,22.0,54.0,87.0,0.0,0.0,576.2,0.0,1.6,W,W,C,mm,km/h,mm
9136,2026-07-28,21:15:00,17.0,17.0,17.0,22.0,54.0,88.0,1.6,11.6,576.6,0.0,3.2,ESE,ESE,C,mm,km/h,mm
9137,2026-07-28,21:30:00,17.0,17.0,16.0,22.0,54.0,90.0,0.4,5.6,576.7,0.0,0.0,,,C,mm,km/h,mm
9138,2026-07-28,21:45:00,16.0,17.0,16.0,22.0,55.0,91.0,0.0,0.0,576.7,0.0,0.0,,,C,mm,km/h,mm
9139,2026-07-28,22:00:00,16.0,16.0,16.0,22.0,55.0,91.0,0.0,0.0,576.9,0.0,1.6,E,E,C,mm,km/h,mm
9140,2026-07-28,22:15:00,16.0,16.0,16.0,22.0,55.0,89.0,0.0,0.0,577.0,0.0,4.8,SE,E,C,mm,km/h,mm
9141,2026-07-28,22:30:00,16.0,16.0,16.0,22.0,56.0,90.0,0.0,0.0,577.1,1.6,4.8,E,E,C,mm,km/h,mm
9142,2026-07-28,22:45:00,15.0,16.0,15.0,22.0,56.0,87.0,1.6,43.4,577.6,4.8,20.9,ESE,E,C,mm,km/h,mm
9143,2026-07-28,23:00:00,14.0,15.0,14.0,22.0,56.0,91.0,0.2,7.0,577.1,1.6,8.0,E,E,C,mm,km/h,mm
9144,2026-07-28,23:15:00,14.0,14.0,14.0,22.0,56.0,91.0,0.0,0.0,577.2,0.0,1.6,NE,NE,C,mm,km/h,mm
9145,2026-07-28,23:30:00,14.0,14.0,14.0,22.0,56.0,92.0,0.0,0.0,577.3,0.0,0.0,,,C,mm,km/h,mm
9146,2026-07-28,23:45:00,14.0,14.0,14.0,22.0,56.0,92.0,0.0,0.0,577.6,0.0,0.0,,,C,mm,km/h,mm
9147,2026-07-29,00:15:00,14.0,14.0,14.0,22.0,56.0,93.0,0.0,0.0,577.3,0.0,0.0,,,C,mm,km/h,mm
9148,2026-07-29,00:30:00,14.0,14.0,14.0,22.0,56.0,93.0,0.0,0.0,577.2,0.0,0.0,,,C,mm,km/h,mm
9149,2026-07-29,00:45:00,14.0,14.0,14.0,22.0,56.0,93.0,0.0,0.0,576.9,0.0,0.0,,,C,mm,km/h,mm
9150,2026-07-29,01:00:00,14.0,14.0,14.0,22.0,56.0,93.0,0.0,0.0,576.8,0.0,0.0,,,C,mm,km/h,mm
9151,2026-07-29,01:15:00,14.0,14.0,14.0,22.0,56.0,93.0,0.0,0.0,576.5,0.0,0.0,,,C,mm,km/h,mm
9152,2026-07-29,01:30:00,14.0,14.0,14.0,22.0,56.0,94.0,0.0,0.0,576.4,0.0,0.0,,,C,mm,km/h,mm
9153,2026-07-29,01:45:00,14.0,14.0,14.0,22.0,56.0,93.0,0.0,0.0,576.3,0.0,0.0,,,C,mm,km/h,mm
9154,2026-07-29,02:00:00,14.0,14.0,14.0,22.0,56.0,94.0,0.0,0.0,576.2,0.0,0.0,,,C,mm,km/h,mm
9155,2026-07-29,02:15:00,13.0,14.0,13.0,22.0,56.0,94.0,0.0,0.0,576.0,0.0,0.0,,,C,mm,km/h,mm
9156,2026-07-29,02:30:00,13.0,13.0,13.0,22.0,56.0,94.0,0.0,0.0,575.9,0.0,0.0,,,C,mm,km/h,mm
9157,2026-07-29,02:45:00,13.0,13.0,13.0,22.0,57.0,94.0,0.0,0.0,575.8,0.0,0.0,,,C,mm,km/h,mm
9158,2026-07-29,03:00:00,13.0,13.0,13.0,22.0,57.0,94.0,0.0,0.0,575.8,0.0,0.0,,,C,mm,km/h,mm
9159,2026-07-29,03:15:00,13.0,13.0,13.0,21.0,57.0,94.0,0.0,0.0,575.8,0.0,0.0,,,C,mm,km/h,mm
9160,2026-07-29,03:30:00,13.0,13.0,13.0,21.0,57.0,94.0,0.0,0.0,575.7,0.0,0.0,,,C,mm,km/h,mm
9161,2026-07-29,03:45:00,13.0,13.0,13.0,21.0,57.0,94.0,0.0,0.0,575.5,0.0,0.0,,,C,mm,km/h,mm
9162,2026-07-29,04:00:00,13.0,13.0,13.0,21.0,57.0,94.0,0.0,0.0,575.4,0.0,0.0,,,C,mm,km/h,mm
9163,2026-07-29,04:15:00,13.0,13.0,13.0,21.0,57.0,95.0,0.0,0.0,575.4,0.0,0.0,,,C,mm,km/h,mm
9164,2026-07-29,04:30:00,13.0,13.0,13.0,21.0,57.0,95.0,0.0,0.0,575.4,0.0,0.0,,,C,mm,km/h,mm
9165,2026-07-29,04:45:00,13.0,13.0,13.0,21.0,57.0,95.0,0.0,0.0,575.6,0.0,0.0,,,C,mm,km/h,mm
9166,2026-07-29,05:00:00,13.0,13.0,13.0,21.0,57.0,95.0,0.0,0.0,575.5,0.0,0.0,,,C,mm,km/h,mm
9167,2026-07-29,05:15:00,12.0,13.0,12.0,21.0,57.0,95.0,0.0,0.0,575.5,0.0,0.0,,,C,mm,km/h,mm
9168,2026-07-29,05:30:00,13.0,13.0,12.0,21.0,57.0,95.0,0.0,0.0,575.7,0.0,0.0,,,C,mm,km/h,mm
9169,2026-07-29,05:45:00,13.0,13.0,12.0,21.0,57.0,95.0,0.0,0.0,576.0,0.0,0.0,,,C,mm,km/h,mm
9170,2026-07-29,06:00:00,12.0,13.0,12.0,21.0,57.0,95.0,0.0,0.0,576.0,0.0,0.0,,,C,mm,km/h,mm
9171,2026-07-29,06:15:00,12.0,12.0,12.0,21.0,57.0,95.0,0.0,0.0,576.2,0.0,0.0,,,C,mm,km/h,mm
9172,2026-07-29,06:30:00,12.0,12.0,12.0,21.0,57.0,96.0,0.0,0.0,576.5,0.0,0.0,,,C,mm,km/h,mm
9173,2026-07-29,06:45:00,13.0,13.0,12.0,21.0,57.0,96.0,0.0,0.0,576.5,0.0,0.0,,,C,mm,km/h,mm
9174,2026-07-29,07:00:00,13.0,13.0,13.0,21.0,57.0,96.0,0.0,0.0,576.5,0.0,0.0,,,C,mm,km/h,mm
9175,2026-07-29,07:15:00,13.0,13.0,13.0,21.0,57.0,96.0,0.0,0.0,576.6,0.0,0.0,,,C,mm,km/h,mm
9176,2026-07-29,07:30:00,14.0,14.0,13.0,21.0,57.0,96.0,0.0,0.0,576.7,0.0,0.0,,,C,mm,km/h,mm
9177,2026-07-29,07:45:00,14.0,14.0,14.0,21.0,57.0,96.0,0.0,0.0,576.7,0.0,0.0,,,C,mm,km/h,mm
9178,2026-07-29,08:00:00,15.0,15.0,14.0,21.0,57.0,95.0,0.0,0.0,576.7,0.0,0.0,,,C,mm,km/h,mm
9179,2026-07-29,08:15:00,16.0,16.0,15.0,21.0,57.0,95.0,0.0,0.0,576.9,0.0,0.0,,,C,mm,km/h,mm
9180,2026-07-29,08:30:00,17.0,17.0,16.0,21.0,57.0,87.0,0.0,0.0,576.9,0.0,6.4,ESE,E,C,mm,km/h,mm
9181,2026-07-29,08:45:00,17.0,17.0,17.0,21.0,57.0,84.0,0.0,0.0,577.0,0.0,4.8,ENE,ENE,C,mm,km/h,mm
9182,2026-07-29,09:00:00,18.0,18.0,17.0,21.0,57.0,81.0,0.0,0.0,577.0,0.0,4.8,E,E,C,mm,km/h,mm
9183,2026-07-29,09:15:00,18.0,18.0,17.0,21.0,57.0,77.0,0.0,0.0,577.1,0.0,4.8,E,E,C,mm,km/h,mm
9184,2026-07-29,09:30:00,18.0,18.0,18.0,21.0,57.0,76.0,0.0,0.0,577.3,0.0,0.0,,,C,mm,km/h,mm
9185,2026-07-29,09:45:00,19.0,20.0,18.0,21.0,57.0,70.0,0.0,0.0,577.2,0.0,8.0,ESE,E,C,mm,km/h,mm
9186,2026-07-29,10:00:00,21.0,21.0,19.0,21.0,57.0,65.0,0.0,0.0,577.2,0.0,4.8,NNW,NNW,C,mm,km/h,mm
9187,2026-07-29,10:15:00,22.0,22.0,21.0,21.0,57.0,61.0,0.0,0.0,577.2,0.0,3.2,SE,ENE,C,mm,km/h,mm
9188,2026-07-29,10:30:00,22.0,22.0,22.0,21.0,57.0,58.0,0.0,0.0,577.2,1.6,8.0,E,E,C,mm,km/h,mm
9189,2026-07-29,10:45:00,23.0,23.0,22.0,21.0,57.0,61.0,0.0,0.0,577.2,1.6,8.0,E,E,C,mm,km/h,mm
9190,2026-07-29,11:00:00,23.0,23.0,22.0,21.0,56.0,56.0,0.0,0.0,577.3,1.6,8.0,WNW,ENE,C,mm,km/h,mm
9191,2026-07-29,11:15:00,23.0,23.0,23.0,21.0,56.0,59.0,0.0,0.0,577.2,1.6,8.0,E,E,C,mm,km/h,mm
9192,2026-07-29,11:30:00,23.0,24.0,23.0,21.0,56.0,55.0,0.0,0.0,577.2,0.0,4.8,E,NW,C,mm,km/h,mm
9193,2026-07-29,11:45:00,23.0,23.0,23.0,21.0,56.0,53.0,0.0,0.0,577.2,3.2,9.7,SSE,E,C,mm,km/h,mm
9194,2026-07-29,12:00:00,24.0,24.0,23.0,21.0,56.0,55.0,0.0,0.0,577.0,0.0,4.8,E,E,C,mm,km/h,mm
9195,2026-07-29,12:15:00,24.0,24.0,24.0,21.0,56.0,52.0,0.0,0.0,576.8,1.6,9.7,WNW,ENE,C,mm,km/h,mm
9196,2026-07-29,12:30:00,24.0,24.0,24.0,21.0,56.0,53.0,0.0,0.0,576.7,1.6,8.0,E,E,C,mm,km/h,mm
9197,2026-07-29,12:45:00,25.0,25.0,24.0,21.0,55.0,47.0,0.0,0.0,576.4,0.0,6.4,NW,E,C,mm,km/h,mm
9198,2026-07-29,13:00:00,25.0,25.0,24.0,21.0,55.0,48.0,0.0,0.0,576.2,1.6,8.0,E,E,C,mm,km/h,mm
9199,2026-07-29,13:15:00,25.0,25.0,25.0,21.0,55.0,49.0,0.0,0.0,575.9,0.0,6.4,E,E,C,mm,km/h,mm
9200,2026-07-29,13:30:00,26.0,26.0,25.0,21.0,55.0,49.0,0.0,0.0,575.9,1.6,8.0,ENE,E,C,mm,km/h,mm
9201,2026-07-29,13:45:00,25.0,26.0,25.0,21.0,54.0,46.0,0.0,0.0,575.8,0.0,4.8,W,NE,C,mm,km/h,mm
9202,2026-07-29,14:00:00,23.0,25.0,23.0,21.0,54.0,53.0,0.0,0.0,575.8,1.6,6.4,E,E,C,mm,km/h,mm
9203,2026-07-29,14:15:00,22.0,23.0,22.0,21.0,54.0,56.0,0.0,0.0,575.5,0.0,6.4,WNW,NNW,C,mm,km/h,mm
9204,2026-07-29,14:30:00,23.0,23.0,22.0,21.0,54.0,58.0,0.0,0.0,575.4,0.0,6.4,WNW,NNW,C,mm,km/h,mm
9205,2026-07-29,14:45:00,24.0,24.0,23.0,21.0,54.0,51.0,0.0,0.0,575.1,3.2,8.0,WNW,NW,C,mm,km/h,mm
9206,2026-07-29,15:00:00,25.0,25.0,24.0,21.0,53.0,53.0,0.0,0.0,575.0,1.6,11.3,WNW,NNW,C,mm,km/h,mm
9207,2026-07-29,15:15:00,25.0,26.0,25.0,21.0,53.0,50.0,0.0,0.0,575.0,3.2,11.3,ENE,ESE,C,mm,km/h,mm
9208,2026-07-29,15:30:00,26.0,26.0,25.0,21.0,53.0,44.0,0.0,0.0,574.9,1.6,12.9,WNW,W,C,mm,km/h,mm
9209,2026-07-29,15:45:00,26.0,26.0,26.0,21.0,53.0,43.0,0.0,0.0,574.6,1.6,8.0,WNW,NNW,C,mm,km/h,mm
9210,2026-07-29,16:00:00,27.0,27.0,26.0,22.0,53.0,41.0,0.0,0.0,574.4,1.6,11.3,WNW,NW,C,mm,km/h,mm
9211,2026-07-29,16:15:00,27.0,27.0,27.0,22.0,53.0,42.0,0.0,0.0,574.4,1.6,14.5,WNW,NW,C,mm,km/h,mm
9212,2026-07-29,16:30:00,26.0,27.0,26.0,22.0,53.0,46.0,0.0,0.0,574.3,1.6,6.4,E,E,C,mm,km/h,mm
9213,2026-07-29,16:45:00,26.0,26.0,26.0,22.0,53.0,45.0,0.0,0.0,574.2,0.0,3.2,E,ESE,C,mm,km/h,mm
9214,2026-07-29,17:00:00,27.0,27.0,26.0,22.0,53.0,44.0,0.0,0.0,574.3,1.6,6.4,WSW,NNW,C,mm,km/h,mm
9215,2026-07-29,17:15:00,26.0,27.0,26.0,22.0,53.0,44.0,0.0,0.0,574.2,1.6,6.4,WSW,WSW,C,mm,km/h,mm
9216,2026-07-29,17:30:00,25.0,26.0,25.0,22.0,53.0,48.0,0.0,0.0,574.3,1.6,11.3,SSW,WSW,C,mm,km/h,mm
9217,2026-07-29,17:45:00,23.0,25.0,23.0,22.0,53.0,53.0,0.0,0.0,574.6,4.8,14.5,W,W,C,mm,km/h,mm
9218,2026-07-29,18:00:00,22.0,23.0,22.0,22.0,53.0,54.0,0.0,0.0,574.6,3.2,9.7,W,W,C,mm,km/h,mm
9219,2026-07-29,18:15:00,22.0,22.0,22.0,22.0,53.0,55.0,0.0,0.0,574.7,1.6,9.7,NNW,WSW,C,mm,km/h,mm
9220,2026-07-29,18:30:00,22.0,22.0,22.0,22.0,53.0,57.0,0.0,0.0,574.9,0.0,9.7,N,W,C,mm,km/h,mm
9221,2026-07-29,18:45:00,21.0,22.0,21.0,22.0,53.0,59.0,0.0,0.0,575.0,0.0,6.4,NW,NW,C,mm,km/h,mm
9222,2026-07-29,19:00:00,21.0,21.0,21.0,22.0,53.0,60.0,0.0,0.0,575.1,0.0,1.6,N,N,C,mm,km/h,mm
9223,2026-07-29,19:15:00,21.0,21.0,21.0,22.0,53.0,63.0,0.0,0.0,575.3,0.0,0.0,,,C,mm,km/h,mm
9224,2026-07-29,19:30:00,20.0,21.0,20.0,22.0,53.0,66.0,0.0,0.0,575.7,1.6,8.0,S,NE,C,mm,km/h,mm
9225,2026-07-29,19:45:00,19.0,20.0,19.0,22.0,53.0,71.0,0.0,0.0,575.8,3.2,11.3,WSW,WSW,C,mm,km/h,mm
9226,2026-07-29,20:00:00,19.0,19.0,19.0,22.0,53.0,74.0,0.0,0.0,576.1,1.6,11.3,WSW,W,C,mm,km/h,mm
9227,2026-07-29,20:15:00,19.0,19.0,19.0,22.0,53.0,74.0,0.0,0.0,576.4,3.2,12.9,WSW,W,C,mm,km/h,mm
9228,2026-07-29,20:30:00,19.0,19.0,19.0,22.0,54.0,74.0,0.0,0.0,576.6,3.2,14.5,WSW,WSW,C,mm,km/h,mm
9229,2026-07-29,20:45:00,19.0,19.0,19.0,22.0,54.0,73.0,0.0,0.0,576.8,3.2,11.3,SW,W,C,mm,km/h,mm
9230,2026-07-29,21:00:00,19.0,19.0,19.0,22.0,54.0,73.0,0.0,0.0,576.9,3.2,11.3,WSW,WSW,C,mm,km/h,mm
9231,2026-07-29,21:15:00,19.0,19.0,19.0,22.0,54.0,73.0,0.0,0.0,577.1,3.2,12.9,NW,WSW,C,mm,km/h,mm
9232,2026-07-29,21:30:00,18.0,19.0,18.0,22.0,54.0,76.0,0.0,0.0,577.5,3.2,11.3,WNW,SW,C,mm,km/h,mm
9233,2026-07-29,21:45:00,18.0,18.0,18.0,22.0,54.0,78.0,0.0,0.0,577.7,1.6,6.4,W,SW,C,mm,km/h,mm
9234,2026-07-29,22:00:00,18.0,18.0,18.0,22.0,54.0,78.0,0.0,0.0,577.9,1.6,8.0,S,WSW,C,mm,km/h,mm
9235,2026-07-29,22:15:00,17.0,18.0,17.0,22.0,55.0,82.0,1.2,20.6,577.9,0.0,4.8,W,WSW,C,mm,km/h,mm
9236,2026-07-29,22:30:00,16.0,17.0,16.0,22.0,55.0,87.0,0.6,5.4,578.2,0.0,0.0,,,C,mm,km/h,mm
9237,2026-07-29,22:45:00,16.0,16.0,16.0,22.0,55.0,89.0,0.4,3.0,578.2,0.0,3.2,WSW,WSW,C,mm,km/h,mm
9238,2026-07-29,23:00:00,16.0,16.0,16.0,22.0,55.0,90.0,0.0,0.0,578.4,0.0,0.0,,,C,mm,km/h,mm
9239,2026-07-29,23:15:00,16.0,16.0,16.0,22.0,56.0,89.0,0.0,0.0,578.2,0.0,4.8,S,SW,C,mm,km/h,mm
9240,2026-07-29,23:30:00,16.0,16.0,16.0,22.0,56.0,88.0,0.0,0.0,578.1,0.0,4.8,ENE,ENE,C,mm,km/h,mm
9241,2026-07-29,23:45:00,16.0,16.0,16.0,22.0,56.0,88.0,0.0,0.0,578.2,0.0,4.8,S,SW,C,mm,km/h,mm
9242,2026-07-30,00:15:00,16.0,16.0,16.0,22.0,56.0,88.0,0.0,0.0,578.0,0.0,1.6,W,W,C,mm,km/h,mm
9243,2026-07-30,00:30:00,16.0,16.0,16.0,22.0,56.0,88.0,0.0,0.0,578.0,0.0,1.6,SSW,SSW,C,mm,km/h,mm
9244,2026-07-30,00:45:00,15.0,16.0,15.0,22.0,57.0,88.0,0.0,0.0,578.0,0.0,1.6,WSW,WSW,C,mm,km/h,mm
9245,2026-07-30,01:00:00,15.0,15.0,15.0,22.0,57.0,89.0,0.0,0.0,577.9,0.0,0.0,,,C,mm,km/h,mm
9246,2026-07-30,01:15:00,15.0,15.0,15.0,22.0,56.0,90.0,0.0,0.0,577.8,0.0,0.0,,,C,mm,km/h,mm
9247,2026-07-30,01:30:00,15.0,15.0,15.0,22.0,57.0,90.0,0.0,0.0,577.7,0.0,0.0,,,C,mm,km/h,mm
9248,2026-07-30,01:45:00,14.0,15.0,14.0,22.0,57.0,91.0,0.0,0.0,577.7,0.0,0.0,,,C,mm,km/h,mm
9249,2026-07-30,02:00:00,14.0,14.0,14.0,22.0,57.0,92.0,0.0,0.0,577.5,0.0,0.0,,,C,mm,km/h,mm
9250,2026-07-30,02:15:00,14.0,14.0,14.0,22.0,57.0,92.0,0.0,0.0,577.6,0.0,0.0,,,C,mm,km/h,mm
9251,2026-07-30,02:30:00,14.0,14.0,14.0,22.0,57.0,92.0,0.0,0.0,577.5,0.0,0.0,,,C,mm,km/h,mm
9252,2026-07-30,02:45:00,14.0,14.0,14.0,22.0,57.0,93.0,0.0,0.0,577.5,0.0,0.0,,,C,mm,km/h,mm
9253,2026-07-30,03:00:00,14.0,14.0,14.0,22.0,57.0,92.0,0.0,0.0,577.3,0.0,0.0,,,C,mm,km/h,mm
9254,2026-07-30,03:15:00,13.0,14.0,13.0,22.0,57.0,93.0,0.0,0.0,577.2,0.0,0.0,,,C,mm,km/h,mm
9255,2026-07-30,03:30:00,13.0,13.0,13.0,22.0,57.0,93.0,0.0,0.0,577.0,0.0,0.0,,,C,mm,km/h,mm
9256,2026-07-30,03:45:00,13.0,14.0,13.0,22.0,57.0,93.0,0.0,0.0,576.8,0.0,0.0,,,C,mm,km/h,mm
9257,2026-07-30,04:00:00,14.0,14.0,13.0,22.0,57.0,94.0,0.0,0.0,577.1,0.0,0.0,,,C,mm,km/h,mm
9258,2026-07-30,04:15:00,14.0,14.0,14.0,22.0,57.0,94.0,0.0,0.0,577.2,0.0,0.0,,,C,mm,km/h,mm
9259,2026-07-30,04:30:00,14.0,14.0,14.0,22.0,57.0,94.0,0.0,0.0,577.2,0.0,0.0,,,C,mm,km/h,mm
9260,2026-07-30,04:45:00,14.0,14.0,14.0,22.0,57.0,94.0,0.0,0.0,577.3,0.0,0.0,,,C,mm,km/h,mm
9261,2026-07-30,05:00:00,14.0,14.0,14.0,22.0,57.0,94.0,0.0,0.0,577.3,0.0,0.0,,,C,mm,km/h,mm
9262,2026-07-30,05:15:00,14.0,14.0,14.0,21.0,57.0,94.0,0.0,0.0,577.3,0.0,0.0,,,C,mm,km/h,mm
9263,2026-07-30,05:30:00,14.0,14.0,14.0,21.0,57.0,94.0,0.0,0.0,577.5,0.0,0.0,,,C,mm,km/h,mm
9264,2026-07-30,05:45:00,14.0,14.0,14.0,21.0,57.0,94.0,0.0,0.0,577.6,0.0,0.0,,,C,mm,km/h,mm
9265,2026-07-30,06:00:00,15.0,15.0,14.0,21.0,58.0,94.0,0.0,0.0,577.5,0.0,0.0,,,C,mm,km/h,mm
9266,2026-07-30,06:15:00,15.0,15.0,15.0,21.0,58.0,94.0,0.0,0.0,577.6,0.0,0.0,,,C,mm,km/h,mm
9267,2026-07-30,06:30:00,15.0,15.0,15.0,21.0,58.0,94.0,0.0,0.0,577.6,0.0,0.0,,,C,mm,km/h,mm
9268,2026-07-30,06:45:00,15.0,15.0,15.0,21.0,58.0,94.0,0.0,0.0,577.7,0.0,0.0,,,C,mm,km/h,mm
9269,2026-07-30,07:00:00,15.0,15.0,15.0,21.0,58.0,93.0,0.0,0.0,577.9,0.0,0.0,,,C,mm,km/h,mm
9270,2026-07-30,07:15:00,15.0,15.0,15.0,21.0,58.0,92.0,0.0,0.0,578.0,0.0,0.0,,,C,mm,km/h,mm
9271,2026-07-30,07:30:00,15.0,15.0,15.0,21.0,58.0,90.0,0.0,0.0,578.2,0.0,0.0,,,C,mm,km/h,mm
9272,2026-07-30,07:45:00,16.0,16.0,15.0,21.0,58.0,89.0,0.0,0.0,578.3,0.0,0.0,,,C,mm,km/h,mm
9273,2026-07-30,08:00:00,17.0,17.0,16.0,21.0,58.0,87.0,0.0,0.0,578.4,0.0,1.6,SW,WSW,C,mm,km/h,mm
9274,2026-07-30,08:15:00,17.0,17.0,16.0,21.0,58.0,83.0,0.0,0.0,578.4,0.0,4.8,NW,W,C,mm,km/h,mm
9275,2026-07-30,08:30:00,18.0,18.0,17.0,21.0,58.0,80.0,0.0,0.0,578.3,0.0,4.8,NE,W,C,mm,km/h,mm
9276,2026-07-30,08:45:00,18.0,18.0,18.0,21.0,58.0,78.0,0.0,0.0,578.4,0.0,6.4,WSW,NNW,C,mm,km/h,mm
9277,2026-07-30,09:00:00,19.0,19.0,18.0,21.0,58.0,73.0,0.0,0.0,578.4,0.0,1.6,N,N,C,mm,km/h,mm
9278,2026-07-30,09:15:00,21.0,21.0,19.0,21.0,58.0,73.0,0.0,0.0,578.3,0.0,3.2,N,NW,C,mm,km/h,mm
9279,2026-07-30,09:30:00,20.0,21.0,20.0,21.0,58.0,68.0,0.0,0.0,578.3,0.0,3.2,NE,NE,C,mm,km/h,mm
9280,2026-07-30,09:45:00,21.0,21.0,20.0,21.0,57.0,66.0,0.0,0.0,578.2,0.0,4.8,NNW,NNW,C,mm,km/h,mm
9281,2026-07-30,10:00:00,22.0,22.0,21.0,21.0,57.0,65.0,0.0,0.0,578.2,1.6,8.0,WSW,SW,C,mm,km/h,mm
9282,2026-07-30,10:15:00,23.0,23.0,22.0,21.0,57.0,62.0,0.0,0.0,578.2,1.6,6.4,WNW,NNW,C,mm,km/h,mm
9283,2026-07-30,10:30:00,23.0,23.0,23.0,21.0,57.0,65.0,0.0,0.0,578.3,0.0,4.8,NW,NW,C,mm,km/h,mm
9284,2026-07-30,10:45:00,24.0,24.0,23.0,21.0,57.0,57.0,0.0,0.0,578.2,0.0,4.8,WNW,NW,C,mm,km/h,mm
9285,2026-07-30,11:00:00,24.0,24.0,24.0,21.0,57.0,57.0,0.0,0.0,578.2,1.6,6.4,WNW,NW,C,mm,km/h,mm
9286,2026-07-30,11:15:00,24.0,24.0,23.0,21.0,57.0,59.0,0.0,0.0,578.0,0.0,3.2,ENE,ENE,C,mm,km/h,mm
9287,2026-07-30,11:30:00,25.0,25.0,24.0,21.0,57.0,53.0,0.0,0.0,578.0,1.6,9.7,NW,W,C,mm,km/h,mm
9288,2026-07-30,11:45:00,24.0,25.0,24.0,21.0,57.0,58.0,0.0,0.0,578.0,1.6,6.4,E,E,C,mm,km/h,mm
9289,2026-07-30,12:00:00,24.0,24.0,24.0,21.0,57.0,56.0,0.0,0.0,577.9,0.0,6.4,NW,NNW,C,mm,km/h,mm
9290,2026-07-30,12:15:00,24.0,24.0,24.0,21.0,57.0,54.0,0.0,0.0,577.9,1.6,8.0,WSW,WSW,C,mm,km/h,mm
9291,2026-07-30,12:30:00,25.0,25.0,24.0,21.0,57.0,50.0,0.0,0.0,577.7,3.2,11.3,SW,WSW,C,mm,km/h,mm
9292,2026-07-30,12:45:00,26.0,26.0,25.0,21.0,57.0,47.0,0.0,0.0,577.5,1.6,8.0,WSW,WSW,C,mm,km/h,mm
9293,2026-07-30,13:00:00,26.0,26.0,26.0,21.0,56.0,46.0,0.0,0.0,577.4,1.6,8.0,NNW,SW,C,mm,km/h,mm
9294,2026-07-30,13:15:00,26.0,26.0,26.0,22.0,56.0,46.0,0.0,0.0,577.3,3.2,11.3,WNW,N,C,mm,km/h,mm
9295,2026-07-30,13:30:00,26.0,26.0,26.0,22.0,56.0,45.0,0.0,0.0,577.2,1.6,9.7,SW,WSW,C,mm,km/h,mm
9296,2026-07-30,13:45:00,26.0,26.0,25.0,22.0,56.0,45.0,0.0,0.0,577.0,0.0,4.8,WSW,ESE,C,mm,km/h,mm
9297,2026-07-30,14:00:00,27.0,27.0,25.0,22.0,56.0,43.0,0.0,0.0,576.7,1.6,8.0,NW,NNW,C,mm,km/h,mm
9298,2026-07-30,14:15:00,27.0,27.0,27.0,22.0,55.0,39.0,0.0,0.0,576.4,1.6,8.0,W,NW,C,mm,km/h,mm
9299,2026-07-30,14:30:00,27.0,27.0,27.0,22.0,55.0,37.0,0.0,0.0,576.2,1.6,6.4,NW,NNW,C,mm,km/h,mm
9300,2026-07-30,14:45:00,28.0,28.0,27.0,22.0,54.0,37.0,0.0,0.0,575.9,1.6,8.0,NW,NNW,C,mm,km/h,mm
9301,2026-07-30,15:00:00,27.0,28.0,27.0,22.0,54.0,36.0,0.0,0.0,575.7,1.6,9.7,NNW,NW,C,mm,km/h,mm
9302,2026-07-30,15:15:00,27.0,27.0,27.0,22.0,54.0,39.0,0.0,0.0,575.6,0.0,9.7,N,NNE,C,mm,km/h,mm
9303,2026-07-30,15:30:00,27.0,27.0,27.0,22.0,53.0,35.0,0.0,0.0,575.3,1.6,9.7,W,NW,C,mm,km/h,mm
9304,2026-07-30,15:45:00,28.0,28.0,27.0,22.0,53.0,34.0,0.0,0.0,575.1,1.6,9.7,SW,W,C,mm,km/h,mm
9305,2026-07-30,16:00:00,27.0,28.0,27.0,22.0,53.0,36.0,0.0,0.0,575.1,1.6,12.9,WNW,NNW,C,mm,km/h,mm
9306,2026-07-30,16:15:00,26.0,27.0,26.0,22.0,52.0,45.0,0.0,0.0,575.1,3.2,14.5,W,NNW,C,mm,km/h,mm
9307,2026-07-30,16:30:00,25.0,26.0,25.0,22.0,52.0,51.0,0.0,0.0,575.0,4.8,17.7,WSW,NNW,C,mm,km/h,mm
9308,2026-07-30,16:45:00,25.0,25.0,25.0,22.0,52.0,47.0,0.0,0.0,575.0,4.8,17.7,SW,W,C,mm,km/h,mm
9309,2026-07-30,17:00:00,24.0,25.0,24.0,22.0,52.0,49.0,0.0,0.0,575.0,4.8,17.7,N,W,C,mm,km/h,mm
9310,2026-07-30,17:15:00,24.0,24.0,24.0,22.0,53.0,51.0,0.0,0.0,575.1,4.8,17.7,WSW,WSW,C,mm,km/h,mm
9311,2026-07-30,17:30:00,23.0,24.0,23.0,22.0,52.0,56.0,0.0,0.0,575.3,3.2,19.3,S,NNW,C,mm,km/h,mm
9312,2026-07-30,17:45:00,22.0,23.0,22.0,22.0,53.0,56.0,0.0,0.0,575.5,3.2,14.5,NNW,WNW,C,mm,km/h,mm
9313,2026-07-30,18:00:00,20.0,22.0,20.0,22.0,53.0,64.0,0.0,0.0,575.6,4.8,16.1,WSW,WSW,C,mm,km/h,mm
9314,2026-07-30,18:15:00,21.0,21.0,20.0,22.0,53.0,61.0,0.0,0.0,575.7,1.6,9.7,W,WSW,C,mm,km/h,mm
9315,2026-07-30,18:30:00,21.0,21.0,21.0,22.0,53.0,60.0,0.0,0.0,576.0,1.6,9.7,WNW,N,C,mm,km/h,mm
9316,2026-07-30,18:45:00,21.0,21.0,21.0,22.0,53.0,62.0,0.0,0.0,576.2,0.0,8.0,SW,SW,C,mm,km/h,mm
9317,2026-07-30,19:00:00,20.0,21.0,20.0,22.0,53.0,63.0,0.0,0.0,576.4,0.0,1.6,SW,SW,C,mm,km/h,mm
9318,2026-07-30,19:15:00,20.0,20.0,20.0,22.0,53.0,71.0,0.0,0.0,576.5,1.6,8.0,ESE,E,C,mm,km/h,mm
9319,2026-07-30,19:30:00,20.0,20.0,20.0,22.0,53.0,70.0,0.0,0.0,576.7,0.0,6.4,ESE,E,C,mm,km/h,mm
9320,2026-07-30,19:45:00,19.0,20.0,19.0,22.0,53.0,71.0,0.0,0.0,576.9,1.6,6.4,SSE,E,C,mm,km/h,mm
9321,2026-07-30,20:00:00,19.0,19.0,19.0,22.0,54.0,69.0,0.0,0.0,577.2,0.0,6.4,WSW,WSW,C,mm,km/h,mm
9322,2026-07-30,20:15:00,19.0,19.0,19.0,22.0,54.0,70.0,0.0,0.0,577.4,1.6,6.4,SW,W,C,mm,km/h,mm
9323,2026-07-30,20:30:00,19.0,19.0,19.0,22.0,54.0,72.0,0.0,0.0,577.8,4.8,12.9,WNW,W,C,mm,km/h,mm
9324,2026-07-30,20:45:00,18.0,19.0,18.0,22.0,54.0,74.0,0.0,0.0,578.0,4.8,12.9,WSW,WSW,C,mm,km/h,mm
9325,2026-07-30,21:00:00,18.0,18.0,18.0,22.0,54.0,75.0,0.0,0.0,578.2,3.2,11.3,SSW,WSW,C,mm,km/h,mm
9326,2026-07-30,21:15:00,18.0,18.0,18.0,22.0,54.0,75.0,0.0,0.0,578.5,0.0,6.4,SW,SW,C,mm,km/h,mm
9327,2026-07-30,21:30:00,18.0,18.0,18.0,22.0,54.0,75.0,0.0,0.0,578.6,1.6,8.0,SSW,SW,C,mm,km/h,mm
9328,2026-07-30,21:45:00,18.0,18.0,18.0,22.0,54.0,78.0,0.0,0.0,578.7,0.0,4.8,SSW,SW,C,mm,km/h,mm
9329,2026-07-30,22:00:00,17.0,18.0,17.0,22.0,54.0,79.0,0.0,0.0,578.8,1.6,6.4,W,SW,C,mm,km/h,mm
9330,2026-07-30,22:15:00,17.0,17.0,17.0,22.0,55.0,79.0,0.0,0.0,579.1,0.0,4.8,W,WSW,C,mm,km/h,mm
9331,2026-07-30,22:30:00,17.0,17.0,17.0,22.0,55.0,79.0,0.0,0.0,579.2,1.6,9.7,SW,SW,C,mm,km/h,mm
9332,2026-07-30,22:45:00,17.0,17.0,17.0,22.0,55.0,78.0,0.0,0.0,579.1,1.6,8.0,SSW,SW,C,mm,km/h,mm
9333,2026-07-30,23:00:00,17.0,17.0,17.0,22.0,55.0,75.0,0.0,0.0,579.2,1.6,8.0,SSW,WSW,C,mm,km/h,mm
9334,2026-07-30,23:15:00,17.0,17.0,17.0,22.0,55.0,76.0,0.0,0.0,579.4,0.0,8.0,S,SW,C,mm,km/h,mm
9335,2026-07-30,23:30:00,17.0,17.0,17.0,22.0,54.0,76.0,0.0,0.0,579.5,0.0,3.2,N,NE,C,mm,km/h,mm
9336,2026-07-30,23:45:00,17.0,17.0,17.0,22.0,54.0,76.0,0.0,0.0,579.6,0.0,4.8,WSW,NE,C,mm,km/h,mm
9337,2026-07-31,00:15:00,17.0,17.0,17.0,22.0,54.0,78.0,0.0,0.0,579.7,0.0,0.0,,,C,mm,km/h,mm
9338,2026-07-31,00:30:00,17.0,17.0,17.0,22.0,54.0,79.0,0.0,0.0,579.7,0.0,1.6,ENE,NE,C,mm,km/h,mm
9339,2026-07-31,00:45:00,17.0,17.0,17.0,22.0,54.0,79.0,0.0,0.0,579.5,0.0,1.6,NE,NE,C,mm,km/h,mm
9340,2026-07-31,01:00:00,17.0,17.0,17.0,22.0,54.0,81.0,0.0,0.0,579.5,0.0,0.0,,,C,mm,km/h,mm
9341,2026-07-31,01:15:00,17.0,17.0,17.0,22.0,54.0,81.0,0.0,0.0,579.3,0.0,1.6,SSE,SSE,C,mm,km/h,mm
9342,2026-07-31,01:30:00,16.0,17.0,16.0,22.0,54.0,82.0,0.0,0.0,579.3,0.0,1.6,SSW,SSW,C,mm,km/h,mm
9343,2026-07-31,01:45:00,16.0,17.0,16.0,22.0,54.0,83.0,0.0,0.0,579.3,0.0,0.0,,,C,mm,km/h,mm
9344,2026-07-31,02:00:00,15.0,16.0,15.0,22.0,55.0,84.0,0.0,0.0,579.0,0.0,0.0,,,C,mm,km/h,mm
9345,2026-07-31,02:15:00,15.0,15.0,15.0,22.0,55.0,86.0,0.0,0.0,578.9,0.0,0.0,,,C,mm,km/h,mm
9346,2026-07-31,02:30:00,14.0,15.0,14.0,22.0,55.0,88.0,0.0,0.0,578.9,0.0,0.0,,,C,mm,km/h,mm
9347,2026-07-31,02:45:00,14.0,14.0,14.0,22.0,55.0,89.0,0.0,0.0,578.9,0.0,0.0,,,C,mm,km/h,mm
9348,2026-07-31,03:00:00,14.0,14.0,14.0,22.0,55.0,90.0,0.0,0.0,578.9,0.0,0.0,,,C,mm,km/h,mm
9349,2026-07-31,03:15:00,13.0,14.0,13.0,22.0,55.0,91.0,0.0,0.0,578.8,0.0,0.0,,,C,mm,km/h,mm
9350,2026-07-31,03:30:00,13.0,14.0,13.0,22.0,55.0,91.0,0.0,0.0,578.7,0.0,0.0,,,C,mm,km/h,mm
9351,2026-07-31,03:45:00,13.0,13.0,13.0,22.0,55.0,91.0,0.0,0.0,578.6,0.0,0.0,,,C,mm,km/h,mm
9352,2026-07-31,04:00:00,13.0,13.0,13.0,22.0,55.0,91.0,0.0,0.0,578.5,0.0,0.0,,,C,mm,km/h,mm
9353,2026-07-31,04:15:00,13.0,13.0,13.0,22.0,55.0,92.0,0.0,0.0,578.5,0.0,0.0,,,C,mm,km/h,mm
9354,2026-07-31,04:30:00,13.0,13.0,13.0,22.0,55.0,92.0,0.0,0.0,578.6,0.0,0.0,,,C,mm,km/h,mm
9355,2026-07-31,04:45:00,14.0,14.0,13.0,22.0,55.0,92.0,0.0,0.0,578.5,0.0,0.0,,,C,mm,km/h,mm
9356,2026-07-31,05:00:00,14.0,14.0,14.0,22.0,55.0,92.0,0.0,0.0,578.4,0.0,0.0,,,C,mm,km/h,mm
9357,2026-07-31,05:15:00,14.0,14.0,14.0,22.0,55.0,92.0,0.0,0.0,578.5,0.0,0.0,,,C,mm,km/h,mm
9358,2026-07-31,05:30:00,14.0,14.0,14.0,22.0,55.0,92.0,0.0,0.0,578.6,0.0,0.0,,,C,mm,km/h,mm
9359,2026-07-31,05:45:00,14.0,14.0,14.0,22.0,55.0,91.0,0.0,0.0,578.4,0.0,1.6,SSW,SSW,C,mm,km/h,mm
9360,2026-07-31,06:00:00,14.0,14.0,14.0,22.0,55.0,90.0,0.0,0.0,578.4,0.0,0.0,,,C,mm,km/h,mm
9361,2026-07-31,06:15:00,14.0,14.0,13.0,21.0,55.0,91.0,0.0,0.0,578.5,0.0,0.0,,,C,mm,km/h,mm
9362,2026-07-31,06:30:00,13.0,14.0,13.0,21.0,55.0,91.0,0.0,0.0,578.9,0.0,0.0,,,C,mm,km/h,mm
9363,2026-07-31,06:45:00,14.0,14.0,13.0,21.0,55.0,91.0,0.0,0.0,579.0,0.0,0.0,,,C,mm,km/h,mm
9364,2026-07-31,07:00:00,14.0,14.0,14.0,21.0,55.0,91.0,0.0,0.0,579.0,0.0,0.0,,,C,mm,km/h,mm
9365,2026-07-31,07:15:00,14.0,14.0,14.0,21.0,55.0,90.0,0.0,0.0,579.1,0.0,0.0,,,C,mm,km/h,mm
9366,2026-07-31,07:30:00,15.0,15.0,14.0,21.0,55.0,87.0,0.0,0.0,579.2,0.0,1.6,ENE,ENE,C,mm,km/h,mm
9367,2026-07-31,07:45:00,15.0,16.0,15.0,21.0,55.0,84.0,0.0,0.0,579.3,0.0,0.0,,,C,mm,km/h,mm
9368,2026-07-31,08:00:00,16.0,16.0,16.0,21.0,55.0,82.0,0.0,0.0,579.5,0.0,0.0,,,C,mm,km/h,mm
9369,2026-07-31,08:15:00,18.0,18.0,16.0,21.0,55.0,78.0,0.0,0.0,579.5,0.0,0.0,,,C,mm,km/h,mm
9370,2026-07-31,08:30:00,19.0,19.0,18.0,21.0,55.0,74.0,0.0,0.0,579.6,0.0,1.6,ENE,ENE,C,mm,km/h,mm
9371,2026-07-31,08:45:00,19.0,19.0,18.0,21.0,55.0,74.0,0.0,0.0,579.6,0.0,3.2,WSW,NW,C,mm,km/h,mm
9372,2026-07-31,09:00:00,19.0,19.0,19.0,21.0,55.0,71.0,0.0,0.0,579.7,0.0,4.8,SSW,WSW,C,mm,km/h,mm
9373,2026-07-31,09:15:00,20.0,20.0,19.0,21.0,56.0,68.0,0.0,0.0,579.7,1.6,8.0,WNW,WSW,C,mm,km/h,mm
9374,2026-07-31,09:30:00,21.0,21.0,20.0,21.0,55.0,64.0,0.0,0.0,579.6,0.0,8.0,WNW,E,C,mm,km/h,mm
9375,2026-07-31,09:45:00,21.0,21.0,20.0,21.0,55.0,62.0,0.0,0.0,579.5,0.0,6.4,E,E,C,mm,km/h,mm
9376,2026-07-31,10:00:00,21.0,21.0,21.0,21.0,55.0,66.0,0.0,0.0,579.4,1.6,6.4,E,E,C,mm,km/h,mm
9377,2026-07-31,10:15:00,21.0,21.0,21.0,21.0,55.0,62.0,0.0,0.0,579.4,1.6,4.8,E,E,C,mm,km/h,mm
9378,2026-07-31,10:30:00,23.0,23.0,22.0,21.0,55.0,57.0,0.0,0.0,579.4,0.0,8.0,W,ENE,C,mm,km/h,mm
9379,2026-07-31,10:45:00,24.0,24.0,23.0,21.0,55.0,54.0,0.0,0.0,579.3,1.6,8.0,WNW,NNW,C,mm,km/h,mm
9380,2026-07-31,11:00:00,24.0,25.0,24.0,21.0,55.0,48.0,0.0,0.0,579.3,1.6,4.8,NW,NNW,C,mm,km/h,mm
9381,2026-07-31,11:15:00,23.0,24.0,23.0,21.0,55.0,59.0,0.0,0.0,579.3,1.6,6.4,E,E,C,mm,km/h,mm
9382,2026-07-31,11:30:00,25.0,25.0,23.0,21.0,55.0,49.0,0.0,0.0,579.2,0.0,4.8,NW,NNW,C,mm,km/h,mm
9383,2026-07-31,11:45:00,24.0,25.0,24.0,21.0,55.0,50.0,0.0,0.0,579.2,1.6,9.7,WSW,WNW,C,mm,km/h,mm
9384,2026-07-31,12:00:00,24.0,24.0,24.0,21.0,55.0,52.0,0.0,0.0,579.1,1.6,11.3,W,W,C,mm,km/h,mm
9385,2026-07-31,12:15:00,24.0,24.0,24.0,21.0,55.0,53.0,0.0,0.0,578.9,1.6,8.0,NW,NW,C,mm,km/h,mm
9386,2026-07-31,12:30:00,26.0,26.0,25.0,21.0,55.0,49.0,0.0,0.0,578.9,1.6,6.4,W,WSW,C,mm,km/h,mm
9387,2026-07-31,12:45:00,26.0,26.0,26.0,22.0,55.0,48.0,0.0,0.0,578.6,1.6,8.0,SSE,E,C,mm,km/h,mm
9388,2026-07-31,13:00:00,26.0,26.0,26.0,22.0,55.0,46.0,0.0,0.0,578.4,1.6,11.3,NW,N,C,mm,km/h,mm
9389,2026-07-31,13:15:00,26.0,26.0,26.0,22.0,55.0,47.0,0.0,0.0,578.3,3.2,12.9,SW,W,C,mm,km/h,mm
9390,2026-07-31,13:30:00,27.0,27.0,26.0,22.0,54.0,42.0,0.0,0.0,578.1,1.6,9.7,NW,NNW,C,mm,km/h,mm
9391,2026-07-31,13:45:00,27.0,27.0,26.0,22.0,54.0,44.0,0.0,0.0,577.9,3.2,11.3,NW,NW,C,mm,km/h,mm
9392,2026-07-31,14:00:00,27.0,27.0,26.0,22.0,54.0,41.0,0.0,0.0,577.6,0.0,11.3,E,E,C,mm,km/h,mm
9393,2026-07-31,14:15:00,27.0,27.0,27.0,22.0,54.0,38.0,0.0,0.0,577.3,1.6,9.7,NW,NW,C,mm,km/h,mm
9394,2026-07-31,14:30:00,27.0,27.0,27.0,22.0,53.0,45.0,0.0,0.0,577.1,1.6,4.8,ENE,ESE,C,mm,km/h,mm
9395,2026-07-31,14:45:00,25.0,26.0,25.0,22.0,53.0,48.0,0.0,0.0,576.9,0.0,4.8,ENE,ENE,C,mm,km/h,mm
9396,2026-07-31,15:00:00,26.0,26.0,25.0,22.0,53.0,43.0,0.0,0.0,576.6,1.6,9.7,SSE,E,C,mm,km/h,mm
9397,2026-07-31,15:15:00,27.0,27.0,26.0,22.0,53.0,44.0,0.0,0.0,576.5,3.2,9.7,ENE,E,C,mm,km/h,mm
9398,2026-07-31,15:30:00,24.0,27.0,24.0,22.0,53.0,45.0,0.0,0.0,576.5,4.8,20.9,NW,WSW,C,mm,km/h,mm
9399,2026-07-31,15:45:00,19.0,24.0,19.0,22.0,53.0,65.0,3.4,56.4,576.7,8.0,22.5,W,WSW,C,mm,km/h,mm
9400,2026-07-31,16:00:00,17.0,19.0,17.0,22.0,53.0,79.0,2.8,43.0,577.4,3.2,9.7,ENE,E,C,mm,km/h,mm
9401,2026-07-31,16:15:00,17.0,17.0,17.0,22.0,53.0,82.0,0.2,2.4,577.3,1.6,11.3,E,E,C,mm,km/h,mm
9402,2026-07-31,16:30:00,17.0,17.0,16.0,22.0,54.0,83.0,1.2,12.8,578.0,4.8,27.4,NW,NNW,C,mm,km/h,mm
9403,2026-07-31,16:45:00,15.0,17.0,15.0,22.0,55.0,83.0,5.0,67.0,578.4,1.6,12.9,NW,NNW,C,mm,km/h,mm
9404,2026-07-31,17:00:00,14.0,15.0,14.0,22.0,55.0,88.0,2.6,35.6,577.8,0.0,1.6,NNW,NNW,C,mm,km/h,mm
9405,2026-07-31,17:15:00,15.0,15.0,14.0,22.0,55.0,91.0,0.2,4.0,577.6,0.0,0.0,,,C,mm,km/h,mm
9406,2026-07-31,17:30:00,15.0,15.0,14.0,22.0,55.0,91.0,0.2,1.0,577.5,0.0,0.0,,,C,mm,km/h,mm
9407,2026-07-31,17:45:00,15.0,15.0,15.0,22.0,56.0,91.0,0.0,0.0,577.8,0.0,1.6,N,SE,C,mm,km/h,mm
9408,2026-07-31,18:00:00,16.0,16.0,15.0,22.0,56.0,89.0,0.4,3.6,577.9,0.0,3.2,SW,WSW,C,mm,km/h,mm
9409,2026-07-31,18:15:00,16.0,16.0,16.0,22.0,56.0,88.0,0.0,0.0,578.1,0.0,1.6,NE,ENE,C,mm,km/h,mm
9410,2026-07-31,18:30:00,16.0,16.0,16.0,22.0,56.0,89.0,0.0,0.0,578.3,0.0,3.2,NE,SW,C,mm,km/h,mm
9411,2026-07-31,18:45:00,16.0,16.0,16.0,22.0,57.0,88.0,0.0,0.0,578.6,0.0,3.2,WSW,WSW,C,mm,km/h,mm
9412,2026-07-31,19:00:00,16.0,16.0,16.0,22.0,57.0,90.0,0.0,0.0,578.8,0.0,3.2,WSW,WSW,C,mm,km/h,mm
9413,2026-07-31,19:15:00,16.0,16.0,16.0,22.0,57.0,90.0,0.0,0.0,579.0,0.0,0.0,,,C,mm,km/h,mm
9414,2026-07-31,19:30:00,16.0,16.0,16.0,22.0,57.0,91.0,0.0,0.0,579.2,0.0,0.0,,,C,mm,km/h,mm
9415,2026-07-31,19:45:00,16.0,16.0,16.0,22.0,57.0,90.0,0.0,0.0,579.3,0.0,0.0,,,C,mm,km/h,mm
9416,2026-07-31,20:00:00,16.0,16.0,16.0,22.0,57.0,87.0,0.0,0.0,579.5,0.0,3.2,NE,E,C,mm,km/h,mm
9417,2026-07-31,20:15:00,16.0,16.0,16.0,22.0,57.0,88.0,0.0,0.0,579.8,1.6,9.7,E,E,C,mm,km/h,mm
9418,2026-07-31,20:30:00,16.0,16.0,16.0,22.0,57.0,88.0,0.0,0.0,580.1,1.6,6.4,E,E,C,mm,km/h,mm
9419,2026-07-31,20:45:00,15.0,16.0,15.0,22.0,57.0,86.0,0.0,0.0,580.3,1.6,8.0,E,E,C,mm,km/h,mm
9420,2026-07-31,21:00:00,15.0,15.0,15.0,22.0,57.0,88.0,0.4,1.2,580.5,0.0,4.8,E,E,C,mm,km/h,mm
9421,2026-07-31,21:15:00,15.0,15.0,15.0,22.0,57.0,90.0,0.2,1.2,580.6,0.0,3.2,E,E,C,mm,km/h,mm
9422,2026-07-31,21:30:00,14.0,15.0,14.0,22.0,57.0,91.0,0.0,0.0,580.7,0.0,0.0,,,C,mm,km/h,mm
9423,2026-07-31,21:45:00,14.0,14.0,14.0,22.0,57.0,91.0,0.0,0.0,580.8,0.0,0.0,,,C,mm,km/h,mm
9424,2026-07-31,22:00:00,14.0,14.0,14.0,22.0,57.0,91.0,0.2,0.0,580.8,0.0,0.0,,,C,mm,km/h,mm
9425,2026-07-31,22:15:00,15.0,15.0,14.0,22.0,57.0,92.0,0.0,0.0,580.8,0.0,0.0,,,C,mm,km/h,mm
9426,2026-07-31,22:30:00,15.0,15.0,14.0,22.0,57.0,92.0,0.0,0.0,580.8,0.0,0.0,,,C,mm,km/h,mm
9427,2026-07-31,22:45:00,15.0,15.0,15.0,22.0,58.0,92.0,0.0,0.0,581.1,0.0,0.0,,,C,mm,km/h,mm
9428,2026-07-31,23:00:00,14.0,15.0,14.0,22.0,58.0,92.0,0.0,0.0,581.1,0.0,1.6,NE,ENE,C,mm,km/h,mm
9429,2026-07-31,23:15:00,14.0,15.0,14.0,21.0,58.0,92.0,0.0,0.0,581.1,0.0,0.0,,,C,mm,km/h,mm
9430,2026-07-31,23:30:00,14.0,14.0,14.0,21.0,58.0,92.0,0.0,0.0,580.9,0.0,0.0,,,C,mm,km/h,mm
9431,2026-07-31,23:45:00,13.0,14.0,13.0,21.0,58.0,92.0,0.0,0.0,580.5,0.0,0.0,,,C,mm,km/h,mm
